00:01:04 INFO    fpl_expert.backtest.season_sim | GW15: playing triple_captain (best available (9.1 vs 8.2 remaining))
00:01:05 INFO    fpl_expert.backtest.season_sim | GW18: playing bench_boost (expiring in 1 gw, best remaining 3.8)
00:01:07 INFO    fpl_expert.backtest.season_sim | GW33: playing bench_boost (best available (14.2 vs 13.9 remaining))
00:01:07 INFO    fpl_expert.backtest.season_sim | GW34: playing triple_captain (best available (12.9 vs 11.9 remaining))
00:01:08 INFO    fpl_expert.backtest.ensemble | horizon path 0: 2349
00:01:11 INFO    fpl_expert.backtest.season_sim | GW15: playing triple_captain (best available (9.1 vs 8.2 remaining))
00:01:12 INFO    fpl_expert.backtest.season_sim | GW18: playing bench_boost (expiring in 1 gw, best remaining 3.8)
00:01:14 INFO    fpl_expert.backtest.season_sim | GW33: playing bench_boost (best available (14.2 vs 13.9 remaining))
00:01:14 INFO    fpl_expert.backtest.season_sim | GW34: playing triple_captain (best available (12.9 vs 11.9 remaining))
00:01:15 INFO    fpl_expert.backtest.ensemble | horizon path 1: 2349
00:01:19 INFO    fpl_expert.backtest.season_sim | GW15: playing triple_captain (best available (9.1 vs 8.2 remaining))
00:01:19 INFO    fpl_expert.backtest.season_sim | GW18: playing bench_boost (expiring in 1 gw, best remaining 3.8)
00:01:22 INFO    fpl_expert.backtest.season_sim | GW33: playing bench_boost (best available (13.5 vs 13.5 remaining))
00:01:22 INFO    fpl_expert.backtest.season_sim | GW34: playing triple_captain (best available (12.9 vs 11.9 remaining))
00:01:22 INFO    fpl_expert.backtest.ensemble | horizon path 2: 2362
00:01:26 INFO    fpl_expert.backtest.season_sim | GW15: playing triple_captain (best available (9.1 vs 8.2 remaining))
00:01:26 INFO    fpl_expert.backtest.season_sim | GW18: playing bench_boost (expiring in 1 gw, best remaining 3.8)
00:01:29 INFO    fpl_expert.backtest.season_sim | GW33: playing bench_boost (best available (14.2 vs 13.9 remaining))
00:01:29 INFO    fpl_expert.backtest.season_sim | GW34: playing triple_captain (best available (12.9 vs 11.9 remaining))
00:01:29 INFO    fpl_expert.backtest.ensemble | horizon path 3: 2349
00:01:33 INFO    fpl_expert.backtest.season_sim | GW15: playing triple_captain (best available (9.1 vs 8.2 remaining))
00:01:33 INFO    fpl_expert.backtest.season_sim | GW18: playing bench_boost (expiring in 1 gw, best remaining 3.8)
00:01:36 INFO    fpl_expert.backtest.season_sim | GW33: playing bench_boost (best available (14.2 vs 13.9 remaining))
00:01:36 INFO    fpl_expert.backtest.season_sim | GW34: playing triple_captain (best available (12.9 vs 11.9 remaining))
00:01:37 INFO    fpl_expert.backtest.ensemble | horizon path 4: 2349
00:01:40 INFO    fpl_expert.backtest.season_sim | GW15: playing triple_captain (best available (9.1 vs 8.2 remaining))
00:01:40 INFO    fpl_expert.backtest.season_sim | GW18: playing bench_boost (expiring in 1 gw, best remaining 3.8)
00:01:43 INFO    fpl_expert.backtest.season_sim | GW33: playing bench_boost (best available (14.2 vs 13.9 remaining))
00:01:43 INFO    fpl_expert.backtest.season_sim | GW34: playing triple_captain (best available (12.9 vs 11.9 remaining))
00:01:44 INFO    fpl_expert.backtest.ensemble | horizon path 5: 2349
00:01:47 INFO    fpl_expert.backtest.season_sim | GW15: playing triple_captain (best available (9.1 vs 8.2 remaining))
00:01:48 INFO    fpl_expert.backtest.season_sim | GW18: playing bench_boost (expiring in 1 gw, best remaining 3.8)
00:01:50 INFO    fpl_expert.backtest.season_sim | GW33: playing bench_boost (best available (13.5 vs 13.4 remaining))
00:01:50 INFO    fpl_expert.backtest.season_sim | GW34: playing triple_captain (best available (12.9 vs 11.9 remaining))
00:01:51 INFO    fpl_expert.backtest.ensemble | horizon path 6: 2362
00:01:54 INFO    fpl_expert.backtest.season_sim | GW15: playing triple_captain (best available (9.1 vs 8.2 remaining))
00:01:55 INFO    fpl_expert.backtest.season_sim | GW18: playing bench_boost (expiring in 1 gw, best remaining 3.8)
00:01:57 INFO    fpl_expert.backtest.season_sim | GW33: playing bench_boost (best available (14.2 vs 13.9 remaining))
00:01:57 INFO    fpl_expert.backtest.season_sim | GW34: playing triple_captain (best available (12.9 vs 11.9 remaining))
00:01:58 INFO    fpl_expert.backtest.ensemble | horizon path 7: 2349
00:02:01 INFO    fpl_expert.backtest.season_sim | GW15: playing triple_captain (best available (9.1 vs 8.2 remaining))
00:02:02 INFO    fpl_expert.backtest.season_sim | GW18: playing bench_boost (expiring in 1 gw, best remaining 3.8)
00:02:04 INFO    fpl_expert.backtest.season_sim | GW33: playing bench_boost (best available (14.2 vs 13.9 remaining))
00:02:04 INFO    fpl_expert.backtest.season_sim | GW34: playing triple_captain (best available (12.9 vs 11.9 remaining))
00:02:05 INFO    fpl_expert.backtest.ensemble | horizon path 8: 2349
00:02:08 INFO    fpl_expert.backtest.season_sim | GW15: playing triple_captain (best available (9.1 vs 8.2 remaining))
00:02:09 INFO    fpl_expert.backtest.season_sim | GW18: playing bench_boost (expiring in 1 gw, best remaining 3.8)
00:02:11 INFO    fpl_expert.backtest.season_sim | GW33: playing bench_boost (best available (14.2 vs 13.9 remaining))
00:02:12 INFO    fpl_expert.backtest.season_sim | GW34: playing triple_captain (best available (12.9 vs 11.9 remaining))
00:02:12 INFO    fpl_expert.backtest.ensemble | horizon path 9: 2345
  2023-24 horizon            mean    2351  sd   5.8
00:02:13 INFO    fpl_expert.optimise.transfers | consistent valuation: [{'n': 1, 'hits': 0.0, 'tempo': 0.0, 'advantage': 0.0, 'horizon_xi': 213.33564945351768}, {'n': 2, 'hits': 4.0, 'tempo': 0.0, 'advantage': -4.0, 'horizon_xi': 227.92985296489488}]
00:02:14 INFO    fpl_expert.optimise.transfers | consistent valuation: [{'n': 1, 'hits': 0.0, 'tempo': 0.0, 'advantage': 0.0, 'horizon_xi': 221.47524808605954}, {'n': 2, 'hits': 4.0, 'tempo': 4.534142334831394, 'advantage': 0.5341423348313938, 'horizon_xi': 236.15861770089558}]
00:02:14 INFO    fpl_expert.optimise.transfers | consistent valuation: [{'n': 1, 'hits': 0.0, 'tempo': 0.0, 'advantage': 0.0, 'horizon_xi': 221.9211372652289}, {'n': 2, 'hits': 4.0, 'tempo': 7.5173789011288505, 'advantage': 3.5173789011288505, 'horizon_xi': 243.6910833508935}]
00:02:14 INFO    fpl_expert.optimise.transfers | consistent valuation: [{'n': 1, 'hits': 0.0, 'tempo': 0.0, 'advantage': 0.0, 'horizon_xi': 235.23937652428972}, {'n': 2, 'hits': 4.0, 'tempo': 0.01860189759994313, 'advantage': -3.981398102400057, 'horizon_xi': 236.30522586913793}]
00:02:15 INFO    fpl_expert.optimise.transfers | consistent valuation: [{'n': 1, 'hits': 0.0, 'tempo': 0.0, 'advantage': 0.0, 'horizon_xi': 243.1782358670032}, {'n': 2, 'hits': 4.0, 'tempo': 0.0, 'advantage': -4.0, 'horizon_xi': 244.81327324324724}]
00:02:15 INFO    fpl_expert.optimise.transfers | consistent valuation: [{'n': 1, 'hits': 0.0, 'tempo': 0.0, 'advantage': 0.0, 'horizon_xi': 227.54371716790345}, {'n': 2, 'hits': 4.0, 'tempo': 0.7564343746309206, 'advantage': -3.2435656253690794, 'horizon_xi': 230.53540139595677}]
00:02:15 INFO    fpl_expert.optimise.transfers | consistent valuation: [{'n': 1, 'hits': 0.0, 'tempo': 0.0, 'advantage': 0.0, 'horizon_xi': 217.79142728548774}, {'n': 2, 'hits': 4.0, 'tempo': 2.46553131166786, 'advantage': -1.5344686883321401, 'horizon_xi': 226.40663866451519}]
00:02:16 INFO    fpl_expert.optimise.transfers | consistent valuation: [{'n': 1, 'hits': 0.0, 'tempo': 0.0, 'advantage': 0.0, 'horizon_xi': 240.67497563966865}, {'n': 2, 'hits': 4.0, 'tempo': 0.0, 'advantage': -4.0, 'horizon_xi': 243.11541804858769}]
00:02:16 INFO    fpl_expert.optimise.transfers | consistent valuation: [{'n': 1, 'hits': 0.0, 'tempo': 0.0, 'advantage': 0.0, 'horizon_xi': 249.7634178126735}, {'n': 2, 'hits': 4.0, 'tempo': 0.17769066912597964, 'advantage': -3.8223093308740204, 'horizon_xi': 255.31639016383113}]
00:02:16 INFO    fpl_expert.optimise.transfers | consistent valuation: [{'n': 1, 'hits': 0.0, 'tempo': 0.0, 'advantage': 0.0, 'horizon_xi': 250.20163700873852}, {'n': 2, 'hits': 4.0, 'tempo': 1.6506943081464556, 'advantage': -2.3493056918535444, 'horizon_xi': 255.38829717261535}]
00:02:17 INFO    fpl_expert.optimise.transfers | consistent valuation: [{'n': 1, 'hits': 0.0, 'tempo': 0.0, 'advantage': 0.0, 'horizon_xi': 235.27789839384627}, {'n': 2, 'hits': 4.0, 'tempo': -0.19855361726772713, 'advantage': -4.198553617267727, 'horizon_xi': 234.02574837979205}]
00:02:17 INFO    fpl_expert.optimise.transfers | consistent valuation: [{'n': 1, 'hits': 0.0, 'tempo': 0.0, 'advantage': 0.0, 'horizon_xi': 237.7718992919518}, {'n': 2, 'hits': 4.0, 'tempo': -0.13588650592124907, 'advantage': -4.135886505921249, 'horizon_xi': 239.1274725553852}]
00:02:17 INFO    fpl_expert.optimise.transfers | consistent valuation: [{'n': 1, 'hits': 0.0, 'tempo': 0.0, 'advantage': 0.0, 'horizon_xi': 247.70352089735013}, {'n': 2, 'hits': 4.0, 'tempo': 1.131412770960324, 'advantage': -2.868587229039676, 'horizon_xi': 250.5275849985879}]
00:02:18 INFO    fpl_expert.backtest.season_sim | GW14: playing bench_boost (best available (12.6 vs 11.0 remaining))
00:02:18 INFO    fpl_expert.optimise.transfers | consistent valuation: [{'n': 1, 'hits': 0.0, 'tempo': 0.0, 'advantage': 0.0, 'horizon_xi': 236.39353448094104}, {'n': 2, 'hits': 4.0, 'tempo': 1.4119610066486104, 'advantage': -2.5880389933513896, 'horizon_xi': 239.08164146536237}]
00:02:18 INFO    fpl_expert.backtest.season_sim | GW15: playing triple_captain (best available (9.1 vs 8.2 remaining))
00:02:18 INFO    fpl_expert.optimise.transfers | consistent valuation: [{'n': 1, 'hits': 0.0, 'tempo': 0.0, 'advantage': 0.0, 'horizon_xi': 231.54795409814002}, {'n': 2, 'hits': 4.0, 'tempo': 0.35611899580511164, 'advantage': -3.6438810041948884, 'horizon_xi': 235.7008333999195}]
00:02:18 INFO    fpl_expert.optimise.transfers | consistent valuation: [{'n': 1, 'hits': 0.0, 'tempo': 0.0, 'advantage': 0.0, 'horizon_xi': 231.238027521266}, {'n': 2, 'hits': 4.0, 'tempo': 2.714176771277913, 'advantage': -1.2858232287220872, 'horizon_xi': 239.5943215340497}]
00:02:19 INFO    fpl_expert.optimise.transfers | consistent valuation: [{'n': 1, 'hits': 0.0, 'tempo': 0.0, 'advantage': 0.0, 'horizon_xi': 228.7198211884512}, {'n': 2, 'hits': 4.0, 'tempo': 0.139136129344692, 'advantage': -3.860863870655308, 'horizon_xi': 235.89310224112256}]
00:02:19 INFO    fpl_expert.optimise.transfers | consistent valuation: [{'n': 1, 'hits': 0.0, 'tempo': 0.0, 'advantage': 0.0, 'horizon_xi': 236.80231972245267}, {'n': 2, 'hits': 4.0, 'tempo': 1.202788438702889, 'advantage': -2.797211561297111, 'horizon_xi': 244.39247736806198}]
00:02:19 INFO    fpl_expert.optimise.transfers | consistent valuation: [{'n': 1, 'hits': 0.0, 'tempo': 0.0, 'advantage': 0.0, 'horizon_xi': 263.0489582360417}, {'n': 2, 'hits': 4.0, 'tempo': 0.0, 'advantage': -4.0, 'horizon_xi': 263.88802519699436}]
00:02:20 INFO    fpl_expert.optimise.transfers | consistent valuation: [{'n': 1, 'hits': 0.0, 'tempo': 0.0, 'advantage': 0.0, 'horizon_xi': 258.02694598729283}, {'n': 2, 'hits': 4.0, 'tempo': 0.006264945988888826, 'advantage': -3.993735054011111, 'horizon_xi': 259.55849953666734}]
00:02:20 INFO    fpl_expert.optimise.transfers | consistent valuation: [{'n': 1, 'hits': 0.0, 'tempo': 0.0, 'advantage': 0.0, 'horizon_xi': 253.58458646737273}, {'n': 2, 'hits': 4.0, 'tempo': 0.04566110726506167, 'advantage': -3.9543388927349383, 'horizon_xi': 256.1902128602179}]
00:02:20 INFO    fpl_expert.optimise.transfers | consistent valuation: [{'n': 1, 'hits': 0.0, 'tempo': 0.0, 'advantage': 0.0, 'horizon_xi': 239.42412592837775}, {'n': 2, 'hits': 4.0, 'tempo': 1.0920544810219468, 'advantage': -2.907945518978053, 'horizon_xi': 245.79593137058671}]
00:02:21 INFO    fpl_expert.optimise.transfers | consistent valuation: [{'n': 1, 'hits': 0.0, 'tempo': 0.0, 'advantage': 0.0, 'horizon_xi': 241.43305299015975}, {'n': 2, 'hits': 4.0, 'tempo': 2.3086658746138724, 'advantage': -1.6913341253861276, 'horizon_xi': 247.91285868304337}]
00:02:21 INFO    fpl_expert.optimise.transfers | consistent valuation: [{'n': 1, 'hits': 0.0, 'tempo': 0.0, 'advantage': 0.0, 'horizon_xi': 242.2319811974783}, {'n': 2, 'hits': 4.0, 'tempo': 1.791760307601436, 'advantage': -2.208239692398564, 'horizon_xi': 245.47813544087808}]
00:02:21 INFO    fpl_expert.optimise.transfers | consistent valuation: [{'n': 1, 'hits': 0.0, 'tempo': 0.0, 'advantage': 0.0, 'horizon_xi': 219.33084969144}, {'n': 2, 'hits': 4.0, 'tempo': 0.3734499517485048, 'advantage': -3.626550048251495, 'horizon_xi': 223.81521455249816}]
00:02:22 INFO    fpl_expert.optimise.transfers | consistent valuation: [{'n': 1, 'hits': 0.0, 'tempo': 0.0, 'advantage': 0.0, 'horizon_xi': 220.08169564522484}, {'n': 2, 'hits': 4.0, 'tempo': 0.0, 'advantage': -4.0, 'horizon_xi': 223.38213759604716}]
00:02:22 INFO    fpl_expert.optimise.transfers | consistent valuation: [{'n': 1, 'hits': 0.0, 'tempo': 0.0, 'advantage': 0.0, 'horizon_xi': 209.5028149456094}, {'n': 2, 'hits': 4.0, 'tempo': 0.5228694729167955, 'advantage': -3.4771305270832045, 'horizon_xi': 216.79164149671362}]
00:02:22 INFO    fpl_expert.optimise.transfers | consistent valuation: [{'n': 1, 'hits': 0.0, 'tempo': 0.0, 'advantage': 0.0, 'horizon_xi': 125.15931213413184}, {'n': 2, 'hits': 4.0, 'tempo': 0.09061454703959981, 'advantage': -3.9093854529604, 'horizon_xi': 125.6295922260349}]
00:02:23 INFO    fpl_expert.optimise.transfers | consistent valuation: [{'n': 1, 'hits': 0.0, 'tempo': 0.0, 'advantage': 0.0, 'horizon_xi': 256.91168824915076}, {'n': 2, 'hits': 4.0, 'tempo': 0.6949238414087944, 'advantage': -3.3050761585912056, 'horizon_xi': 262.5767784847858}]
00:02:23 INFO    fpl_expert.optimise.transfers | consistent valuation: [{'n': 1, 'hits': 0.0, 'tempo': 0.0, 'advantage': 0.0, 'horizon_xi': 253.00247613807826}, {'n': 2, 'hits': 4.0, 'tempo': 6.990151741978323, 'advantage': 2.9901517419783232, 'horizon_xi': 270.39372487893377}]
00:02:23 INFO    fpl_expert.optimise.transfers | consistent valuation: [{'n': 1, 'hits': 0.0, 'tempo': 0.0, 'advantage': 0.0, 'horizon_xi': 283.824057104358}, {'n': 2, 'hits': 4.0, 'tempo': 0.3726788406657633, 'advantage': -3.6273211593342367, 'horizon_xi': 287.7023092181735}]
00:02:23 INFO    fpl_expert.backtest.season_sim | GW32: playing bench_boost (best available (11.8 vs 11.6 remaining))
00:02:24 INFO    fpl_expert.optimise.transfers | consistent valuation: [{'n': 1, 'hits': 0.0, 'tempo': 0.0, 'advantage': 0.0, 'horizon_xi': 285.9046512882193}, {'n': 2, 'hits': 4.0, 'tempo': 0.83925186663906, 'advantage': -3.16074813336094, 'horizon_xi': 290.84871975872153}]
00:02:24 INFO    fpl_expert.optimise.transfers | consistent valuation: [{'n': 1, 'hits': 0.0, 'tempo': 0.0, 'advantage': 0.0, 'horizon_xi': 274.7475361937836}, {'n': 2, 'hits': 4.0, 'tempo': 0.0, 'advantage': -4.0, 'horizon_xi': 279.3183275310731}]
00:02:24 INFO    fpl_expert.backtest.season_sim | GW34: playing triple_captain (best available (12.9 vs 11.9 remaining))
00:02:24 INFO    fpl_expert.optimise.transfers | consistent valuation: [{'n': 1, 'hits': 0.0, 'tempo': 0.0, 'advantage': 0.0, 'horizon_xi': 215.0115982089151}, {'n': 2, 'hits': 4.0, 'tempo': 2.1360790750737024, 'advantage': -1.8639209249262976, 'horizon_xi': 225.41045858166297}]
00:02:25 INFO    fpl_expert.optimise.transfers | consistent valuation: [{'n': 1, 'hits': 0.0, 'tempo': 0.0, 'advantage': 0.0, 'horizon_xi': 186.1216466979514}, {'n': 2, 'hits': 4.0, 'tempo': 0.6625901418248361, 'advantage': -3.337409858175164, 'horizon_xi': 189.95109965886792}]
00:02:25 INFO    fpl_expert.optimise.transfers | consistent valuation: [{'n': 1, 'hits': 0.0, 'tempo': 0.0, 'advantage': 0.0, 'horizon_xi': 152.45589760019448}, {'n': 2, 'hits': 4.0, 'tempo': 5.869509363424896, 'advantage': 1.8695093634248963, 'horizon_xi': 158.51075058048912}]
00:02:25 INFO    fpl_expert.optimise.transfers | consistent valuation: [{'n': 1, 'hits': 0.0, 'tempo': 0.0, 'advantage': 0.0, 'horizon_xi': 72.86790872253373}, {'n': 2, 'hits': 4.0, 'tempo': 1.3085841596080456, 'advantage': -2.6914158403919544, 'horizon_xi': 74.17649288214177}]
00:02:25 INFO    fpl_expert.backtest.ensemble | consistent path 0: 2310
00:02:26 INFO    fpl_expert.optimise.transfers | consistent valuation: [{'n': 1, 'hits': 0.0, 'tempo': 0.0, 'advantage': 0.0, 'horizon_xi': 213.33099644798037}, {'n': 2, 'hits': 4.0, 'tempo': 0.0, 'advantage': -4.0, 'horizon_xi': 227.90853887746337}]
00:02:27 INFO    fpl_expert.optimise.transfers | consistent valuation: [{'n': 1, 'hits': 0.0, 'tempo': 0.0, 'advantage': 0.0, 'horizon_xi': 221.54116911781307}, {'n': 2, 'hits': 4.0, 'tempo': 4.5366668631275004, 'advantage': 0.5366668631275004, 'horizon_xi': 236.2262065845508}]
00:02:27 INFO    fpl_expert.optimise.transfers | consistent valuation: [{'n': 1, 'hits': 0.0, 'tempo': 0.0, 'advantage': 0.0, 'horizon_xi': 221.9121451888945}, {'n': 2, 'hits': 4.0, 'tempo': 7.501933453864915, 'advantage': 3.5019334538649147, 'horizon_xi': 243.66828945347078}]
00:02:27 INFO    fpl_expert.optimise.transfers | consistent valuation: [{'n': 1, 'hits': 0.0, 'tempo': 0.0, 'advantage': 0.0, 'horizon_xi': 235.20953521841292}, {'n': 2, 'hits': 4.0, 'tempo': 0.00595841962350363, 'advantage': -3.9940415803764964, 'horizon_xi': 236.25605123957877}]
00:02:28 INFO    fpl_expert.optimise.transfers | consistent valuation: [{'n': 1, 'hits': 0.0, 'tempo': 0.0, 'advantage': 0.0, 'horizon_xi': 243.13927556469056}, {'n': 2, 'hits': 4.0, 'tempo': 0.0, 'advantage': -4.0, 'horizon_xi': 244.77091779507788}]
00:02:28 INFO    fpl_expert.optimise.transfers | consistent valuation: [{'n': 1, 'hits': 0.0, 'tempo': 0.0, 'advantage': 0.0, 'horizon_xi': 227.53629813299614}, {'n': 2, 'hits': 4.0, 'tempo': 0.7524035211226376, 'advantage': -3.2475964788773624, 'horizon_xi': 230.5225519755949}]
00:02:28 INFO    fpl_expert.optimise.transfers | consistent valuation: [{'n': 1, 'hits': 0.0, 'tempo': 0.0, 'advantage': 0.0, 'horizon_xi': 217.83857621067307}, {'n': 2, 'hits': 4.0, 'tempo': 2.4579399457272757, 'advantage': -1.5420600542727243, 'horizon_xi': 226.43806798442063}]
00:02:29 INFO    fpl_expert.optimise.transfers | consistent valuation: [{'n': 1, 'hits': 0.0, 'tempo': 0.0, 'advantage': 0.0, 'horizon_xi': 240.72353519469522}, {'n': 2, 'hits': 4.0, 'tempo': 0.0, 'advantage': -4.0, 'horizon_xi': 243.16314600921595}]
00:02:29 INFO    fpl_expert.optimise.transfers | consistent valuation: [{'n': 1, 'hits': 0.0, 'tempo': 0.0, 'advantage': 0.0, 'horizon_xi': 249.80276571047418}, {'n': 2, 'hits': 4.0, 'tempo': 0.1610678290553409, 'advantage': -3.838932170944659, 'horizon_xi': 255.3294169129719}]
00:02:29 INFO    fpl_expert.optimise.transfers | consistent valuation: [{'n': 1, 'hits': 0.0, 'tempo': 0.0, 'advantage': 0.0, 'horizon_xi': 250.21819717844062}, {'n': 2, 'hits': 4.0, 'tempo': 1.6378703209399248, 'advantage': -2.362129679060075, 'horizon_xi': 255.38777281348206}]
00:02:30 INFO    fpl_expert.optimise.transfers | consistent valuation: [{'n': 1, 'hits': 0.0, 'tempo': 0.0, 'advantage': 0.0, 'horizon_xi': 235.28523716087804}, {'n': 2, 'hits': 4.0, 'tempo': 0.3744245766843406, 'advantage': -3.6255754233156594, 'horizon_xi': 236.2178436705551}]
00:02:30 INFO    fpl_expert.optimise.transfers | consistent valuation: [{'n': 1, 'hits': 0.0, 'tempo': 0.0, 'advantage': 0.0, 'horizon_xi': 237.75333471965268}, {'n': 2, 'hits': 4.0, 'tempo': -0.13868522783621984, 'advantage': -4.13868522783622, 'horizon_xi': 239.11660878673482}]
00:02:31 INFO    fpl_expert.optimise.transfers | consistent valuation: [{'n': 1, 'hits': 0.0, 'tempo': 0.0, 'advantage': 0.0, 'horizon_xi': 247.68281362714345}, {'n': 2, 'hits': 4.0, 'tempo': 1.1171090634873622, 'advantage': -2.882890936512638, 'horizon_xi': 250.46150420021632}]
00:02:31 INFO    fpl_expert.backtest.season_sim | GW14: playing bench_boost (best available (12.6 vs 11.0 remaining))
00:02:31 INFO    fpl_expert.optimise.transfers | consistent valuation: [{'n': 1, 'hits': 0.0, 'tempo': 0.0, 'advantage': 0.0, 'horizon_xi': 236.38119802896463}, {'n': 2, 'hits': 4.0, 'tempo': 1.408529954763786, 'advantage': -2.591470045236214, 'horizon_xi': 239.07713069473255}]
00:02:31 INFO    fpl_expert.backtest.season_sim | GW15: playing triple_captain (best available (9.1 vs 8.2 remaining))
00:02:31 INFO    fpl_expert.optimise.transfers | consistent valuation: [{'n': 1, 'hits': 0.0, 'tempo': 0.0, 'advantage': 0.0, 'horizon_xi': 231.52566451578926}, {'n': 2, 'hits': 4.0, 'tempo': 0.33151787792577636, 'advantage': -3.6684821220742236, 'horizon_xi': 235.6667470609352}]
00:02:31 INFO    fpl_expert.optimise.transfers | consistent valuation: [{'n': 1, 'hits': 0.0, 'tempo': 0.0, 'advantage': 0.0, 'horizon_xi': 231.29398557910946}, {'n': 2, 'hits': 4.0, 'tempo': 2.731889698383597, 'advantage': -1.268110301616403, 'horizon_xi': 239.67106180066912}]
00:02:32 INFO    fpl_expert.optimise.transfers | consistent valuation: [{'n': 1, 'hits': 0.0, 'tempo': 0.0, 'advantage': 0.0, 'horizon_xi': 228.74907649773058}, {'n': 2, 'hits': 4.0, 'tempo': 0.1437196406931065, 'advantage': -3.8562803593068935, 'horizon_xi': 235.92629355990545}]
00:02:32 INFO    fpl_expert.optimise.transfers | consistent valuation: [{'n': 1, 'hits': 0.0, 'tempo': 0.0, 'advantage': 0.0, 'horizon_xi': 236.84125091344575}, {'n': 2, 'hits': 4.0, 'tempo': 1.203848057961423, 'advantage': -2.796151942038577, 'horizon_xi': 244.445124150886}]
00:02:32 INFO    fpl_expert.optimise.transfers | consistent valuation: [{'n': 1, 'hits': 0.0, 'tempo': 0.0, 'advantage': 0.0, 'horizon_xi': 263.14743669571067}, {'n': 2, 'hits': 4.0, 'tempo': 0.0, 'advantage': -4.0, 'horizon_xi': 263.9941110707044}]
00:02:33 INFO    fpl_expert.optimise.transfers | consistent valuation: [{'n': 1, 'hits': 0.0, 'tempo': 0.0, 'advantage': 0.0, 'horizon_xi': 258.13192391986786}, {'n': 2, 'hits': 4.0, 'tempo': 0.0, 'advantage': -4.0, 'horizon_xi': 259.65055730923893}]
00:02:33 INFO    fpl_expert.optimise.transfers | consistent valuation: [{'n': 1, 'hits': 0.0, 'tempo': 0.0, 'advantage': 0.0, 'horizon_xi': 253.67232446534103}, {'n': 2, 'hits': 4.0, 'tempo': 0.044756091858729974, 'advantage': -3.95524390814127, 'horizon_xi': 256.2601427104513}]
00:02:33 INFO    fpl_expert.optimise.transfers | consistent valuation: [{'n': 1, 'hits': 0.0, 'tempo': 0.0, 'advantage': 0.0, 'horizon_xi': 239.49739448429696}, {'n': 2, 'hits': 4.0, 'tempo': 1.0987182446926838, 'advantage': -2.9012817553073162, 'horizon_xi': 245.86410243178153}]
00:02:34 INFO    fpl_expert.optimise.transfers | consistent valuation: [{'n': 1, 'hits': 0.0, 'tempo': 0.0, 'advantage': 0.0, 'horizon_xi': 241.506313536982}, {'n': 2, 'hits': 4.0, 'tempo': 2.3091346393134984, 'advantage': -1.6908653606865016, 'horizon_xi': 247.98898780311632}]
00:02:34 INFO    fpl_expert.optimise.transfers | consistent valuation: [{'n': 1, 'hits': 0.0, 'tempo': 0.0, 'advantage': 0.0, 'horizon_xi': 242.28702751080004}, {'n': 2, 'hits': 4.0, 'tempo': 1.7240240090271328, 'advantage': -2.275975990972867, 'horizon_xi': 245.40741200387885}]
00:02:34 INFO    fpl_expert.optimise.transfers | consistent valuation: [{'n': 1, 'hits': 0.0, 'tempo': 0.0, 'advantage': 0.0, 'horizon_xi': 219.3223007961034}, {'n': 2, 'hits': 4.0, 'tempo': 0.35971250596649185, 'advantage': -3.640287494033508, 'horizon_xi': 223.7874054954813}]
00:02:35 INFO    fpl_expert.optimise.transfers | consistent valuation: [{'n': 1, 'hits': 0.0, 'tempo': 0.0, 'advantage': 0.0, 'horizon_xi': 220.08908485917078}, {'n': 2, 'hits': 4.0, 'tempo': 0.0, 'advantage': -4.0, 'horizon_xi': 223.38310858802896}]
00:02:35 INFO    fpl_expert.optimise.transfers | consistent valuation: [{'n': 1, 'hits': 0.0, 'tempo': 0.0, 'advantage': 0.0, 'horizon_xi': 209.50144036720073}, {'n': 2, 'hits': 4.0, 'tempo': 0.5154742605806604, 'advantage': -3.4845257394193396, 'horizon_xi': 216.76791604067523}]
00:02:35 INFO    fpl_expert.optimise.transfers | consistent valuation: [{'n': 1, 'hits': 0.0, 'tempo': 0.0, 'advantage': 0.0, 'horizon_xi': 125.14548417940553}, {'n': 2, 'hits': 4.0, 'tempo': 0.09612156769335911, 'advantage': -3.903878432306641, 'horizon_xi': 125.62350624288167}]
00:02:36 INFO    fpl_expert.optimise.transfers | consistent valuation: [{'n': 1, 'hits': 0.0, 'tempo': 0.0, 'advantage': 0.0, 'horizon_xi': 256.88239205897634}, {'n': 2, 'hits': 4.0, 'tempo': 0.7066010484860215, 'advantage': -3.2933989515139785, 'horizon_xi': 262.5499526014274}]
00:02:36 INFO    fpl_expert.optimise.transfers | consistent valuation: [{'n': 1, 'hits': 0.0, 'tempo': 0.0, 'advantage': 0.0, 'horizon_xi': 252.9329409264499}, {'n': 2, 'hits': 4.0, 'tempo': 6.986651123398488, 'advantage': 2.986651123398488, 'horizon_xi': 270.32002405595165}]
00:02:36 INFO    fpl_expert.optimise.transfers | consistent valuation: [{'n': 1, 'hits': 0.0, 'tempo': 0.0, 'advantage': 0.0, 'horizon_xi': 283.84520060449483}, {'n': 2, 'hits': 4.0, 'tempo': 0.3850800754305723, 'advantage': -3.6149199245694277, 'horizon_xi': 287.7361119607939}]
00:02:36 INFO    fpl_expert.backtest.season_sim | GW32: playing bench_boost (best available (11.8 vs 11.6 remaining))
00:02:37 INFO    fpl_expert.optimise.transfers | consistent valuation: [{'n': 1, 'hits': 0.0, 'tempo': 0.0, 'advantage': 0.0, 'horizon_xi': 285.9464019889258}, {'n': 2, 'hits': 4.0, 'tempo': 0.84764527903085, 'advantage': -3.15235472096915, 'horizon_xi': 290.9154167287849}]
00:02:37 INFO    fpl_expert.optimise.transfers | consistent valuation: [{'n': 1, 'hits': 0.0, 'tempo': 0.0, 'advantage': 0.0, 'horizon_xi': 274.82162168662063}, {'n': 2, 'hits': 4.0, 'tempo': 0.0, 'advantage': -4.0, 'horizon_xi': 279.3879728323223}]
00:02:37 INFO    fpl_expert.backtest.season_sim | GW34: playing triple_captain (best available (12.9 vs 11.9 remaining))
00:02:37 INFO    fpl_expert.optimise.transfers | consistent valuation: [{'n': 1, 'hits': 0.0, 'tempo': 0.0, 'advantage': 0.0, 'horizon_xi': 215.0634973976584}, {'n': 2, 'hits': 4.0, 'tempo': 2.1416777143365735, 'advantage': -1.8583222856634265, 'horizon_xi': 225.46609647901357}]
00:02:38 INFO    fpl_expert.optimise.transfers | consistent valuation: [{'n': 1, 'hits': 0.0, 'tempo': 0.0, 'advantage': 0.0, 'horizon_xi': 186.1401309103705}, {'n': 2, 'hits': 4.0, 'tempo': 0.6697149333079295, 'advantage': -3.3302850666920705, 'horizon_xi': 189.99352213185077}]
00:02:38 INFO    fpl_expert.optimise.transfers | consistent valuation: [{'n': 1, 'hits': 0.0, 'tempo': 0.0, 'advantage': 0.0, 'horizon_xi': 152.51891706564714}, {'n': 2, 'hits': 4.0, 'tempo': 5.818559077953424, 'advantage': 1.8185590779534238, 'horizon_xi': 158.5105672573114}]
00:02:38 INFO    fpl_expert.optimise.transfers | consistent valuation: [{'n': 1, 'hits': 0.0, 'tempo': 0.0, 'advantage': 0.0, 'horizon_xi': 72.91772010409589}, {'n': 2, 'hits': 4.0, 'tempo': 1.3063237061330142, 'advantage': -2.693676293866986, 'horizon_xi': 74.2240438102289}]
00:02:38 INFO    fpl_expert.backtest.ensemble | consistent path 1: 2310
00:02:39 INFO    fpl_expert.optimise.transfers | consistent valuation: [{'n': 1, 'hits': 0.0, 'tempo': 0.0, 'advantage': 0.0, 'horizon_xi': 213.2941203928228}, {'n': 2, 'hits': 4.0, 'tempo': 0.0, 'advantage': -4.0, 'horizon_xi': 227.90401033131639}]
00:02:40 INFO    fpl_expert.optimise.transfers | consistent valuation: [{'n': 1, 'hits': 0.0, 'tempo': 0.0, 'advantage': 0.0, 'horizon_xi': 221.48042541828787}, {'n': 2, 'hits': 4.0, 'tempo': 4.537883742108768, 'advantage': 0.5378837421087681, 'horizon_xi': 236.16401292233027}]
00:02:40 INFO    fpl_expert.optimise.transfers | consistent valuation: [{'n': 1, 'hits': 0.0, 'tempo': 0.0, 'advantage': 0.0, 'horizon_xi': 221.875563294577}, {'n': 2, 'hits': 4.0, 'tempo': 7.501146319366441, 'advantage': 3.501146319366441, 'horizon_xi': 243.60767500191736}]
00:02:40 INFO    fpl_expert.optimise.transfers | consistent valuation: [{'n': 1, 'hits': 0.0, 'tempo': 0.0, 'advantage': 0.0, 'horizon_xi': 235.17766688234218}, {'n': 2, 'hits': 4.0, 'tempo': 0.006787711227289606, 'advantage': -3.9932122887727104, 'horizon_xi': 236.20857095834023}]
00:02:41 INFO    fpl_expert.optimise.transfers | consistent valuation: [{'n': 1, 'hits': 0.0, 'tempo': 0.0, 'advantage': 0.0, 'horizon_xi': 243.12125114427488}, {'n': 2, 'hits': 4.0, 'tempo': 0.0, 'advantage': -4.0, 'horizon_xi': 244.7525501521448}]
00:02:41 INFO    fpl_expert.optimise.transfers | consistent valuation: [{'n': 1, 'hits': 0.0, 'tempo': 0.0, 'advantage': 0.0, 'horizon_xi': 227.54608956382182}, {'n': 2, 'hits': 4.0, 'tempo': 0.7490957991655236, 'advantage': -3.2509042008344764, 'horizon_xi': 230.5274412768095}]
00:02:41 INFO    fpl_expert.optimise.transfers | consistent valuation: [{'n': 1, 'hits': 0.0, 'tempo': 0.0, 'advantage': 0.0, 'horizon_xi': 217.83786136064262}, {'n': 2, 'hits': 4.0, 'tempo': 2.462087685564022, 'advantage': -1.537912314435978, 'horizon_xi': 226.45687696299524}]
00:02:42 INFO    fpl_expert.optimise.transfers | consistent valuation: [{'n': 1, 'hits': 0.0, 'tempo': 0.0, 'advantage': 0.0, 'horizon_xi': 240.70836728453216}, {'n': 2, 'hits': 4.0, 'tempo': 0.0, 'advantage': -4.0, 'horizon_xi': 243.15008090503906}]
00:02:42 INFO    fpl_expert.optimise.transfers | consistent valuation: [{'n': 1, 'hits': 0.0, 'tempo': 0.0, 'advantage': 0.0, 'horizon_xi': 249.80454151417868}, {'n': 2, 'hits': 4.0, 'tempo': 0.17539776587068445, 'advantage': -3.8246022341293155, 'horizon_xi': 255.3315007271305}]
00:02:42 INFO    fpl_expert.optimise.transfers | consistent valuation: [{'n': 1, 'hits': 0.0, 'tempo': 0.0, 'advantage': 0.0, 'horizon_xi': 250.24014969731562}, {'n': 2, 'hits': 4.0, 'tempo': 1.6208959098046307, 'advantage': -2.3791040901953693, 'horizon_xi': 255.38520275899185}]
00:02:43 INFO    fpl_expert.optimise.transfers | consistent valuation: [{'n': 1, 'hits': 0.0, 'tempo': 0.0, 'advantage': 0.0, 'horizon_xi': 235.28536992825696}, {'n': 2, 'hits': 4.0, 'tempo': -0.19625212064794795, 'advantage': -4.196252120647948, 'horizon_xi': 234.03923761136167}]
00:02:43 INFO    fpl_expert.optimise.transfers | consistent valuation: [{'n': 1, 'hits': 0.0, 'tempo': 0.0, 'advantage': 0.0, 'horizon_xi': 237.7519140153207}, {'n': 2, 'hits': 4.0, 'tempo': -0.1545350959320757, 'advantage': -4.154535095932076, 'horizon_xi': 239.10546042467786}]
00:02:44 INFO    fpl_expert.optimise.transfers | consistent valuation: [{'n': 1, 'hits': 0.0, 'tempo': 0.0, 'advantage': 0.0, 'horizon_xi': 247.67083280779136}, {'n': 2, 'hits': 4.0, 'tempo': 1.1229050265861105, 'advantage': -2.8770949734138895, 'horizon_xi': 250.4668666091605}]
00:02:44 INFO    fpl_expert.backtest.season_sim | GW14: playing bench_boost (best available (12.6 vs 11.1 remaining))
00:02:44 INFO    fpl_expert.optimise.transfers | consistent valuation: [{'n': 1, 'hits': 0.0, 'tempo': 0.0, 'advantage': 0.0, 'horizon_xi': 236.37687090291763}, {'n': 2, 'hits': 4.0, 'tempo': 1.4136326727232102, 'advantage': -2.5863673272767898, 'horizon_xi': 239.08710302369062}]
00:02:44 INFO    fpl_expert.backtest.season_sim | GW15: playing triple_captain (best available (9.1 vs 8.2 remaining))
00:02:44 INFO    fpl_expert.optimise.transfers | consistent valuation: [{'n': 1, 'hits': 0.0, 'tempo': 0.0, 'advantage': 0.0, 'horizon_xi': 231.55324915220226}, {'n': 2, 'hits': 4.0, 'tempo': 0.3325020758120303, 'advantage': -3.6674979241879697, 'horizon_xi': 235.6567492669739}]
00:02:45 INFO    fpl_expert.optimise.transfers | consistent valuation: [{'n': 1, 'hits': 0.0, 'tempo': 0.0, 'advantage': 0.0, 'horizon_xi': 231.21640411823586}, {'n': 2, 'hits': 4.0, 'tempo': 2.722253163363206, 'advantage': -1.2777468366367941, 'horizon_xi': 239.58381595680774}]
00:02:45 INFO    fpl_expert.optimise.transfers | consistent valuation: [{'n': 1, 'hits': 0.0, 'tempo': 0.0, 'advantage': 0.0, 'horizon_xi': 228.67335394064935}, {'n': 2, 'hits': 4.0, 'tempo': 0.1389855412694203, 'advantage': -3.8610144587305797, 'horizon_xi': 235.84250766642728}]
00:02:45 INFO    fpl_expert.optimise.transfers | consistent valuation: [{'n': 1, 'hits': 0.0, 'tempo': 0.0, 'advantage': 0.0, 'horizon_xi': 236.749685495651}, {'n': 2, 'hits': 4.0, 'tempo': 1.193529960538939, 'advantage': -2.806470039461061, 'horizon_xi': 244.31633228222577}]
00:02:45 INFO    fpl_expert.optimise.transfers | consistent valuation: [{'n': 1, 'hits': 0.0, 'tempo': 0.0, 'advantage': 0.0, 'horizon_xi': 263.00691672904367}, {'n': 2, 'hits': 4.0, 'tempo': 0.0, 'advantage': -4.0, 'horizon_xi': 263.83691307383623}]
00:02:46 INFO    fpl_expert.optimise.transfers | consistent valuation: [{'n': 1, 'hits': 0.0, 'tempo': 0.0, 'advantage': 0.0, 'horizon_xi': 257.97664020755946}, {'n': 2, 'hits': 4.0, 'tempo': 0.010220552963758678, 'advantage': -3.9897794470362413, 'horizon_xi': 259.5024445221841}]
00:02:46 INFO    fpl_expert.optimise.transfers | consistent valuation: [{'n': 1, 'hits': 0.0, 'tempo': 0.0, 'advantage': 0.0, 'horizon_xi': 253.58220236392728}, {'n': 2, 'hits': 4.0, 'tempo': 0.04468598441007998, 'advantage': -3.95531401558992, 'horizon_xi': 256.1718469650974}]
00:02:46 INFO    fpl_expert.optimise.transfers | consistent valuation: [{'n': 1, 'hits': 0.0, 'tempo': 0.0, 'advantage': 0.0, 'horizon_xi': 239.40879584209517}, {'n': 2, 'hits': 4.0, 'tempo': 1.0923208309798653, 'advantage': -2.9076791690201347, 'horizon_xi': 245.8108676877587}]
00:02:47 INFO    fpl_expert.optimise.transfers | consistent valuation: [{'n': 1, 'hits': 0.0, 'tempo': 0.0, 'advantage': 0.0, 'horizon_xi': 241.38335122588637}, {'n': 2, 'hits': 4.0, 'tempo': 2.2887131027150716, 'advantage': -1.7112868972849284, 'horizon_xi': 247.83233228643562}]
00:02:47 INFO    fpl_expert.optimise.transfers | consistent valuation: [{'n': 1, 'hits': 0.0, 'tempo': 0.0, 'advantage': 0.0, 'horizon_xi': 242.21734327720074}, {'n': 2, 'hits': 4.0, 'tempo': 1.8112120721090008, 'advantage': -2.188787927890999, 'horizon_xi': 245.45493086846912}]
00:02:47 INFO    fpl_expert.optimise.transfers | consistent valuation: [{'n': 1, 'hits': 0.0, 'tempo': 0.0, 'advantage': 0.0, 'horizon_xi': 219.36389466966995}, {'n': 2, 'hits': 4.0, 'tempo': 0.39089007636080453, 'advantage': -3.6091099236391955, 'horizon_xi': 223.845587937147}]
00:02:48 INFO    fpl_expert.optimise.transfers | consistent valuation: [{'n': 1, 'hits': 0.0, 'tempo': 0.0, 'advantage': 0.0, 'horizon_xi': 220.08579738949516}, {'n': 2, 'hits': 4.0, 'tempo': 0.0, 'advantage': -4.0, 'horizon_xi': 223.3788249596433}]
00:02:48 INFO    fpl_expert.optimise.transfers | consistent valuation: [{'n': 1, 'hits': 0.0, 'tempo': 0.0, 'advantage': 0.0, 'horizon_xi': 209.51553387093037}, {'n': 2, 'hits': 4.0, 'tempo': 0.5124599461528021, 'advantage': -3.487540053847198, 'horizon_xi': 216.7653744421671}]
00:02:48 INFO    fpl_expert.optimise.transfers | consistent valuation: [{'n': 1, 'hits': 0.0, 'tempo': 0.0, 'advantage': 0.0, 'horizon_xi': 125.1336723315633}, {'n': 2, 'hits': 4.0, 'tempo': 0.09528786694919589, 'advantage': -3.904712133050804, 'horizon_xi': 125.62003908148917}]
00:02:49 INFO    fpl_expert.optimise.transfers | consistent valuation: [{'n': 1, 'hits': 0.0, 'tempo': 0.0, 'advantage': 0.0, 'horizon_xi': 256.86563368707823}, {'n': 2, 'hits': 4.0, 'tempo': 0.7078293515680443, 'advantage': -3.2921706484319557, 'horizon_xi': 262.52155153601313}]
00:02:49 INFO    fpl_expert.optimise.transfers | consistent valuation: [{'n': 1, 'hits': 0.0, 'tempo': 0.0, 'advantage': 0.0, 'horizon_xi': 252.92929474391303}, {'n': 2, 'hits': 4.0, 'tempo': 6.979310417883497, 'advantage': 2.9793104178834966, 'horizon_xi': 270.26239786390005}]
00:02:49 INFO    fpl_expert.optimise.transfers | consistent valuation: [{'n': 1, 'hits': 0.0, 'tempo': 0.0, 'advantage': 0.0, 'horizon_xi': 283.81240518918656}, {'n': 2, 'hits': 4.0, 'tempo': 0.3829555486375682, 'advantage': -3.617044451362432, 'horizon_xi': 287.70907229728135}]
00:02:49 INFO    fpl_expert.backtest.season_sim | GW32: playing bench_boost (best available (11.8 vs 11.6 remaining))
00:02:50 INFO    fpl_expert.optimise.transfers | consistent valuation: [{'n': 1, 'hits': 0.0, 'tempo': 0.0, 'advantage': 0.0, 'horizon_xi': 285.878727235048}, {'n': 2, 'hits': 4.0, 'tempo': 0.857572790979205, 'advantage': -3.142427209020795, 'horizon_xi': 290.8380685132353}]
00:02:50 INFO    fpl_expert.optimise.transfers | consistent valuation: [{'n': 1, 'hits': 0.0, 'tempo': 0.0, 'advantage': 0.0, 'horizon_xi': 274.7476490124566}, {'n': 2, 'hits': 4.0, 'tempo': 0.0, 'advantage': -4.0, 'horizon_xi': 279.3200908620123}]
00:02:50 INFO    fpl_expert.backtest.season_sim | GW34: playing triple_captain (best available (12.9 vs 11.9 remaining))
00:02:50 INFO    fpl_expert.optimise.transfers | consistent valuation: [{'n': 1, 'hits': 0.0, 'tempo': 0.0, 'advantage': 0.0, 'horizon_xi': 215.04712660395774}, {'n': 2, 'hits': 4.0, 'tempo': 2.1501015424860483, 'advantage': -1.8498984575139517, 'horizon_xi': 225.45721827450424}]
00:02:51 INFO    fpl_expert.optimise.transfers | consistent valuation: [{'n': 1, 'hits': 0.0, 'tempo': 0.0, 'advantage': 0.0, 'horizon_xi': 186.09158141417558}, {'n': 2, 'hits': 4.0, 'tempo': 0.6680998953016086, 'advantage': -3.3319001046983914, 'horizon_xi': 189.94205357923119}]
00:02:51 INFO    fpl_expert.optimise.transfers | consistent valuation: [{'n': 1, 'hits': 0.0, 'tempo': 0.0, 'advantage': 0.0, 'horizon_xi': 152.24948237636107}, {'n': 2, 'hits': 4.0, 'tempo': 5.820084324547679, 'advantage': 1.820084324547679, 'horizon_xi': 158.2171253160868}]
00:02:51 INFO    fpl_expert.optimise.transfers | consistent valuation: [{'n': 1, 'hits': 0.0, 'tempo': 0.0, 'advantage': 0.0, 'horizon_xi': 72.8837571417184}, {'n': 2, 'hits': 4.0, 'tempo': 1.3198252460814501, 'advantage': -2.68017475391855, 'horizon_xi': 74.20358238779986}]
00:02:51 INFO    fpl_expert.backtest.ensemble | consistent path 2: 2310
00:02:53 INFO    fpl_expert.optimise.transfers | consistent valuation: [{'n': 1, 'hits': 0.0, 'tempo': 0.0, 'advantage': 0.0, 'horizon_xi': 213.38908101946282}, {'n': 2, 'hits': 4.0, 'tempo': 0.0, 'advantage': -4.0, 'horizon_xi': 227.95606858450677}]
00:02:53 INFO    fpl_expert.optimise.transfers | consistent valuation: [{'n': 1, 'hits': 0.0, 'tempo': 0.0, 'advantage': 0.0, 'horizon_xi': 221.56405415569552}, {'n': 2, 'hits': 4.0, 'tempo': 4.534738765511634, 'advantage': 0.5347387655116336, 'horizon_xi': 236.25802718143467}]
00:02:53 INFO    fpl_expert.optimise.transfers | consistent valuation: [{'n': 1, 'hits': 0.0, 'tempo': 0.0, 'advantage': 0.0, 'horizon_xi': 221.97409520144336}, {'n': 2, 'hits': 4.0, 'tempo': 7.526091991581026, 'advantage': 3.5260919915810263, 'horizon_xi': 243.79324703567397}]
00:02:54 INFO    fpl_expert.optimise.transfers | consistent valuation: [{'n': 1, 'hits': 0.0, 'tempo': 0.0, 'advantage': 0.0, 'horizon_xi': 235.29626021944853}, {'n': 2, 'hits': 4.0, 'tempo': 0.013481157735043325, 'advantage': -3.9865188422649567, 'horizon_xi': 236.34044520959057}]
00:02:54 INFO    fpl_expert.optimise.transfers | consistent valuation: [{'n': 1, 'hits': 0.0, 'tempo': 0.0, 'advantage': 0.0, 'horizon_xi': 243.19034695622418}, {'n': 2, 'hits': 4.0, 'tempo': 0.0, 'advantage': -4.0, 'horizon_xi': 244.82001497492564}]
00:02:54 INFO    fpl_expert.optimise.transfers | consistent valuation: [{'n': 1, 'hits': 0.0, 'tempo': 0.0, 'advantage': 0.0, 'horizon_xi': 227.53647446232134}, {'n': 2, 'hits': 4.0, 'tempo': 0.7614244194392228, 'advantage': -3.238575580560777, 'horizon_xi': 230.5379376006108}]
00:02:55 INFO    fpl_expert.optimise.transfers | consistent valuation: [{'n': 1, 'hits': 0.0, 'tempo': 0.0, 'advantage': 0.0, 'horizon_xi': 217.7978979683137}, {'n': 2, 'hits': 4.0, 'tempo': 2.4650558802349423, 'advantage': -1.5349441197650577, 'horizon_xi': 226.4228546912094}]
00:02:55 INFO    fpl_expert.optimise.transfers | consistent valuation: [{'n': 1, 'hits': 0.0, 'tempo': 0.0, 'advantage': 0.0, 'horizon_xi': 240.67336842463953}, {'n': 2, 'hits': 4.0, 'tempo': 0.0, 'advantage': -4.0, 'horizon_xi': 243.11039828770487}]
00:02:55 INFO    fpl_expert.optimise.transfers | consistent valuation: [{'n': 1, 'hits': 0.0, 'tempo': 0.0, 'advantage': 0.0, 'horizon_xi': 249.75264926959318}, {'n': 2, 'hits': 4.0, 'tempo': 0.17992745063152427, 'advantage': -3.8200725493684757, 'horizon_xi': 255.29218270430508}]
00:02:56 INFO    fpl_expert.optimise.transfers | consistent valuation: [{'n': 1, 'hits': 0.0, 'tempo': 0.0, 'advantage': 0.0, 'horizon_xi': 250.13479295559478}, {'n': 2, 'hits': 4.0, 'tempo': 1.6334746392254402, 'advantage': -2.3665253607745598, 'horizon_xi': 255.29422772957443}]
00:02:56 INFO    fpl_expert.optimise.transfers | consistent valuation: [{'n': 1, 'hits': 0.0, 'tempo': 0.0, 'advantage': 0.0, 'horizon_xi': 235.24318695949708}, {'n': 2, 'hits': 4.0, 'tempo': -0.18199459987730648, 'advantage': -4.1819945998773065, 'horizon_xi': 234.01341703273638}]
00:02:56 INFO    fpl_expert.optimise.transfers | consistent valuation: [{'n': 1, 'hits': 0.0, 'tempo': 0.0, 'advantage': 0.0, 'horizon_xi': 237.69603095035535}, {'n': 2, 'hits': 4.0, 'tempo': -0.1373170770409473, 'advantage': -4.137317077040947, 'horizon_xi': 239.06806999000347}]
00:02:57 INFO    fpl_expert.optimise.transfers | consistent valuation: [{'n': 1, 'hits': 0.0, 'tempo': 0.0, 'advantage': 0.0, 'horizon_xi': 247.59859186486653}, {'n': 2, 'hits': 4.0, 'tempo': 1.1302246336178428, 'advantage': -2.8697753663821572, 'horizon_xi': 250.4057363133332}]
00:02:57 INFO    fpl_expert.backtest.season_sim | GW14: playing bench_boost (best available (12.6 vs 11.0 remaining))
00:02:57 INFO    fpl_expert.optimise.transfers | consistent valuation: [{'n': 1, 'hits': 0.0, 'tempo': 0.0, 'advantage': 0.0, 'horizon_xi': 236.3211604377349}, {'n': 2, 'hits': 4.0, 'tempo': 1.4101640729884508, 'advantage': -2.589835927011549, 'horizon_xi': 239.01259440764937}]
00:02:57 INFO    fpl_expert.backtest.season_sim | GW15: playing triple_captain (best available (9.1 vs 8.2 remaining))
00:02:57 INFO    fpl_expert.optimise.transfers | consistent valuation: [{'n': 1, 'hits': 0.0, 'tempo': 0.0, 'advantage': 0.0, 'horizon_xi': 231.4902083038084}, {'n': 2, 'hits': 4.0, 'tempo': 0.35126435686672863, 'advantage': -3.6487356431332714, 'horizon_xi': 235.63887062133819}]
00:02:58 INFO    fpl_expert.optimise.transfers | consistent valuation: [{'n': 1, 'hits': 0.0, 'tempo': 0.0, 'advantage': 0.0, 'horizon_xi': 231.25381182463792}, {'n': 2, 'hits': 4.0, 'tempo': 2.715540628300552, 'advantage': -1.2844593716994481, 'horizon_xi': 239.60876962829383}]
00:02:58 INFO    fpl_expert.optimise.transfers | consistent valuation: [{'n': 1, 'hits': 0.0, 'tempo': 0.0, 'advantage': 0.0, 'horizon_xi': 228.73420159625758}, {'n': 2, 'hits': 4.0, 'tempo': 0.14264118816280558, 'advantage': -3.8573588118371944, 'horizon_xi': 235.9072145157075}]
00:02:58 INFO    fpl_expert.optimise.transfers | consistent valuation: [{'n': 1, 'hits': 0.0, 'tempo': 0.0, 'advantage': 0.0, 'horizon_xi': 236.78035881099277}, {'n': 2, 'hits': 4.0, 'tempo': 1.200093401438707, 'advantage': -2.799906598561293, 'horizon_xi': 244.3741249924407}]
00:02:58 INFO    fpl_expert.optimise.transfers | consistent valuation: [{'n': 1, 'hits': 0.0, 'tempo': 0.0, 'advantage': 0.0, 'horizon_xi': 263.07065686170046}, {'n': 2, 'hits': 4.0, 'tempo': 0.0, 'advantage': -4.0, 'horizon_xi': 263.91110523063946}]
00:02:59 INFO    fpl_expert.optimise.transfers | consistent valuation: [{'n': 1, 'hits': 0.0, 'tempo': 0.0, 'advantage': 0.0, 'horizon_xi': 258.0212371830453}, {'n': 2, 'hits': 4.0, 'tempo': 0.0, 'advantage': -4.0, 'horizon_xi': 259.54879825321007}]
00:02:59 INFO    fpl_expert.optimise.transfers | consistent valuation: [{'n': 1, 'hits': 0.0, 'tempo': 0.0, 'advantage': 0.0, 'horizon_xi': 253.592290094684}, {'n': 2, 'hits': 4.0, 'tempo': 0.04302993459690185, 'advantage': -3.956970065403098, 'horizon_xi': 256.18742396085986}]
00:03:00 INFO    fpl_expert.optimise.transfers | consistent valuation: [{'n': 1, 'hits': 0.0, 'tempo': 0.0, 'advantage': 0.0, 'horizon_xi': 239.43992683992485}, {'n': 2, 'hits': 4.0, 'tempo': 1.0895138944114535, 'advantage': -2.9104861055885465, 'horizon_xi': 245.8344791769351}]
00:03:00 INFO    fpl_expert.optimise.transfers | consistent valuation: [{'n': 1, 'hits': 0.0, 'tempo': 0.0, 'advantage': 0.0, 'horizon_xi': 241.49841501075238}, {'n': 2, 'hits': 4.0, 'tempo': 2.3080483422562708, 'advantage': -1.6919516577437292, 'horizon_xi': 247.98216538830982}]
00:03:00 INFO    fpl_expert.optimise.transfers | consistent valuation: [{'n': 1, 'hits': 0.0, 'tempo': 0.0, 'advantage': 0.0, 'horizon_xi': 242.29794709197802}, {'n': 2, 'hits': 4.0, 'tempo': 1.7533028628002825, 'advantage': -2.2466971371997175, 'horizon_xi': 245.48219331340474}]
00:03:01 INFO    fpl_expert.optimise.transfers | consistent valuation: [{'n': 1, 'hits': 0.0, 'tempo': 0.0, 'advantage': 0.0, 'horizon_xi': 219.334593205589}, {'n': 2, 'hits': 4.0, 'tempo': 0.37959190058041514, 'advantage': -3.620408099419585, 'horizon_xi': 223.83838470820353}]
00:03:01 INFO    fpl_expert.optimise.transfers | consistent valuation: [{'n': 1, 'hits': 0.0, 'tempo': 0.0, 'advantage': 0.0, 'horizon_xi': 220.09484179505594}, {'n': 2, 'hits': 4.0, 'tempo': 0.0, 'advantage': -4.0, 'horizon_xi': 223.40552933860386}]
00:03:01 INFO    fpl_expert.optimise.transfers | consistent valuation: [{'n': 1, 'hits': 0.0, 'tempo': 0.0, 'advantage': 0.0, 'horizon_xi': 209.52117595354628}, {'n': 2, 'hits': 4.0, 'tempo': 0.5141923908582413, 'advantage': -3.4858076091417587, 'horizon_xi': 216.77641397797868}]
00:03:02 INFO    fpl_expert.optimise.transfers | consistent valuation: [{'n': 1, 'hits': 0.0, 'tempo': 0.0, 'advantage': 0.0, 'horizon_xi': 125.14189979088415}, {'n': 2, 'hits': 4.0, 'tempo': 0.09892841311193479, 'advantage': -3.901071586888065, 'horizon_xi': 125.62768986178247}]
00:03:02 INFO    fpl_expert.optimise.transfers | consistent valuation: [{'n': 1, 'hits': 0.0, 'tempo': 0.0, 'advantage': 0.0, 'horizon_xi': 256.91572784627044}, {'n': 2, 'hits': 4.0, 'tempo': 0.701712953762943, 'advantage': -3.298287046237057, 'horizon_xi': 262.57947576161877}]
00:03:02 INFO    fpl_expert.optimise.transfers | consistent valuation: [{'n': 1, 'hits': 0.0, 'tempo': 0.0, 'advantage': 0.0, 'horizon_xi': 252.99744710981946}, {'n': 2, 'hits': 4.0, 'tempo': 6.993651991376183, 'advantage': 2.9936519913761828, 'horizon_xi': 270.3680401159499}]
00:03:03 INFO    fpl_expert.optimise.transfers | consistent valuation: [{'n': 1, 'hits': 0.0, 'tempo': 0.0, 'advantage': 0.0, 'horizon_xi': 283.8681186741855}, {'n': 2, 'hits': 4.0, 'tempo': 0.38367306212727215, 'advantage': -3.616326937872728, 'horizon_xi': 287.76240273631765}]
00:03:03 INFO    fpl_expert.backtest.season_sim | GW32: playing bench_boost (best available (11.8 vs 11.6 remaining))
00:03:03 INFO    fpl_expert.optimise.transfers | consistent valuation: [{'n': 1, 'hits': 0.0, 'tempo': 0.0, 'advantage': 0.0, 'horizon_xi': 285.95569531002207}, {'n': 2, 'hits': 4.0, 'tempo': 0.837613700710186, 'advantage': -3.162386299289814, 'horizon_xi': 290.9117121838826}]
00:03:03 INFO    fpl_expert.optimise.transfers | consistent valuation: [{'n': 1, 'hits': 0.0, 'tempo': 0.0, 'advantage': 0.0, 'horizon_xi': 274.8194981525965}, {'n': 2, 'hits': 4.0, 'tempo': 0.0, 'advantage': -4.0, 'horizon_xi': 279.3822927148458}]
00:03:03 INFO    fpl_expert.backtest.season_sim | GW34: playing triple_captain (best available (12.9 vs 11.9 remaining))
00:03:04 INFO    fpl_expert.optimise.transfers | consistent valuation: [{'n': 1, 'hits': 0.0, 'tempo': 0.0, 'advantage': 0.0, 'horizon_xi': 215.03915764067133}, {'n': 2, 'hits': 4.0, 'tempo': 2.1347388669224188, 'advantage': -1.8652611330775812, 'horizon_xi': 225.44395635600566}]
00:03:04 INFO    fpl_expert.optimise.transfers | consistent valuation: [{'n': 1, 'hits': 0.0, 'tempo': 0.0, 'advantage': 0.0, 'horizon_xi': 186.16149974111408}, {'n': 2, 'hits': 4.0, 'tempo': 0.6651692218576315, 'advantage': -3.3348307781423685, 'horizon_xi': 190.0039694638321}]
00:03:04 INFO    fpl_expert.optimise.transfers | consistent valuation: [{'n': 1, 'hits': 0.0, 'tempo': 0.0, 'advantage': 0.0, 'horizon_xi': 152.5111504458635}, {'n': 2, 'hits': 4.0, 'tempo': 5.776172048276706, 'advantage': 1.776172048276706, 'horizon_xi': 158.49889044705134}]
00:03:04 INFO    fpl_expert.optimise.transfers | consistent valuation: [{'n': 1, 'hits': 0.0, 'tempo': 0.0, 'advantage': 0.0, 'horizon_xi': 72.94624292100103}, {'n': 2, 'hits': 4.0, 'tempo': 1.3035773634928631, 'advantage': -2.696422636507137, 'horizon_xi': 74.2498202844939}]
00:03:04 INFO    fpl_expert.backtest.ensemble | consistent path 3: 2310
00:03:06 INFO    fpl_expert.optimise.transfers | consistent valuation: [{'n': 1, 'hits': 0.0, 'tempo': 0.0, 'advantage': 0.0, 'horizon_xi': 213.3694283869906}, {'n': 2, 'hits': 4.0, 'tempo': 0.0, 'advantage': -4.0, 'horizon_xi': 227.98505142767718}]
00:03:06 INFO    fpl_expert.optimise.transfers | consistent valuation: [{'n': 1, 'hits': 0.0, 'tempo': 0.0, 'advantage': 0.0, 'horizon_xi': 221.55295550740058}, {'n': 2, 'hits': 4.0, 'tempo': 4.54007304728907, 'advantage': 0.54007304728907, 'horizon_xi': 236.2372168991647}]
00:03:06 INFO    fpl_expert.optimise.transfers | consistent valuation: [{'n': 1, 'hits': 0.0, 'tempo': 0.0, 'advantage': 0.0, 'horizon_xi': 221.9108668684201}, {'n': 2, 'hits': 4.0, 'tempo': 7.514836999508184, 'advantage': 3.5148369995081836, 'horizon_xi': 243.68351701234445}]
00:03:07 INFO    fpl_expert.optimise.transfers | consistent valuation: [{'n': 1, 'hits': 0.0, 'tempo': 0.0, 'advantage': 0.0, 'horizon_xi': 235.25394869876695}, {'n': 2, 'hits': 4.0, 'tempo': 0.013001225277207595, 'advantage': -3.9869987747227924, 'horizon_xi': 236.30065690330852}]
00:03:07 INFO    fpl_expert.optimise.transfers | consistent valuation: [{'n': 1, 'hits': 0.0, 'tempo': 0.0, 'advantage': 0.0, 'horizon_xi': 243.21531199659574}, {'n': 2, 'hits': 4.0, 'tempo': 0.0, 'advantage': -4.0, 'horizon_xi': 244.8517703419497}]
00:03:07 INFO    fpl_expert.optimise.transfers | consistent valuation: [{'n': 1, 'hits': 0.0, 'tempo': 0.0, 'advantage': 0.0, 'horizon_xi': 227.58058299580094}, {'n': 2, 'hits': 4.0, 'tempo': 0.761173679003079, 'advantage': -3.238826320996921, 'horizon_xi': 230.58346175148472}]
00:03:08 INFO    fpl_expert.optimise.transfers | consistent valuation: [{'n': 1, 'hits': 0.0, 'tempo': 0.0, 'advantage': 0.0, 'horizon_xi': 217.81626709993446}, {'n': 2, 'hits': 4.0, 'tempo': 2.458862089369944, 'advantage': -1.5411379106300558, 'horizon_xi': 226.44412494257335}]
00:03:08 INFO    fpl_expert.optimise.transfers | consistent valuation: [{'n': 1, 'hits': 0.0, 'tempo': 0.0, 'advantage': 0.0, 'horizon_xi': 240.69428693141865}, {'n': 2, 'hits': 4.0, 'tempo': 0.0, 'advantage': -4.0, 'horizon_xi': 243.12309576889635}]
00:03:09 INFO    fpl_expert.optimise.transfers | consistent valuation: [{'n': 1, 'hits': 0.0, 'tempo': 0.0, 'advantage': 0.0, 'horizon_xi': 249.79773987796818}, {'n': 2, 'hits': 4.0, 'tempo': 0.16529362445155016, 'advantage': -3.83470637554845, 'horizon_xi': 255.3262636546305}]
00:03:09 INFO    fpl_expert.optimise.transfers | consistent valuation: [{'n': 1, 'hits': 0.0, 'tempo': 0.0, 'advantage': 0.0, 'horizon_xi': 250.20850076437983}, {'n': 2, 'hits': 4.0, 'tempo': 1.6351091742794495, 'advantage': -2.3648908257205505, 'horizon_xi': 255.40696343523632}]
00:03:09 INFO    fpl_expert.optimise.transfers | consistent valuation: [{'n': 1, 'hits': 0.0, 'tempo': 0.0, 'advantage': 0.0, 'horizon_xi': 235.2473790781894}, {'n': 2, 'hits': 4.0, 'tempo': -0.19502117010275555, 'advantage': -4.1950211701027555, 'horizon_xi': 233.98490285762023}]
00:03:10 INFO    fpl_expert.optimise.transfers | consistent valuation: [{'n': 1, 'hits': 0.0, 'tempo': 0.0, 'advantage': 0.0, 'horizon_xi': 237.6797377209256}, {'n': 2, 'hits': 4.0, 'tempo': -0.14633928755397108, 'advantage': -4.146339287553971, 'horizon_xi': 239.02192665276914}]
00:03:10 INFO    fpl_expert.optimise.transfers | consistent valuation: [{'n': 1, 'hits': 0.0, 'tempo': 0.0, 'advantage': 0.0, 'horizon_xi': 247.61969160027638}, {'n': 2, 'hits': 4.0, 'tempo': 1.1082330508865965, 'advantage': -2.8917669491134035, 'horizon_xi': 250.417197745302}]
00:03:10 INFO    fpl_expert.backtest.season_sim | GW14: playing bench_boost (best available (12.6 vs 11.0 remaining))
00:03:10 INFO    fpl_expert.optimise.transfers | consistent valuation: [{'n': 1, 'hits': 0.0, 'tempo': 0.0, 'advantage': 0.0, 'horizon_xi': 236.3025233318751}, {'n': 2, 'hits': 4.0, 'tempo': 1.4166549479372748, 'advantage': -2.5833450520627252, 'horizon_xi': 239.00005313398157}]
00:03:10 INFO    fpl_expert.backtest.season_sim | GW15: playing triple_captain (best available (9.1 vs 8.2 remaining))
00:03:11 INFO    fpl_expert.optimise.transfers | consistent valuation: [{'n': 1, 'hits': 0.0, 'tempo': 0.0, 'advantage': 0.0, 'horizon_xi': 231.50009527924567}, {'n': 2, 'hits': 4.0, 'tempo': 0.32066384959512106, 'advantage': -3.679336150404879, 'horizon_xi': 235.6320962658101}]
00:03:11 INFO    fpl_expert.optimise.transfers | consistent valuation: [{'n': 1, 'hits': 0.0, 'tempo': 0.0, 'advantage': 0.0, 'horizon_xi': 231.28283848129644}, {'n': 2, 'hits': 4.0, 'tempo': 2.712817983461747, 'advantage': -1.287182016538253, 'horizon_xi': 239.6413053993324}]
00:03:11 INFO    fpl_expert.optimise.transfers | consistent valuation: [{'n': 1, 'hits': 0.0, 'tempo': 0.0, 'advantage': 0.0, 'horizon_xi': 228.8168990636854}, {'n': 2, 'hits': 4.0, 'tempo': 0.14312599618258304, 'advantage': -3.856874003817417, 'horizon_xi': 235.98911334542217}]
00:03:11 INFO    fpl_expert.optimise.transfers | consistent valuation: [{'n': 1, 'hits': 0.0, 'tempo': 0.0, 'advantage': 0.0, 'horizon_xi': 236.8059825661295}, {'n': 2, 'hits': 4.0, 'tempo': 1.208208839050812, 'advantage': -2.791791160949188, 'horizon_xi': 244.39681820194383}]
00:03:12 INFO    fpl_expert.optimise.transfers | consistent valuation: [{'n': 1, 'hits': 0.0, 'tempo': 0.0, 'advantage': 0.0, 'horizon_xi': 263.06332269318614}, {'n': 2, 'hits': 4.0, 'tempo': 0.0, 'advantage': -4.0, 'horizon_xi': 263.90419680691576}]
00:03:12 INFO    fpl_expert.optimise.transfers | consistent valuation: [{'n': 1, 'hits': 0.0, 'tempo': 0.0, 'advantage': 0.0, 'horizon_xi': 258.05655815550045}, {'n': 2, 'hits': 4.0, 'tempo': 0.0, 'advantage': -4.0, 'horizon_xi': 259.58121640181844}]
00:03:12 INFO    fpl_expert.optimise.transfers | consistent valuation: [{'n': 1, 'hits': 0.0, 'tempo': 0.0, 'advantage': 0.0, 'horizon_xi': 253.64024417927183}, {'n': 2, 'hits': 4.0, 'tempo': 0.0491603913966685, 'advantage': -3.9508396086033315, 'horizon_xi': 256.25567398933623}]
00:03:13 INFO    fpl_expert.optimise.transfers | consistent valuation: [{'n': 1, 'hits': 0.0, 'tempo': 0.0, 'advantage': 0.0, 'horizon_xi': 239.490648495249}, {'n': 2, 'hits': 4.0, 'tempo': 1.1032862315213379, 'advantage': -2.896713768478662, 'horizon_xi': 245.8929211308025}]
00:03:13 INFO    fpl_expert.optimise.transfers | consistent valuation: [{'n': 1, 'hits': 0.0, 'tempo': 0.0, 'advantage': 0.0, 'horizon_xi': 241.49142885939423}, {'n': 2, 'hits': 4.0, 'tempo': 2.2951585310022438, 'advantage': -1.7048414689977562, 'horizon_xi': 247.94787739703702}]
00:03:14 INFO    fpl_expert.optimise.transfers | consistent valuation: [{'n': 1, 'hits': 0.0, 'tempo': 0.0, 'advantage': 0.0, 'horizon_xi': 242.28966302951312}, {'n': 2, 'hits': 4.0, 'tempo': 1.7138736488245314, 'advantage': -2.2861263511754686, 'horizon_xi': 245.4116906189417}]
00:03:14 INFO    fpl_expert.optimise.transfers | consistent valuation: [{'n': 1, 'hits': 0.0, 'tempo': 0.0, 'advantage': 0.0, 'horizon_xi': 219.27344713867248}, {'n': 2, 'hits': 4.0, 'tempo': 0.38829166121089287, 'advantage': -3.611708338789107, 'horizon_xi': 223.7533785627481}]
00:03:14 INFO    fpl_expert.optimise.transfers | consistent valuation: [{'n': 1, 'hits': 0.0, 'tempo': 0.0, 'advantage': 0.0, 'horizon_xi': 220.05143040923252}, {'n': 2, 'hits': 4.0, 'tempo': 0.0, 'advantage': -4.0, 'horizon_xi': 223.34325322633725}]
00:03:15 INFO    fpl_expert.optimise.transfers | consistent valuation: [{'n': 1, 'hits': 0.0, 'tempo': 0.0, 'advantage': 0.0, 'horizon_xi': 209.45069527715492}, {'n': 2, 'hits': 4.0, 'tempo': 0.5164274070744739, 'advantage': -3.483572592925526, 'horizon_xi': 216.73595419699672}]
00:03:15 INFO    fpl_expert.optimise.transfers | consistent valuation: [{'n': 1, 'hits': 0.0, 'tempo': 0.0, 'advantage': 0.0, 'horizon_xi': 125.14269148090918}, {'n': 2, 'hits': 4.0, 'tempo': 0.09129606527574907, 'advantage': -3.908703934724251, 'horizon_xi': 125.60677212661582}]
00:03:15 INFO    fpl_expert.optimise.transfers | consistent valuation: [{'n': 1, 'hits': 0.0, 'tempo': 0.0, 'advantage': 0.0, 'horizon_xi': 256.9348675691031}, {'n': 2, 'hits': 4.0, 'tempo': 0.6992143062875229, 'advantage': -3.300785693712477, 'horizon_xi': 262.5940389331895}]
00:03:15 INFO    fpl_expert.optimise.transfers | consistent valuation: [{'n': 1, 'hits': 0.0, 'tempo': 0.0, 'advantage': 0.0, 'horizon_xi': 252.97970873664752}, {'n': 2, 'hits': 4.0, 'tempo': 6.968312289965311, 'advantage': 2.9683122899653114, 'horizon_xi': 270.3325904682943}]
00:03:16 INFO    fpl_expert.optimise.transfers | consistent valuation: [{'n': 1, 'hits': 0.0, 'tempo': 0.0, 'advantage': 0.0, 'horizon_xi': 283.8376559998583}, {'n': 2, 'hits': 4.0, 'tempo': 0.3725556662460008, 'advantage': -3.627444333753999, 'horizon_xi': 287.71021324361504}]
00:03:16 INFO    fpl_expert.backtest.season_sim | GW32: playing bench_boost (best available (11.8 vs 11.6 remaining))
00:03:16 INFO    fpl_expert.optimise.transfers | consistent valuation: [{'n': 1, 'hits': 0.0, 'tempo': 0.0, 'advantage': 0.0, 'horizon_xi': 285.97594947172786}, {'n': 2, 'hits': 4.0, 'tempo': 0.8417981721416155, 'advantage': -3.1582018278583845, 'horizon_xi': 290.9348568726292}]
00:03:17 INFO    fpl_expert.optimise.transfers | consistent valuation: [{'n': 1, 'hits': 0.0, 'tempo': 0.0, 'advantage': 0.0, 'horizon_xi': 274.8830800850453}, {'n': 2, 'hits': 4.0, 'tempo': 0.0, 'advantage': -4.0, 'horizon_xi': 279.446709457377}]
00:03:17 INFO    fpl_expert.backtest.season_sim | GW34: playing triple_captain (best available (12.9 vs 11.9 remaining))
00:03:17 INFO    fpl_expert.optimise.transfers | consistent valuation: [{'n': 1, 'hits': 0.0, 'tempo': 0.0, 'advantage': 0.0, 'horizon_xi': 215.06899916288148}, {'n': 2, 'hits': 4.0, 'tempo': 2.1441346815795583, 'advantage': -1.8558653184204417, 'horizon_xi': 225.4758025995265}]
00:03:17 INFO    fpl_expert.optimise.transfers | consistent valuation: [{'n': 1, 'hits': 0.0, 'tempo': 0.0, 'advantage': 0.0, 'horizon_xi': 186.1416111313584}, {'n': 2, 'hits': 4.0, 'tempo': 0.6671402114342868, 'advantage': -3.332859788565713, 'horizon_xi': 189.97993697328036}]
00:03:17 INFO    fpl_expert.optimise.transfers | consistent valuation: [{'n': 1, 'hits': 0.0, 'tempo': 0.0, 'advantage': 0.0, 'horizon_xi': 152.52795318399984}, {'n': 2, 'hits': 4.0, 'tempo': 5.86058969306707, 'advantage': 1.8605896930670696, 'horizon_xi': 158.55501221588978}]
00:03:18 INFO    fpl_expert.optimise.transfers | consistent valuation: [{'n': 1, 'hits': 0.0, 'tempo': 0.0, 'advantage': 0.0, 'horizon_xi': 72.90563927393417}, {'n': 2, 'hits': 4.0, 'tempo': 1.3105760971004088, 'advantage': -2.689423902899591, 'horizon_xi': 74.21621537103458}]
00:03:18 INFO    fpl_expert.backtest.ensemble | consistent path 4: 2310
00:03:19 INFO    fpl_expert.optimise.transfers | consistent valuation: [{'n': 1, 'hits': 0.0, 'tempo': 0.0, 'advantage': 0.0, 'horizon_xi': 213.31821863487272}, {'n': 2, 'hits': 4.0, 'tempo': 0.0, 'advantage': -4.0, 'horizon_xi': 227.89481123181324}]
00:03:19 INFO    fpl_expert.optimise.transfers | consistent valuation: [{'n': 1, 'hits': 0.0, 'tempo': 0.0, 'advantage': 0.0, 'horizon_xi': 221.4448581086732}, {'n': 2, 'hits': 4.0, 'tempo': 4.5407546532177605, 'advantage': 0.5407546532177605, 'horizon_xi': 236.1330351893501}]
00:03:20 INFO    fpl_expert.optimise.transfers | consistent valuation: [{'n': 1, 'hits': 0.0, 'tempo': 0.0, 'advantage': 0.0, 'horizon_xi': 221.85780282355697}, {'n': 2, 'hits': 4.0, 'tempo': 7.518235245745288, 'advantage': 3.518235245745288, 'horizon_xi': 243.6269909932245}]
00:03:20 INFO    fpl_expert.optimise.transfers | consistent valuation: [{'n': 1, 'hits': 0.0, 'tempo': 0.0, 'advantage': 0.0, 'horizon_xi': 235.20900606493362}, {'n': 2, 'hits': 4.0, 'tempo': 0.006557911315432818, 'advantage': -3.993442088684567, 'horizon_xi': 236.24559940941498}]
00:03:20 INFO    fpl_expert.optimise.transfers | consistent valuation: [{'n': 1, 'hits': 0.0, 'tempo': 0.0, 'advantage': 0.0, 'horizon_xi': 243.1343475588995}, {'n': 2, 'hits': 4.0, 'tempo': 0.0, 'advantage': -4.0, 'horizon_xi': 244.77642043834047}]
00:03:21 INFO    fpl_expert.optimise.transfers | consistent valuation: [{'n': 1, 'hits': 0.0, 'tempo': 0.0, 'advantage': 0.0, 'horizon_xi': 227.54909288524956}, {'n': 2, 'hits': 4.0, 'tempo': 0.7531871474118503, 'advantage': -3.2468128525881497, 'horizon_xi': 230.5486666690473}]
00:03:21 INFO    fpl_expert.optimise.transfers | consistent valuation: [{'n': 1, 'hits': 0.0, 'tempo': 0.0, 'advantage': 0.0, 'horizon_xi': 217.7770507716538}, {'n': 2, 'hits': 4.0, 'tempo': 2.4600435211140095, 'advantage': -1.5399564788859905, 'horizon_xi': 226.3864508311218}]
00:03:21 INFO    fpl_expert.optimise.transfers | consistent valuation: [{'n': 1, 'hits': 0.0, 'tempo': 0.0, 'advantage': 0.0, 'horizon_xi': 240.69090695348314}, {'n': 2, 'hits': 4.0, 'tempo': 0.0, 'advantage': -4.0, 'horizon_xi': 243.12229914819545}]
00:03:22 INFO    fpl_expert.optimise.transfers | consistent valuation: [{'n': 1, 'hits': 0.0, 'tempo': 0.0, 'advantage': 0.0, 'horizon_xi': 249.82452166566645}, {'n': 2, 'hits': 4.0, 'tempo': 0.17179728847254694, 'advantage': -3.828202711527453, 'horizon_xi': 255.35592235486496}]
00:03:22 INFO    fpl_expert.optimise.transfers | consistent valuation: [{'n': 1, 'hits': 0.0, 'tempo': 0.0, 'advantage': 0.0, 'horizon_xi': 250.25662064070352}, {'n': 2, 'hits': 4.0, 'tempo': 1.6381721037782029, 'advantage': -2.361827896221797, 'horizon_xi': 255.4159453203678}]
00:03:23 INFO    fpl_expert.optimise.transfers | consistent valuation: [{'n': 1, 'hits': 0.0, 'tempo': 0.0, 'advantage': 0.0, 'horizon_xi': 235.29649769009993}, {'n': 2, 'hits': 4.0, 'tempo': -0.1903670922849372, 'advantage': -4.190367092284937, 'horizon_xi': 234.0530700855398}]
00:03:23 INFO    fpl_expert.optimise.transfers | consistent valuation: [{'n': 1, 'hits': 0.0, 'tempo': 0.0, 'advantage': 0.0, 'horizon_xi': 237.74224051635093}, {'n': 2, 'hits': 4.0, 'tempo': -0.14308727872817428, 'advantage': -4.143087278728174, 'horizon_xi': 239.09639036818615}]
00:03:23 INFO    fpl_expert.optimise.transfers | consistent valuation: [{'n': 1, 'hits': 0.0, 'tempo': 0.0, 'advantage': 0.0, 'horizon_xi': 247.6729561305491}, {'n': 2, 'hits': 4.0, 'tempo': 1.1157718267674142, 'advantage': -2.884228173232586, 'horizon_xi': 250.45638644099108}]
00:03:23 INFO    fpl_expert.backtest.season_sim | GW14: playing bench_boost (best available (12.6 vs 11.0 remaining))
00:03:24 INFO    fpl_expert.optimise.transfers | consistent valuation: [{'n': 1, 'hits': 0.0, 'tempo': 0.0, 'advantage': 0.0, 'horizon_xi': 236.351689428297}, {'n': 2, 'hits': 4.0, 'tempo': 1.3999601134570128, 'advantage': -2.6000398865429872, 'horizon_xi': 239.0327568372199}]
00:03:24 INFO    fpl_expert.backtest.season_sim | GW15: playing triple_captain (best available (9.1 vs 8.2 remaining))
00:03:24 INFO    fpl_expert.optimise.transfers | consistent valuation: [{'n': 1, 'hits': 0.0, 'tempo': 0.0, 'advantage': 0.0, 'horizon_xi': 231.4162634105993}, {'n': 2, 'hits': 4.0, 'tempo': 0.345169664311598, 'advantage': -3.654830335688402, 'horizon_xi': 235.5788274795246}]
00:03:24 INFO    fpl_expert.optimise.transfers | consistent valuation: [{'n': 1, 'hits': 0.0, 'tempo': 0.0, 'advantage': 0.0, 'horizon_xi': 231.21199918173403}, {'n': 2, 'hits': 4.0, 'tempo': 2.7196468859825202, 'advantage': -1.2803531140174798, 'horizon_xi': 239.59703789226683}]
00:03:24 INFO    fpl_expert.optimise.transfers | consistent valuation: [{'n': 1, 'hits': 0.0, 'tempo': 0.0, 'advantage': 0.0, 'horizon_xi': 228.68327481954077}, {'n': 2, 'hits': 4.0, 'tempo': 0.15366680601300686, 'advantage': -3.846333193986993, 'horizon_xi': 235.88003436516834}]
00:03:25 INFO    fpl_expert.optimise.transfers | consistent valuation: [{'n': 1, 'hits': 0.0, 'tempo': 0.0, 'advantage': 0.0, 'horizon_xi': 236.7210178570535}, {'n': 2, 'hits': 4.0, 'tempo': 1.2087195966028048, 'advantage': -2.791280403397195, 'horizon_xi': 244.32684555045898}]
00:03:25 INFO    fpl_expert.optimise.transfers | consistent valuation: [{'n': 1, 'hits': 0.0, 'tempo': 0.0, 'advantage': 0.0, 'horizon_xi': 263.00237390176784}, {'n': 2, 'hits': 4.0, 'tempo': 0.0, 'advantage': -4.0, 'horizon_xi': 263.84493401978}]
00:03:25 INFO    fpl_expert.optimise.transfers | consistent valuation: [{'n': 1, 'hits': 0.0, 'tempo': 0.0, 'advantage': 0.0, 'horizon_xi': 258.03346969756666}, {'n': 2, 'hits': 4.0, 'tempo': 0.0, 'advantage': -4.0, 'horizon_xi': 259.5391812727035}]
00:03:26 INFO    fpl_expert.optimise.transfers | consistent valuation: [{'n': 1, 'hits': 0.0, 'tempo': 0.0, 'advantage': 0.0, 'horizon_xi': 253.64762770710306}, {'n': 2, 'hits': 4.0, 'tempo': 0.04699543062615419, 'advantage': -3.953004569373846, 'horizon_xi': 256.2578000802831}]
00:03:26 INFO    fpl_expert.optimise.transfers | consistent valuation: [{'n': 1, 'hits': 0.0, 'tempo': 0.0, 'advantage': 0.0, 'horizon_xi': 239.4784240056732}, {'n': 2, 'hits': 4.0, 'tempo': 1.0984481276696698, 'advantage': -2.90155187233033, 'horizon_xi': 245.87270989822832}]
00:03:26 INFO    fpl_expert.optimise.transfers | consistent valuation: [{'n': 1, 'hits': 0.0, 'tempo': 0.0, 'advantage': 0.0, 'horizon_xi': 241.46909685162984}, {'n': 2, 'hits': 4.0, 'tempo': 2.2997033710667907, 'advantage': -1.7002966289332093, 'horizon_xi': 247.93544999573683}]
00:03:27 INFO    fpl_expert.optimise.transfers | consistent valuation: [{'n': 1, 'hits': 0.0, 'tempo': 0.0, 'advantage': 0.0, 'horizon_xi': 242.24148279889573}, {'n': 2, 'hits': 4.0, 'tempo': 1.7605886270527122, 'advantage': -2.2394113729472878, 'horizon_xi': 245.43840021613642}]
00:03:27 INFO    fpl_expert.optimise.transfers | consistent valuation: [{'n': 1, 'hits': 0.0, 'tempo': 0.0, 'advantage': 0.0, 'horizon_xi': 219.2815367795452}, {'n': 2, 'hits': 4.0, 'tempo': 0.38773063252642004, 'advantage': -3.61226936747358, 'horizon_xi': 223.78722084493938}]
00:03:27 INFO    fpl_expert.optimise.transfers | consistent valuation: [{'n': 1, 'hits': 0.0, 'tempo': 0.0, 'advantage': 0.0, 'horizon_xi': 220.04059750515898}, {'n': 2, 'hits': 4.0, 'tempo': 0.0, 'advantage': -4.0, 'horizon_xi': 223.3370279366054}]
00:03:28 INFO    fpl_expert.optimise.transfers | consistent valuation: [{'n': 1, 'hits': 0.0, 'tempo': 0.0, 'advantage': 0.0, 'horizon_xi': 209.4172016459972}, {'n': 2, 'hits': 4.0, 'tempo': 0.5232661983766889, 'advantage': -3.476733801623311, 'horizon_xi': 216.69997447539117}]
00:03:28 INFO    fpl_expert.optimise.transfers | consistent valuation: [{'n': 1, 'hits': 0.0, 'tempo': 0.0, 'advantage': 0.0, 'horizon_xi': 125.11953349184388}, {'n': 2, 'hits': 4.0, 'tempo': 0.09260521039455227, 'advantage': -3.9073947896054477, 'horizon_xi': 125.59049677367517}]
00:03:28 INFO    fpl_expert.optimise.transfers | consistent valuation: [{'n': 1, 'hits': 0.0, 'tempo': 0.0, 'advantage': 0.0, 'horizon_xi': 256.84270451707465}, {'n': 2, 'hits': 4.0, 'tempo': 0.7111950191624814, 'advantage': -3.2888049808375186, 'horizon_xi': 262.50990531962583}]
00:03:29 INFO    fpl_expert.optimise.transfers | consistent valuation: [{'n': 1, 'hits': 0.0, 'tempo': 0.0, 'advantage': 0.0, 'horizon_xi': 252.90820339867165}, {'n': 2, 'hits': 4.0, 'tempo': 6.979250491212198, 'advantage': 2.9792504912121984, 'horizon_xi': 270.30483964802994}]
00:03:29 INFO    fpl_expert.optimise.transfers | consistent valuation: [{'n': 1, 'hits': 0.0, 'tempo': 0.0, 'advantage': 0.0, 'horizon_xi': 283.81628132680527}, {'n': 2, 'hits': 4.0, 'tempo': 0.37546185734689885, 'advantage': -3.624538142653101, 'horizon_xi': 287.71665962700314}]
00:03:29 INFO    fpl_expert.backtest.season_sim | GW32: playing bench_boost (best available (11.8 vs 11.6 remaining))
00:03:29 INFO    fpl_expert.optimise.transfers | consistent valuation: [{'n': 1, 'hits': 0.0, 'tempo': 0.0, 'advantage': 0.0, 'horizon_xi': 285.97150001334506}, {'n': 2, 'hits': 4.0, 'tempo': 0.8576105540518668, 'advantage': -3.142389445948133, 'horizon_xi': 290.9400459670143}]
00:03:30 INFO    fpl_expert.optimise.transfers | consistent valuation: [{'n': 1, 'hits': 0.0, 'tempo': 0.0, 'advantage': 0.0, 'horizon_xi': 274.8208203361338}, {'n': 2, 'hits': 4.0, 'tempo': 0.0, 'advantage': -4.0, 'horizon_xi': 279.3892779855436}]
00:03:30 INFO    fpl_expert.backtest.season_sim | GW34: playing triple_captain (best available (12.9 vs 11.9 remaining))
00:03:30 INFO    fpl_expert.optimise.transfers | consistent valuation: [{'n': 1, 'hits': 0.0, 'tempo': 0.0, 'advantage': 0.0, 'horizon_xi': 215.03496901307216}, {'n': 2, 'hits': 4.0, 'tempo': 2.147099114538989, 'advantage': -1.8529008854610112, 'horizon_xi': 225.4307989826025}]
00:03:30 INFO    fpl_expert.optimise.transfers | consistent valuation: [{'n': 1, 'hits': 0.0, 'tempo': 0.0, 'advantage': 0.0, 'horizon_xi': 186.14345594600337}, {'n': 2, 'hits': 4.0, 'tempo': 0.6611598243881502, 'advantage': -3.3388401756118498, 'horizon_xi': 189.98518829283387}]
00:03:31 INFO    fpl_expert.optimise.transfers | consistent valuation: [{'n': 1, 'hits': 0.0, 'tempo': 0.0, 'advantage': 0.0, 'horizon_xi': 152.51619398220032}, {'n': 2, 'hits': 4.0, 'tempo': 5.894002716942836, 'advantage': 1.8940027169428362, 'horizon_xi': 158.63361252656125}]
00:03:31 INFO    fpl_expert.optimise.transfers | consistent valuation: [{'n': 1, 'hits': 0.0, 'tempo': 0.0, 'advantage': 0.0, 'horizon_xi': 72.92770660728998}, {'n': 2, 'hits': 4.0, 'tempo': 1.3166473796517266, 'advantage': -2.6833526203482734, 'horizon_xi': 74.2443539869417}]
00:03:31 INFO    fpl_expert.backtest.ensemble | consistent path 5: 2310
00:03:32 INFO    fpl_expert.optimise.transfers | consistent valuation: [{'n': 1, 'hits': 0.0, 'tempo': 0.0, 'advantage': 0.0, 'horizon_xi': 213.41050162460067}, {'n': 2, 'hits': 4.0, 'tempo': 0.0, 'advantage': -4.0, 'horizon_xi': 228.00306867520325}]
00:03:33 INFO    fpl_expert.optimise.transfers | consistent valuation: [{'n': 1, 'hits': 0.0, 'tempo': 0.0, 'advantage': 0.0, 'horizon_xi': 221.51770080407456}, {'n': 2, 'hits': 4.0, 'tempo': 4.534273403836096, 'advantage': 0.5342734038360959, 'horizon_xi': 236.2080384330866}]
00:03:33 INFO    fpl_expert.optimise.transfers | consistent valuation: [{'n': 1, 'hits': 0.0, 'tempo': 0.0, 'advantage': 0.0, 'horizon_xi': 221.93597119288955}, {'n': 2, 'hits': 4.0, 'tempo': 7.524714710897015, 'advantage': 3.5247147108970154, 'horizon_xi': 243.74292658858928}]
00:03:33 INFO    fpl_expert.optimise.transfers | consistent valuation: [{'n': 1, 'hits': 0.0, 'tempo': 0.0, 'advantage': 0.0, 'horizon_xi': 235.26507431832368}, {'n': 2, 'hits': 4.0, 'tempo': 0.008912013158067111, 'advantage': -3.991087986841933, 'horizon_xi': 236.290357318786}]
00:03:34 INFO    fpl_expert.optimise.transfers | consistent valuation: [{'n': 1, 'hits': 0.0, 'tempo': 0.0, 'advantage': 0.0, 'horizon_xi': 243.16851494626985}, {'n': 2, 'hits': 4.0, 'tempo': 0.0, 'advantage': -4.0, 'horizon_xi': 244.79781708249016}]
00:03:34 INFO    fpl_expert.optimise.transfers | consistent valuation: [{'n': 1, 'hits': 0.0, 'tempo': 0.0, 'advantage': 0.0, 'horizon_xi': 227.49986029927453}, {'n': 2, 'hits': 4.0, 'tempo': 0.757430447688499, 'advantage': -3.242569552311501, 'horizon_xi': 230.48145155070455}]
00:03:34 INFO    fpl_expert.optimise.transfers | consistent valuation: [{'n': 1, 'hits': 0.0, 'tempo': 0.0, 'advantage': 0.0, 'horizon_xi': 217.78130472620387}, {'n': 2, 'hits': 4.0, 'tempo': 2.4621415555786825, 'advantage': -1.5378584444213175, 'horizon_xi': 226.39755286711832}]
00:03:35 INFO    fpl_expert.optimise.transfers | consistent valuation: [{'n': 1, 'hits': 0.0, 'tempo': 0.0, 'advantage': 0.0, 'horizon_xi': 240.6504281738797}, {'n': 2, 'hits': 4.0, 'tempo': 0.0, 'advantage': -4.0, 'horizon_xi': 243.0907347887332}]
00:03:35 INFO    fpl_expert.optimise.transfers | consistent valuation: [{'n': 1, 'hits': 0.0, 'tempo': 0.0, 'advantage': 0.0, 'horizon_xi': 249.7675299660392}, {'n': 2, 'hits': 4.0, 'tempo': 0.17400145576681325, 'advantage': -3.8259985442331867, 'horizon_xi': 255.28623805114773}]
00:03:35 INFO    fpl_expert.optimise.transfers | consistent valuation: [{'n': 1, 'hits': 0.0, 'tempo': 0.0, 'advantage': 0.0, 'horizon_xi': 250.1886309472998}, {'n': 2, 'hits': 4.0, 'tempo': 1.6316944849758102, 'advantage': -2.36830551502419, 'horizon_xi': 255.34031996305913}]
00:03:36 INFO    fpl_expert.optimise.transfers | consistent valuation: [{'n': 1, 'hits': 0.0, 'tempo': 0.0, 'advantage': 0.0, 'horizon_xi': 235.27711840918485}, {'n': 2, 'hits': 4.0, 'tempo': -0.18699733014565112, 'advantage': -4.186997330145651, 'horizon_xi': 234.03421487283163}]
00:03:36 INFO    fpl_expert.optimise.transfers | consistent valuation: [{'n': 1, 'hits': 0.0, 'tempo': 0.0, 'advantage': 0.0, 'horizon_xi': 237.6986867203422}, {'n': 2, 'hits': 4.0, 'tempo': -0.1473176801250986, 'advantage': -4.147317680125099, 'horizon_xi': 239.05502053828047}]
00:03:36 INFO    fpl_expert.optimise.transfers | consistent valuation: [{'n': 1, 'hits': 0.0, 'tempo': 0.0, 'advantage': 0.0, 'horizon_xi': 247.6369822354561}, {'n': 2, 'hits': 4.0, 'tempo': 1.117859667057104, 'advantage': -2.882140332942896, 'horizon_xi': 250.4167922040258}]
00:03:36 INFO    fpl_expert.backtest.season_sim | GW14: playing bench_boost (best available (12.6 vs 11.0 remaining))
00:03:37 INFO    fpl_expert.optimise.transfers | consistent valuation: [{'n': 1, 'hits': 0.0, 'tempo': 0.0, 'advantage': 0.0, 'horizon_xi': 236.31856480848677}, {'n': 2, 'hits': 4.0, 'tempo': 1.4153739563283736, 'advantage': -2.5846260436716264, 'horizon_xi': 239.02166822157625}]
00:03:37 INFO    fpl_expert.backtest.season_sim | GW15: playing triple_captain (best available (9.1 vs 8.2 remaining))
00:03:37 INFO    fpl_expert.optimise.transfers | consistent valuation: [{'n': 1, 'hits': 0.0, 'tempo': 0.0, 'advantage': 0.0, 'horizon_xi': 231.49695543117804}, {'n': 2, 'hits': 4.0, 'tempo': 0.34042252927167027, 'advantage': -3.6595774707283297, 'horizon_xi': 235.66223791070303}]
00:03:37 INFO    fpl_expert.optimise.transfers | consistent valuation: [{'n': 1, 'hits': 0.0, 'tempo': 0.0, 'advantage': 0.0, 'horizon_xi': 231.22621768161255}, {'n': 2, 'hits': 4.0, 'tempo': 2.721913121028031, 'advantage': -1.278086878971969, 'horizon_xi': 239.61072003444463}]
00:03:38 INFO    fpl_expert.optimise.transfers | consistent valuation: [{'n': 1, 'hits': 0.0, 'tempo': 0.0, 'advantage': 0.0, 'horizon_xi': 228.7326097403406}, {'n': 2, 'hits': 4.0, 'tempo': 0.14134589484573468, 'advantage': -3.8586541051542653, 'horizon_xi': 235.9118682651278}]
00:03:38 INFO    fpl_expert.optimise.transfers | consistent valuation: [{'n': 1, 'hits': 0.0, 'tempo': 0.0, 'advantage': 0.0, 'horizon_xi': 236.77612606871153}, {'n': 2, 'hits': 4.0, 'tempo': 1.206779430378056, 'advantage': -2.793220569621944, 'horizon_xi': 244.37349018569418}]
00:03:38 INFO    fpl_expert.optimise.transfers | consistent valuation: [{'n': 1, 'hits': 0.0, 'tempo': 0.0, 'advantage': 0.0, 'horizon_xi': 263.0378192706636}, {'n': 2, 'hits': 4.0, 'tempo': 0.0, 'advantage': -4.0, 'horizon_xi': 263.872485577352}]
00:03:39 INFO    fpl_expert.optimise.transfers | consistent valuation: [{'n': 1, 'hits': 0.0, 'tempo': 0.0, 'advantage': 0.0, 'horizon_xi': 258.0414285435388}, {'n': 2, 'hits': 4.0, 'tempo': 0.0, 'advantage': -4.0, 'horizon_xi': 259.5555839575591}]
00:03:39 INFO    fpl_expert.optimise.transfers | consistent valuation: [{'n': 1, 'hits': 0.0, 'tempo': 0.0, 'advantage': 0.0, 'horizon_xi': 253.61728873194082}, {'n': 2, 'hits': 4.0, 'tempo': 0.045463184796233236, 'advantage': -3.9545368152037668, 'horizon_xi': 256.22727189137964}]
00:03:39 INFO    fpl_expert.optimise.transfers | consistent valuation: [{'n': 1, 'hits': 0.0, 'tempo': 0.0, 'advantage': 0.0, 'horizon_xi': 239.41637529206284}, {'n': 2, 'hits': 4.0, 'tempo': 1.1000827201621632, 'advantage': -2.8999172798378368, 'horizon_xi': 245.79371006698736}]
00:03:40 INFO    fpl_expert.optimise.transfers | consistent valuation: [{'n': 1, 'hits': 0.0, 'tempo': 0.0, 'advantage': 0.0, 'horizon_xi': 241.46299766262388}, {'n': 2, 'hits': 4.0, 'tempo': 2.3029955855354345, 'advantage': -1.6970044144645655, 'horizon_xi': 247.95138371824254}]
00:03:40 INFO    fpl_expert.optimise.transfers | consistent valuation: [{'n': 1, 'hits': 0.0, 'tempo': 0.0, 'advantage': 0.0, 'horizon_xi': 242.29412176050766}, {'n': 2, 'hits': 4.0, 'tempo': 1.7065557162647593, 'advantage': -2.2934442837352407, 'horizon_xi': 245.45493976833927}]
00:03:40 INFO    fpl_expert.optimise.transfers | consistent valuation: [{'n': 1, 'hits': 0.0, 'tempo': 0.0, 'advantage': 0.0, 'horizon_xi': 219.322203091881}, {'n': 2, 'hits': 4.0, 'tempo': 0.37167193493443307, 'advantage': -3.628328065065567, 'horizon_xi': 223.7905285667825}]
00:03:41 INFO    fpl_expert.optimise.transfers | consistent valuation: [{'n': 1, 'hits': 0.0, 'tempo': 0.0, 'advantage': 0.0, 'horizon_xi': 220.08367730705362}, {'n': 2, 'hits': 4.0, 'tempo': 0.0, 'advantage': -4.0, 'horizon_xi': 223.3690075194831}]
00:03:41 INFO    fpl_expert.optimise.transfers | consistent valuation: [{'n': 1, 'hits': 0.0, 'tempo': 0.0, 'advantage': 0.0, 'horizon_xi': 209.48662748068799}, {'n': 2, 'hits': 4.0, 'tempo': 0.5300967684705711, 'advantage': -3.469903231529429, 'horizon_xi': 216.76643930638684}]
00:03:41 INFO    fpl_expert.optimise.transfers | consistent valuation: [{'n': 1, 'hits': 0.0, 'tempo': 0.0, 'advantage': 0.0, 'horizon_xi': 125.14694495692471}, {'n': 2, 'hits': 4.0, 'tempo': 0.09651405352535392, 'advantage': -3.903485946474646, 'horizon_xi': 125.6201734258809}]
00:03:42 INFO    fpl_expert.optimise.transfers | consistent valuation: [{'n': 1, 'hits': 0.0, 'tempo': 0.0, 'advantage': 0.0, 'horizon_xi': 256.87337699645485}, {'n': 2, 'hits': 4.0, 'tempo': 0.6956680136418925, 'advantage': -3.3043319863581075, 'horizon_xi': 262.53012525221897}]
00:03:42 INFO    fpl_expert.optimise.transfers | consistent valuation: [{'n': 1, 'hits': 0.0, 'tempo': 0.0, 'advantage': 0.0, 'horizon_xi': 252.93853884646916}, {'n': 2, 'hits': 4.0, 'tempo': 6.981579345638558, 'advantage': 2.9815793456385578, 'horizon_xi': 270.2989116122912}]
00:03:42 INFO    fpl_expert.optimise.transfers | consistent valuation: [{'n': 1, 'hits': 0.0, 'tempo': 0.0, 'advantage': 0.0, 'horizon_xi': 283.7637056458459}, {'n': 2, 'hits': 4.0, 'tempo': 0.3788069622776078, 'advantage': -3.621193037722392, 'horizon_xi': 287.6544938812686}]
00:03:42 INFO    fpl_expert.backtest.season_sim | GW32: playing bench_boost (best available (11.8 vs 11.6 remaining))
00:03:43 INFO    fpl_expert.optimise.transfers | consistent valuation: [{'n': 1, 'hits': 0.0, 'tempo': 0.0, 'advantage': 0.0, 'horizon_xi': 285.9064253062631}, {'n': 2, 'hits': 4.0, 'tempo': 0.8538809487704953, 'advantage': -3.1461190512295047, 'horizon_xi': 290.8837031540246}]
00:03:43 INFO    fpl_expert.optimise.transfers | consistent valuation: [{'n': 1, 'hits': 0.0, 'tempo': 0.0, 'advantage': 0.0, 'horizon_xi': 274.75737496208643}, {'n': 2, 'hits': 4.0, 'tempo': 0.0, 'advantage': -4.0, 'horizon_xi': 279.3252797723801}]
00:03:43 INFO    fpl_expert.backtest.season_sim | GW34: playing triple_captain (best available (12.9 vs 11.9 remaining))
00:03:43 INFO    fpl_expert.optimise.transfers | consistent valuation: [{'n': 1, 'hits': 0.0, 'tempo': 0.0, 'advantage': 0.0, 'horizon_xi': 215.00763282328097}, {'n': 2, 'hits': 4.0, 'tempo': 2.1380887645241984, 'advantage': -1.8619112354758016, 'horizon_xi': 225.42367296334112}]
00:03:44 INFO    fpl_expert.optimise.transfers | consistent valuation: [{'n': 1, 'hits': 0.0, 'tempo': 0.0, 'advantage': 0.0, 'horizon_xi': 186.1214009492488}, {'n': 2, 'hits': 4.0, 'tempo': 0.6621937132109892, 'advantage': -3.337806286789011, 'horizon_xi': 189.9612905866711}]
00:03:44 INFO    fpl_expert.optimise.transfers | consistent valuation: [{'n': 1, 'hits': 0.0, 'tempo': 0.0, 'advantage': 0.0, 'horizon_xi': 152.4933533106705}, {'n': 2, 'hits': 4.0, 'tempo': 5.849987068314917, 'advantage': 1.8499870683149169, 'horizon_xi': 158.51324786059706}]
00:03:44 INFO    fpl_expert.optimise.transfers | consistent valuation: [{'n': 1, 'hits': 0.0, 'tempo': 0.0, 'advantage': 0.0, 'horizon_xi': 72.87628066858704}, {'n': 2, 'hits': 4.0, 'tempo': 1.3139214165476432, 'advantage': -2.686078583452357, 'horizon_xi': 74.19020208513469}]
00:03:44 INFO    fpl_expert.backtest.ensemble | consistent path 6: 2310
00:03:45 INFO    fpl_expert.optimise.transfers | consistent valuation: [{'n': 1, 'hits': 0.0, 'tempo': 0.0, 'advantage': 0.0, 'horizon_xi': 213.3552540360573}, {'n': 2, 'hits': 4.0, 'tempo': 0.0, 'advantage': -4.0, 'horizon_xi': 227.97255597769805}]
00:03:46 INFO    fpl_expert.optimise.transfers | consistent valuation: [{'n': 1, 'hits': 0.0, 'tempo': 0.0, 'advantage': 0.0, 'horizon_xi': 221.55803042052003}, {'n': 2, 'hits': 4.0, 'tempo': 4.544296965358697, 'advantage': 0.5442969653586971, 'horizon_xi': 236.253780260934}]
00:03:46 INFO    fpl_expert.optimise.transfers | consistent valuation: [{'n': 1, 'hits': 0.0, 'tempo': 0.0, 'advantage': 0.0, 'horizon_xi': 221.9530540982699}, {'n': 2, 'hits': 4.0, 'tempo': 7.52318817397839, 'advantage': 3.52318817397839, 'horizon_xi': 243.73351624663124}]
00:03:47 INFO    fpl_expert.optimise.transfers | consistent valuation: [{'n': 1, 'hits': 0.0, 'tempo': 0.0, 'advantage': 0.0, 'horizon_xi': 235.3032685823627}, {'n': 2, 'hits': 4.0, 'tempo': 0.011323388754675534, 'advantage': -3.9886766112453245, 'horizon_xi': 236.3458474757986}]
00:03:47 INFO    fpl_expert.optimise.transfers | consistent valuation: [{'n': 1, 'hits': 0.0, 'tempo': 0.0, 'advantage': 0.0, 'horizon_xi': 243.19847931798222}, {'n': 2, 'hits': 4.0, 'tempo': 0.0, 'advantage': -4.0, 'horizon_xi': 244.8307784280393}]
00:03:47 INFO    fpl_expert.optimise.transfers | consistent valuation: [{'n': 1, 'hits': 0.0, 'tempo': 0.0, 'advantage': 0.0, 'horizon_xi': 227.5813601112012}, {'n': 2, 'hits': 4.0, 'tempo': 0.7646493803491623, 'advantage': -3.2353506196508377, 'horizon_xi': 230.5845856938319}]
00:03:48 INFO    fpl_expert.optimise.transfers | consistent valuation: [{'n': 1, 'hits': 0.0, 'tempo': 0.0, 'advantage': 0.0, 'horizon_xi': 217.87488371545214}, {'n': 2, 'hits': 4.0, 'tempo': 2.4671138817316205, 'advantage': -1.5328861182683795, 'horizon_xi': 226.49789603456597}]
00:03:48 INFO    fpl_expert.optimise.transfers | consistent valuation: [{'n': 1, 'hits': 0.0, 'tempo': 0.0, 'advantage': 0.0, 'horizon_xi': 240.70931027772812}, {'n': 2, 'hits': 4.0, 'tempo': 0.0, 'advantage': -4.0, 'horizon_xi': 243.1467953389431}]
00:03:48 INFO    fpl_expert.optimise.transfers | consistent valuation: [{'n': 1, 'hits': 0.0, 'tempo': 0.0, 'advantage': 0.0, 'horizon_xi': 249.81424522975055}, {'n': 2, 'hits': 4.0, 'tempo': 0.15934197019046792, 'advantage': -3.840658029809532, 'horizon_xi': 255.33567410304715}]
00:03:49 INFO    fpl_expert.optimise.transfers | consistent valuation: [{'n': 1, 'hits': 0.0, 'tempo': 0.0, 'advantage': 0.0, 'horizon_xi': 250.24664267403833}, {'n': 2, 'hits': 4.0, 'tempo': 1.6440101149022155, 'advantage': -2.3559898850977845, 'horizon_xi': 255.42507361183218}]
00:03:49 INFO    fpl_expert.optimise.transfers | consistent valuation: [{'n': 1, 'hits': 0.0, 'tempo': 0.0, 'advantage': 0.0, 'horizon_xi': 235.31308782765365}, {'n': 2, 'hits': 4.0, 'tempo': -0.18618291797616848, 'advantage': -4.1861829179761685, 'horizon_xi': 234.08158776700955}]
00:03:49 INFO    fpl_expert.optimise.transfers | consistent valuation: [{'n': 1, 'hits': 0.0, 'tempo': 0.0, 'advantage': 0.0, 'horizon_xi': 237.73624057261193}, {'n': 2, 'hits': 4.0, 'tempo': -0.145685949567941, 'advantage': -4.145685949567941, 'horizon_xi': 239.08493099336732}]
00:03:50 INFO    fpl_expert.optimise.transfers | consistent valuation: [{'n': 1, 'hits': 0.0, 'tempo': 0.0, 'advantage': 0.0, 'horizon_xi': 247.67999782028906}, {'n': 2, 'hits': 4.0, 'tempo': 1.1181749699243682, 'advantage': -2.881825030075632, 'horizon_xi': 250.46615893846214}]
00:03:50 INFO    fpl_expert.backtest.season_sim | GW14: playing bench_boost (best available (12.6 vs 11.0 remaining))
00:03:50 INFO    fpl_expert.optimise.transfers | consistent valuation: [{'n': 1, 'hits': 0.0, 'tempo': 0.0, 'advantage': 0.0, 'horizon_xi': 236.3597424792402}, {'n': 2, 'hits': 4.0, 'tempo': 1.4182252282883994, 'advantage': -2.5817747717116006, 'horizon_xi': 239.05591393203593}]
00:03:50 INFO    fpl_expert.backtest.season_sim | GW15: playing triple_captain (best available (9.1 vs 8.2 remaining))
00:03:50 INFO    fpl_expert.optimise.transfers | consistent valuation: [{'n': 1, 'hits': 0.0, 'tempo': 0.0, 'advantage': 0.0, 'horizon_xi': 231.5347001251133}, {'n': 2, 'hits': 4.0, 'tempo': 0.33733109100907654, 'advantage': -3.6626689089909235, 'horizon_xi': 235.68319704971447}]
00:03:51 INFO    fpl_expert.optimise.transfers | consistent valuation: [{'n': 1, 'hits': 0.0, 'tempo': 0.0, 'advantage': 0.0, 'horizon_xi': 231.27133691398845}, {'n': 2, 'hits': 4.0, 'tempo': 2.7209325142450353, 'advantage': -1.2790674857549647, 'horizon_xi': 239.6515120196011}]
00:03:51 INFO    fpl_expert.optimise.transfers | consistent valuation: [{'n': 1, 'hits': 0.0, 'tempo': 0.0, 'advantage': 0.0, 'horizon_xi': 228.7344292222595}, {'n': 2, 'hits': 4.0, 'tempo': 0.1391589194782057, 'advantage': -3.8608410805217943, 'horizon_xi': 235.92742808244796}]
00:03:51 INFO    fpl_expert.optimise.transfers | consistent valuation: [{'n': 1, 'hits': 0.0, 'tempo': 0.0, 'advantage': 0.0, 'horizon_xi': 236.7710326375492}, {'n': 2, 'hits': 4.0, 'tempo': 1.2077417897352234, 'advantage': -2.7922582102647766, 'horizon_xi': 244.36212345381986}]
00:03:52 INFO    fpl_expert.optimise.transfers | consistent valuation: [{'n': 1, 'hits': 0.0, 'tempo': 0.0, 'advantage': 0.0, 'horizon_xi': 263.0202224405697}, {'n': 2, 'hits': 4.0, 'tempo': 0.0, 'advantage': -4.0, 'horizon_xi': 263.86212352024245}]
00:03:52 INFO    fpl_expert.optimise.transfers | consistent valuation: [{'n': 1, 'hits': 0.0, 'tempo': 0.0, 'advantage': 0.0, 'horizon_xi': 258.0693822262728}, {'n': 2, 'hits': 4.0, 'tempo': 0.0, 'advantage': -4.0, 'horizon_xi': 259.60002597228527}]
00:03:52 INFO    fpl_expert.optimise.transfers | consistent valuation: [{'n': 1, 'hits': 0.0, 'tempo': 0.0, 'advantage': 0.0, 'horizon_xi': 253.620494142076}, {'n': 2, 'hits': 4.0, 'tempo': 0.044809250639552545, 'advantage': -3.9551907493604475, 'horizon_xi': 256.2272863496186}]
00:03:53 INFO    fpl_expert.optimise.transfers | consistent valuation: [{'n': 1, 'hits': 0.0, 'tempo': 0.0, 'advantage': 0.0, 'horizon_xi': 239.46342470275476}, {'n': 2, 'hits': 4.0, 'tempo': 1.0918609143338571, 'advantage': -2.908139085666143, 'horizon_xi': 245.81836504761824}]
00:03:53 INFO    fpl_expert.optimise.transfers | consistent valuation: [{'n': 1, 'hits': 0.0, 'tempo': 0.0, 'advantage': 0.0, 'horizon_xi': 241.46262679030988}, {'n': 2, 'hits': 4.0, 'tempo': 2.3081780838924786, 'advantage': -1.6918219161075214, 'horizon_xi': 247.95508965649645}]
00:03:53 INFO    fpl_expert.optimise.transfers | consistent valuation: [{'n': 1, 'hits': 0.0, 'tempo': 0.0, 'advantage': 0.0, 'horizon_xi': 242.28551670348702}, {'n': 2, 'hits': 4.0, 'tempo': 1.78295581951609, 'advantage': -2.21704418048391, 'horizon_xi': 245.4871128271383}]
00:03:54 INFO    fpl_expert.optimise.transfers | consistent valuation: [{'n': 1, 'hits': 0.0, 'tempo': 0.0, 'advantage': 0.0, 'horizon_xi': 219.34384104001848}, {'n': 2, 'hits': 4.0, 'tempo': 0.3814953528043574, 'advantage': -3.6185046471956426, 'horizon_xi': 223.79995626711818}]
00:03:54 INFO    fpl_expert.optimise.transfers | consistent valuation: [{'n': 1, 'hits': 0.0, 'tempo': 0.0, 'advantage': 0.0, 'horizon_xi': 220.03884648522467}, {'n': 2, 'hits': 4.0, 'tempo': 0.0, 'advantage': -4.0, 'horizon_xi': 223.34051612274038}]
00:03:54 INFO    fpl_expert.optimise.transfers | consistent valuation: [{'n': 1, 'hits': 0.0, 'tempo': 0.0, 'advantage': 0.0, 'horizon_xi': 209.4710255955388}, {'n': 2, 'hits': 4.0, 'tempo': 0.5244878678279292, 'advantage': -3.475512132172071, 'horizon_xi': 216.75142344887246}]
00:03:55 INFO    fpl_expert.optimise.transfers | consistent valuation: [{'n': 1, 'hits': 0.0, 'tempo': 0.0, 'advantage': 0.0, 'horizon_xi': 125.14139149518822}, {'n': 2, 'hits': 4.0, 'tempo': 0.09577196648052322, 'advantage': -3.904228033519477, 'horizon_xi': 125.62020568764449}]
00:03:55 INFO    fpl_expert.optimise.transfers | consistent valuation: [{'n': 1, 'hits': 0.0, 'tempo': 0.0, 'advantage': 0.0, 'horizon_xi': 256.9114158639882}, {'n': 2, 'hits': 4.0, 'tempo': 0.6997051658983224, 'advantage': -3.3002948341016776, 'horizon_xi': 262.57395704155465}]
00:03:55 INFO    fpl_expert.optimise.transfers | consistent valuation: [{'n': 1, 'hits': 0.0, 'tempo': 0.0, 'advantage': 0.0, 'horizon_xi': 252.95643761478783}, {'n': 2, 'hits': 4.0, 'tempo': 7.004401067319385, 'advantage': 3.0044010673193853, 'horizon_xi': 270.35859900795697}]
00:03:56 INFO    fpl_expert.optimise.transfers | consistent valuation: [{'n': 1, 'hits': 0.0, 'tempo': 0.0, 'advantage': 0.0, 'horizon_xi': 283.8723892745419}, {'n': 2, 'hits': 4.0, 'tempo': 0.38810432608660506, 'advantage': -3.611895673913395, 'horizon_xi': 287.7533283208852}]
00:03:56 INFO    fpl_expert.backtest.season_sim | GW32: playing bench_boost (best available (11.8 vs 11.6 remaining))
00:03:56 INFO    fpl_expert.optimise.transfers | consistent valuation: [{'n': 1, 'hits': 0.0, 'tempo': 0.0, 'advantage': 0.0, 'horizon_xi': 285.9894804919708}, {'n': 2, 'hits': 4.0, 'tempo': 0.8459545424195696, 'advantage': -3.1540454575804304, 'horizon_xi': 290.9617695902444}]
00:03:56 INFO    fpl_expert.optimise.transfers | consistent valuation: [{'n': 1, 'hits': 0.0, 'tempo': 0.0, 'advantage': 0.0, 'horizon_xi': 274.84429858097474}, {'n': 2, 'hits': 4.0, 'tempo': 0.0, 'advantage': -4.0, 'horizon_xi': 279.4083591070986}]
00:03:56 INFO    fpl_expert.backtest.season_sim | GW34: playing triple_captain (best available (12.9 vs 11.9 remaining))
00:03:57 INFO    fpl_expert.optimise.transfers | consistent valuation: [{'n': 1, 'hits': 0.0, 'tempo': 0.0, 'advantage': 0.0, 'horizon_xi': 215.08020650500316}, {'n': 2, 'hits': 4.0, 'tempo': 2.1329479463065013, 'advantage': -1.8670520536934987, 'horizon_xi': 225.47243110234731}]
00:03:57 INFO    fpl_expert.optimise.transfers | consistent valuation: [{'n': 1, 'hits': 0.0, 'tempo': 0.0, 'advantage': 0.0, 'horizon_xi': 186.13270030532055}, {'n': 2, 'hits': 4.0, 'tempo': 0.655874467747509, 'advantage': -3.344125532252491, 'horizon_xi': 189.9656189355258}]
00:03:57 INFO    fpl_expert.optimise.transfers | consistent valuation: [{'n': 1, 'hits': 0.0, 'tempo': 0.0, 'advantage': 0.0, 'horizon_xi': 152.48094762878318}, {'n': 2, 'hits': 4.0, 'tempo': 5.839096310177922, 'advantage': 1.839096310177922, 'horizon_xi': 158.46633391376156}]
00:03:58 INFO    fpl_expert.optimise.transfers | consistent valuation: [{'n': 1, 'hits': 0.0, 'tempo': 0.0, 'advantage': 0.0, 'horizon_xi': 72.86759443101963}, {'n': 2, 'hits': 4.0, 'tempo': 1.3069777840103711, 'advantage': -2.693022215989629, 'horizon_xi': 74.17457221503}]
00:03:58 INFO    fpl_expert.backtest.ensemble | consistent path 7: 2310
00:03:59 INFO    fpl_expert.optimise.transfers | consistent valuation: [{'n': 1, 'hits': 0.0, 'tempo': 0.0, 'advantage': 0.0, 'horizon_xi': 213.37621080332258}, {'n': 2, 'hits': 4.0, 'tempo': 0.0, 'advantage': -4.0, 'horizon_xi': 227.98278914473303}]
00:03:59 INFO    fpl_expert.optimise.transfers | consistent valuation: [{'n': 1, 'hits': 0.0, 'tempo': 0.0, 'advantage': 0.0, 'horizon_xi': 221.50483363107443}, {'n': 2, 'hits': 4.0, 'tempo': 4.535647546654019, 'advantage': 0.5356475466540189, 'horizon_xi': 236.19109539267075}]
00:04:00 INFO    fpl_expert.optimise.transfers | consistent valuation: [{'n': 1, 'hits': 0.0, 'tempo': 0.0, 'advantage': 0.0, 'horizon_xi': 221.9195248184859}, {'n': 2, 'hits': 4.0, 'tempo': 7.55553847096003, 'advantage': 3.5555384709600304, 'horizon_xi': 243.75370289743606}]
00:04:00 INFO    fpl_expert.optimise.transfers | consistent valuation: [{'n': 1, 'hits': 0.0, 'tempo': 0.0, 'advantage': 0.0, 'horizon_xi': 235.21144774095742}, {'n': 2, 'hits': 4.0, 'tempo': 0.012867774706997182, 'advantage': -3.987132225293003, 'horizon_xi': 236.268041165523}]
00:04:00 INFO    fpl_expert.optimise.transfers | consistent valuation: [{'n': 1, 'hits': 0.0, 'tempo': 0.0, 'advantage': 0.0, 'horizon_xi': 243.16044272156574}, {'n': 2, 'hits': 4.0, 'tempo': 0.0, 'advantage': -4.0, 'horizon_xi': 244.78870600708882}]
00:04:01 INFO    fpl_expert.optimise.transfers | consistent valuation: [{'n': 1, 'hits': 0.0, 'tempo': 0.0, 'advantage': 0.0, 'horizon_xi': 227.56291568722784}, {'n': 2, 'hits': 4.0, 'tempo': 0.7586214803516924, 'advantage': -3.2413785196483076, 'horizon_xi': 230.56187301208735}]
00:04:01 INFO    fpl_expert.optimise.transfers | consistent valuation: [{'n': 1, 'hits': 0.0, 'tempo': 0.0, 'advantage': 0.0, 'horizon_xi': 217.80703665551496}, {'n': 2, 'hits': 4.0, 'tempo': 2.4557656422998093, 'advantage': -1.5442343577001907, 'horizon_xi': 226.4252336151398}]
00:04:01 INFO    fpl_expert.optimise.transfers | consistent valuation: [{'n': 1, 'hits': 0.0, 'tempo': 0.0, 'advantage': 0.0, 'horizon_xi': 240.66100890455795}, {'n': 2, 'hits': 4.0, 'tempo': 0.0, 'advantage': -4.0, 'horizon_xi': 243.09380262937867}]
00:04:02 INFO    fpl_expert.optimise.transfers | consistent valuation: [{'n': 1, 'hits': 0.0, 'tempo': 0.0, 'advantage': 0.0, 'horizon_xi': 249.74151360251648}, {'n': 2, 'hits': 4.0, 'tempo': 0.17311938064217713, 'advantage': -3.826880619357823, 'horizon_xi': 255.28573994883473}]
00:04:02 INFO    fpl_expert.optimise.transfers | consistent valuation: [{'n': 1, 'hits': 0.0, 'tempo': 0.0, 'advantage': 0.0, 'horizon_xi': 250.211567417356}, {'n': 2, 'hits': 4.0, 'tempo': 1.6524302827726842, 'advantage': -2.3475697172273158, 'horizon_xi': 255.395612437635}]
00:04:02 INFO    fpl_expert.optimise.transfers | consistent valuation: [{'n': 1, 'hits': 0.0, 'tempo': 0.0, 'advantage': 0.0, 'horizon_xi': 235.2967810230666}, {'n': 2, 'hits': 4.0, 'tempo': -0.1859104815647612, 'advantage': -4.185910481564761, 'horizon_xi': 234.06057436999097}]
00:04:03 INFO    fpl_expert.optimise.transfers | consistent valuation: [{'n': 1, 'hits': 0.0, 'tempo': 0.0, 'advantage': 0.0, 'horizon_xi': 237.75191737114304}, {'n': 2, 'hits': 4.0, 'tempo': -0.14309540605044901, 'advantage': -4.143095406050449, 'horizon_xi': 239.11925635794404}]
00:04:03 INFO    fpl_expert.optimise.transfers | consistent valuation: [{'n': 1, 'hits': 0.0, 'tempo': 0.0, 'advantage': 0.0, 'horizon_xi': 247.68461768662652}, {'n': 2, 'hits': 4.0, 'tempo': 1.1262459568050645, 'advantage': -2.8737540431949355, 'horizon_xi': 250.48755548787224}]
00:04:03 INFO    fpl_expert.backtest.season_sim | GW14: playing bench_boost (best available (12.6 vs 11.1 remaining))
00:04:04 INFO    fpl_expert.optimise.transfers | consistent valuation: [{'n': 1, 'hits': 0.0, 'tempo': 0.0, 'advantage': 0.0, 'horizon_xi': 236.36548957696354}, {'n': 2, 'hits': 4.0, 'tempo': 1.4063100897743226, 'advantage': -2.5936899102256774, 'horizon_xi': 239.05160649253045}]
00:04:04 INFO    fpl_expert.backtest.season_sim | GW15: playing triple_captain (best available (9.1 vs 8.2 remaining))
00:04:04 INFO    fpl_expert.optimise.transfers | consistent valuation: [{'n': 1, 'hits': 0.0, 'tempo': 0.0, 'advantage': 0.0, 'horizon_xi': 231.54488650851306}, {'n': 2, 'hits': 4.0, 'tempo': 0.33733941403384193, 'advantage': -3.662660585966158, 'horizon_xi': 235.68462580775412}]
00:04:04 INFO    fpl_expert.optimise.transfers | consistent valuation: [{'n': 1, 'hits': 0.0, 'tempo': 0.0, 'advantage': 0.0, 'horizon_xi': 231.25629010050764}, {'n': 2, 'hits': 4.0, 'tempo': 2.7123673097977488, 'advantage': -1.2876326902022512, 'horizon_xi': 239.62552802210527}]
00:04:04 INFO    fpl_expert.optimise.transfers | consistent valuation: [{'n': 1, 'hits': 0.0, 'tempo': 0.0, 'advantage': 0.0, 'horizon_xi': 228.73249918472638}, {'n': 2, 'hits': 4.0, 'tempo': 0.14354288554120131, 'advantage': -3.8564571144587987, 'horizon_xi': 235.92163891873818}]
00:04:05 INFO    fpl_expert.optimise.transfers | consistent valuation: [{'n': 1, 'hits': 0.0, 'tempo': 0.0, 'advantage': 0.0, 'horizon_xi': 236.80945643764375}, {'n': 2, 'hits': 4.0, 'tempo': 1.2036568272189925, 'advantage': -2.7963431727810075, 'horizon_xi': 244.3915797381623}]
00:04:05 INFO    fpl_expert.optimise.transfers | consistent valuation: [{'n': 1, 'hits': 0.0, 'tempo': 0.0, 'advantage': 0.0, 'horizon_xi': 263.077690719834}, {'n': 2, 'hits': 4.0, 'tempo': 0.0, 'advantage': -4.0, 'horizon_xi': 263.9109247640771}]
00:04:05 INFO    fpl_expert.optimise.transfers | consistent valuation: [{'n': 1, 'hits': 0.0, 'tempo': 0.0, 'advantage': 0.0, 'horizon_xi': 258.0403293343936}, {'n': 2, 'hits': 4.0, 'tempo': 0.0, 'advantage': -4.0, 'horizon_xi': 259.5665045067056}]
00:04:06 INFO    fpl_expert.optimise.transfers | consistent valuation: [{'n': 1, 'hits': 0.0, 'tempo': 0.0, 'advantage': 0.0, 'horizon_xi': 253.64480479473494}, {'n': 2, 'hits': 4.0, 'tempo': 0.045289998188948744, 'advantage': -3.9547100018110513, 'horizon_xi': 256.2378202271652}]
00:04:06 INFO    fpl_expert.optimise.transfers | consistent valuation: [{'n': 1, 'hits': 0.0, 'tempo': 0.0, 'advantage': 0.0, 'horizon_xi': 239.4579728259838}, {'n': 2, 'hits': 4.0, 'tempo': 1.0899977106059566, 'advantage': -2.9100022893940434, 'horizon_xi': 245.8638442736136}]
00:04:06 INFO    fpl_expert.optimise.transfers | consistent valuation: [{'n': 1, 'hits': 0.0, 'tempo': 0.0, 'advantage': 0.0, 'horizon_xi': 241.46087714758045}, {'n': 2, 'hits': 4.0, 'tempo': 2.305850286944292, 'advantage': -1.6941497130557082, 'horizon_xi': 247.9515818868514}]
00:04:07 INFO    fpl_expert.optimise.transfers | consistent valuation: [{'n': 1, 'hits': 0.0, 'tempo': 0.0, 'advantage': 0.0, 'horizon_xi': 242.2607600506447}, {'n': 2, 'hits': 4.0, 'tempo': 1.7234787511680452, 'advantage': -2.276521248831955, 'horizon_xi': 245.35267894760437}]
00:04:07 INFO    fpl_expert.optimise.transfers | consistent valuation: [{'n': 1, 'hits': 0.0, 'tempo': 0.0, 'advantage': 0.0, 'horizon_xi': 219.25568631575058}, {'n': 2, 'hits': 4.0, 'tempo': 0.3775166624840409, 'advantage': -3.622483337515959, 'horizon_xi': 223.7383387021476}]
00:04:07 INFO    fpl_expert.optimise.transfers | consistent valuation: [{'n': 1, 'hits': 0.0, 'tempo': 0.0, 'advantage': 0.0, 'horizon_xi': 220.03081388203475}, {'n': 2, 'hits': 4.0, 'tempo': 0.0, 'advantage': -4.0, 'horizon_xi': 223.32530480657272}]
00:04:08 INFO    fpl_expert.optimise.transfers | consistent valuation: [{'n': 1, 'hits': 0.0, 'tempo': 0.0, 'advantage': 0.0, 'horizon_xi': 209.4459500186141}, {'n': 2, 'hits': 4.0, 'tempo': 0.5140439133613484, 'advantage': -3.4859560866386516, 'horizon_xi': 216.7167907505056}]
00:04:08 INFO    fpl_expert.optimise.transfers | consistent valuation: [{'n': 1, 'hits': 0.0, 'tempo': 0.0, 'advantage': 0.0, 'horizon_xi': 125.14086429377649}, {'n': 2, 'hits': 4.0, 'tempo': 0.09469342095698607, 'advantage': -3.905306579043014, 'horizon_xi': 125.62082991415225}]
00:04:08 INFO    fpl_expert.optimise.transfers | consistent valuation: [{'n': 1, 'hits': 0.0, 'tempo': 0.0, 'advantage': 0.0, 'horizon_xi': 256.9655097505917}, {'n': 2, 'hits': 4.0, 'tempo': 0.7043963428197344, 'advantage': -3.2956036571802656, 'horizon_xi': 262.63707736035406}]
00:04:09 INFO    fpl_expert.optimise.transfers | consistent valuation: [{'n': 1, 'hits': 0.0, 'tempo': 0.0, 'advantage': 0.0, 'horizon_xi': 253.03535136942747}, {'n': 2, 'hits': 4.0, 'tempo': 7.00815004541748, 'advantage': 3.00815004541748, 'horizon_xi': 270.3645339161714}]
00:04:09 INFO    fpl_expert.optimise.transfers | consistent valuation: [{'n': 1, 'hits': 0.0, 'tempo': 0.0, 'advantage': 0.0, 'horizon_xi': 283.8210951964388}, {'n': 2, 'hits': 4.0, 'tempo': 0.3748266697735616, 'advantage': -3.6251733302264384, 'horizon_xi': 287.7171211005915}]
00:04:09 INFO    fpl_expert.backtest.season_sim | GW32: playing bench_boost (best available (11.8 vs 11.6 remaining))
00:04:09 INFO    fpl_expert.optimise.transfers | consistent valuation: [{'n': 1, 'hits': 0.0, 'tempo': 0.0, 'advantage': 0.0, 'horizon_xi': 285.9471354492842}, {'n': 2, 'hits': 4.0, 'tempo': 0.8513398806002499, 'advantage': -3.14866011939975, 'horizon_xi': 290.9031961929616}]
00:04:10 INFO    fpl_expert.optimise.transfers | consistent valuation: [{'n': 1, 'hits': 0.0, 'tempo': 0.0, 'advantage': 0.0, 'horizon_xi': 274.81150484061084}, {'n': 2, 'hits': 4.0, 'tempo': 0.0, 'advantage': -4.0, 'horizon_xi': 279.3976915496065}]
00:04:10 INFO    fpl_expert.backtest.season_sim | GW34: playing triple_captain (best available (12.9 vs 11.9 remaining))
00:04:10 INFO    fpl_expert.optimise.transfers | consistent valuation: [{'n': 1, 'hits': 0.0, 'tempo': 0.0, 'advantage': 0.0, 'horizon_xi': 215.0708123198691}, {'n': 2, 'hits': 4.0, 'tempo': 2.1492421741826604, 'advantage': -1.8507578258173396, 'horizon_xi': 225.4820817687064}]
00:04:10 INFO    fpl_expert.optimise.transfers | consistent valuation: [{'n': 1, 'hits': 0.0, 'tempo': 0.0, 'advantage': 0.0, 'horizon_xi': 186.1352549786237}, {'n': 2, 'hits': 4.0, 'tempo': 0.6613602345880736, 'advantage': -3.3386397654119264, 'horizon_xi': 189.9689794015883}]
00:04:11 INFO    fpl_expert.optimise.transfers | consistent valuation: [{'n': 1, 'hits': 0.0, 'tempo': 0.0, 'advantage': 0.0, 'horizon_xi': 152.5081631863518}, {'n': 2, 'hits': 4.0, 'tempo': 5.911019545875845, 'advantage': 1.9110195458758454, 'horizon_xi': 158.5978476937811}]
00:04:11 INFO    fpl_expert.optimise.transfers | consistent valuation: [{'n': 1, 'hits': 0.0, 'tempo': 0.0, 'advantage': 0.0, 'horizon_xi': 72.90574133514308}, {'n': 2, 'hits': 4.0, 'tempo': 1.3117221449945475, 'advantage': -2.6882778550054525, 'horizon_xi': 74.21746348013762}]
00:04:11 INFO    fpl_expert.backtest.ensemble | consistent path 8: 2310
00:04:12 INFO    fpl_expert.optimise.transfers | consistent valuation: [{'n': 1, 'hits': 0.0, 'tempo': 0.0, 'advantage': 0.0, 'horizon_xi': 213.32951888596682}, {'n': 2, 'hits': 4.0, 'tempo': 0.0, 'advantage': -4.0, 'horizon_xi': 227.94943524580484}]
00:04:13 INFO    fpl_expert.optimise.transfers | consistent valuation: [{'n': 1, 'hits': 0.0, 'tempo': 0.0, 'advantage': 0.0, 'horizon_xi': 221.47726339627837}, {'n': 2, 'hits': 4.0, 'tempo': 4.531147936577895, 'advantage': 0.531147936577895, 'horizon_xi': 236.14819056505854}]
00:04:13 INFO    fpl_expert.optimise.transfers | consistent valuation: [{'n': 1, 'hits': 0.0, 'tempo': 0.0, 'advantage': 0.0, 'horizon_xi': 221.8444543052179}, {'n': 2, 'hits': 4.0, 'tempo': 7.5304747545146, 'advantage': 3.5304747545146, 'horizon_xi': 243.6157452992367}]
00:04:13 INFO    fpl_expert.optimise.transfers | consistent valuation: [{'n': 1, 'hits': 0.0, 'tempo': 0.0, 'advantage': 0.0, 'horizon_xi': 235.17495630070874}, {'n': 2, 'hits': 4.0, 'tempo': 0.021285190024073586, 'advantage': -3.9787148099759264, 'horizon_xi': 236.24621674615415}]
00:04:14 INFO    fpl_expert.optimise.transfers | consistent valuation: [{'n': 1, 'hits': 0.0, 'tempo': 0.0, 'advantage': 0.0, 'horizon_xi': 243.11059261350394}, {'n': 2, 'hits': 4.0, 'tempo': 0.0, 'advantage': -4.0, 'horizon_xi': 244.73829315443325}]
00:04:14 INFO    fpl_expert.optimise.transfers | consistent valuation: [{'n': 1, 'hits': 0.0, 'tempo': 0.0, 'advantage': 0.0, 'horizon_xi': 227.50530324835404}, {'n': 2, 'hits': 4.0, 'tempo': 0.7500967896609723, 'advantage': -3.2499032103390277, 'horizon_xi': 230.5030336520243}]
00:04:14 INFO    fpl_expert.optimise.transfers | consistent valuation: [{'n': 1, 'hits': 0.0, 'tempo': 0.0, 'advantage': 0.0, 'horizon_xi': 217.7917176772312}, {'n': 2, 'hits': 4.0, 'tempo': 2.4755557661515013, 'advantage': -1.5244442338484987, 'horizon_xi': 226.43584026481233}]
00:04:15 INFO    fpl_expert.optimise.transfers | consistent valuation: [{'n': 1, 'hits': 0.0, 'tempo': 0.0, 'advantage': 0.0, 'horizon_xi': 240.6892215076449}, {'n': 2, 'hits': 4.0, 'tempo': 0.0, 'advantage': -4.0, 'horizon_xi': 243.11712815545945}]
00:04:15 INFO    fpl_expert.optimise.transfers | consistent valuation: [{'n': 1, 'hits': 0.0, 'tempo': 0.0, 'advantage': 0.0, 'horizon_xi': 249.83320566058492}, {'n': 2, 'hits': 4.0, 'tempo': 0.15709828991917618, 'advantage': -3.842901710080824, 'horizon_xi': 255.3448426544046}]
00:04:15 INFO    fpl_expert.optimise.transfers | consistent valuation: [{'n': 1, 'hits': 0.0, 'tempo': 0.0, 'advantage': 0.0, 'horizon_xi': 250.2566013660381}, {'n': 2, 'hits': 4.0, 'tempo': 1.6392946814305276, 'advantage': -2.3607053185694724, 'horizon_xi': 255.43184369667256}]
00:04:16 INFO    fpl_expert.optimise.transfers | consistent valuation: [{'n': 1, 'hits': 0.0, 'tempo': 0.0, 'advantage': 0.0, 'horizon_xi': 235.3489128706226}, {'n': 2, 'hits': 4.0, 'tempo': -0.18676128031420092, 'advantage': -4.186761280314201, 'horizon_xi': 234.109999229625}]
00:04:16 INFO    fpl_expert.optimise.transfers | consistent valuation: [{'n': 1, 'hits': 0.0, 'tempo': 0.0, 'advantage': 0.0, 'horizon_xi': 237.7616337105405}, {'n': 2, 'hits': 4.0, 'tempo': -0.15974722833924204, 'advantage': -4.159747228339242, 'horizon_xi': 239.09956485255677}]
00:04:16 INFO    fpl_expert.optimise.transfers | consistent valuation: [{'n': 1, 'hits': 0.0, 'tempo': 0.0, 'advantage': 0.0, 'horizon_xi': 247.68513419822858}, {'n': 2, 'hits': 4.0, 'tempo': 1.1201679398067341, 'advantage': -2.879832060193266, 'horizon_xi': 250.46780915341424}]
00:04:17 INFO    fpl_expert.backtest.season_sim | GW14: playing bench_boost (best available (12.6 vs 11.0 remaining))
00:04:17 INFO    fpl_expert.optimise.transfers | consistent valuation: [{'n': 1, 'hits': 0.0, 'tempo': 0.0, 'advantage': 0.0, 'horizon_xi': 236.40031726589947}, {'n': 2, 'hits': 4.0, 'tempo': 1.410337173847509, 'advantage': -2.589662826152491, 'horizon_xi': 239.1009544569214}]
00:04:17 INFO    fpl_expert.backtest.season_sim | GW15: playing triple_captain (best available (9.1 vs 8.2 remaining))
00:04:17 INFO    fpl_expert.optimise.transfers | consistent valuation: [{'n': 1, 'hits': 0.0, 'tempo': 0.0, 'advantage': 0.0, 'horizon_xi': 231.5213380554413}, {'n': 2, 'hits': 4.0, 'tempo': 0.33768079054468103, 'advantage': -3.662319209455319, 'horizon_xi': 235.65209633475874}]
00:04:17 INFO    fpl_expert.optimise.transfers | consistent valuation: [{'n': 1, 'hits': 0.0, 'tempo': 0.0, 'advantage': 0.0, 'horizon_xi': 231.2181016781624}, {'n': 2, 'hits': 4.0, 'tempo': 2.721664160021639, 'advantage': -1.2783358399783609, 'horizon_xi': 239.59074333958404}]
00:04:18 INFO    fpl_expert.optimise.transfers | consistent valuation: [{'n': 1, 'hits': 0.0, 'tempo': 0.0, 'advantage': 0.0, 'horizon_xi': 228.71945189662011}, {'n': 2, 'hits': 4.0, 'tempo': 0.14014637427257526, 'advantage': -3.8598536257274247, 'horizon_xi': 235.89883910677716}]
00:04:18 INFO    fpl_expert.optimise.transfers | consistent valuation: [{'n': 1, 'hits': 0.0, 'tempo': 0.0, 'advantage': 0.0, 'horizon_xi': 236.76574648804382}, {'n': 2, 'hits': 4.0, 'tempo': 1.1964838803780253, 'advantage': -2.8035161196219747, 'horizon_xi': 244.33937076025032}]
00:04:18 INFO    fpl_expert.optimise.transfers | consistent valuation: [{'n': 1, 'hits': 0.0, 'tempo': 0.0, 'advantage': 0.0, 'horizon_xi': 263.10550664932526}, {'n': 2, 'hits': 4.0, 'tempo': 0.0, 'advantage': -4.0, 'horizon_xi': 263.9536446569737}]
00:04:19 INFO    fpl_expert.optimise.transfers | consistent valuation: [{'n': 1, 'hits': 0.0, 'tempo': 0.0, 'advantage': 0.0, 'horizon_xi': 258.0937189022113}, {'n': 2, 'hits': 4.0, 'tempo': 0.0, 'advantage': -4.0, 'horizon_xi': 259.62542405358573}]
00:04:19 INFO    fpl_expert.optimise.transfers | consistent valuation: [{'n': 1, 'hits': 0.0, 'tempo': 0.0, 'advantage': 0.0, 'horizon_xi': 253.64893650377894}, {'n': 2, 'hits': 4.0, 'tempo': 0.04286304683141395, 'advantage': -3.957136953168586, 'horizon_xi': 256.2517988273174}]
00:04:19 INFO    fpl_expert.optimise.transfers | consistent valuation: [{'n': 1, 'hits': 0.0, 'tempo': 0.0, 'advantage': 0.0, 'horizon_xi': 239.5241964608713}, {'n': 2, 'hits': 4.0, 'tempo': 1.0995800526360782, 'advantage': -2.900419947363922, 'horizon_xi': 245.90085383374583}]
00:04:20 INFO    fpl_expert.optimise.transfers | consistent valuation: [{'n': 1, 'hits': 0.0, 'tempo': 0.0, 'advantage': 0.0, 'horizon_xi': 241.50806955913004}, {'n': 2, 'hits': 4.0, 'tempo': 2.3001386079399637, 'advantage': -1.6998613920600363, 'horizon_xi': 248.00057788987957}]
00:04:20 INFO    fpl_expert.optimise.transfers | consistent valuation: [{'n': 1, 'hits': 0.0, 'tempo': 0.0, 'advantage': 0.0, 'horizon_xi': 242.32564264854767}, {'n': 2, 'hits': 4.0, 'tempo': 1.789251328771499, 'advantage': -2.210748671228501, 'horizon_xi': 245.52055872410762}]
00:04:20 INFO    fpl_expert.optimise.transfers | consistent valuation: [{'n': 1, 'hits': 0.0, 'tempo': 0.0, 'advantage': 0.0, 'horizon_xi': 219.37225866975726}, {'n': 2, 'hits': 4.0, 'tempo': 0.3924407236174403, 'advantage': -3.6075592763825597, 'horizon_xi': 223.8606311591102}]
00:04:21 INFO    fpl_expert.optimise.transfers | consistent valuation: [{'n': 1, 'hits': 0.0, 'tempo': 0.0, 'advantage': 0.0, 'horizon_xi': 220.11568848651734}, {'n': 2, 'hits': 4.0, 'tempo': 0.0, 'advantage': -4.0, 'horizon_xi': 223.40697474516347}]
00:04:21 INFO    fpl_expert.optimise.transfers | consistent valuation: [{'n': 1, 'hits': 0.0, 'tempo': 0.0, 'advantage': 0.0, 'horizon_xi': 209.5450671738942}, {'n': 2, 'hits': 4.0, 'tempo': 0.510710100823033, 'advantage': -3.489289899176967, 'horizon_xi': 216.80015257569195}]
00:04:21 INFO    fpl_expert.optimise.transfers | consistent valuation: [{'n': 1, 'hits': 0.0, 'tempo': 0.0, 'advantage': 0.0, 'horizon_xi': 125.15067377245127}, {'n': 2, 'hits': 4.0, 'tempo': 0.10616851881163569, 'advantage': -3.8938314811883643, 'horizon_xi': 125.62628997633297}]
00:04:22 INFO    fpl_expert.optimise.transfers | consistent valuation: [{'n': 1, 'hits': 0.0, 'tempo': 0.0, 'advantage': 0.0, 'horizon_xi': 256.9450033003802}, {'n': 2, 'hits': 4.0, 'tempo': 0.6948052791025106, 'advantage': -3.3051947208974894, 'horizon_xi': 262.59730010101555}]
00:04:22 INFO    fpl_expert.optimise.transfers | consistent valuation: [{'n': 1, 'hits': 0.0, 'tempo': 0.0, 'advantage': 0.0, 'horizon_xi': 253.03021166910537}, {'n': 2, 'hits': 4.0, 'tempo': 6.99529203989033, 'advantage': 2.99529203989033, 'horizon_xi': 270.3894721837763}]
00:04:22 INFO    fpl_expert.optimise.transfers | consistent valuation: [{'n': 1, 'hits': 0.0, 'tempo': 0.0, 'advantage': 0.0, 'horizon_xi': 283.87940240176755}, {'n': 2, 'hits': 4.0, 'tempo': 0.3733993357391796, 'advantage': -3.6266006642608204, 'horizon_xi': 287.77333703576875}]
00:04:22 INFO    fpl_expert.backtest.season_sim | GW32: playing bench_boost (best available (11.8 vs 11.6 remaining))
00:04:23 INFO    fpl_expert.optimise.transfers | consistent valuation: [{'n': 1, 'hits': 0.0, 'tempo': 0.0, 'advantage': 0.0, 'horizon_xi': 285.9448898221866}, {'n': 2, 'hits': 4.0, 'tempo': 0.8524521976712052, 'advantage': -3.147547802328795, 'horizon_xi': 290.91603365057256}]
00:04:23 INFO    fpl_expert.optimise.transfers | consistent valuation: [{'n': 1, 'hits': 0.0, 'tempo': 0.0, 'advantage': 0.0, 'horizon_xi': 274.7390594574314}, {'n': 2, 'hits': 4.0, 'tempo': 0.0, 'advantage': -4.0, 'horizon_xi': 279.3137026632055}]
00:04:23 INFO    fpl_expert.backtest.season_sim | GW34: playing triple_captain (best available (12.9 vs 11.9 remaining))
00:04:23 INFO    fpl_expert.optimise.transfers | consistent valuation: [{'n': 1, 'hits': 0.0, 'tempo': 0.0, 'advantage': 0.0, 'horizon_xi': 215.03618283678014}, {'n': 2, 'hits': 4.0, 'tempo': 2.1542804194992584, 'advantage': -1.8457195805007416, 'horizon_xi': 225.43039290294314}]
00:04:24 INFO    fpl_expert.optimise.transfers | consistent valuation: [{'n': 1, 'hits': 0.0, 'tempo': 0.0, 'advantage': 0.0, 'horizon_xi': 186.11879832930387}, {'n': 2, 'hits': 4.0, 'tempo': 0.66821450749093, 'advantage': -3.33178549250907, 'horizon_xi': 189.9520188157528}]
00:04:24 INFO    fpl_expert.optimise.transfers | consistent valuation: [{'n': 1, 'hits': 0.0, 'tempo': 0.0, 'advantage': 0.0, 'horizon_xi': 152.51623008731883}, {'n': 2, 'hits': 4.0, 'tempo': 5.852940439876278, 'advantage': 1.8529404398762779, 'horizon_xi': 158.57485724518574}]
00:04:24 INFO    fpl_expert.optimise.transfers | consistent valuation: [{'n': 1, 'hits': 0.0, 'tempo': 0.0, 'advantage': 0.0, 'horizon_xi': 72.95682530260919}, {'n': 2, 'hits': 4.0, 'tempo': 1.307277711437706, 'advantage': -2.692722288562294, 'horizon_xi': 74.2641030140469}]
00:04:24 INFO    fpl_expert.backtest.ensemble | consistent path 9: 2310
  2023-24 consistent         mean    2310  sd   0.0
00:04:28 INFO    fpl_expert.backtest.season_sim | GW14: playing bench_boost (best available (11.4 vs 9.9 remaining))
00:04:29 INFO    fpl_expert.backtest.season_sim | GW18: playing triple_captain (expiring in 1 gw, best remaining 8.1)
00:04:31 INFO    fpl_expert.backtest.season_sim | GW32: playing triple_captain (best available (10.0 vs 10.0 remaining))
00:04:31 INFO    fpl_expert.backtest.season_sim | GW33: playing bench_boost (best available (13.5 vs 12.1 remaining))
00:04:32 INFO    fpl_expert.backtest.ensemble | horizon path 0: 2128
00:04:35 INFO    fpl_expert.backtest.season_sim | GW14: playing bench_boost (best available (11.4 vs 9.9 remaining))
00:04:36 INFO    fpl_expert.backtest.season_sim | GW18: playing triple_captain (expiring in 1 gw, best remaining 8.1)
00:04:38 INFO    fpl_expert.backtest.season_sim | GW32: playing triple_captain (best available (10.0 vs 9.9 remaining))
00:04:38 INFO    fpl_expert.backtest.season_sim | GW33: playing bench_boost (best available (13.5 vs 12.1 remaining))
00:04:39 INFO    fpl_expert.backtest.ensemble | horizon path 1: 2128
00:04:43 INFO    fpl_expert.backtest.season_sim | GW14: playing bench_boost (best available (11.4 vs 9.9 remaining))
00:04:43 INFO    fpl_expert.backtest.season_sim | GW18: playing triple_captain (expiring in 1 gw, best remaining 8.1)
00:04:45 INFO    fpl_expert.backtest.season_sim | GW32: playing triple_captain (best available (10.0 vs 10.0 remaining))
00:04:46 INFO    fpl_expert.backtest.season_sim | GW33: playing bench_boost (best available (13.5 vs 12.1 remaining))
00:04:46 INFO    fpl_expert.backtest.ensemble | horizon path 2: 2128
00:04:50 INFO    fpl_expert.backtest.season_sim | GW14: playing bench_boost (best available (11.4 vs 9.9 remaining))
00:04:50 INFO    fpl_expert.backtest.season_sim | GW18: playing triple_captain (expiring in 1 gw, best remaining 8.1)
00:04:53 INFO    fpl_expert.backtest.season_sim | GW32: playing bench_boost (best available (11.3 vs 10.5 remaining))
00:04:53 INFO    fpl_expert.backtest.season_sim | GW33: playing triple_captain (best available (9.5 vs 9.2 remaining))
00:04:53 INFO    fpl_expert.backtest.ensemble | horizon path 3: 2103
00:04:57 INFO    fpl_expert.backtest.season_sim | GW14: playing bench_boost (best available (12.9 vs 12.0 remaining))
00:04:57 INFO    fpl_expert.backtest.season_sim | GW18: playing triple_captain (expiring in 1 gw, best remaining 8.1)
00:05:00 INFO    fpl_expert.backtest.season_sim | GW32: playing triple_captain (best available (10.0 vs 10.0 remaining))
00:05:01 INFO    fpl_expert.backtest.season_sim | GW38: playing bench_boost (final chance before expiry)
00:05:01 INFO    fpl_expert.backtest.ensemble | horizon path 4: 2212
00:05:04 INFO    fpl_expert.backtest.season_sim | GW14: playing bench_boost (best available (11.4 vs 9.9 remaining))
00:05:05 INFO    fpl_expert.backtest.season_sim | GW18: playing triple_captain (expiring in 1 gw, best remaining 8.2)
00:05:07 INFO    fpl_expert.backtest.season_sim | GW32: playing triple_captain (best available (10.0 vs 10.0 remaining))
00:05:07 INFO    fpl_expert.backtest.season_sim | GW33: playing bench_boost (best available (13.5 vs 12.1 remaining))
00:05:08 INFO    fpl_expert.backtest.ensemble | horizon path 5: 2128
00:05:11 INFO    fpl_expert.backtest.season_sim | GW14: playing bench_boost (best available (11.4 vs 9.9 remaining))
00:05:12 INFO    fpl_expert.backtest.season_sim | GW18: playing triple_captain (expiring in 1 gw, best remaining 8.2)
00:05:14 INFO    fpl_expert.backtest.season_sim | GW32: playing triple_captain (best available (10.0 vs 10.0 remaining))
00:05:14 INFO    fpl_expert.backtest.season_sim | GW33: playing bench_boost (best available (13.5 vs 12.1 remaining))
00:05:15 INFO    fpl_expert.backtest.ensemble | horizon path 6: 2128
00:05:19 INFO    fpl_expert.backtest.season_sim | GW14: playing bench_boost (best available (12.1 vs 11.3 remaining))
00:05:19 INFO    fpl_expert.backtest.season_sim | GW18: playing triple_captain (expiring in 1 gw, best remaining 8.2)
00:05:21 INFO    fpl_expert.backtest.season_sim | GW32: playing triple_captain (best available (10.0 vs 10.0 remaining))
00:05:22 INFO    fpl_expert.backtest.season_sim | GW38: playing bench_boost (final chance before expiry)
00:05:22 INFO    fpl_expert.backtest.ensemble | horizon path 7: 2193
00:05:26 INFO    fpl_expert.backtest.season_sim | GW14: playing bench_boost (best available (12.9 vs 12.0 remaining))
00:05:26 INFO    fpl_expert.backtest.season_sim | GW18: playing triple_captain (expiring in 1 gw, best remaining 8.1)
00:05:29 INFO    fpl_expert.backtest.season_sim | GW32: playing triple_captain (best available (10.0 vs 10.0 remaining))
00:05:29 INFO    fpl_expert.backtest.season_sim | GW38: playing bench_boost (final chance before expiry)
00:05:29 INFO    fpl_expert.backtest.ensemble | horizon path 8: 2212
00:05:33 INFO    fpl_expert.backtest.season_sim | GW14: playing bench_boost (best available (11.4 vs 10.0 remaining))
00:05:34 INFO    fpl_expert.backtest.season_sim | GW18: playing triple_captain (expiring in 1 gw, best remaining 8.2)
00:05:36 INFO    fpl_expert.backtest.season_sim | GW32: playing triple_captain (best available (10.0 vs 10.0 remaining))
00:05:36 INFO    fpl_expert.backtest.season_sim | GW33: playing bench_boost (best available (13.5 vs 12.1 remaining))
00:05:37 INFO    fpl_expert.backtest.ensemble | horizon path 9: 2128
  2024-25 horizon            mean    2149  sd  40.3
00:05:38 INFO    fpl_expert.optimise.transfers | consistent valuation: [{'n': 1, 'hits': 0.0, 'tempo': 0.0, 'advantage': 0.0, 'horizon_xi': 225.94310074640828}, {'n': 2, 'hits': 4.0, 'tempo': 2.511358506247099, 'advantage': -1.4886414937529011, 'horizon_xi': 234.54368432060315}]
00:05:38 INFO    fpl_expert.optimise.transfers | consistent valuation: [{'n': 1, 'hits': 0.0, 'tempo': 0.0, 'advantage': 0.0, 'horizon_xi': 215.36715706371447}, {'n': 2, 'hits': 4.0, 'tempo': 4.92371218236709, 'advantage': 0.9237121823670904, 'horizon_xi': 232.4316683814222}]
00:05:39 INFO    fpl_expert.optimise.transfers | consistent valuation: [{'n': 1, 'hits': 0.0, 'tempo': 0.0, 'advantage': 0.0, 'horizon_xi': 235.31722406004172}, {'n': 2, 'hits': 4.0, 'tempo': 0.1737007884562516, 'advantage': -3.8262992115437484, 'horizon_xi': 236.59055066531388}]
00:05:39 INFO    fpl_expert.optimise.transfers | consistent valuation: [{'n': 1, 'hits': 0.0, 'tempo': 0.0, 'advantage': 0.0, 'horizon_xi': 220.26009524132056}, {'n': 2, 'hits': 4.0, 'tempo': 0.8383349874577206, 'advantage': -3.1616650125422794, 'horizon_xi': 226.92681938771562}]
00:05:40 INFO    fpl_expert.optimise.transfers | consistent valuation: [{'n': 1, 'hits': 0.0, 'tempo': 0.0, 'advantage': 0.0, 'horizon_xi': 211.1850549130371}, {'n': 2, 'hits': 4.0, 'tempo': -1.4773800597446964, 'advantage': -5.477380059744696, 'horizon_xi': 216.83805808929236}]
00:05:40 INFO    fpl_expert.optimise.transfers | consistent valuation: [{'n': 1, 'hits': 0.0, 'tempo': 0.0, 'advantage': 0.0, 'horizon_xi': 226.17010348428286}, {'n': 2, 'hits': 4.0, 'tempo': 0.8698901427259216, 'advantage': -3.1301098572740784, 'horizon_xi': 235.81163088622526}]
00:05:40 INFO    fpl_expert.optimise.transfers | consistent valuation: [{'n': 1, 'hits': 0.0, 'tempo': 0.0, 'advantage': 0.0, 'horizon_xi': 219.84238471646466}, {'n': 2, 'hits': 4.0, 'tempo': 1.2568903932415054, 'advantage': -2.7431096067584946, 'horizon_xi': 224.64219760311073}]
00:05:41 INFO    fpl_expert.optimise.transfers | consistent valuation: [{'n': 1, 'hits': 0.0, 'tempo': 0.0, 'advantage': 0.0, 'horizon_xi': 220.37404860621865}, {'n': 2, 'hits': 4.0, 'tempo': 2.290138894147347, 'advantage': -1.709861105852653, 'horizon_xi': 223.64840130029555}]
00:05:41 INFO    fpl_expert.optimise.transfers | consistent valuation: [{'n': 1, 'hits': 0.0, 'tempo': 0.0, 'advantage': 0.0, 'horizon_xi': 229.96497462439305}, {'n': 2, 'hits': 4.0, 'tempo': 0.8190806643109312, 'advantage': -3.180919335689069, 'horizon_xi': 232.5614181742236}]
00:05:41 INFO    fpl_expert.backtest.season_sim | GW10: playing bench_boost (best available (9.4 vs 9.2 remaining))
00:05:41 INFO    fpl_expert.optimise.transfers | consistent valuation: [{'n': 1, 'hits': 0.0, 'tempo': 0.0, 'advantage': 0.0, 'horizon_xi': 235.68088388611181}, {'n': 2, 'hits': 4.0, 'tempo': 0.8936197940317712, 'advantage': -3.106380205968229, 'horizon_xi': 239.48557528706834}]
00:05:42 INFO    fpl_expert.optimise.transfers | consistent valuation: [{'n': 1, 'hits': 0.0, 'tempo': 0.0, 'advantage': 0.0, 'horizon_xi': 236.7322828375428}, {'n': 2, 'hits': 4.0, 'tempo': 1.3069037442526366, 'advantage': -2.6930962557473634, 'horizon_xi': 243.0215707982599}]
00:05:42 INFO    fpl_expert.optimise.transfers | consistent valuation: [{'n': 1, 'hits': 0.0, 'tempo': 0.0, 'advantage': 0.0, 'horizon_xi': 237.02628281721132}, {'n': 2, 'hits': 4.0, 'tempo': 1.1551896849852454, 'advantage': -2.8448103150147546, 'horizon_xi': 240.85150065707265}]
00:05:42 INFO    fpl_expert.optimise.transfers | consistent valuation: [{'n': 1, 'hits': 0.0, 'tempo': 0.0, 'advantage': 0.0, 'horizon_xi': 228.05216363199037}, {'n': 2, 'hits': 4.0, 'tempo': 1.0201181441056093, 'advantage': -2.9798818558943907, 'horizon_xi': 232.54259370484246}]
00:05:43 INFO    fpl_expert.optimise.transfers | consistent valuation: [{'n': 1, 'hits': 0.0, 'tempo': 0.0, 'advantage': 0.0, 'horizon_xi': 212.43177462183914}, {'n': 2, 'hits': 4.0, 'tempo': -1.2958559879654246, 'advantage': -5.295855987965425, 'horizon_xi': 212.8359997550395}]
00:05:43 INFO    fpl_expert.optimise.transfers | consistent valuation: [{'n': 1, 'hits': 0.0, 'tempo': 0.0, 'advantage': 0.0, 'horizon_xi': 250.6990682327868}, {'n': 2, 'hits': 4.0, 'tempo': 2.5633245360985413, 'advantage': -1.4366754639014587, 'horizon_xi': 257.4384602572234}]
00:05:43 INFO    fpl_expert.optimise.transfers | consistent valuation: [{'n': 1, 'hits': 0.0, 'tempo': 0.0, 'advantage': 0.0, 'horizon_xi': 250.2335542225831}, {'n': 2, 'hits': 4.0, 'tempo': 1.142523740105112, 'advantage': -2.857476259894888, 'horizon_xi': 252.43056427113265}]
00:05:44 INFO    fpl_expert.optimise.transfers | consistent valuation: [{'n': 1, 'hits': 0.0, 'tempo': 0.0, 'advantage': 0.0, 'horizon_xi': 251.36541510354854}, {'n': 2, 'hits': 4.0, 'tempo': 2.620323071669219, 'advantage': -1.379676928330781, 'horizon_xi': 256.49813185787957}]
00:05:44 INFO    fpl_expert.backtest.season_sim | GW18: playing triple_captain (expiring in 1 gw, best remaining 8.1)
00:05:44 INFO    fpl_expert.optimise.transfers | consistent valuation: [{'n': 1, 'hits': 0.0, 'tempo': 0.0, 'advantage': 0.0, 'horizon_xi': 247.89013973050544}, {'n': 2, 'hits': 4.0, 'tempo': 0.2990749409965048, 'advantage': -3.700925059003495, 'horizon_xi': 253.36615439968418}]
00:05:44 INFO    fpl_expert.optimise.transfers | consistent valuation: [{'n': 1, 'hits': 0.0, 'tempo': 0.0, 'advantage': 0.0, 'horizon_xi': 254.2016104854136}, {'n': 2, 'hits': 4.0, 'tempo': 2.181353095679299, 'advantage': -1.8186469043207012, 'horizon_xi': 264.5304747354593}]
00:05:44 INFO    fpl_expert.optimise.transfers | consistent valuation: [{'n': 1, 'hits': 0.0, 'tempo': 0.0, 'advantage': 0.0, 'horizon_xi': 261.4651867195086}, {'n': 2, 'hits': 4.0, 'tempo': 0.06430960722560997, 'advantage': -3.93569039277439, 'horizon_xi': 262.0283380904144}]
00:05:45 INFO    fpl_expert.optimise.transfers | consistent valuation: [{'n': 1, 'hits': 0.0, 'tempo': 0.0, 'advantage': 0.0, 'horizon_xi': 270.2900822754414}, {'n': 2, 'hits': 4.0, 'tempo': 1.7895758287920316, 'advantage': -2.2104241712079684, 'horizon_xi': 275.9710862691088}]
00:05:45 INFO    fpl_expert.optimise.transfers | consistent valuation: [{'n': 1, 'hits': 0.0, 'tempo': 0.0, 'advantage': 0.0, 'horizon_xi': 266.7240465943652}, {'n': 2, 'hits': 4.0, 'tempo': 1.6591511592042707, 'advantage': -2.3408488407957293, 'horizon_xi': 274.7133521395165}]
00:05:45 INFO    fpl_expert.optimise.transfers | consistent valuation: [{'n': 1, 'hits': 0.0, 'tempo': 0.0, 'advantage': 0.0, 'horizon_xi': 283.09191014364933}, {'n': 2, 'hits': 4.0, 'tempo': 0.8025567608220854, 'advantage': -3.1974432391779146, 'horizon_xi': 286.9201673434798}]
00:05:46 INFO    fpl_expert.optimise.transfers | consistent valuation: [{'n': 1, 'hits': 0.0, 'tempo': 0.0, 'advantage': 0.0, 'horizon_xi': 267.25018561725676}, {'n': 2, 'hits': 4.0, 'tempo': 1.26518524479512, 'advantage': -2.73481475520488, 'horizon_xi': 270.31592471854384}]
00:05:46 INFO    fpl_expert.optimise.transfers | consistent valuation: [{'n': 1, 'hits': 0.0, 'tempo': 0.0, 'advantage': 0.0, 'horizon_xi': 243.90413540769862}, {'n': 2, 'hits': 4.0, 'tempo': -0.8485503790491364, 'advantage': -4.848550379049136, 'horizon_xi': 244.66104529019256}]
00:05:46 INFO    fpl_expert.optimise.transfers | consistent valuation: [{'n': 1, 'hits': 0.0, 'tempo': 0.0, 'advantage': 0.0, 'horizon_xi': 256.17424166572516}, {'n': 2, 'hits': 4.0, 'tempo': 0.24131003631511305, 'advantage': -3.758689963684887, 'horizon_xi': 256.5021713016811}]
00:05:47 INFO    fpl_expert.optimise.transfers | consistent valuation: [{'n': 1, 'hits': 0.0, 'tempo': 0.0, 'advantage': 0.0, 'horizon_xi': 249.74764941827937}, {'n': 2, 'hits': 4.0, 'tempo': 1.6161877311819666, 'advantage': -2.3838122688180334, 'horizon_xi': 254.9808011567606}]
00:05:47 INFO    fpl_expert.optimise.transfers | consistent valuation: [{'n': 1, 'hits': 0.0, 'tempo': 0.0, 'advantage': 0.0, 'horizon_xi': 217.1760207283852}, {'n': 2, 'hits': 4.0, 'tempo': -0.7262076516184237, 'advantage': -4.726207651618424, 'horizon_xi': 220.71714092434476}]
00:05:48 INFO    fpl_expert.optimise.transfers | consistent valuation: [{'n': 1, 'hits': 0.0, 'tempo': 0.0, 'advantage': 0.0, 'horizon_xi': 245.4430637658669}, {'n': 2, 'hits': 4.0, 'tempo': 0.4398339155418043, 'advantage': -3.5601660844581957, 'horizon_xi': 255.84767782684847}]
00:05:48 INFO    fpl_expert.optimise.transfers | consistent valuation: [{'n': 1, 'hits': 0.0, 'tempo': 0.0, 'advantage': 0.0, 'horizon_xi': 243.98595709507515}, {'n': 2, 'hits': 4.0, 'tempo': 1.7474264093867262, 'advantage': -2.252573590613274, 'horizon_xi': 252.28287179898032}]
00:05:48 INFO    fpl_expert.optimise.transfers | consistent valuation: [{'n': 1, 'hits': 0.0, 'tempo': 0.0, 'advantage': 0.0, 'horizon_xi': 244.20391711030268}, {'n': 2, 'hits': 4.0, 'tempo': 9.740500639762374, 'advantage': 5.740500639762374, 'horizon_xi': 252.27700410353174}]
00:05:48 INFO    fpl_expert.backtest.season_sim | GW32: playing triple_captain (best available (10.0 vs 9.5 remaining))
00:05:49 INFO    fpl_expert.optimise.transfers | consistent valuation: [{'n': 1, 'hits': 0.0, 'tempo': 0.0, 'advantage': 0.0, 'horizon_xi': 245.90537001895473}, {'n': 2, 'hits': 4.0, 'tempo': 5.949717892893318, 'advantage': 1.949717892893318, 'horizon_xi': 251.46309911264092}]
00:05:49 INFO    fpl_expert.optimise.transfers | consistent valuation: [{'n': 1, 'hits': 0.0, 'tempo': 0.0, 'advantage': 0.0, 'horizon_xi': 175.6920597156078}, {'n': 2, 'hits': 4.0, 'tempo': 2.6633348593400825, 'advantage': -1.3366651406599175, 'horizon_xi': 179.74945503570078}]
00:05:49 INFO    fpl_expert.optimise.transfers | consistent valuation: [{'n': 1, 'hits': 0.0, 'tempo': 0.0, 'advantage': 0.0, 'horizon_xi': 180.78535276663314}, {'n': 2, 'hits': 4.0, 'tempo': 0.4735577493225378, 'advantage': -3.526442250677462, 'horizon_xi': 182.57615759648252}]
00:05:50 INFO    fpl_expert.optimise.transfers | consistent valuation: [{'n': 1, 'hits': 0.0, 'tempo': 0.0, 'advantage': 0.0, 'horizon_xi': 147.11528060339893}, {'n': 2, 'hits': 4.0, 'tempo': 1.6160531869259884, 'advantage': -2.3839468130740116, 'horizon_xi': 150.28456798749278}]
00:05:50 INFO    fpl_expert.optimise.transfers | consistent valuation: [{'n': 1, 'hits': 0.0, 'tempo': 0.0, 'advantage': 0.0, 'horizon_xi': 107.97292149762822}, {'n': 2, 'hits': 4.0, 'tempo': 2.025122489900461, 'advantage': -1.9748775100995388, 'horizon_xi': 110.34368819519409}]
00:05:50 INFO    fpl_expert.optimise.transfers | consistent valuation: [{'n': 1, 'hits': 0.0, 'tempo': 0.0, 'advantage': 0.0, 'horizon_xi': 60.650629052689524}, {'n': 2, 'hits': 4.0, 'tempo': 0.0589787392613772, 'advantage': -3.941021260738623, 'horizon_xi': 60.7096077919509}]
00:05:50 INFO    fpl_expert.backtest.season_sim | GW38: playing bench_boost (final chance before expiry)
00:05:50 INFO    fpl_expert.backtest.ensemble | consistent path 0: 2362
00:05:51 INFO    fpl_expert.optimise.transfers | consistent valuation: [{'n': 1, 'hits': 0.0, 'tempo': 0.0, 'advantage': 0.0, 'horizon_xi': 225.95758152491933}, {'n': 2, 'hits': 4.0, 'tempo': 2.5113871572792448, 'advantage': -1.4886128427207552, 'horizon_xi': 234.5569542791082}]
00:05:52 INFO    fpl_expert.optimise.transfers | consistent valuation: [{'n': 1, 'hits': 0.0, 'tempo': 0.0, 'advantage': 0.0, 'horizon_xi': 215.3982056478776}, {'n': 2, 'hits': 4.0, 'tempo': 4.967796928371662, 'advantage': 0.9677969283716621, 'horizon_xi': 232.47000186080578}]
00:05:52 INFO    fpl_expert.optimise.transfers | consistent valuation: [{'n': 1, 'hits': 0.0, 'tempo': 0.0, 'advantage': 0.0, 'horizon_xi': 235.29719075042988}, {'n': 2, 'hits': 4.0, 'tempo': 0.16936001463831474, 'advantage': -3.8306399853616853, 'horizon_xi': 236.57084794933002}]
00:05:53 INFO    fpl_expert.optimise.transfers | consistent valuation: [{'n': 1, 'hits': 0.0, 'tempo': 0.0, 'advantage': 0.0, 'horizon_xi': 220.22484422464714}, {'n': 2, 'hits': 4.0, 'tempo': 0.8513892105160323, 'advantage': -3.1486107894839677, 'horizon_xi': 226.93501100031318}]
00:05:53 INFO    fpl_expert.optimise.transfers | consistent valuation: [{'n': 1, 'hits': 0.0, 'tempo': 0.0, 'advantage': 0.0, 'horizon_xi': 211.16090352514593}, {'n': 2, 'hits': 4.0, 'tempo': 0.0, 'advantage': -4.0, 'horizon_xi': 211.16090352514593}]
00:05:53 INFO    fpl_expert.optimise.transfers | consistent valuation: [{'n': 1, 'hits': 0.0, 'tempo': 0.0, 'advantage': 0.0, 'horizon_xi': 226.12457611732793}, {'n': 2, 'hits': 4.0, 'tempo': 0.8629719834509757, 'advantage': -3.1370280165490243, 'horizon_xi': 235.80031213170227}]
00:05:54 INFO    fpl_expert.optimise.transfers | consistent valuation: [{'n': 1, 'hits': 0.0, 'tempo': 0.0, 'advantage': 0.0, 'horizon_xi': 219.82058498068548}, {'n': 2, 'hits': 4.0, 'tempo': 1.2595172026313222, 'advantage': -2.740482797368678, 'horizon_xi': 224.6341345664325}]
00:05:54 INFO    fpl_expert.optimise.transfers | consistent valuation: [{'n': 1, 'hits': 0.0, 'tempo': 0.0, 'advantage': 0.0, 'horizon_xi': 220.3040943085931}, {'n': 2, 'hits': 4.0, 'tempo': 2.2837783368349633, 'advantage': -1.7162216631650367, 'horizon_xi': 223.57304750461654}]
00:05:54 INFO    fpl_expert.optimise.transfers | consistent valuation: [{'n': 1, 'hits': 0.0, 'tempo': 0.0, 'advantage': 0.0, 'horizon_xi': 229.88397250338747}, {'n': 2, 'hits': 4.0, 'tempo': 0.818331759195722, 'advantage': -3.181668240804278, 'horizon_xi': 232.49326697035062}]
00:05:54 INFO    fpl_expert.backtest.season_sim | GW10: playing bench_boost (best available (9.4 vs 9.2 remaining))
00:05:55 INFO    fpl_expert.optimise.transfers | consistent valuation: [{'n': 1, 'hits': 0.0, 'tempo': 0.0, 'advantage': 0.0, 'horizon_xi': 235.5613155699724}, {'n': 2, 'hits': 4.0, 'tempo': 0.9093590323995357, 'advantage': -3.0906409676004643, 'horizon_xi': 239.39361610474327}]
00:05:55 INFO    fpl_expert.optimise.transfers | consistent valuation: [{'n': 1, 'hits': 0.0, 'tempo': 0.0, 'advantage': 0.0, 'horizon_xi': 236.60087064638824}, {'n': 2, 'hits': 4.0, 'tempo': 1.300688424536105, 'advantage': -2.699311575463895, 'horizon_xi': 242.90146166806133}]
00:05:55 INFO    fpl_expert.optimise.transfers | consistent valuation: [{'n': 1, 'hits': 0.0, 'tempo': 0.0, 'advantage': 0.0, 'horizon_xi': 236.98458602548985}, {'n': 2, 'hits': 4.0, 'tempo': 1.1587961497976025, 'advantage': -2.8412038502023975, 'horizon_xi': 240.80872404080912}]
00:05:56 INFO    fpl_expert.optimise.transfers | consistent valuation: [{'n': 1, 'hits': 0.0, 'tempo': 0.0, 'advantage': 0.0, 'horizon_xi': 228.0258127285731}, {'n': 2, 'hits': 4.0, 'tempo': 1.0250941297364946, 'advantage': -2.9749058702635054, 'horizon_xi': 232.5229786095216}]
00:05:56 INFO    fpl_expert.optimise.transfers | consistent valuation: [{'n': 1, 'hits': 0.0, 'tempo': 0.0, 'advantage': 0.0, 'horizon_xi': 212.46275887590713}, {'n': 2, 'hits': 4.0, 'tempo': -1.2938387165214351, 'advantage': -5.293838716521435, 'horizon_xi': 212.86102215499076}]
00:05:56 INFO    fpl_expert.optimise.transfers | consistent valuation: [{'n': 1, 'hits': 0.0, 'tempo': 0.0, 'advantage': 0.0, 'horizon_xi': 250.71596065752252}, {'n': 2, 'hits': 4.0, 'tempo': 2.5546759932720704, 'advantage': -1.4453240067279296, 'horizon_xi': 257.45215676742527}]
00:05:57 INFO    fpl_expert.optimise.transfers | consistent valuation: [{'n': 1, 'hits': 0.0, 'tempo': 0.0, 'advantage': 0.0, 'horizon_xi': 250.2380152615372}, {'n': 2, 'hits': 4.0, 'tempo': 1.140498494561598, 'advantage': -2.859501505438402, 'horizon_xi': 252.422804599144}]
00:05:57 INFO    fpl_expert.optimise.transfers | consistent valuation: [{'n': 1, 'hits': 0.0, 'tempo': 0.0, 'advantage': 0.0, 'horizon_xi': 251.3277555524663}, {'n': 2, 'hits': 4.0, 'tempo': 2.63257317801866, 'advantage': -1.36742682198134, 'horizon_xi': 256.4673312841738}]
00:05:57 INFO    fpl_expert.backtest.season_sim | GW18: playing triple_captain (expiring in 1 gw, best remaining 8.1)
00:05:57 INFO    fpl_expert.optimise.transfers | consistent valuation: [{'n': 1, 'hits': 0.0, 'tempo': 0.0, 'advantage': 0.0, 'horizon_xi': 247.93300908762515}, {'n': 2, 'hits': 4.0, 'tempo': 0.30999941190010105, 'advantage': -3.690000588099899, 'horizon_xi': 253.39553393421875}]
00:05:57 INFO    fpl_expert.optimise.transfers | consistent valuation: [{'n': 1, 'hits': 0.0, 'tempo': 0.0, 'advantage': 0.0, 'horizon_xi': 254.1841930608116}, {'n': 2, 'hits': 4.0, 'tempo': 2.1756704438518852, 'advantage': -1.8243295561481148, 'horizon_xi': 264.50875006249885}]
00:05:58 INFO    fpl_expert.optimise.transfers | consistent valuation: [{'n': 1, 'hits': 0.0, 'tempo': 0.0, 'advantage': 0.0, 'horizon_xi': 261.45655091934066}, {'n': 2, 'hits': 4.0, 'tempo': 0.06829931374795706, 'advantage': -3.931700686252043, 'horizon_xi': 262.00808070785126}]
00:05:58 INFO    fpl_expert.optimise.transfers | consistent valuation: [{'n': 1, 'hits': 0.0, 'tempo': 0.0, 'advantage': 0.0, 'horizon_xi': 270.2959654541013}, {'n': 2, 'hits': 4.0, 'tempo': 1.7846048195224, 'advantage': -2.2153951804776, 'horizon_xi': 275.981619665754}]
00:05:58 INFO    fpl_expert.optimise.transfers | consistent valuation: [{'n': 1, 'hits': 0.0, 'tempo': 0.0, 'advantage': 0.0, 'horizon_xi': 266.79025218935334}, {'n': 2, 'hits': 4.0, 'tempo': 1.6611837210698752, 'advantage': -2.338816278930125, 'horizon_xi': 274.786879897334}]
00:05:59 INFO    fpl_expert.optimise.transfers | consistent valuation: [{'n': 1, 'hits': 0.0, 'tempo': 0.0, 'advantage': 0.0, 'horizon_xi': 283.1729750098018}, {'n': 2, 'hits': 4.0, 'tempo': 0.8027842635573137, 'advantage': -3.1972157364426863, 'horizon_xi': 286.99481573880047}]
00:05:59 INFO    fpl_expert.optimise.transfers | consistent valuation: [{'n': 1, 'hits': 0.0, 'tempo': 0.0, 'advantage': 0.0, 'horizon_xi': 267.18753548725925}, {'n': 2, 'hits': 4.0, 'tempo': 1.26327613449196, 'advantage': -2.73672386550804, 'horizon_xi': 270.2495933885996}]
00:05:59 INFO    fpl_expert.optimise.transfers | consistent valuation: [{'n': 1, 'hits': 0.0, 'tempo': 0.0, 'advantage': 0.0, 'horizon_xi': 243.8801137427477}, {'n': 2, 'hits': 4.0, 'tempo': -0.8490659513772201, 'advantage': -4.84906595137722, 'horizon_xi': 244.65790368144567}]
00:06:00 INFO    fpl_expert.optimise.transfers | consistent valuation: [{'n': 1, 'hits': 0.0, 'tempo': 0.0, 'advantage': 0.0, 'horizon_xi': 256.15659933837844}, {'n': 2, 'hits': 4.0, 'tempo': 0.2357401706860145, 'advantage': -3.7642598293139855, 'horizon_xi': 256.4731513424162}]
00:06:00 INFO    fpl_expert.optimise.transfers | consistent valuation: [{'n': 1, 'hits': 0.0, 'tempo': 0.0, 'advantage': 0.0, 'horizon_xi': 249.75843069340272}, {'n': 2, 'hits': 4.0, 'tempo': 1.599198003811324, 'advantage': -2.400801996188676, 'horizon_xi': 254.973717069095}]
00:06:01 INFO    fpl_expert.optimise.transfers | consistent valuation: [{'n': 1, 'hits': 0.0, 'tempo': 0.0, 'advantage': 0.0, 'horizon_xi': 217.19703026733248}, {'n': 2, 'hits': 4.0, 'tempo': -0.7765892265686603, 'advantage': -4.77658922656866, 'horizon_xi': 220.69802033292328}]
00:06:01 INFO    fpl_expert.optimise.transfers | consistent valuation: [{'n': 1, 'hits': 0.0, 'tempo': 0.0, 'advantage': 0.0, 'horizon_xi': 245.37907986677502}, {'n': 2, 'hits': 4.0, 'tempo': 0.4490930796753787, 'advantage': -3.5509069203246213, 'horizon_xi': 255.77356234054557}]
00:06:01 INFO    fpl_expert.optimise.transfers | consistent valuation: [{'n': 1, 'hits': 0.0, 'tempo': 0.0, 'advantage': 0.0, 'horizon_xi': 243.9182367180392}, {'n': 2, 'hits': 4.0, 'tempo': 1.7649428824995823, 'advantage': -2.2350571175004177, 'horizon_xi': 252.22165599884076}]
00:06:02 INFO    fpl_expert.optimise.transfers | consistent valuation: [{'n': 1, 'hits': 0.0, 'tempo': 0.0, 'advantage': 0.0, 'horizon_xi': 244.13121871534892}, {'n': 2, 'hits': 4.0, 'tempo': 9.727681726793747, 'advantage': 5.727681726793747, 'horizon_xi': 252.19429976269222}]
00:06:02 INFO    fpl_expert.backtest.season_sim | GW32: playing triple_captain (best available (10.0 vs 9.5 remaining))
00:06:02 INFO    fpl_expert.optimise.transfers | consistent valuation: [{'n': 1, 'hits': 0.0, 'tempo': 0.0, 'advantage': 0.0, 'horizon_xi': 245.83873334288734}, {'n': 2, 'hits': 4.0, 'tempo': 5.911206765033526, 'advantage': 1.9112067650335263, 'horizon_xi': 251.34270328173585}]
00:06:02 INFO    fpl_expert.optimise.transfers | consistent valuation: [{'n': 1, 'hits': 0.0, 'tempo': 0.0, 'advantage': 0.0, 'horizon_xi': 175.59204343291782}, {'n': 2, 'hits': 4.0, 'tempo': 2.6822712270064457, 'advantage': -1.3177287729935543, 'horizon_xi': 179.65505896702166}]
00:06:03 INFO    fpl_expert.optimise.transfers | consistent valuation: [{'n': 1, 'hits': 0.0, 'tempo': 0.0, 'advantage': 0.0, 'horizon_xi': 180.72536081884863}, {'n': 2, 'hits': 4.0, 'tempo': 0.4682587239499796, 'advantage': -3.5317412760500204, 'horizon_xi': 182.48798140573516}]
00:06:03 INFO    fpl_expert.optimise.transfers | consistent valuation: [{'n': 1, 'hits': 0.0, 'tempo': 0.0, 'advantage': 0.0, 'horizon_xi': 147.0322488518699}, {'n': 2, 'hits': 4.0, 'tempo': 1.6073056495521243, 'advantage': -2.3926943504478757, 'horizon_xi': 150.22631278903123}]
00:06:03 INFO    fpl_expert.optimise.transfers | consistent valuation: [{'n': 1, 'hits': 0.0, 'tempo': 0.0, 'advantage': 0.0, 'horizon_xi': 107.9424253687416}, {'n': 2, 'hits': 4.0, 'tempo': 2.008125653849696, 'advantage': -1.9918743461503041, 'horizon_xi': 110.29230478266041}]
00:06:03 INFO    fpl_expert.optimise.transfers | consistent valuation: [{'n': 1, 'hits': 0.0, 'tempo': 0.0, 'advantage': 0.0, 'horizon_xi': 60.64011772216413}, {'n': 2, 'hits': 4.0, 'tempo': 0.05685538347855612, 'advantage': -3.943144616521444, 'horizon_xi': 60.696973105642684}]
00:06:03 INFO    fpl_expert.backtest.season_sim | GW38: playing bench_boost (final chance before expiry)
00:06:03 INFO    fpl_expert.backtest.ensemble | consistent path 1: 2362
00:06:05 INFO    fpl_expert.optimise.transfers | consistent valuation: [{'n': 1, 'hits': 0.0, 'tempo': 0.0, 'advantage': 0.0, 'horizon_xi': 225.9233782896315}, {'n': 2, 'hits': 4.0, 'tempo': 2.507614085971028, 'advantage': -1.4923859140289721, 'horizon_xi': 234.517118288925}]
00:06:05 INFO    fpl_expert.optimise.transfers | consistent valuation: [{'n': 1, 'hits': 0.0, 'tempo': 0.0, 'advantage': 0.0, 'horizon_xi': 215.37833454234018}, {'n': 2, 'hits': 4.0, 'tempo': 4.964918358684265, 'advantage': 0.9649183586842653, 'horizon_xi': 232.43681353353446}]
00:06:06 INFO    fpl_expert.optimise.transfers | consistent valuation: [{'n': 1, 'hits': 0.0, 'tempo': 0.0, 'advantage': 0.0, 'horizon_xi': 235.28362971507423}, {'n': 2, 'hits': 4.0, 'tempo': 0.17355898962838268, 'advantage': -3.8264410103716173, 'horizon_xi': 236.56507680731295}]
00:06:06 INFO    fpl_expert.optimise.transfers | consistent valuation: [{'n': 1, 'hits': 0.0, 'tempo': 0.0, 'advantage': 0.0, 'horizon_xi': 220.2201737171987}, {'n': 2, 'hits': 4.0, 'tempo': 0.85109169722449, 'advantage': -3.14890830277551, 'horizon_xi': 226.9296106135601}]
00:06:06 INFO    fpl_expert.optimise.transfers | consistent valuation: [{'n': 1, 'hits': 0.0, 'tempo': 0.0, 'advantage': 0.0, 'horizon_xi': 211.1842422921413}, {'n': 2, 'hits': 4.0, 'tempo': -1.5002739224063149, 'advantage': -5.500273922406315, 'horizon_xi': 216.83673416151052}]
00:06:07 INFO    fpl_expert.optimise.transfers | consistent valuation: [{'n': 1, 'hits': 0.0, 'tempo': 0.0, 'advantage': 0.0, 'horizon_xi': 226.1387281675931}, {'n': 2, 'hits': 4.0, 'tempo': 0.8612050477917919, 'advantage': -3.138794952208208, 'horizon_xi': 235.84893724800548}]
00:06:07 INFO    fpl_expert.optimise.transfers | consistent valuation: [{'n': 1, 'hits': 0.0, 'tempo': 0.0, 'advantage': 0.0, 'horizon_xi': 219.82847880756114}, {'n': 2, 'hits': 4.0, 'tempo': 1.250767655374048, 'advantage': -2.749232344625952, 'horizon_xi': 224.63303213649635}]
00:06:07 INFO    fpl_expert.optimise.transfers | consistent valuation: [{'n': 1, 'hits': 0.0, 'tempo': 0.0, 'advantage': 0.0, 'horizon_xi': 220.2907965247457}, {'n': 2, 'hits': 4.0, 'tempo': 2.284108887814689, 'advantage': -1.7158911121853109, 'horizon_xi': 223.5849765723441}]
00:06:08 INFO    fpl_expert.optimise.transfers | consistent valuation: [{'n': 1, 'hits': 0.0, 'tempo': 0.0, 'advantage': 0.0, 'horizon_xi': 229.87595166337056}, {'n': 2, 'hits': 4.0, 'tempo': 0.8194479806173334, 'advantage': -3.1805520193826666, 'horizon_xi': 232.47946358276292}]
00:06:08 INFO    fpl_expert.backtest.season_sim | GW10: playing bench_boost (best available (9.4 vs 9.2 remaining))
00:06:08 INFO    fpl_expert.optimise.transfers | consistent valuation: [{'n': 1, 'hits': 0.0, 'tempo': 0.0, 'advantage': 0.0, 'horizon_xi': 235.5412056659715}, {'n': 2, 'hits': 4.0, 'tempo': 0.8959518328154275, 'advantage': -3.1040481671845725, 'horizon_xi': 239.35679414273304}]
00:06:08 INFO    fpl_expert.optimise.transfers | consistent valuation: [{'n': 1, 'hits': 0.0, 'tempo': 0.0, 'advantage': 0.0, 'horizon_xi': 236.5485034766058}, {'n': 2, 'hits': 4.0, 'tempo': 1.3104017528483425, 'advantage': -2.6895982471516575, 'horizon_xi': 242.86202649120654}]
00:06:09 INFO    fpl_expert.optimise.transfers | consistent valuation: [{'n': 1, 'hits': 0.0, 'tempo': 0.0, 'advantage': 0.0, 'horizon_xi': 236.92532615652863}, {'n': 2, 'hits': 4.0, 'tempo': 1.1551806913200267, 'advantage': -2.8448193086799733, 'horizon_xi': 240.75120978295155}]
00:06:09 INFO    fpl_expert.optimise.transfers | consistent valuation: [{'n': 1, 'hits': 0.0, 'tempo': 0.0, 'advantage': 0.0, 'horizon_xi': 227.96964410792583}, {'n': 2, 'hits': 4.0, 'tempo': 1.0147322672505226, 'advantage': -2.9852677327494774, 'horizon_xi': 232.46932568361652}]
00:06:09 INFO    fpl_expert.optimise.transfers | consistent valuation: [{'n': 1, 'hits': 0.0, 'tempo': 0.0, 'advantage': 0.0, 'horizon_xi': 212.41453398481772}, {'n': 2, 'hits': 4.0, 'tempo': -1.2839021965341715, 'advantage': -5.2839021965341715, 'horizon_xi': 212.81028197701397}]
00:06:10 INFO    fpl_expert.optimise.transfers | consistent valuation: [{'n': 1, 'hits': 0.0, 'tempo': 0.0, 'advantage': 0.0, 'horizon_xi': 250.60089957943703}, {'n': 2, 'hits': 4.0, 'tempo': 2.5612265620420516, 'advantage': -1.4387734379579484, 'horizon_xi': 257.3501673533787}]
00:06:10 INFO    fpl_expert.optimise.transfers | consistent valuation: [{'n': 1, 'hits': 0.0, 'tempo': 0.0, 'advantage': 0.0, 'horizon_xi': 250.19057095790924}, {'n': 2, 'hits': 4.0, 'tempo': 1.1384146894412766, 'advantage': -2.8615853105587234, 'horizon_xi': 252.39048227224828}]
00:06:10 INFO    fpl_expert.optimise.transfers | consistent valuation: [{'n': 1, 'hits': 0.0, 'tempo': 0.0, 'advantage': 0.0, 'horizon_xi': 251.31199634655187}, {'n': 2, 'hits': 4.0, 'tempo': 2.616353561352298, 'advantage': -1.3836464386477019, 'horizon_xi': 256.43987877763914}]
00:06:10 INFO    fpl_expert.backtest.season_sim | GW18: playing triple_captain (expiring in 1 gw, best remaining 8.1)
00:06:10 INFO    fpl_expert.optimise.transfers | consistent valuation: [{'n': 1, 'hits': 0.0, 'tempo': 0.0, 'advantage': 0.0, 'horizon_xi': 247.86337348115512}, {'n': 2, 'hits': 4.0, 'tempo': 0.30031696138554764, 'advantage': -3.6996830386144524, 'horizon_xi': 253.33555506277975}]
00:06:11 INFO    fpl_expert.optimise.transfers | consistent valuation: [{'n': 1, 'hits': 0.0, 'tempo': 0.0, 'advantage': 0.0, 'horizon_xi': 254.14542733988162}, {'n': 2, 'hits': 4.0, 'tempo': 2.1892345006250764, 'advantage': -1.8107654993749236, 'horizon_xi': 264.48023687028297}]
00:06:11 INFO    fpl_expert.optimise.transfers | consistent valuation: [{'n': 1, 'hits': 0.0, 'tempo': 0.0, 'advantage': 0.0, 'horizon_xi': 261.44050412358854}, {'n': 2, 'hits': 4.0, 'tempo': 0.0668617874991071, 'advantage': -3.933138212500893, 'horizon_xi': 262.00274198805323}]
00:06:11 INFO    fpl_expert.optimise.transfers | consistent valuation: [{'n': 1, 'hits': 0.0, 'tempo': 0.0, 'advantage': 0.0, 'horizon_xi': 270.29091854859865}, {'n': 2, 'hits': 4.0, 'tempo': 1.7805345348760966, 'advantage': -2.2194654651239034, 'horizon_xi': 275.9599840078263}]
00:06:12 INFO    fpl_expert.optimise.transfers | consistent valuation: [{'n': 1, 'hits': 0.0, 'tempo': 0.0, 'advantage': 0.0, 'horizon_xi': 266.7159735179509}, {'n': 2, 'hits': 4.0, 'tempo': 1.6651117439135774, 'advantage': -2.3348882560864226, 'horizon_xi': 274.73890752944703}]
00:06:12 INFO    fpl_expert.optimise.transfers | consistent valuation: [{'n': 1, 'hits': 0.0, 'tempo': 0.0, 'advantage': 0.0, 'horizon_xi': 283.106643832024}, {'n': 2, 'hits': 4.0, 'tempo': 0.7814345515972434, 'advantage': -3.2185654484027566, 'horizon_xi': 286.8985457134388}]
00:06:12 INFO    fpl_expert.optimise.transfers | consistent valuation: [{'n': 1, 'hits': 0.0, 'tempo': 0.0, 'advantage': 0.0, 'horizon_xi': 267.2269660782417}, {'n': 2, 'hits': 4.0, 'tempo': 1.2686519769862343, 'advantage': -2.7313480230137657, 'horizon_xi': 270.2922326800796}]
00:06:13 INFO    fpl_expert.optimise.transfers | consistent valuation: [{'n': 1, 'hits': 0.0, 'tempo': 0.0, 'advantage': 0.0, 'horizon_xi': 243.8461709369503}, {'n': 2, 'hits': 4.0, 'tempo': -0.8577062936502031, 'advantage': -4.857706293650203, 'horizon_xi': 244.63382156091265}]
00:06:13 INFO    fpl_expert.optimise.transfers | consistent valuation: [{'n': 1, 'hits': 0.0, 'tempo': 0.0, 'advantage': 0.0, 'horizon_xi': 256.07108242499754}, {'n': 2, 'hits': 4.0, 'tempo': 0.23728258835201643, 'advantage': -3.7627174116479836, 'horizon_xi': 256.388470644636}]
00:06:13 INFO    fpl_expert.optimise.transfers | consistent valuation: [{'n': 1, 'hits': 0.0, 'tempo': 0.0, 'advantage': 0.0, 'horizon_xi': 249.6359303213606}, {'n': 2, 'hits': 4.0, 'tempo': 1.598779901856446, 'advantage': -2.401220098143554, 'horizon_xi': 254.84525384093695}]
00:06:14 INFO    fpl_expert.optimise.transfers | consistent valuation: [{'n': 1, 'hits': 0.0, 'tempo': 0.0, 'advantage': 0.0, 'horizon_xi': 217.1326580832784}, {'n': 2, 'hits': 4.0, 'tempo': -0.7407354377753776, 'advantage': -4.740735437775378, 'horizon_xi': 220.65204676304933}]
00:06:14 INFO    fpl_expert.optimise.transfers | consistent valuation: [{'n': 1, 'hits': 0.0, 'tempo': 0.0, 'advantage': 0.0, 'horizon_xi': 245.3787639595027}, {'n': 2, 'hits': 4.0, 'tempo': 0.4485343975616729, 'advantage': -3.551465602438327, 'horizon_xi': 255.74168342723382}]
00:06:15 INFO    fpl_expert.optimise.transfers | consistent valuation: [{'n': 1, 'hits': 0.0, 'tempo': 0.0, 'advantage': 0.0, 'horizon_xi': 243.93377847797342}, {'n': 2, 'hits': 4.0, 'tempo': 1.753197640973731, 'advantage': -2.246802359026269, 'horizon_xi': 252.2013524829974}]
00:06:15 INFO    fpl_expert.optimise.transfers | consistent valuation: [{'n': 1, 'hits': 0.0, 'tempo': 0.0, 'advantage': 0.0, 'horizon_xi': 244.17149434583038}, {'n': 2, 'hits': 4.0, 'tempo': 9.698086312115535, 'advantage': 5.698086312115535, 'horizon_xi': 252.19156111142132}]
00:06:15 INFO    fpl_expert.backtest.season_sim | GW32: playing triple_captain (best available (10.0 vs 9.5 remaining))
00:06:15 INFO    fpl_expert.optimise.transfers | consistent valuation: [{'n': 1, 'hits': 0.0, 'tempo': 0.0, 'advantage': 0.0, 'horizon_xi': 245.81149671001168}, {'n': 2, 'hits': 4.0, 'tempo': 5.950445801852865, 'advantage': 1.9504458018528652, 'horizon_xi': 251.3791117845092}]
00:06:16 INFO    fpl_expert.optimise.transfers | consistent valuation: [{'n': 1, 'hits': 0.0, 'tempo': 0.0, 'advantage': 0.0, 'horizon_xi': 175.63122628490743}, {'n': 2, 'hits': 4.0, 'tempo': 2.6561234146531305, 'advantage': -1.3438765853468695, 'horizon_xi': 179.68035034499925}]
00:06:16 INFO    fpl_expert.optimise.transfers | consistent valuation: [{'n': 1, 'hits': 0.0, 'tempo': 0.0, 'advantage': 0.0, 'horizon_xi': 180.6867189537591}, {'n': 2, 'hits': 4.0, 'tempo': 0.4724667930155704, 'advantage': -3.5275332069844296, 'horizon_xi': 182.45495020016818}]
00:06:16 INFO    fpl_expert.optimise.transfers | consistent valuation: [{'n': 1, 'hits': 0.0, 'tempo': 0.0, 'advantage': 0.0, 'horizon_xi': 146.99512143216734}, {'n': 2, 'hits': 4.0, 'tempo': 1.6084961097501562, 'advantage': -2.3915038902498438, 'horizon_xi': 150.18560568477264}]
00:06:16 INFO    fpl_expert.optimise.transfers | consistent valuation: [{'n': 1, 'hits': 0.0, 'tempo': 0.0, 'advantage': 0.0, 'horizon_xi': 107.92103516120585}, {'n': 2, 'hits': 4.0, 'tempo': 1.4789510748487658, 'advantage': -2.5210489251512342, 'horizon_xi': 109.39998623605462}]
00:06:17 INFO    fpl_expert.optimise.transfers | consistent valuation: [{'n': 1, 'hits': 0.0, 'tempo': 0.0, 'advantage': 0.0, 'horizon_xi': 60.610398508706474}, {'n': 2, 'hits': 4.0, 'tempo': 0.060886527021587256, 'advantage': -3.9391134729784127, 'horizon_xi': 60.67128503572806}]
00:06:17 INFO    fpl_expert.backtest.season_sim | GW38: playing bench_boost (final chance before expiry)
00:06:17 INFO    fpl_expert.backtest.ensemble | consistent path 2: 2362
00:06:18 INFO    fpl_expert.optimise.transfers | consistent valuation: [{'n': 1, 'hits': 0.0, 'tempo': 0.0, 'advantage': 0.0, 'horizon_xi': 225.93146900517132}, {'n': 2, 'hits': 4.0, 'tempo': 2.5060371957095313, 'advantage': -1.4939628042904687, 'horizon_xi': 234.51913552404284}]
00:06:18 INFO    fpl_expert.optimise.transfers | consistent valuation: [{'n': 1, 'hits': 0.0, 'tempo': 0.0, 'advantage': 0.0, 'horizon_xi': 215.36007918907998}, {'n': 2, 'hits': 4.0, 'tempo': 4.927375320555356, 'advantage': 0.9273753205553561, 'horizon_xi': 232.3894555848692}]
00:06:19 INFO    fpl_expert.optimise.transfers | consistent valuation: [{'n': 1, 'hits': 0.0, 'tempo': 0.0, 'advantage': 0.0, 'horizon_xi': 235.27040384540277}, {'n': 2, 'hits': 4.0, 'tempo': 0.17445300842148015, 'advantage': -3.82554699157852, 'horizon_xi': 236.54934318871432}]
00:06:19 INFO    fpl_expert.optimise.transfers | consistent valuation: [{'n': 1, 'hits': 0.0, 'tempo': 0.0, 'advantage': 0.0, 'horizon_xi': 220.2352892362638}, {'n': 2, 'hits': 4.0, 'tempo': 0.8404349428147668, 'advantage': -3.159565057185233, 'horizon_xi': 226.93755946743883}]
00:06:19 INFO    fpl_expert.optimise.transfers | consistent valuation: [{'n': 1, 'hits': 0.0, 'tempo': 0.0, 'advantage': 0.0, 'horizon_xi': 211.1765172853812}, {'n': 2, 'hits': 4.0, 'tempo': 0.0, 'advantage': -4.0, 'horizon_xi': 211.1765172853812}]
00:06:20 INFO    fpl_expert.optimise.transfers | consistent valuation: [{'n': 1, 'hits': 0.0, 'tempo': 0.0, 'advantage': 0.0, 'horizon_xi': 226.16886431024938}, {'n': 2, 'hits': 4.0, 'tempo': 0.837556044139113, 'advantage': -3.162443955860887, 'horizon_xi': 235.7994253970316}]
00:06:20 INFO    fpl_expert.optimise.transfers | consistent valuation: [{'n': 1, 'hits': 0.0, 'tempo': 0.0, 'advantage': 0.0, 'horizon_xi': 219.86308098912136}, {'n': 2, 'hits': 4.0, 'tempo': 1.2489251123493972, 'advantage': -2.751074887650603, 'horizon_xi': 224.6577990585119}]
00:06:21 INFO    fpl_expert.optimise.transfers | consistent valuation: [{'n': 1, 'hits': 0.0, 'tempo': 0.0, 'advantage': 0.0, 'horizon_xi': 220.34779065453645}, {'n': 2, 'hits': 4.0, 'tempo': 2.2877565959959796, 'advantage': -1.7122434040040204, 'horizon_xi': 223.61978552014864}]
00:06:21 INFO    fpl_expert.optimise.transfers | consistent valuation: [{'n': 1, 'hits': 0.0, 'tempo': 0.0, 'advantage': 0.0, 'horizon_xi': 229.90062117209055}, {'n': 2, 'hits': 4.0, 'tempo': 0.8165400662702069, 'advantage': -3.183459933729793, 'horizon_xi': 232.4930824640957}]
00:06:21 INFO    fpl_expert.backtest.season_sim | GW10: playing bench_boost (best available (9.4 vs 9.2 remaining))
00:06:21 INFO    fpl_expert.optimise.transfers | consistent valuation: [{'n': 1, 'hits': 0.0, 'tempo': 0.0, 'advantage': 0.0, 'horizon_xi': 235.5603116229148}, {'n': 2, 'hits': 4.0, 'tempo': 0.9132192434927617, 'advantage': -3.0867807565072383, 'horizon_xi': 239.3881570272692}]
00:06:22 INFO    fpl_expert.optimise.transfers | consistent valuation: [{'n': 1, 'hits': 0.0, 'tempo': 0.0, 'advantage': 0.0, 'horizon_xi': 236.6089804390307}, {'n': 2, 'hits': 4.0, 'tempo': 1.3180581969724585, 'advantage': -2.6819418030275415, 'horizon_xi': 242.9124611050097}]
00:06:22 INFO    fpl_expert.optimise.transfers | consistent valuation: [{'n': 1, 'hits': 0.0, 'tempo': 0.0, 'advantage': 0.0, 'horizon_xi': 236.99115706858439}, {'n': 2, 'hits': 4.0, 'tempo': 1.1610725044854178, 'advantage': -2.8389274955145822, 'horizon_xi': 240.80839738384424}]
00:06:22 INFO    fpl_expert.optimise.transfers | consistent valuation: [{'n': 1, 'hits': 0.0, 'tempo': 0.0, 'advantage': 0.0, 'horizon_xi': 228.01946455770937}, {'n': 2, 'hits': 4.0, 'tempo': 1.0078688840762382, 'advantage': -2.992131115923762, 'horizon_xi': 232.51605386913033}]
00:06:23 INFO    fpl_expert.optimise.transfers | consistent valuation: [{'n': 1, 'hits': 0.0, 'tempo': 0.0, 'advantage': 0.0, 'horizon_xi': 212.43395560278606}, {'n': 2, 'hits': 4.0, 'tempo': -1.301133200284447, 'advantage': -5.301133200284447, 'horizon_xi': 212.82745524239695}]
00:06:23 INFO    fpl_expert.optimise.transfers | consistent valuation: [{'n': 1, 'hits': 0.0, 'tempo': 0.0, 'advantage': 0.0, 'horizon_xi': 250.684374633583}, {'n': 2, 'hits': 4.0, 'tempo': 2.554172601705446, 'advantage': -1.4458273982945542, 'horizon_xi': 257.4165884641094}]
00:06:23 INFO    fpl_expert.optimise.transfers | consistent valuation: [{'n': 1, 'hits': 0.0, 'tempo': 0.0, 'advantage': 0.0, 'horizon_xi': 250.23702465466536}, {'n': 2, 'hits': 4.0, 'tempo': 1.1356845028453861, 'advantage': -2.864315497154614, 'horizon_xi': 252.43507354565122}]
00:06:23 INFO    fpl_expert.optimise.transfers | consistent valuation: [{'n': 1, 'hits': 0.0, 'tempo': 0.0, 'advantage': 0.0, 'horizon_xi': 251.35599020365893}, {'n': 2, 'hits': 4.0, 'tempo': 2.6383084588573666, 'advantage': -1.3616915411426334, 'horizon_xi': 256.5016231166507}]
00:06:23 INFO    fpl_expert.backtest.season_sim | GW18: playing triple_captain (expiring in 1 gw, best remaining 8.1)
00:06:24 INFO    fpl_expert.optimise.transfers | consistent valuation: [{'n': 1, 'hits': 0.0, 'tempo': 0.0, 'advantage': 0.0, 'horizon_xi': 247.92239996937082}, {'n': 2, 'hits': 4.0, 'tempo': 0.2960032220037192, 'advantage': -3.703996777996281, 'horizon_xi': 253.3670346798027}]
00:06:24 INFO    fpl_expert.optimise.transfers | consistent valuation: [{'n': 1, 'hits': 0.0, 'tempo': 0.0, 'advantage': 0.0, 'horizon_xi': 254.1833974314701}, {'n': 2, 'hits': 4.0, 'tempo': 2.176328673725962, 'advantage': -1.823671326274038, 'horizon_xi': 264.5027484487116}]
00:06:24 INFO    fpl_expert.optimise.transfers | consistent valuation: [{'n': 1, 'hits': 0.0, 'tempo': 0.0, 'advantage': 0.0, 'horizon_xi': 261.4591868713348}, {'n': 2, 'hits': 4.0, 'tempo': 0.07017422081545988, 'advantage': -3.92982577918454, 'horizon_xi': 262.0200618156098}]
00:06:25 INFO    fpl_expert.optimise.transfers | consistent valuation: [{'n': 1, 'hits': 0.0, 'tempo': 0.0, 'advantage': 0.0, 'horizon_xi': 270.2793820618686}, {'n': 2, 'hits': 4.0, 'tempo': 1.7843758715870166, 'advantage': -2.2156241284129834, 'horizon_xi': 275.95395473238915}]
00:06:25 INFO    fpl_expert.optimise.transfers | consistent valuation: [{'n': 1, 'hits': 0.0, 'tempo': 0.0, 'advantage': 0.0, 'horizon_xi': 266.6936965204001}, {'n': 2, 'hits': 4.0, 'tempo': 1.6615499017163344, 'advantage': -2.3384500982836656, 'horizon_xi': 274.69088224875674}]
00:06:25 INFO    fpl_expert.optimise.transfers | consistent valuation: [{'n': 1, 'hits': 0.0, 'tempo': 0.0, 'advantage': 0.0, 'horizon_xi': 283.03559759566224}, {'n': 2, 'hits': 4.0, 'tempo': 0.7693251649622823, 'advantage': -3.2306748350377177, 'horizon_xi': 286.8249296584289}]
00:06:26 INFO    fpl_expert.optimise.transfers | consistent valuation: [{'n': 1, 'hits': 0.0, 'tempo': 0.0, 'advantage': 0.0, 'horizon_xi': 267.1698720129569}, {'n': 2, 'hits': 4.0, 'tempo': 1.270838515541584, 'advantage': -2.729161484458416, 'horizon_xi': 270.2302561875238}]
00:06:26 INFO    fpl_expert.optimise.transfers | consistent valuation: [{'n': 1, 'hits': 0.0, 'tempo': 0.0, 'advantage': 0.0, 'horizon_xi': 243.84492979578852}, {'n': 2, 'hits': 4.0, 'tempo': -0.8312505963502304, 'advantage': -4.83125059635023, 'horizon_xi': 244.66100314128533}]
00:06:26 INFO    fpl_expert.optimise.transfers | consistent valuation: [{'n': 1, 'hits': 0.0, 'tempo': 0.0, 'advantage': 0.0, 'horizon_xi': 256.10804982454954}, {'n': 2, 'hits': 4.0, 'tempo': 0.23567681970536114, 'advantage': -3.764323180294639, 'horizon_xi': 256.432370456707}]
00:06:27 INFO    fpl_expert.optimise.transfers | consistent valuation: [{'n': 1, 'hits': 0.0, 'tempo': 0.0, 'advantage': 0.0, 'horizon_xi': 249.7034564447557}, {'n': 2, 'hits': 4.0, 'tempo': 1.607455361071473, 'advantage': -2.392544638928527, 'horizon_xi': 254.92218285129917}]
00:06:27 INFO    fpl_expert.optimise.transfers | consistent valuation: [{'n': 1, 'hits': 0.0, 'tempo': 0.0, 'advantage': 0.0, 'horizon_xi': 217.15584056150016}, {'n': 2, 'hits': 4.0, 'tempo': -0.7780602767868174, 'advantage': -4.778060276786817, 'horizon_xi': 220.6283494158821}]
00:06:27 INFO    fpl_expert.optimise.transfers | consistent valuation: [{'n': 1, 'hits': 0.0, 'tempo': 0.0, 'advantage': 0.0, 'horizon_xi': 245.42120247962384}, {'n': 2, 'hits': 4.0, 'tempo': 0.4475852143178969, 'advantage': -3.552414785682103, 'horizon_xi': 255.82233418906176}]
00:06:28 INFO    fpl_expert.optimise.transfers | consistent valuation: [{'n': 1, 'hits': 0.0, 'tempo': 0.0, 'advantage': 0.0, 'horizon_xi': 243.95201460702015}, {'n': 2, 'hits': 4.0, 'tempo': 1.7463216696496318, 'advantage': -2.2536783303503682, 'horizon_xi': 252.2500545809429}]
00:06:28 INFO    fpl_expert.optimise.transfers | consistent valuation: [{'n': 1, 'hits': 0.0, 'tempo': 0.0, 'advantage': 0.0, 'horizon_xi': 244.136179626248}, {'n': 2, 'hits': 4.0, 'tempo': 9.719314263695694, 'advantage': 5.7193142636956935, 'horizon_xi': 252.1755792154365}]
00:06:28 INFO    fpl_expert.backtest.season_sim | GW32: playing triple_captain (best available (10.0 vs 9.5 remaining))
00:06:29 INFO    fpl_expert.optimise.transfers | consistent valuation: [{'n': 1, 'hits': 0.0, 'tempo': 0.0, 'advantage': 0.0, 'horizon_xi': 245.78894894494073}, {'n': 2, 'hits': 4.0, 'tempo': 5.9588809690873745, 'advantage': 1.9588809690873745, 'horizon_xi': 251.3537769765888}]
00:06:29 INFO    fpl_expert.optimise.transfers | consistent valuation: [{'n': 1, 'hits': 0.0, 'tempo': 0.0, 'advantage': 0.0, 'horizon_xi': 175.57439455381888}, {'n': 2, 'hits': 4.0, 'tempo': 2.6686939669277194, 'advantage': -1.3313060330722806, 'horizon_xi': 179.6287777028137}]
00:06:29 INFO    fpl_expert.optimise.transfers | consistent valuation: [{'n': 1, 'hits': 0.0, 'tempo': 0.0, 'advantage': 0.0, 'horizon_xi': 180.72818868730275}, {'n': 2, 'hits': 4.0, 'tempo': 0.46398190545521345, 'advantage': -3.5360180945447865, 'horizon_xi': 182.49947773279172}]
00:06:29 INFO    fpl_expert.optimise.transfers | consistent valuation: [{'n': 1, 'hits': 0.0, 'tempo': 0.0, 'advantage': 0.0, 'horizon_xi': 147.03771517879596}, {'n': 2, 'hits': 4.0, 'tempo': 1.6054853444021404, 'advantage': -2.3945146555978596, 'horizon_xi': 150.20946126242697}]
00:06:30 INFO    fpl_expert.optimise.transfers | consistent valuation: [{'n': 1, 'hits': 0.0, 'tempo': 0.0, 'advantage': 0.0, 'horizon_xi': 107.93820066170184}, {'n': 2, 'hits': 4.0, 'tempo': 1.9966861504782258, 'advantage': -2.003313849521774, 'horizon_xi': 110.28249688323885}]
00:06:30 INFO    fpl_expert.optimise.transfers | consistent valuation: [{'n': 1, 'hits': 0.0, 'tempo': 0.0, 'advantage': 0.0, 'horizon_xi': 60.64102260043784}, {'n': 2, 'hits': 4.0, 'tempo': 0.06843467938831793, 'advantage': -3.931565320611682, 'horizon_xi': 60.70945727982616}]
00:06:30 INFO    fpl_expert.backtest.season_sim | GW38: playing bench_boost (final chance before expiry)
00:06:30 INFO    fpl_expert.backtest.ensemble | consistent path 3: 2362
00:06:31 INFO    fpl_expert.optimise.transfers | consistent valuation: [{'n': 1, 'hits': 0.0, 'tempo': 0.0, 'advantage': 0.0, 'horizon_xi': 238.02142778216495}, {'n': 2, 'hits': 4.0, 'tempo': 0.0, 'advantage': -4.0, 'horizon_xi': 238.71363638679674}]
00:06:32 INFO    fpl_expert.optimise.transfers | consistent valuation: [{'n': 1, 'hits': 0.0, 'tempo': 0.0, 'advantage': 0.0, 'horizon_xi': 228.37292424500484}, {'n': 2, 'hits': 4.0, 'tempo': 1.4860456188338773, 'advantage': -2.5139543811661227, 'horizon_xi': 237.03541046764647}]
00:06:32 INFO    fpl_expert.optimise.transfers | consistent valuation: [{'n': 1, 'hits': 0.0, 'tempo': 0.0, 'advantage': 0.0, 'horizon_xi': 234.65655857654346}, {'n': 2, 'hits': 4.0, 'tempo': 2.474864959992793, 'advantage': -1.525135040007207, 'horizon_xi': 242.22608364963608}]
00:06:33 INFO    fpl_expert.optimise.transfers | consistent valuation: [{'n': 1, 'hits': 0.0, 'tempo': 0.0, 'advantage': 0.0, 'horizon_xi': 223.67054674933638}, {'n': 2, 'hits': 4.0, 'tempo': 0.352609180108054, 'advantage': -3.647390819891946, 'horizon_xi': 228.3111250349316}]
00:06:33 INFO    fpl_expert.optimise.transfers | consistent valuation: [{'n': 1, 'hits': 0.0, 'tempo': 0.0, 'advantage': 0.0, 'horizon_xi': 219.81741241748261}, {'n': 2, 'hits': 4.0, 'tempo': 1.2023590260367456, 'advantage': -2.7976409739632544, 'horizon_xi': 221.7199323513224}]
00:06:33 INFO    fpl_expert.optimise.transfers | consistent valuation: [{'n': 1, 'hits': 0.0, 'tempo': 0.0, 'advantage': 0.0, 'horizon_xi': 227.90030119281082}, {'n': 2, 'hits': 4.0, 'tempo': 0.8637332702988658, 'advantage': -3.136266729701134, 'horizon_xi': 237.56707051795306}]
00:06:34 INFO    fpl_expert.optimise.transfers | consistent valuation: [{'n': 1, 'hits': 0.0, 'tempo': 0.0, 'advantage': 0.0, 'horizon_xi': 223.36893096504826}, {'n': 2, 'hits': 4.0, 'tempo': 1.1568830995978203, 'advantage': -2.8431169004021797, 'horizon_xi': 228.6778965833128}]
00:06:34 INFO    fpl_expert.optimise.transfers | consistent valuation: [{'n': 1, 'hits': 0.0, 'tempo': 0.0, 'advantage': 0.0, 'horizon_xi': 227.07803806662608}, {'n': 2, 'hits': 4.0, 'tempo': 2.5903340950966793, 'advantage': -1.4096659049033207, 'horizon_xi': 234.23167001420614}]
00:06:34 INFO    fpl_expert.optimise.transfers | consistent valuation: [{'n': 1, 'hits': 0.0, 'tempo': 0.0, 'advantage': 0.0, 'horizon_xi': 234.32092384479262}, {'n': 2, 'hits': 4.0, 'tempo': -0.018166374186165513, 'advantage': -4.0181663741861655, 'horizon_xi': 235.75897436717304}]
00:06:35 INFO    fpl_expert.optimise.transfers | consistent valuation: [{'n': 1, 'hits': 0.0, 'tempo': 0.0, 'advantage': 0.0, 'horizon_xi': 233.74325413014037}, {'n': 2, 'hits': 4.0, 'tempo': 0.8614708795973343, 'advantage': -3.1385291204026657, 'horizon_xi': 236.51023053576404}]
00:06:35 INFO    fpl_expert.optimise.transfers | consistent valuation: [{'n': 1, 'hits': 0.0, 'tempo': 0.0, 'advantage': 0.0, 'horizon_xi': 236.3292426986665}, {'n': 2, 'hits': 4.0, 'tempo': 1.52411139526221, 'advantage': -2.47588860473779, 'horizon_xi': 242.30090572905542}]
00:06:35 INFO    fpl_expert.optimise.transfers | consistent valuation: [{'n': 1, 'hits': 0.0, 'tempo': 0.0, 'advantage': 0.0, 'horizon_xi': 229.5384358027824}, {'n': 2, 'hits': 4.0, 'tempo': 1.5412229475895671, 'advantage': -2.458777052410433, 'horizon_xi': 236.92077332301088}]
00:06:36 INFO    fpl_expert.optimise.transfers | consistent valuation: [{'n': 1, 'hits': 0.0, 'tempo': 0.0, 'advantage': 0.0, 'horizon_xi': 230.3790503087947}, {'n': 2, 'hits': 4.0, 'tempo': 1.8443471627003234, 'advantage': -2.1556528372996766, 'horizon_xi': 235.87956933134114}]
00:06:36 INFO    fpl_expert.optimise.transfers | consistent valuation: [{'n': 1, 'hits': 0.0, 'tempo': 0.0, 'advantage': 0.0, 'horizon_xi': 213.46142246582917}, {'n': 2, 'hits': 4.0, 'tempo': 0.9942278131405118, 'advantage': -3.005772186859488, 'horizon_xi': 218.07005672096867}]
00:06:36 INFO    fpl_expert.optimise.transfers | consistent valuation: [{'n': 1, 'hits': 0.0, 'tempo': 0.0, 'advantage': 0.0, 'horizon_xi': 257.8597519574337}, {'n': 2, 'hits': 4.0, 'tempo': 0.0, 'advantage': -4.0, 'horizon_xi': 257.8385928977772}]
00:06:36 INFO    fpl_expert.backtest.season_sim | GW16: playing bench_boost (expiring in 3 gw, best remaining 11.5)
00:06:37 INFO    fpl_expert.optimise.transfers | consistent valuation: [{'n': 1, 'hits': 0.0, 'tempo': 0.0, 'advantage': 0.0, 'horizon_xi': 255.23524792969394}, {'n': 2, 'hits': 4.0, 'tempo': -0.8827490730134571, 'advantage': -4.882749073013457, 'horizon_xi': 253.51553034201748}]
00:06:37 INFO    fpl_expert.optimise.transfers | consistent valuation: [{'n': 1, 'hits': 0.0, 'tempo': 0.0, 'advantage': 0.0, 'horizon_xi': 251.3082775913872}, {'n': 2, 'hits': 4.0, 'tempo': -0.04211680699211229, 'advantage': -4.042116806992112, 'horizon_xi': 254.55282205743896}]
00:06:37 INFO    fpl_expert.backtest.season_sim | GW18: playing triple_captain (expiring in 1 gw, best remaining 8.1)
00:06:37 INFO    fpl_expert.optimise.transfers | consistent valuation: [{'n': 1, 'hits': 0.0, 'tempo': 0.0, 'advantage': 0.0, 'horizon_xi': 252.1564357680891}, {'n': 2, 'hits': 4.0, 'tempo': 0.0, 'advantage': -4.0, 'horizon_xi': 253.0447030198533}]
00:06:37 INFO    fpl_expert.optimise.transfers | consistent valuation: [{'n': 1, 'hits': 0.0, 'tempo': 0.0, 'advantage': 0.0, 'horizon_xi': 256.658243011487}, {'n': 2, 'hits': 4.0, 'tempo': -0.5055553717860164, 'advantage': -4.505555371786016, 'horizon_xi': 264.17088194705156}]
00:06:38 INFO    fpl_expert.optimise.transfers | consistent valuation: [{'n': 1, 'hits': 0.0, 'tempo': 0.0, 'advantage': 0.0, 'horizon_xi': 267.42273775885144}, {'n': 2, 'hits': 4.0, 'tempo': 0.12674400243776063, 'advantage': -3.8732559975622394, 'horizon_xi': 272.43740045842287}]
00:06:38 INFO    fpl_expert.optimise.transfers | consistent valuation: [{'n': 1, 'hits': 0.0, 'tempo': 0.0, 'advantage': 0.0, 'horizon_xi': 275.30738390180886}, {'n': 2, 'hits': 4.0, 'tempo': -0.2801544245180594, 'advantage': -4.280154424518059, 'horizon_xi': 282.9763243738458}]
00:06:39 INFO    fpl_expert.optimise.transfers | consistent valuation: [{'n': 1, 'hits': 0.0, 'tempo': 0.0, 'advantage': 0.0, 'horizon_xi': 269.8710271780119}, {'n': 2, 'hits': 4.0, 'tempo': 1.8686649649787626, 'advantage': -2.1313350350212374, 'horizon_xi': 278.55688031788293}]
00:06:39 INFO    fpl_expert.optimise.transfers | consistent valuation: [{'n': 1, 'hits': 0.0, 'tempo': 0.0, 'advantage': 0.0, 'horizon_xi': 284.7190779377879}, {'n': 2, 'hits': 4.0, 'tempo': 0.23044284194115505, 'advantage': -3.769557158058845, 'horizon_xi': 290.6177354964661}]
00:06:39 INFO    fpl_expert.optimise.transfers | consistent valuation: [{'n': 1, 'hits': 0.0, 'tempo': 0.0, 'advantage': 0.0, 'horizon_xi': 262.75756562846976}, {'n': 2, 'hits': 4.0, 'tempo': -1.4658990035157586, 'advantage': -5.465899003515759, 'horizon_xi': 264.4642413222145}]
00:06:40 INFO    fpl_expert.optimise.transfers | consistent valuation: [{'n': 1, 'hits': 0.0, 'tempo': 0.0, 'advantage': 0.0, 'horizon_xi': 234.78442341141735}, {'n': 2, 'hits': 4.0, 'tempo': 1.6312419394931368, 'advantage': -2.368758060506863, 'horizon_xi': 238.93319066112318}]
00:06:40 INFO    fpl_expert.optimise.transfers | consistent valuation: [{'n': 1, 'hits': 0.0, 'tempo': 0.0, 'advantage': 0.0, 'horizon_xi': 248.90466862763975}, {'n': 2, 'hits': 4.0, 'tempo': 0.5134139758872891, 'advantage': -3.486586024112711, 'horizon_xi': 251.6819188279922}]
00:06:40 INFO    fpl_expert.optimise.transfers | consistent valuation: [{'n': 1, 'hits': 0.0, 'tempo': 0.0, 'advantage': 0.0, 'horizon_xi': 242.88846008828648}, {'n': 2, 'hits': 4.0, 'tempo': 0.4936586408733916, 'advantage': -3.5063413591266084, 'horizon_xi': 245.08203079298676}]
00:06:41 INFO    fpl_expert.optimise.transfers | consistent valuation: [{'n': 1, 'hits': 0.0, 'tempo': 0.0, 'advantage': 0.0, 'horizon_xi': 206.5372188187292}, {'n': 2, 'hits': 4.0, 'tempo': 1.9910690928850414, 'advantage': -2.0089309071149586, 'horizon_xi': 208.97060455450926}]
00:06:41 INFO    fpl_expert.optimise.transfers | consistent valuation: [{'n': 1, 'hits': 0.0, 'tempo': 0.0, 'advantage': 0.0, 'horizon_xi': 236.46626140103737}, {'n': 2, 'hits': 4.0, 'tempo': 1.8158970524820361, 'advantage': -2.184102947517964, 'horizon_xi': 249.2560559243716}]
00:06:41 INFO    fpl_expert.optimise.transfers | consistent valuation: [{'n': 1, 'hits': 0.0, 'tempo': 0.0, 'advantage': 0.0, 'horizon_xi': 231.63236397144536}, {'n': 2, 'hits': 4.0, 'tempo': 2.022659453252558, 'advantage': -1.9773405467474419, 'horizon_xi': 243.44706864869303}]
00:06:42 INFO    fpl_expert.optimise.transfers | consistent valuation: [{'n': 1, 'hits': 0.0, 'tempo': 0.0, 'advantage': 0.0, 'horizon_xi': 239.2310541333531}, {'n': 2, 'hits': 4.0, 'tempo': 9.202187902385539, 'advantage': 5.202187902385539, 'horizon_xi': 244.26713785501912}]
00:06:42 INFO    fpl_expert.backtest.season_sim | GW32: playing bench_boost (best available (10.8 vs 10.5 remaining))
00:06:42 INFO    fpl_expert.optimise.transfers | consistent valuation: [{'n': 1, 'hits': 0.0, 'tempo': 0.0, 'advantage': 0.0, 'horizon_xi': 244.71829988923244}, {'n': 2, 'hits': 4.0, 'tempo': 1.4037110990377357, 'advantage': -2.5962889009622643, 'horizon_xi': 251.3953188832067}]
00:06:42 INFO    fpl_expert.backtest.season_sim | GW33: playing triple_captain (best available (9.5 vs 9.2 remaining))
00:06:42 INFO    fpl_expert.optimise.transfers | consistent valuation: [{'n': 1, 'hits': 0.0, 'tempo': 0.0, 'advantage': 0.0, 'horizon_xi': 190.43993598122674}, {'n': 2, 'hits': 4.0, 'tempo': 0.9904035408822693, 'advantage': -3.0095964591177307, 'horizon_xi': 193.51037849263193}]
00:06:43 INFO    fpl_expert.optimise.transfers | consistent valuation: [{'n': 1, 'hits': 0.0, 'tempo': 0.0, 'advantage': 0.0, 'horizon_xi': 176.95375890562858}, {'n': 2, 'hits': 4.0, 'tempo': 2.8334343430906372, 'advantage': -1.1665656569093628, 'horizon_xi': 184.14407855718784}]
00:06:43 INFO    fpl_expert.optimise.transfers | consistent valuation: [{'n': 1, 'hits': 0.0, 'tempo': 0.0, 'advantage': 0.0, 'horizon_xi': 148.83975330707247}, {'n': 2, 'hits': 4.0, 'tempo': 0.6114387926626392, 'advantage': -3.3885612073373608, 'horizon_xi': 149.75186684445868}]
00:06:43 INFO    fpl_expert.optimise.transfers | consistent valuation: [{'n': 1, 'hits': 0.0, 'tempo': 0.0, 'advantage': 0.0, 'horizon_xi': 109.0695110554293}, {'n': 2, 'hits': 4.0, 'tempo': 1.7093390240041586, 'advantage': -2.2906609759958414, 'horizon_xi': 110.37911297046024}]
00:06:43 INFO    fpl_expert.optimise.transfers | consistent valuation: [{'n': 1, 'hits': 0.0, 'tempo': 0.0, 'advantage': 0.0, 'horizon_xi': 59.938497809283376}, {'n': 2, 'hits': 4.0, 'tempo': 1.2728602691522184, 'advantage': -2.7271397308477816, 'horizon_xi': 61.211358078435595}]
00:06:43 INFO    fpl_expert.backtest.ensemble | consistent path 4: 2282
00:06:45 INFO    fpl_expert.optimise.transfers | consistent valuation: [{'n': 1, 'hits': 0.0, 'tempo': 0.0, 'advantage': 0.0, 'horizon_xi': 225.9657411637697}, {'n': 2, 'hits': 4.0, 'tempo': 2.5139546002016573, 'advantage': -1.4860453997983427, 'horizon_xi': 234.57218277131642}]
00:06:45 INFO    fpl_expert.optimise.transfers | consistent valuation: [{'n': 1, 'hits': 0.0, 'tempo': 0.0, 'advantage': 0.0, 'horizon_xi': 215.38621063368242}, {'n': 2, 'hits': 4.0, 'tempo': 4.945928648577265, 'advantage': 0.9459286485772651, 'horizon_xi': 232.44820500459008}]
00:06:45 INFO    fpl_expert.optimise.transfers | consistent valuation: [{'n': 1, 'hits': 0.0, 'tempo': 0.0, 'advantage': 0.0, 'horizon_xi': 235.30155448423187}, {'n': 2, 'hits': 4.0, 'tempo': 0.1728847522083541, 'advantage': -3.827115247791646, 'horizon_xi': 236.5815622947253}]
00:06:46 INFO    fpl_expert.optimise.transfers | consistent valuation: [{'n': 1, 'hits': 0.0, 'tempo': 0.0, 'advantage': 0.0, 'horizon_xi': 220.23404013215554}, {'n': 2, 'hits': 4.0, 'tempo': 0.8570547785496387, 'advantage': -3.1429452214503613, 'horizon_xi': 226.95181717655453}]
00:06:46 INFO    fpl_expert.optimise.transfers | consistent valuation: [{'n': 1, 'hits': 0.0, 'tempo': 0.0, 'advantage': 0.0, 'horizon_xi': 211.16571506323368}, {'n': 2, 'hits': 4.0, 'tempo': -1.455022867900567, 'advantage': -5.455022867900567, 'horizon_xi': 216.81765014938173}]
00:06:47 INFO    fpl_expert.optimise.transfers | consistent valuation: [{'n': 1, 'hits': 0.0, 'tempo': 0.0, 'advantage': 0.0, 'horizon_xi': 226.17630861346095}, {'n': 2, 'hits': 4.0, 'tempo': 0.856542828633593, 'advantage': -3.143457171366407, 'horizon_xi': 235.81461201989168}]
00:06:47 INFO    fpl_expert.optimise.transfers | consistent valuation: [{'n': 1, 'hits': 0.0, 'tempo': 0.0, 'advantage': 0.0, 'horizon_xi': 219.8636855994597}, {'n': 2, 'hits': 4.0, 'tempo': 1.2526642235759624, 'advantage': -2.7473357764240376, 'horizon_xi': 224.66496764745992}]
00:06:47 INFO    fpl_expert.optimise.transfers | consistent valuation: [{'n': 1, 'hits': 0.0, 'tempo': 0.0, 'advantage': 0.0, 'horizon_xi': 220.33367084739638}, {'n': 2, 'hits': 4.0, 'tempo': 2.287275119223075, 'advantage': -1.7127248807769249, 'horizon_xi': 223.6173246073212}]
00:06:48 INFO    fpl_expert.optimise.transfers | consistent valuation: [{'n': 1, 'hits': 0.0, 'tempo': 0.0, 'advantage': 0.0, 'horizon_xi': 229.91500772548977}, {'n': 2, 'hits': 4.0, 'tempo': 0.8216265342843911, 'advantage': -3.178373465715609, 'horizon_xi': 232.51970285099586}]
00:06:48 INFO    fpl_expert.backtest.season_sim | GW10: playing bench_boost (best available (9.5 vs 9.2 remaining))
00:06:48 INFO    fpl_expert.optimise.transfers | consistent valuation: [{'n': 1, 'hits': 0.0, 'tempo': 0.0, 'advantage': 0.0, 'horizon_xi': 235.59836913249006}, {'n': 2, 'hits': 4.0, 'tempo': 0.9127136201506545, 'advantage': -3.0872863798493455, 'horizon_xi': 239.4351352897767}]
00:06:48 INFO    fpl_expert.optimise.transfers | consistent valuation: [{'n': 1, 'hits': 0.0, 'tempo': 0.0, 'advantage': 0.0, 'horizon_xi': 236.59692594560778}, {'n': 2, 'hits': 4.0, 'tempo': 1.3199126050417505, 'advantage': -2.6800873949582495, 'horizon_xi': 242.89263268318973}]
00:06:49 INFO    fpl_expert.optimise.transfers | consistent valuation: [{'n': 1, 'hits': 0.0, 'tempo': 0.0, 'advantage': 0.0, 'horizon_xi': 236.90572561294587}, {'n': 2, 'hits': 4.0, 'tempo': 1.1607944502463283, 'advantage': -2.8392055497536717, 'horizon_xi': 240.7273085885342}]
00:06:49 INFO    fpl_expert.optimise.transfers | consistent valuation: [{'n': 1, 'hits': 0.0, 'tempo': 0.0, 'advantage': 0.0, 'horizon_xi': 228.00672406393042}, {'n': 2, 'hits': 4.0, 'tempo': 1.0097145645235628, 'advantage': -2.990285435476437, 'horizon_xi': 232.48424490369956}]
00:06:49 INFO    fpl_expert.optimise.transfers | consistent valuation: [{'n': 1, 'hits': 0.0, 'tempo': 0.0, 'advantage': 0.0, 'horizon_xi': 212.49259097229114}, {'n': 2, 'hits': 4.0, 'tempo': -1.293736519348741, 'advantage': -5.293736519348741, 'horizon_xi': 212.88229180227995}]
00:06:50 INFO    fpl_expert.optimise.transfers | consistent valuation: [{'n': 1, 'hits': 0.0, 'tempo': 0.0, 'advantage': 0.0, 'horizon_xi': 250.67539841376234}, {'n': 2, 'hits': 4.0, 'tempo': 2.543648262451981, 'advantage': -1.4563517375480188, 'horizon_xi': 257.39808276062837}]
00:06:50 INFO    fpl_expert.optimise.transfers | consistent valuation: [{'n': 1, 'hits': 0.0, 'tempo': 0.0, 'advantage': 0.0, 'horizon_xi': 250.2587886261963}, {'n': 2, 'hits': 4.0, 'tempo': 1.1371838468911193, 'advantage': -2.8628161531088807, 'horizon_xi': 252.44609941462798}]
00:06:50 INFO    fpl_expert.optimise.transfers | consistent valuation: [{'n': 1, 'hits': 0.0, 'tempo': 0.0, 'advantage': 0.0, 'horizon_xi': 251.36349168071354}, {'n': 2, 'hits': 4.0, 'tempo': 2.6344819416782315, 'advantage': -1.3655180583217685, 'horizon_xi': 256.5079027750951}]
00:06:50 INFO    fpl_expert.backtest.season_sim | GW18: playing triple_captain (expiring in 1 gw, best remaining 8.2)
00:06:50 INFO    fpl_expert.optimise.transfers | consistent valuation: [{'n': 1, 'hits': 0.0, 'tempo': 0.0, 'advantage': 0.0, 'horizon_xi': 247.95639981232168}, {'n': 2, 'hits': 4.0, 'tempo': 0.30335739474407575, 'advantage': -3.6966426052559243, 'horizon_xi': 253.43613369775284}]
00:06:51 INFO    fpl_expert.optimise.transfers | consistent valuation: [{'n': 1, 'hits': 0.0, 'tempo': 0.0, 'advantage': 0.0, 'horizon_xi': 254.2301200265483}, {'n': 2, 'hits': 4.0, 'tempo': 2.1922310790536983, 'advantage': -1.8077689209463017, 'horizon_xi': 264.56515405917486}]
00:06:51 INFO    fpl_expert.optimise.transfers | consistent valuation: [{'n': 1, 'hits': 0.0, 'tempo': 0.0, 'advantage': 0.0, 'horizon_xi': 261.51357652861117}, {'n': 2, 'hits': 4.0, 'tempo': 0.06870038181227045, 'advantage': -3.9312996181877295, 'horizon_xi': 262.0867796688636}]
00:06:51 INFO    fpl_expert.optimise.transfers | consistent valuation: [{'n': 1, 'hits': 0.0, 'tempo': 0.0, 'advantage': 0.0, 'horizon_xi': 270.4226578842056}, {'n': 2, 'hits': 4.0, 'tempo': 1.7807752036277265, 'advantage': -2.2192247963722735, 'horizon_xi': 276.0797287970194}]
00:06:52 INFO    fpl_expert.optimise.transfers | consistent valuation: [{'n': 1, 'hits': 0.0, 'tempo': 0.0, 'advantage': 0.0, 'horizon_xi': 266.8332494873126}, {'n': 2, 'hits': 4.0, 'tempo': 1.670725613836126, 'advantage': -2.329274386163874, 'horizon_xi': 274.8588241634695}]
00:06:52 INFO    fpl_expert.optimise.transfers | consistent valuation: [{'n': 1, 'hits': 0.0, 'tempo': 0.0, 'advantage': 0.0, 'horizon_xi': 283.1684800502206}, {'n': 2, 'hits': 4.0, 'tempo': 0.7835294222257261, 'advantage': -3.216470577774274, 'horizon_xi': 286.971035319377}]
00:06:52 INFO    fpl_expert.optimise.transfers | consistent valuation: [{'n': 1, 'hits': 0.0, 'tempo': 0.0, 'advantage': 0.0, 'horizon_xi': 267.2410492459541}, {'n': 2, 'hits': 4.0, 'tempo': 1.27455469091052, 'advantage': -2.72544530908948, 'horizon_xi': 270.3233008864866}]
00:06:53 INFO    fpl_expert.optimise.transfers | consistent valuation: [{'n': 1, 'hits': 0.0, 'tempo': 0.0, 'advantage': 0.0, 'horizon_xi': 243.91921954147534}, {'n': 2, 'hits': 4.0, 'tempo': -0.8259285496814854, 'advantage': -4.825928549681485, 'horizon_xi': 244.73567214040315}]
00:06:53 INFO    fpl_expert.optimise.transfers | consistent valuation: [{'n': 1, 'hits': 0.0, 'tempo': 0.0, 'advantage': 0.0, 'horizon_xi': 256.18081796847406}, {'n': 2, 'hits': 4.0, 'tempo': 0.23341038874774256, 'advantage': -3.7665896112522574, 'horizon_xi': 256.4958607351126}]
00:06:53 INFO    fpl_expert.optimise.transfers | consistent valuation: [{'n': 1, 'hits': 0.0, 'tempo': 0.0, 'advantage': 0.0, 'horizon_xi': 249.70811888950067}, {'n': 2, 'hits': 4.0, 'tempo': 1.6117174102817842, 'advantage': -2.388282589718216, 'horizon_xi': 254.92856538495874}]
00:06:54 INFO    fpl_expert.optimise.transfers | consistent valuation: [{'n': 1, 'hits': 0.0, 'tempo': 0.0, 'advantage': 0.0, 'horizon_xi': 217.1449547710288}, {'n': 2, 'hits': 4.0, 'tempo': -0.7542778696157413, 'advantage': -4.754277869615741, 'horizon_xi': 220.649395724112}]
00:06:54 INFO    fpl_expert.optimise.transfers | consistent valuation: [{'n': 1, 'hits': 0.0, 'tempo': 0.0, 'advantage': 0.0, 'horizon_xi': 245.4273182832209}, {'n': 2, 'hits': 4.0, 'tempo': 0.45496555923317317, 'advantage': -3.545034440766827, 'horizon_xi': 255.7907213599135}]
00:06:55 INFO    fpl_expert.optimise.transfers | consistent valuation: [{'n': 1, 'hits': 0.0, 'tempo': 0.0, 'advantage': 0.0, 'horizon_xi': 243.9549969900548}, {'n': 2, 'hits': 4.0, 'tempo': 1.75414617583467, 'advantage': -2.24585382416533, 'horizon_xi': 252.21387650951064}]
00:06:55 INFO    fpl_expert.optimise.transfers | consistent valuation: [{'n': 1, 'hits': 0.0, 'tempo': 0.0, 'advantage': 0.0, 'horizon_xi': 244.13073470518975}, {'n': 2, 'hits': 4.0, 'tempo': 9.69054273539048, 'advantage': 5.69054273539048, 'horizon_xi': 252.1765208204348}]
00:06:55 INFO    fpl_expert.backtest.season_sim | GW32: playing triple_captain (best available (10.0 vs 9.5 remaining))
00:06:55 INFO    fpl_expert.optimise.transfers | consistent valuation: [{'n': 1, 'hits': 0.0, 'tempo': 0.0, 'advantage': 0.0, 'horizon_xi': 245.8316266650039}, {'n': 2, 'hits': 4.0, 'tempo': 5.951015561555906, 'advantage': 1.9510155615559057, 'horizon_xi': 251.37501945959656}]
00:06:56 INFO    fpl_expert.optimise.transfers | consistent valuation: [{'n': 1, 'hits': 0.0, 'tempo': 0.0, 'advantage': 0.0, 'horizon_xi': 175.60180483383584}, {'n': 2, 'hits': 4.0, 'tempo': 2.6763701983356682, 'advantage': -1.3236298016643318, 'horizon_xi': 179.67200697053818}]
00:06:56 INFO    fpl_expert.optimise.transfers | consistent valuation: [{'n': 1, 'hits': 0.0, 'tempo': 0.0, 'advantage': 0.0, 'horizon_xi': 180.70208527148756}, {'n': 2, 'hits': 4.0, 'tempo': 0.47559413068765366, 'advantage': -3.5244058693123463, 'horizon_xi': 182.4719176381204}]
00:06:56 INFO    fpl_expert.optimise.transfers | consistent valuation: [{'n': 1, 'hits': 0.0, 'tempo': 0.0, 'advantage': 0.0, 'horizon_xi': 147.0208576251921}, {'n': 2, 'hits': 4.0, 'tempo': 1.6204298597786035, 'advantage': -2.3795701402213965, 'horizon_xi': 150.19703283073372}]
00:06:56 INFO    fpl_expert.optimise.transfers | consistent valuation: [{'n': 1, 'hits': 0.0, 'tempo': 0.0, 'advantage': 0.0, 'horizon_xi': 107.9148894736734}, {'n': 2, 'hits': 4.0, 'tempo': 1.4881880103978062, 'advantage': -2.5118119896021938, 'horizon_xi': 109.4030774840712}]
00:06:57 INFO    fpl_expert.optimise.transfers | consistent valuation: [{'n': 1, 'hits': 0.0, 'tempo': 0.0, 'advantage': 0.0, 'horizon_xi': 60.648152293322454}, {'n': 2, 'hits': 4.0, 'tempo': 0.05717225946692395, 'advantage': -3.942827740533076, 'horizon_xi': 60.70532455278938}]
00:06:57 INFO    fpl_expert.backtest.season_sim | GW38: playing bench_boost (final chance before expiry)
00:06:57 INFO    fpl_expert.backtest.ensemble | consistent path 5: 2362
00:06:58 INFO    fpl_expert.optimise.transfers | consistent valuation: [{'n': 1, 'hits': 0.0, 'tempo': 0.0, 'advantage': 0.0, 'horizon_xi': 225.89603732345842}, {'n': 2, 'hits': 4.0, 'tempo': 2.506441501579019, 'advantage': -1.493558498420981, 'horizon_xi': 234.48986027184614}]
00:06:58 INFO    fpl_expert.optimise.transfers | consistent valuation: [{'n': 1, 'hits': 0.0, 'tempo': 0.0, 'advantage': 0.0, 'horizon_xi': 215.36894569686388}, {'n': 2, 'hits': 4.0, 'tempo': 4.941632967220251, 'advantage': 0.9416329672202508, 'horizon_xi': 232.42480167293556}]
00:06:59 INFO    fpl_expert.optimise.transfers | consistent valuation: [{'n': 1, 'hits': 0.0, 'tempo': 0.0, 'advantage': 0.0, 'horizon_xi': 235.30205272925215}, {'n': 2, 'hits': 4.0, 'tempo': 0.17409189672444825, 'advantage': -3.8259081032755518, 'horizon_xi': 236.57909179498364}]
00:06:59 INFO    fpl_expert.optimise.transfers | consistent valuation: [{'n': 1, 'hits': 0.0, 'tempo': 0.0, 'advantage': 0.0, 'horizon_xi': 220.2464722273384}, {'n': 2, 'hits': 4.0, 'tempo': 0.8492831000314709, 'advantage': -3.150716899968529, 'horizon_xi': 226.94905763316322}]
00:07:00 INFO    fpl_expert.optimise.transfers | consistent valuation: [{'n': 1, 'hits': 0.0, 'tempo': 0.0, 'advantage': 0.0, 'horizon_xi': 211.17857742531638}, {'n': 2, 'hits': 4.0, 'tempo': 0.0, 'advantage': -4.0, 'horizon_xi': 211.17857742531638}]
00:07:00 INFO    fpl_expert.optimise.transfers | consistent valuation: [{'n': 1, 'hits': 0.0, 'tempo': 0.0, 'advantage': 0.0, 'horizon_xi': 226.17135907712887}, {'n': 2, 'hits': 4.0, 'tempo': 0.849520441324195, 'advantage': -3.150479558675805, 'horizon_xi': 235.79547547163375}]
00:07:00 INFO    fpl_expert.optimise.transfers | consistent valuation: [{'n': 1, 'hits': 0.0, 'tempo': 0.0, 'advantage': 0.0, 'horizon_xi': 219.84145334104494}, {'n': 2, 'hits': 4.0, 'tempo': 1.2559358251575787, 'advantage': -2.7440641748424213, 'horizon_xi': 224.6473948265402}]
00:07:01 INFO    fpl_expert.optimise.transfers | consistent valuation: [{'n': 1, 'hits': 0.0, 'tempo': 0.0, 'advantage': 0.0, 'horizon_xi': 220.28454055973185}, {'n': 2, 'hits': 4.0, 'tempo': 2.29247349043618, 'advantage': -1.7075265095638201, 'horizon_xi': 223.57160460163527}]
00:07:01 INFO    fpl_expert.optimise.transfers | consistent valuation: [{'n': 1, 'hits': 0.0, 'tempo': 0.0, 'advantage': 0.0, 'horizon_xi': 229.89629740583354}, {'n': 2, 'hits': 4.0, 'tempo': 0.8188997927012522, 'advantage': -3.1811002072987478, 'horizon_xi': 232.48692534675766}]
00:07:01 INFO    fpl_expert.backtest.season_sim | GW10: playing bench_boost (best available (9.4 vs 9.2 remaining))
00:07:01 INFO    fpl_expert.optimise.transfers | consistent valuation: [{'n': 1, 'hits': 0.0, 'tempo': 0.0, 'advantage': 0.0, 'horizon_xi': 235.50334184043342}, {'n': 2, 'hits': 4.0, 'tempo': 0.8953298414811286, 'advantage': -3.1046701585188714, 'horizon_xi': 239.29428244531192}]
00:07:02 INFO    fpl_expert.optimise.transfers | consistent valuation: [{'n': 1, 'hits': 0.0, 'tempo': 0.0, 'advantage': 0.0, 'horizon_xi': 236.55467977212604}, {'n': 2, 'hits': 4.0, 'tempo': 1.3068357970724875, 'advantage': -2.6931642029275125, 'horizon_xi': 242.83799815432585}]
00:07:02 INFO    fpl_expert.optimise.transfers | consistent valuation: [{'n': 1, 'hits': 0.0, 'tempo': 0.0, 'advantage': 0.0, 'horizon_xi': 236.88274326054417}, {'n': 2, 'hits': 4.0, 'tempo': 1.144800023433568, 'advantage': -2.855199976566432, 'horizon_xi': 240.68991278094106}]
00:07:02 INFO    fpl_expert.optimise.transfers | consistent valuation: [{'n': 1, 'hits': 0.0, 'tempo': 0.0, 'advantage': 0.0, 'horizon_xi': 227.97649338511047}, {'n': 2, 'hits': 4.0, 'tempo': 1.0000862603277056, 'advantage': -2.9999137396722944, 'horizon_xi': 232.45859838718894}]
00:07:03 INFO    fpl_expert.optimise.transfers | consistent valuation: [{'n': 1, 'hits': 0.0, 'tempo': 0.0, 'advantage': 0.0, 'horizon_xi': 212.4340113632965}, {'n': 2, 'hits': 4.0, 'tempo': -1.2928905342177472, 'advantage': -5.292890534217747, 'horizon_xi': 212.81745915958479}]
00:07:03 INFO    fpl_expert.optimise.transfers | consistent valuation: [{'n': 1, 'hits': 0.0, 'tempo': 0.0, 'advantage': 0.0, 'horizon_xi': 250.68067999782903}, {'n': 2, 'hits': 4.0, 'tempo': 2.5593125961882635, 'advantage': -1.4406874038117365, 'horizon_xi': 257.41945315931673}]
00:07:03 INFO    fpl_expert.optimise.transfers | consistent valuation: [{'n': 1, 'hits': 0.0, 'tempo': 0.0, 'advantage': 0.0, 'horizon_xi': 250.27785879000618}, {'n': 2, 'hits': 4.0, 'tempo': 1.1332275699426617, 'advantage': -2.8667724300573383, 'horizon_xi': 252.46661725954377}]
00:07:03 INFO    fpl_expert.optimise.transfers | consistent valuation: [{'n': 1, 'hits': 0.0, 'tempo': 0.0, 'advantage': 0.0, 'horizon_xi': 251.38008067452208}, {'n': 2, 'hits': 4.0, 'tempo': 2.6474497512183888, 'advantage': -1.3525502487816112, 'horizon_xi': 256.5311031903149}]
00:07:03 INFO    fpl_expert.backtest.season_sim | GW18: playing triple_captain (expiring in 1 gw, best remaining 8.2)
00:07:04 INFO    fpl_expert.optimise.transfers | consistent valuation: [{'n': 1, 'hits': 0.0, 'tempo': 0.0, 'advantage': 0.0, 'horizon_xi': 247.94789197072518}, {'n': 2, 'hits': 4.0, 'tempo': 0.3021078712510459, 'advantage': -3.697892128748954, 'horizon_xi': 253.41002565598347}]
00:07:04 INFO    fpl_expert.optimise.transfers | consistent valuation: [{'n': 1, 'hits': 0.0, 'tempo': 0.0, 'advantage': 0.0, 'horizon_xi': 254.16339051797308}, {'n': 2, 'hits': 4.0, 'tempo': 2.184021533244092, 'advantage': -1.815978466755908, 'horizon_xi': 264.4911234833815}]
00:07:04 INFO    fpl_expert.optimise.transfers | consistent valuation: [{'n': 1, 'hits': 0.0, 'tempo': 0.0, 'advantage': 0.0, 'horizon_xi': 261.5106275706264}, {'n': 2, 'hits': 4.0, 'tempo': 0.07157815249519217, 'advantage': -3.928421847504808, 'horizon_xi': 262.079259602686}]
00:07:05 INFO    fpl_expert.optimise.transfers | consistent valuation: [{'n': 1, 'hits': 0.0, 'tempo': 0.0, 'advantage': 0.0, 'horizon_xi': 270.3891790132332}, {'n': 2, 'hits': 4.0, 'tempo': 1.7804487347601707, 'advantage': -2.2195512652398293, 'horizon_xi': 276.0535759963806}]
00:07:05 INFO    fpl_expert.optimise.transfers | consistent valuation: [{'n': 1, 'hits': 0.0, 'tempo': 0.0, 'advantage': 0.0, 'horizon_xi': 266.74163442732424}, {'n': 2, 'hits': 4.0, 'tempo': 1.683321106735093, 'advantage': -2.316678893264907, 'horizon_xi': 274.76338760901626}]
00:07:05 INFO    fpl_expert.optimise.transfers | consistent valuation: [{'n': 1, 'hits': 0.0, 'tempo': 0.0, 'advantage': 0.0, 'horizon_xi': 283.1518464263155}, {'n': 2, 'hits': 4.0, 'tempo': 0.7872025122815387, 'advantage': -3.2127974877184613, 'horizon_xi': 286.957909358593}]
00:07:06 INFO    fpl_expert.optimise.transfers | consistent valuation: [{'n': 1, 'hits': 0.0, 'tempo': 0.0, 'advantage': 0.0, 'horizon_xi': 267.21461025791683}, {'n': 2, 'hits': 4.0, 'tempo': 1.2690813412178272, 'advantage': -2.7309186587821728, 'horizon_xi': 270.2625656317879}]
00:07:06 INFO    fpl_expert.optimise.transfers | consistent valuation: [{'n': 1, 'hits': 0.0, 'tempo': 0.0, 'advantage': 0.0, 'horizon_xi': 243.94679935259578}, {'n': 2, 'hits': 4.0, 'tempo': -0.8625862648148725, 'advantage': -4.8625862648148725, 'horizon_xi': 244.70861028363655}]
00:07:06 INFO    fpl_expert.optimise.transfers | consistent valuation: [{'n': 1, 'hits': 0.0, 'tempo': 0.0, 'advantage': 0.0, 'horizon_xi': 256.1689976699063}, {'n': 2, 'hits': 4.0, 'tempo': 0.23581683363315165, 'advantage': -3.7641831663668484, 'horizon_xi': 256.49197151151867}]
00:07:07 INFO    fpl_expert.optimise.transfers | consistent valuation: [{'n': 1, 'hits': 0.0, 'tempo': 0.0, 'advantage': 0.0, 'horizon_xi': 249.7121338639135}, {'n': 2, 'hits': 4.0, 'tempo': 1.6242681908308043, 'advantage': -2.3757318091691957, 'horizon_xi': 254.96723472893495}]
00:07:07 INFO    fpl_expert.optimise.transfers | consistent valuation: [{'n': 1, 'hits': 0.0, 'tempo': 0.0, 'advantage': 0.0, 'horizon_xi': 217.14623529683107}, {'n': 2, 'hits': 4.0, 'tempo': -0.7554351742041447, 'advantage': -4.755435174204145, 'horizon_xi': 220.65057603637723}]
00:07:07 INFO    fpl_expert.optimise.transfers | consistent valuation: [{'n': 1, 'hits': 0.0, 'tempo': 0.0, 'advantage': 0.0, 'horizon_xi': 245.38896366087377}, {'n': 2, 'hits': 4.0, 'tempo': 0.4480851685044769, 'advantage': -3.551914831495523, 'horizon_xi': 255.7688375156771}]
00:07:08 INFO    fpl_expert.optimise.transfers | consistent valuation: [{'n': 1, 'hits': 0.0, 'tempo': 0.0, 'advantage': 0.0, 'horizon_xi': 243.95662313152567}, {'n': 2, 'hits': 4.0, 'tempo': 1.7438618001832964, 'advantage': -2.2561381998167036, 'horizon_xi': 252.23722093276479}]
00:07:08 INFO    fpl_expert.optimise.transfers | consistent valuation: [{'n': 1, 'hits': 0.0, 'tempo': 0.0, 'advantage': 0.0, 'horizon_xi': 244.13893716298452}, {'n': 2, 'hits': 4.0, 'tempo': 9.706293473462154, 'advantage': 5.7062934734621535, 'horizon_xi': 252.18474172911306}]
00:07:08 INFO    fpl_expert.backtest.season_sim | GW32: playing triple_captain (best available (10.0 vs 9.5 remaining))
00:07:09 INFO    fpl_expert.optimise.transfers | consistent valuation: [{'n': 1, 'hits': 0.0, 'tempo': 0.0, 'advantage': 0.0, 'horizon_xi': 245.77753272709273}, {'n': 2, 'hits': 4.0, 'tempo': 5.981495250381059, 'advantage': 1.9814952503810588, 'horizon_xi': 251.3423706455094}]
00:07:09 INFO    fpl_expert.optimise.transfers | consistent valuation: [{'n': 1, 'hits': 0.0, 'tempo': 0.0, 'advantage': 0.0, 'horizon_xi': 175.59854770892795}, {'n': 2, 'hits': 4.0, 'tempo': 2.696078047267406, 'advantage': -1.303921952732594, 'horizon_xi': 179.67955606242128}]
00:07:09 INFO    fpl_expert.optimise.transfers | consistent valuation: [{'n': 1, 'hits': 0.0, 'tempo': 0.0, 'advantage': 0.0, 'horizon_xi': 180.71057043368825}, {'n': 2, 'hits': 4.0, 'tempo': 0.4623701010160204, 'advantage': -3.5376298989839796, 'horizon_xi': 182.46600603554307}]
00:07:09 INFO    fpl_expert.optimise.transfers | consistent valuation: [{'n': 1, 'hits': 0.0, 'tempo': 0.0, 'advantage': 0.0, 'horizon_xi': 147.0173331353496}, {'n': 2, 'hits': 4.0, 'tempo': 1.6107028987129794, 'advantage': -2.3892971012870206, 'horizon_xi': 150.18487502894493}]
00:07:10 INFO    fpl_expert.optimise.transfers | consistent valuation: [{'n': 1, 'hits': 0.0, 'tempo': 0.0, 'advantage': 0.0, 'horizon_xi': 107.90210451262783}, {'n': 2, 'hits': 4.0, 'tempo': 1.9978235432819744, 'advantage': -2.0021764567180256, 'horizon_xi': 110.25144835039404}]
00:07:10 INFO    fpl_expert.optimise.transfers | consistent valuation: [{'n': 1, 'hits': 0.0, 'tempo': 0.0, 'advantage': 0.0, 'horizon_xi': 60.61523897691311}, {'n': 2, 'hits': 4.0, 'tempo': 0.07077278235051665, 'advantage': -3.9292272176494834, 'horizon_xi': 60.68601175926363}]
00:07:10 INFO    fpl_expert.backtest.season_sim | GW38: playing bench_boost (final chance before expiry)
00:07:10 INFO    fpl_expert.backtest.ensemble | consistent path 6: 2362
00:07:11 INFO    fpl_expert.optimise.transfers | consistent valuation: [{'n': 1, 'hits': 0.0, 'tempo': 0.0, 'advantage': 0.0, 'horizon_xi': 225.95518802899124}, {'n': 2, 'hits': 4.0, 'tempo': 2.509995964300053, 'advantage': -1.4900040356999469, 'horizon_xi': 234.54773899478593}]
00:07:12 INFO    fpl_expert.optimise.transfers | consistent valuation: [{'n': 1, 'hits': 0.0, 'tempo': 0.0, 'advantage': 0.0, 'horizon_xi': 215.37847398090037}, {'n': 2, 'hits': 4.0, 'tempo': 4.9396749862103775, 'advantage': 0.9396749862103775, 'horizon_xi': 232.44061489417425}]
00:07:12 INFO    fpl_expert.optimise.transfers | consistent valuation: [{'n': 1, 'hits': 0.0, 'tempo': 0.0, 'advantage': 0.0, 'horizon_xi': 235.28329985317313}, {'n': 2, 'hits': 4.0, 'tempo': 0.17327125748010985, 'advantage': -3.82672874251989, 'horizon_xi': 236.5525418081974}]
00:07:12 INFO    fpl_expert.optimise.transfers | consistent valuation: [{'n': 1, 'hits': 0.0, 'tempo': 0.0, 'advantage': 0.0, 'horizon_xi': 220.26015418518213}, {'n': 2, 'hits': 4.0, 'tempo': 0.8467721414401908, 'advantage': -3.1532278585598092, 'horizon_xi': 226.948177216256}]
00:07:13 INFO    fpl_expert.optimise.transfers | consistent valuation: [{'n': 1, 'hits': 0.0, 'tempo': 0.0, 'advantage': 0.0, 'horizon_xi': 211.17050863217779}, {'n': 2, 'hits': 4.0, 'tempo': -1.4970844313021558, 'advantage': -5.497084431302156, 'horizon_xi': 216.86432789892822}]
00:07:13 INFO    fpl_expert.optimise.transfers | consistent valuation: [{'n': 1, 'hits': 0.0, 'tempo': 0.0, 'advantage': 0.0, 'horizon_xi': 226.09386556512624}, {'n': 2, 'hits': 4.0, 'tempo': 0.8786601230327165, 'advantage': -3.1213398769672835, 'horizon_xi': 235.83982287735574}]
00:07:14 INFO    fpl_expert.optimise.transfers | consistent valuation: [{'n': 1, 'hits': 0.0, 'tempo': 0.0, 'advantage': 0.0, 'horizon_xi': 219.767729083719}, {'n': 2, 'hits': 4.0, 'tempo': 1.257136067465197, 'advantage': -2.742863932534803, 'horizon_xi': 224.5714249261561}]
00:07:14 INFO    fpl_expert.optimise.transfers | consistent valuation: [{'n': 1, 'hits': 0.0, 'tempo': 0.0, 'advantage': 0.0, 'horizon_xi': 220.25152712190504}, {'n': 2, 'hits': 4.0, 'tempo': 2.2898546308801286, 'advantage': -1.7101453691198714, 'horizon_xi': 223.49595675813052}]
00:07:14 INFO    fpl_expert.optimise.transfers | consistent valuation: [{'n': 1, 'hits': 0.0, 'tempo': 0.0, 'advantage': 0.0, 'horizon_xi': 229.8636962096245}, {'n': 2, 'hits': 4.0, 'tempo': 0.8126650347938025, 'advantage': -3.1873349652061975, 'horizon_xi': 232.46073300033402}]
00:07:14 INFO    fpl_expert.backtest.season_sim | GW10: playing bench_boost (best available (9.4 vs 9.2 remaining))
00:07:15 INFO    fpl_expert.optimise.transfers | consistent valuation: [{'n': 1, 'hits': 0.0, 'tempo': 0.0, 'advantage': 0.0, 'horizon_xi': 235.53789841412825}, {'n': 2, 'hits': 4.0, 'tempo': 0.9047707701051451, 'advantage': -3.095229229894855, 'horizon_xi': 239.36026035153745}]
00:07:15 INFO    fpl_expert.optimise.transfers | consistent valuation: [{'n': 1, 'hits': 0.0, 'tempo': 0.0, 'advantage': 0.0, 'horizon_xi': 236.5983334725903}, {'n': 2, 'hits': 4.0, 'tempo': 1.3133657077142686, 'advantage': -2.6866342922857314, 'horizon_xi': 242.8751312386825}]
00:07:15 INFO    fpl_expert.optimise.transfers | consistent valuation: [{'n': 1, 'hits': 0.0, 'tempo': 0.0, 'advantage': 0.0, 'horizon_xi': 236.97125816803867}, {'n': 2, 'hits': 4.0, 'tempo': 1.1617072144587297, 'advantage': -2.8382927855412703, 'horizon_xi': 240.79169652756573}]
00:07:16 INFO    fpl_expert.optimise.transfers | consistent valuation: [{'n': 1, 'hits': 0.0, 'tempo': 0.0, 'advantage': 0.0, 'horizon_xi': 228.011462177417}, {'n': 2, 'hits': 4.0, 'tempo': 1.0097322430315288, 'advantage': -2.9902677569684712, 'horizon_xi': 232.49148161066975}]
00:07:16 INFO    fpl_expert.optimise.transfers | consistent valuation: [{'n': 1, 'hits': 0.0, 'tempo': 0.0, 'advantage': 0.0, 'horizon_xi': 212.4241564858896}, {'n': 2, 'hits': 4.0, 'tempo': -1.2859021320630148, 'advantage': -5.285902132063015, 'horizon_xi': 212.8217287555497}]
00:07:16 INFO    fpl_expert.optimise.transfers | consistent valuation: [{'n': 1, 'hits': 0.0, 'tempo': 0.0, 'advantage': 0.0, 'horizon_xi': 250.67801439321343}, {'n': 2, 'hits': 4.0, 'tempo': 2.5663477987942684, 'advantage': -1.4336522012057316, 'horizon_xi': 257.4292842699196}]
00:07:16 INFO    fpl_expert.optimise.transfers | consistent valuation: [{'n': 1, 'hits': 0.0, 'tempo': 0.0, 'advantage': 0.0, 'horizon_xi': 250.21660302250228}, {'n': 2, 'hits': 4.0, 'tempo': 1.1351916248987877, 'advantage': -2.8648083751012123, 'horizon_xi': 252.40582521387688}]
00:07:17 INFO    fpl_expert.optimise.transfers | consistent valuation: [{'n': 1, 'hits': 0.0, 'tempo': 0.0, 'advantage': 0.0, 'horizon_xi': 251.335747228719}, {'n': 2, 'hits': 4.0, 'tempo': 2.620092607814243, 'advantage': -1.379907392185757, 'horizon_xi': 256.457234482169}]
00:07:17 INFO    fpl_expert.backtest.season_sim | GW18: playing triple_captain (expiring in 1 gw, best remaining 8.2)
00:07:17 INFO    fpl_expert.optimise.transfers | consistent valuation: [{'n': 1, 'hits': 0.0, 'tempo': 0.0, 'advantage': 0.0, 'horizon_xi': 247.90946118136878}, {'n': 2, 'hits': 4.0, 'tempo': 0.31574892565950563, 'advantage': -3.6842510743404944, 'horizon_xi': 253.3627778353731}]
00:07:17 INFO    fpl_expert.optimise.transfers | consistent valuation: [{'n': 1, 'hits': 0.0, 'tempo': 0.0, 'advantage': 0.0, 'horizon_xi': 254.18995037911253}, {'n': 2, 'hits': 4.0, 'tempo': 2.1821257030705254, 'advantage': -1.8178742969294746, 'horizon_xi': 264.5077470014765}]
00:07:18 INFO    fpl_expert.optimise.transfers | consistent valuation: [{'n': 1, 'hits': 0.0, 'tempo': 0.0, 'advantage': 0.0, 'horizon_xi': 261.4841943740521}, {'n': 2, 'hits': 4.0, 'tempo': 0.06590360143530916, 'advantage': -3.934096398564691, 'horizon_xi': 262.04184974588696}]
00:07:18 INFO    fpl_expert.optimise.transfers | consistent valuation: [{'n': 1, 'hits': 0.0, 'tempo': 0.0, 'advantage': 0.0, 'horizon_xi': 270.33151839498}, {'n': 2, 'hits': 4.0, 'tempo': 1.788919375039562, 'advantage': -2.211080624960438, 'horizon_xi': 276.020539863328}]
00:07:18 INFO    fpl_expert.optimise.transfers | consistent valuation: [{'n': 1, 'hits': 0.0, 'tempo': 0.0, 'advantage': 0.0, 'horizon_xi': 266.7755584597878}, {'n': 2, 'hits': 4.0, 'tempo': 1.683742745130452, 'advantage': -2.316257254869548, 'horizon_xi': 274.8009171189611}]
00:07:19 INFO    fpl_expert.optimise.transfers | consistent valuation: [{'n': 1, 'hits': 0.0, 'tempo': 0.0, 'advantage': 0.0, 'horizon_xi': 283.10620748384594}, {'n': 2, 'hits': 4.0, 'tempo': 0.8053076697947716, 'advantage': -3.1946923302052284, 'horizon_xi': 286.939085443164}]
00:07:19 INFO    fpl_expert.optimise.transfers | consistent valuation: [{'n': 1, 'hits': 0.0, 'tempo': 0.0, 'advantage': 0.0, 'horizon_xi': 267.2015496458699}, {'n': 2, 'hits': 4.0, 'tempo': 1.2683024559401446, 'advantage': -2.7316975440598554, 'horizon_xi': 270.2645741341938}]
00:07:19 INFO    fpl_expert.optimise.transfers | consistent valuation: [{'n': 1, 'hits': 0.0, 'tempo': 0.0, 'advantage': 0.0, 'horizon_xi': 243.90907642425262}, {'n': 2, 'hits': 4.0, 'tempo': -0.8434180080003699, 'advantage': -4.84341800800037, 'horizon_xi': 244.71182459331231}]
00:07:20 INFO    fpl_expert.optimise.transfers | consistent valuation: [{'n': 1, 'hits': 0.0, 'tempo': 0.0, 'advantage': 0.0, 'horizon_xi': 256.1664281500396}, {'n': 2, 'hits': 4.0, 'tempo': 0.2386286095557466, 'advantage': -3.7613713904442534, 'horizon_xi': 256.4988638658036}]
00:07:20 INFO    fpl_expert.optimise.transfers | consistent valuation: [{'n': 1, 'hits': 0.0, 'tempo': 0.0, 'advantage': 0.0, 'horizon_xi': 249.75495739424477}, {'n': 2, 'hits': 4.0, 'tempo': 1.6082241065139584, 'advantage': -2.3917758934860416, 'horizon_xi': 254.97994709619653}]
00:07:20 INFO    fpl_expert.optimise.transfers | consistent valuation: [{'n': 1, 'hits': 0.0, 'tempo': 0.0, 'advantage': 0.0, 'horizon_xi': 217.14141963977696}, {'n': 2, 'hits': 4.0, 'tempo': -0.7216376267151503, 'advantage': -4.72163762671515, 'horizon_xi': 220.69119198210248}]
00:07:21 INFO    fpl_expert.optimise.transfers | consistent valuation: [{'n': 1, 'hits': 0.0, 'tempo': 0.0, 'advantage': 0.0, 'horizon_xi': 245.47745826886808}, {'n': 2, 'hits': 4.0, 'tempo': 0.4468106075280218, 'advantage': -3.553189392471978, 'horizon_xi': 255.84397600108372}]
00:07:21 INFO    fpl_expert.optimise.transfers | consistent valuation: [{'n': 1, 'hits': 0.0, 'tempo': 0.0, 'advantage': 0.0, 'horizon_xi': 243.99154901674865}, {'n': 2, 'hits': 4.0, 'tempo': 1.7450491974476634, 'advantage': -2.2549508025523366, 'horizon_xi': 252.23435980654847}]
00:07:22 INFO    fpl_expert.optimise.transfers | consistent valuation: [{'n': 1, 'hits': 0.0, 'tempo': 0.0, 'advantage': 0.0, 'horizon_xi': 244.18399352753474}, {'n': 2, 'hits': 4.0, 'tempo': 9.684018085780352, 'advantage': 5.684018085780352, 'horizon_xi': 252.19669870278335}]
00:07:22 INFO    fpl_expert.backtest.season_sim | GW32: playing triple_captain (best available (10.0 vs 9.5 remaining))
00:07:22 INFO    fpl_expert.optimise.transfers | consistent valuation: [{'n': 1, 'hits': 0.0, 'tempo': 0.0, 'advantage': 0.0, 'horizon_xi': 245.83563897954855}, {'n': 2, 'hits': 4.0, 'tempo': 5.931301029524718, 'advantage': 1.9313010295247182, 'horizon_xi': 251.36325822465673}]
00:07:22 INFO    fpl_expert.optimise.transfers | consistent valuation: [{'n': 1, 'hits': 0.0, 'tempo': 0.0, 'advantage': 0.0, 'horizon_xi': 175.6200716437941}, {'n': 2, 'hits': 4.0, 'tempo': 2.668617292273133, 'advantage': -1.331382707726867, 'horizon_xi': 179.67281009698885}]
00:07:22 INFO    fpl_expert.optimise.transfers | consistent valuation: [{'n': 1, 'hits': 0.0, 'tempo': 0.0, 'advantage': 0.0, 'horizon_xi': 180.74585092985222}, {'n': 2, 'hits': 4.0, 'tempo': 0.46540829693486074, 'advantage': -3.5345917030651393, 'horizon_xi': 182.5116657761649}]
00:07:23 INFO    fpl_expert.optimise.transfers | consistent valuation: [{'n': 1, 'hits': 0.0, 'tempo': 0.0, 'advantage': 0.0, 'horizon_xi': 147.0641207626947}, {'n': 2, 'hits': 4.0, 'tempo': 1.6057782431936687, 'advantage': -2.3942217568063313, 'horizon_xi': 150.23418580197915}]
00:07:23 INFO    fpl_expert.optimise.transfers | consistent valuation: [{'n': 1, 'hits': 0.0, 'tempo': 0.0, 'advantage': 0.0, 'horizon_xi': 107.94024894838955}, {'n': 2, 'hits': 4.0, 'tempo': 1.9916722268857825, 'advantage': -2.0083277731142175, 'horizon_xi': 110.28649646003242}]
00:07:23 INFO    fpl_expert.optimise.transfers | consistent valuation: [{'n': 1, 'hits': 0.0, 'tempo': 0.0, 'advantage': 0.0, 'horizon_xi': 60.616407813915444}, {'n': 2, 'hits': 4.0, 'tempo': 0.07273056530555522, 'advantage': -3.927269434694445, 'horizon_xi': 60.689138379221}]
00:07:23 INFO    fpl_expert.backtest.season_sim | GW38: playing bench_boost (final chance before expiry)
00:07:23 INFO    fpl_expert.backtest.ensemble | consistent path 7: 2362
00:07:25 INFO    fpl_expert.optimise.transfers | consistent valuation: [{'n': 1, 'hits': 0.0, 'tempo': 0.0, 'advantage': 0.0, 'horizon_xi': 237.98681977622837}, {'n': 2, 'hits': 4.0, 'tempo': 0.0, 'advantage': -4.0, 'horizon_xi': 238.6741130354279}]
00:07:25 INFO    fpl_expert.optimise.transfers | consistent valuation: [{'n': 1, 'hits': 0.0, 'tempo': 0.0, 'advantage': 0.0, 'horizon_xi': 228.37651610614364}, {'n': 2, 'hits': 4.0, 'tempo': 1.472216495970784, 'advantage': -2.527783504029216, 'horizon_xi': 237.02392552342224}]
00:07:25 INFO    fpl_expert.optimise.transfers | consistent valuation: [{'n': 1, 'hits': 0.0, 'tempo': 0.0, 'advantage': 0.0, 'horizon_xi': 234.6011102750419}, {'n': 2, 'hits': 4.0, 'tempo': 2.478465738193904, 'advantage': -1.5215342618060959, 'horizon_xi': 242.18713156412093}]
00:07:26 INFO    fpl_expert.optimise.transfers | consistent valuation: [{'n': 1, 'hits': 0.0, 'tempo': 0.0, 'advantage': 0.0, 'horizon_xi': 223.68497612819434}, {'n': 2, 'hits': 4.0, 'tempo': 0.3496809823006046, 'advantage': -3.6503190176993954, 'horizon_xi': 228.32904859457992}]
00:07:26 INFO    fpl_expert.optimise.transfers | consistent valuation: [{'n': 1, 'hits': 0.0, 'tempo': 0.0, 'advantage': 0.0, 'horizon_xi': 219.81505793419183}, {'n': 2, 'hits': 4.0, 'tempo': 1.205246206987752, 'advantage': -2.794753793012248, 'horizon_xi': 221.72454032823387}]
00:07:27 INFO    fpl_expert.optimise.transfers | consistent valuation: [{'n': 1, 'hits': 0.0, 'tempo': 0.0, 'advantage': 0.0, 'horizon_xi': 227.89746553194644}, {'n': 2, 'hits': 4.0, 'tempo': 0.8584463328016341, 'advantage': -3.141553667198366, 'horizon_xi': 237.5713885116494}]
00:07:27 INFO    fpl_expert.optimise.transfers | consistent valuation: [{'n': 1, 'hits': 0.0, 'tempo': 0.0, 'advantage': 0.0, 'horizon_xi': 223.35362090457704}, {'n': 2, 'hits': 4.0, 'tempo': 1.158697699816969, 'advantage': -2.841302300183031, 'horizon_xi': 228.6571302985436}]
00:07:27 INFO    fpl_expert.optimise.transfers | consistent valuation: [{'n': 1, 'hits': 0.0, 'tempo': 0.0, 'advantage': 0.0, 'horizon_xi': 227.06599268738407}, {'n': 2, 'hits': 4.0, 'tempo': 2.5980917776645356, 'advantage': -1.4019082223354644, 'horizon_xi': 234.24915137791928}]
00:07:28 INFO    fpl_expert.optimise.transfers | consistent valuation: [{'n': 1, 'hits': 0.0, 'tempo': 0.0, 'advantage': 0.0, 'horizon_xi': 234.35102795576066}, {'n': 2, 'hits': 4.0, 'tempo': 0.008899731256633459, 'advantage': -3.9911002687433665, 'horizon_xi': 235.81703535365833}]
00:07:28 INFO    fpl_expert.optimise.transfers | consistent valuation: [{'n': 1, 'hits': 0.0, 'tempo': 0.0, 'advantage': 0.0, 'horizon_xi': 233.8101514974956}, {'n': 2, 'hits': 4.0, 'tempo': 0.8491594673189198, 'advantage': -3.15084053268108, 'horizon_xi': 236.57113327912464}]
00:07:28 INFO    fpl_expert.optimise.transfers | consistent valuation: [{'n': 1, 'hits': 0.0, 'tempo': 0.0, 'advantage': 0.0, 'horizon_xi': 236.39592260295504}, {'n': 2, 'hits': 4.0, 'tempo': 1.510188892906811, 'advantage': -2.489811107093189, 'horizon_xi': 242.3427521227253}]
00:07:29 INFO    fpl_expert.optimise.transfers | consistent valuation: [{'n': 1, 'hits': 0.0, 'tempo': 0.0, 'advantage': 0.0, 'horizon_xi': 229.584234323934}, {'n': 2, 'hits': 4.0, 'tempo': 1.5320148221086214, 'advantage': -2.4679851778913786, 'horizon_xi': 236.96207432224998}]
00:07:29 INFO    fpl_expert.optimise.transfers | consistent valuation: [{'n': 1, 'hits': 0.0, 'tempo': 0.0, 'advantage': 0.0, 'horizon_xi': 230.44633413563315}, {'n': 2, 'hits': 4.0, 'tempo': 1.8571455211626215, 'advantage': -2.1428544788373785, 'horizon_xi': 235.9505098952104}]
00:07:29 INFO    fpl_expert.optimise.transfers | consistent valuation: [{'n': 1, 'hits': 0.0, 'tempo': 0.0, 'advantage': 0.0, 'horizon_xi': 213.47916482374023}, {'n': 2, 'hits': 4.0, 'tempo': 0.9948574790289442, 'advantage': -3.005142520971056, 'horizon_xi': 218.08594967805067}]
00:07:30 INFO    fpl_expert.optimise.transfers | consistent valuation: [{'n': 1, 'hits': 0.0, 'tempo': 0.0, 'advantage': 0.0, 'horizon_xi': 257.93100541312833}, {'n': 2, 'hits': 4.0, 'tempo': 0.0, 'advantage': -4.0, 'horizon_xi': 257.91296148561105}]
00:07:30 INFO    fpl_expert.backtest.season_sim | GW16: playing bench_boost (expiring in 3 gw, best remaining 11.5)
00:07:30 INFO    fpl_expert.optimise.transfers | consistent valuation: [{'n': 1, 'hits': 0.0, 'tempo': 0.0, 'advantage': 0.0, 'horizon_xi': 255.2400548555408}, {'n': 2, 'hits': 4.0, 'tempo': -0.893408994507702, 'advantage': -4.893408994507702, 'horizon_xi': 253.5116830379532}]
00:07:30 INFO    fpl_expert.optimise.transfers | consistent valuation: [{'n': 1, 'hits': 0.0, 'tempo': 0.0, 'advantage': 0.0, 'horizon_xi': 251.2551134675841}, {'n': 2, 'hits': 4.0, 'tempo': -0.060027449857528836, 'advantage': -4.060027449857529, 'horizon_xi': 254.4987299769982}]
00:07:30 INFO    fpl_expert.backtest.season_sim | GW18: playing triple_captain (expiring in 1 gw, best remaining 8.1)
00:07:31 INFO    fpl_expert.optimise.transfers | consistent valuation: [{'n': 1, 'hits': 0.0, 'tempo': 0.0, 'advantage': 0.0, 'horizon_xi': 252.19218402908598}, {'n': 2, 'hits': 4.0, 'tempo': 0.0, 'advantage': -4.0, 'horizon_xi': 253.07686618300852}]
00:07:31 INFO    fpl_expert.optimise.transfers | consistent valuation: [{'n': 1, 'hits': 0.0, 'tempo': 0.0, 'advantage': 0.0, 'horizon_xi': 256.6492538294609}, {'n': 2, 'hits': 4.0, 'tempo': -0.49961955634088895, 'advantage': -4.499619556340889, 'horizon_xi': 264.15485050709117}]
00:07:31 INFO    fpl_expert.optimise.transfers | consistent valuation: [{'n': 1, 'hits': 0.0, 'tempo': 0.0, 'advantage': 0.0, 'horizon_xi': 267.46677106507974}, {'n': 2, 'hits': 4.0, 'tempo': 0.11966848593718282, 'advantage': -3.880331514062817, 'horizon_xi': 272.4795573129411}]
00:07:32 INFO    fpl_expert.optimise.transfers | consistent valuation: [{'n': 1, 'hits': 0.0, 'tempo': 0.0, 'advantage': 0.0, 'horizon_xi': 275.3731398550727}, {'n': 2, 'hits': 4.0, 'tempo': -0.26946295202751, 'advantage': -4.26946295202751, 'horizon_xi': 283.05431984324485}]
00:07:32 INFO    fpl_expert.optimise.transfers | consistent valuation: [{'n': 1, 'hits': 0.0, 'tempo': 0.0, 'advantage': 0.0, 'horizon_xi': 269.9351564929757}, {'n': 2, 'hits': 4.0, 'tempo': 1.8578297979911298, 'advantage': -2.14217020200887, 'horizon_xi': 278.5999542263361}]
00:07:32 INFO    fpl_expert.optimise.transfers | consistent valuation: [{'n': 1, 'hits': 0.0, 'tempo': 0.0, 'advantage': 0.0, 'horizon_xi': 284.83961290532994}, {'n': 2, 'hits': 4.0, 'tempo': 0.25317190465038664, 'advantage': -3.7468280953496134, 'horizon_xi': 290.739003090327}]
00:07:33 INFO    fpl_expert.optimise.transfers | consistent valuation: [{'n': 1, 'hits': 0.0, 'tempo': 0.0, 'advantage': 0.0, 'horizon_xi': 262.7672144889796}, {'n': 2, 'hits': 4.0, 'tempo': -1.4604528363372964, 'advantage': -5.460452836337296, 'horizon_xi': 264.45922856772665}]
00:07:33 INFO    fpl_expert.optimise.transfers | consistent valuation: [{'n': 1, 'hits': 0.0, 'tempo': 0.0, 'advantage': 0.0, 'horizon_xi': 234.85294750357946}, {'n': 2, 'hits': 4.0, 'tempo': 1.6186793811965572, 'advantage': -2.381320618803443, 'horizon_xi': 238.99798771097198}]
00:07:33 INFO    fpl_expert.optimise.transfers | consistent valuation: [{'n': 1, 'hits': 0.0, 'tempo': 0.0, 'advantage': 0.0, 'horizon_xi': 248.9722544079145}, {'n': 2, 'hits': 4.0, 'tempo': 0.5134400040167648, 'advantage': -3.486559995983235, 'horizon_xi': 251.75310293614658}]
00:07:34 INFO    fpl_expert.optimise.transfers | consistent valuation: [{'n': 1, 'hits': 0.0, 'tempo': 0.0, 'advantage': 0.0, 'horizon_xi': 242.91420152361192}, {'n': 2, 'hits': 4.0, 'tempo': 0.5023355111102603, 'advantage': -3.4976644888897397, 'horizon_xi': 245.15431097802758}]
00:07:34 INFO    fpl_expert.optimise.transfers | consistent valuation: [{'n': 1, 'hits': 0.0, 'tempo': 0.0, 'advantage': 0.0, 'horizon_xi': 206.56807864748734}, {'n': 2, 'hits': 4.0, 'tempo': 1.9835986845752274, 'advantage': -2.0164013154247726, 'horizon_xi': 208.99310428183128}]
00:07:34 INFO    fpl_expert.optimise.transfers | consistent valuation: [{'n': 1, 'hits': 0.0, 'tempo': 0.0, 'advantage': 0.0, 'horizon_xi': 236.5355388805664}, {'n': 2, 'hits': 4.0, 'tempo': 1.8221294119277403, 'advantage': -2.1778705880722597, 'horizon_xi': 249.3240260121325}]
00:07:35 INFO    fpl_expert.optimise.transfers | consistent valuation: [{'n': 1, 'hits': 0.0, 'tempo': 0.0, 'advantage': 0.0, 'horizon_xi': 231.6612032311234}, {'n': 2, 'hits': 4.0, 'tempo': 2.008761304182549, 'advantage': -1.9912386958174508, 'horizon_xi': 243.47056132633804}]
00:07:35 INFO    fpl_expert.optimise.transfers | consistent valuation: [{'n': 1, 'hits': 0.0, 'tempo': 0.0, 'advantage': 0.0, 'horizon_xi': 239.20209071246433}, {'n': 2, 'hits': 4.0, 'tempo': 9.185083459194963, 'advantage': 5.1850834591949635, 'horizon_xi': 244.24484844908193}]
00:07:35 INFO    fpl_expert.backtest.season_sim | GW32: playing bench_boost (best available (10.8 vs 10.5 remaining))
00:07:35 INFO    fpl_expert.optimise.transfers | consistent valuation: [{'n': 1, 'hits': 0.0, 'tempo': 0.0, 'advantage': 0.0, 'horizon_xi': 244.715451216066}, {'n': 2, 'hits': 4.0, 'tempo': 1.422528580962748, 'advantage': -2.577471419037252, 'horizon_xi': 251.4018143675084}]
00:07:35 INFO    fpl_expert.backtest.season_sim | GW33: playing triple_captain (best available (9.5 vs 9.2 remaining))
00:07:36 INFO    fpl_expert.optimise.transfers | consistent valuation: [{'n': 1, 'hits': 0.0, 'tempo': 0.0, 'advantage': 0.0, 'horizon_xi': 190.46640557693803}, {'n': 2, 'hits': 4.0, 'tempo': 0.9874243902595055, 'advantage': -3.0125756097404945, 'horizon_xi': 193.5400043201667}]
00:07:36 INFO    fpl_expert.optimise.transfers | consistent valuation: [{'n': 1, 'hits': 0.0, 'tempo': 0.0, 'advantage': 0.0, 'horizon_xi': 176.94061199406786}, {'n': 2, 'hits': 4.0, 'tempo': 2.8346244290597298, 'advantage': -1.1653755709402702, 'horizon_xi': 184.12719134603353}]
00:07:36 INFO    fpl_expert.optimise.transfers | consistent valuation: [{'n': 1, 'hits': 0.0, 'tempo': 0.0, 'advantage': 0.0, 'horizon_xi': 148.8448680171197}, {'n': 2, 'hits': 4.0, 'tempo': 0.6144575631237501, 'advantage': -3.38554243687625, 'horizon_xi': 149.77465404956646}]
00:07:37 INFO    fpl_expert.optimise.transfers | consistent valuation: [{'n': 1, 'hits': 0.0, 'tempo': 0.0, 'advantage': 0.0, 'horizon_xi': 109.10088630577232}, {'n': 2, 'hits': 4.0, 'tempo': 1.725862560531965, 'advantage': -2.274137439468035, 'horizon_xi': 110.4240595979106}]
00:07:37 INFO    fpl_expert.optimise.transfers | consistent valuation: [{'n': 1, 'hits': 0.0, 'tempo': 0.0, 'advantage': 0.0, 'horizon_xi': 59.979085766764044}, {'n': 2, 'hits': 4.0, 'tempo': 1.2770362958876902, 'advantage': -2.72296370411231, 'horizon_xi': 61.256122062651734}]
00:07:37 INFO    fpl_expert.backtest.ensemble | consistent path 8: 2282
00:07:38 INFO    fpl_expert.optimise.transfers | consistent valuation: [{'n': 1, 'hits': 0.0, 'tempo': 0.0, 'advantage': 0.0, 'horizon_xi': 225.9851754937627}, {'n': 2, 'hits': 4.0, 'tempo': 2.5140632364643736, 'advantage': -1.4859367635356264, 'horizon_xi': 234.5892003085967}]
00:07:38 INFO    fpl_expert.optimise.transfers | consistent valuation: [{'n': 1, 'hits': 0.0, 'tempo': 0.0, 'advantage': 0.0, 'horizon_xi': 215.42237056149781}, {'n': 2, 'hits': 4.0, 'tempo': 4.969377729275543, 'advantage': 0.9693777292755428, 'horizon_xi': 232.5191686350936}]
00:07:39 INFO    fpl_expert.optimise.transfers | consistent valuation: [{'n': 1, 'hits': 0.0, 'tempo': 0.0, 'advantage': 0.0, 'horizon_xi': 235.38583610008627}, {'n': 2, 'hits': 4.0, 'tempo': 0.16792214497586855, 'advantage': -3.8320778550241315, 'horizon_xi': 236.6534132498194}]
00:07:39 INFO    fpl_expert.optimise.transfers | consistent valuation: [{'n': 1, 'hits': 0.0, 'tempo': 0.0, 'advantage': 0.0, 'horizon_xi': 220.33919704808352}, {'n': 2, 'hits': 4.0, 'tempo': 0.8555881090734374, 'advantage': -3.1444118909265626, 'horizon_xi': 227.05228679416672}]
00:07:40 INFO    fpl_expert.optimise.transfers | consistent valuation: [{'n': 1, 'hits': 0.0, 'tempo': 0.0, 'advantage': 0.0, 'horizon_xi': 211.24027127768753}, {'n': 2, 'hits': 4.0, 'tempo': -1.4687957984472675, 'advantage': -5.4687957984472675, 'horizon_xi': 216.8809180584907}]
00:07:40 INFO    fpl_expert.optimise.transfers | consistent valuation: [{'n': 1, 'hits': 0.0, 'tempo': 0.0, 'advantage': 0.0, 'horizon_xi': 226.24295871494735}, {'n': 2, 'hits': 4.0, 'tempo': 0.8231983356763521, 'advantage': -3.176801664323648, 'horizon_xi': 235.82724699761263}]
00:07:40 INFO    fpl_expert.optimise.transfers | consistent valuation: [{'n': 1, 'hits': 0.0, 'tempo': 0.0, 'advantage': 0.0, 'horizon_xi': 219.8821635043641}, {'n': 2, 'hits': 4.0, 'tempo': 1.2558464517905321, 'advantage': -2.744153548209468, 'horizon_xi': 224.68702848088478}]
00:07:41 INFO    fpl_expert.optimise.transfers | consistent valuation: [{'n': 1, 'hits': 0.0, 'tempo': 0.0, 'advantage': 0.0, 'horizon_xi': 220.3505586580215}, {'n': 2, 'hits': 4.0, 'tempo': 2.3048965828319297, 'advantage': -1.6951034171680703, 'horizon_xi': 223.64252958075042}]
00:07:41 INFO    fpl_expert.optimise.transfers | consistent valuation: [{'n': 1, 'hits': 0.0, 'tempo': 0.0, 'advantage': 0.0, 'horizon_xi': 229.91442733112348}, {'n': 2, 'hits': 4.0, 'tempo': 0.8253692885641399, 'advantage': -3.17463071143586, 'horizon_xi': 232.52345135160934}]
00:07:41 INFO    fpl_expert.backtest.season_sim | GW10: playing bench_boost (best available (9.5 vs 9.2 remaining))
00:07:41 INFO    fpl_expert.optimise.transfers | consistent valuation: [{'n': 1, 'hits': 0.0, 'tempo': 0.0, 'advantage': 0.0, 'horizon_xi': 235.602571483638}, {'n': 2, 'hits': 4.0, 'tempo': 0.9043426538345898, 'advantage': -3.09565734616541, 'horizon_xi': 239.4129608866996}]
00:07:42 INFO    fpl_expert.optimise.transfers | consistent valuation: [{'n': 1, 'hits': 0.0, 'tempo': 0.0, 'advantage': 0.0, 'horizon_xi': 236.63067413148403}, {'n': 2, 'hits': 4.0, 'tempo': 1.3142837028560592, 'advantage': -2.685716297143941, 'horizon_xi': 242.9174561259577}]
00:07:42 INFO    fpl_expert.optimise.transfers | consistent valuation: [{'n': 1, 'hits': 0.0, 'tempo': 0.0, 'advantage': 0.0, 'horizon_xi': 236.94321993918615}, {'n': 2, 'hits': 4.0, 'tempo': 1.1475289105039934, 'advantage': -2.8524710894960066, 'horizon_xi': 240.75670948706266}]
00:07:42 INFO    fpl_expert.optimise.transfers | consistent valuation: [{'n': 1, 'hits': 0.0, 'tempo': 0.0, 'advantage': 0.0, 'horizon_xi': 228.0121283084901}, {'n': 2, 'hits': 4.0, 'tempo': 1.0182808039782714, 'advantage': -2.9817191960217286, 'horizon_xi': 232.51095782784654}]
00:07:43 INFO    fpl_expert.optimise.transfers | consistent valuation: [{'n': 1, 'hits': 0.0, 'tempo': 0.0, 'advantage': 0.0, 'horizon_xi': 212.44968536423337}, {'n': 2, 'hits': 4.0, 'tempo': -1.2956211856270983, 'advantage': -5.295621185627098, 'horizon_xi': 212.84378573783437}]
00:07:43 INFO    fpl_expert.optimise.transfers | consistent valuation: [{'n': 1, 'hits': 0.0, 'tempo': 0.0, 'advantage': 0.0, 'horizon_xi': 250.67590655816286}, {'n': 2, 'hits': 4.0, 'tempo': 2.542920343954947, 'advantage': -1.4570796560450532, 'horizon_xi': 257.398504460736}]
00:07:43 INFO    fpl_expert.optimise.transfers | consistent valuation: [{'n': 1, 'hits': 0.0, 'tempo': 0.0, 'advantage': 0.0, 'horizon_xi': 250.25241366432002}, {'n': 2, 'hits': 4.0, 'tempo': 1.137731496968847, 'advantage': -2.862268503031153, 'horizon_xi': 252.43115216738084}]
00:07:43 INFO    fpl_expert.optimise.transfers | consistent valuation: [{'n': 1, 'hits': 0.0, 'tempo': 0.0, 'advantage': 0.0, 'horizon_xi': 251.3476264943607}, {'n': 2, 'hits': 4.0, 'tempo': 2.637198002553305, 'advantage': -1.3628019974466952, 'horizon_xi': 256.50505391010955}]
00:07:43 INFO    fpl_expert.backtest.season_sim | GW18: playing triple_captain (expiring in 1 gw, best remaining 8.2)
00:07:44 INFO    fpl_expert.optimise.transfers | consistent valuation: [{'n': 1, 'hits': 0.0, 'tempo': 0.0, 'advantage': 0.0, 'horizon_xi': 247.92323735405668}, {'n': 2, 'hits': 4.0, 'tempo': 0.28565532350762624, 'advantage': -3.7143446764923738, 'horizon_xi': 253.36898443120924}]
00:07:44 INFO    fpl_expert.optimise.transfers | consistent valuation: [{'n': 1, 'hits': 0.0, 'tempo': 0.0, 'advantage': 0.0, 'horizon_xi': 254.16987702393956}, {'n': 2, 'hits': 4.0, 'tempo': 2.184420768953572, 'advantage': -1.8155792310464278, 'horizon_xi': 264.4958806106895}]
00:07:44 INFO    fpl_expert.optimise.transfers | consistent valuation: [{'n': 1, 'hits': 0.0, 'tempo': 0.0, 'advantage': 0.0, 'horizon_xi': 261.4518847843697}, {'n': 2, 'hits': 4.0, 'tempo': 0.06540102874615172, 'advantage': -3.9345989712538483, 'horizon_xi': 262.02368649025885}]
00:07:45 INFO    fpl_expert.optimise.transfers | consistent valuation: [{'n': 1, 'hits': 0.0, 'tempo': 0.0, 'advantage': 0.0, 'horizon_xi': 270.359864473306}, {'n': 2, 'hits': 4.0, 'tempo': 1.7874094441825221, 'advantage': -2.212590555817478, 'horizon_xi': 276.02530167905053}]
00:07:45 INFO    fpl_expert.optimise.transfers | consistent valuation: [{'n': 1, 'hits': 0.0, 'tempo': 0.0, 'advantage': 0.0, 'horizon_xi': 266.78263555855625}, {'n': 2, 'hits': 4.0, 'tempo': 1.6817822043526789, 'advantage': -2.318217795647321, 'horizon_xi': 274.80240868503347}]
00:07:45 INFO    fpl_expert.optimise.transfers | consistent valuation: [{'n': 1, 'hits': 0.0, 'tempo': 0.0, 'advantage': 0.0, 'horizon_xi': 283.18684029858343}, {'n': 2, 'hits': 4.0, 'tempo': 0.7876206074369918, 'advantage': -3.212379392563008, 'horizon_xi': 286.9959582706637}]
00:07:46 INFO    fpl_expert.optimise.transfers | consistent valuation: [{'n': 1, 'hits': 0.0, 'tempo': 0.0, 'advantage': 0.0, 'horizon_xi': 267.2724312918494}, {'n': 2, 'hits': 4.0, 'tempo': 1.2641228230269235, 'advantage': -2.7358771769730765, 'horizon_xi': 270.3343454631828}]
00:07:46 INFO    fpl_expert.optimise.transfers | consistent valuation: [{'n': 1, 'hits': 0.0, 'tempo': 0.0, 'advantage': 0.0, 'horizon_xi': 243.93470539692555}, {'n': 2, 'hits': 4.0, 'tempo': -0.8580730154172329, 'advantage': -4.858073015417233, 'horizon_xi': 244.73373768977592}]
00:07:46 INFO    fpl_expert.optimise.transfers | consistent valuation: [{'n': 1, 'hits': 0.0, 'tempo': 0.0, 'advantage': 0.0, 'horizon_xi': 256.20262993730506}, {'n': 2, 'hits': 4.0, 'tempo': 0.23653801265368202, 'advantage': -3.763461987346318, 'horizon_xi': 256.52211699472133}]
00:07:47 INFO    fpl_expert.optimise.transfers | consistent valuation: [{'n': 1, 'hits': 0.0, 'tempo': 0.0, 'advantage': 0.0, 'horizon_xi': 249.72373068351948}, {'n': 2, 'hits': 4.0, 'tempo': 1.6069305515362942, 'advantage': -2.393069448463706, 'horizon_xi': 254.93692341932305}]
00:07:47 INFO    fpl_expert.optimise.transfers | consistent valuation: [{'n': 1, 'hits': 0.0, 'tempo': 0.0, 'advantage': 0.0, 'horizon_xi': 217.1522349042426}, {'n': 2, 'hits': 4.0, 'tempo': -0.7578477615539683, 'advantage': -4.757847761553968, 'horizon_xi': 220.65003554293096}]
00:07:47 INFO    fpl_expert.optimise.transfers | consistent valuation: [{'n': 1, 'hits': 0.0, 'tempo': 0.0, 'advantage': 0.0, 'horizon_xi': 245.39928181839502}, {'n': 2, 'hits': 4.0, 'tempo': 0.44083252556015395, 'advantage': -3.559167474439846, 'horizon_xi': 255.7715547714102}]
00:07:48 INFO    fpl_expert.optimise.transfers | consistent valuation: [{'n': 1, 'hits': 0.0, 'tempo': 0.0, 'advantage': 0.0, 'horizon_xi': 243.89039836999024}, {'n': 2, 'hits': 4.0, 'tempo': 1.7510738376187263, 'advantage': -2.2489261623812737, 'horizon_xi': 252.1590759875943}]
00:07:48 INFO    fpl_expert.optimise.transfers | consistent valuation: [{'n': 1, 'hits': 0.0, 'tempo': 0.0, 'advantage': 0.0, 'horizon_xi': 244.1230045615683}, {'n': 2, 'hits': 4.0, 'tempo': 9.698611004160995, 'advantage': 5.698611004160995, 'horizon_xi': 252.14263780620695}]
00:07:48 INFO    fpl_expert.backtest.season_sim | GW32: playing triple_captain (best available (10.0 vs 9.5 remaining))
00:07:48 INFO    fpl_expert.optimise.transfers | consistent valuation: [{'n': 1, 'hits': 0.0, 'tempo': 0.0, 'advantage': 0.0, 'horizon_xi': 245.7734045899806}, {'n': 2, 'hits': 4.0, 'tempo': 5.94946973708619, 'advantage': 1.94946973708619, 'horizon_xi': 251.33228825479816}]
00:07:49 INFO    fpl_expert.optimise.transfers | consistent valuation: [{'n': 1, 'hits': 0.0, 'tempo': 0.0, 'advantage': 0.0, 'horizon_xi': 175.63132939765785}, {'n': 2, 'hits': 4.0, 'tempo': 2.6692665235433566, 'advantage': -1.3307334764566434, 'horizon_xi': 179.68854866087676}]
00:07:49 INFO    fpl_expert.optimise.transfers | consistent valuation: [{'n': 1, 'hits': 0.0, 'tempo': 0.0, 'advantage': 0.0, 'horizon_xi': 180.72428150141423}, {'n': 2, 'hits': 4.0, 'tempo': 0.47304419535294073, 'advantage': -3.5269558046470593, 'horizon_xi': 182.4950791279792}]
00:07:49 INFO    fpl_expert.optimise.transfers | consistent valuation: [{'n': 1, 'hits': 0.0, 'tempo': 0.0, 'advantage': 0.0, 'horizon_xi': 147.0335772046581}, {'n': 2, 'hits': 4.0, 'tempo': 1.6120397435633365, 'advantage': -2.3879602564366635, 'horizon_xi': 150.20841147960755}]
00:07:50 INFO    fpl_expert.optimise.transfers | consistent valuation: [{'n': 1, 'hits': 0.0, 'tempo': 0.0, 'advantage': 0.0, 'horizon_xi': 107.91462061211558}, {'n': 2, 'hits': 4.0, 'tempo': 2.0162970309544477, 'advantage': -1.9837029690455523, 'horizon_xi': 110.28049862775747}]
00:07:50 INFO    fpl_expert.optimise.transfers | consistent valuation: [{'n': 1, 'hits': 0.0, 'tempo': 0.0, 'advantage': 0.0, 'horizon_xi': 60.621640257816196}, {'n': 2, 'hits': 4.0, 'tempo': 0.06797221718881019, 'advantage': -3.93202778281119, 'horizon_xi': 60.689612475005006}]
00:07:50 INFO    fpl_expert.backtest.season_sim | GW38: playing bench_boost (final chance before expiry)
00:07:50 INFO    fpl_expert.backtest.ensemble | consistent path 9: 2362
  2024-25 consistent         mean    2346  sd  33.7
00:07:54 INFO    fpl_expert.backtest.season_sim | GW17: playing triple_captain (expiring in 2 gw, best remaining 6.8)
00:07:54 INFO    fpl_expert.backtest.season_sim | GW18: playing bench_boost (expiring in 1 gw, best remaining 13.3)
00:07:58 INFO    fpl_expert.backtest.season_sim | GW33: playing bench_boost (best available (13.3 vs 13.0 remaining))
00:07:59 INFO    fpl_expert.backtest.season_sim | GW36: playing triple_captain (expiring in 2 gw, best remaining 6.9)
00:07:59 INFO    fpl_expert.backtest.ensemble | horizon path 0: 2060
00:08:03 INFO    fpl_expert.backtest.season_sim | GW17: playing triple_captain (expiring in 2 gw, best remaining 6.8)
00:08:03 INFO    fpl_expert.backtest.season_sim | GW18: playing bench_boost (expiring in 1 gw, best remaining 13.3)
00:08:06 INFO    fpl_expert.backtest.season_sim | GW33: playing bench_boost (best available (13.3 vs 13.0 remaining))
00:08:07 INFO    fpl_expert.backtest.season_sim | GW36: playing triple_captain (expiring in 2 gw, best remaining 6.9)
00:08:07 INFO    fpl_expert.backtest.ensemble | horizon path 1: 2060
00:08:11 INFO    fpl_expert.backtest.season_sim | GW17: playing triple_captain (expiring in 2 gw, best remaining 6.8)
00:08:11 INFO    fpl_expert.backtest.season_sim | GW18: playing bench_boost (expiring in 1 gw, best remaining 13.3)
00:08:13 INFO    fpl_expert.backtest.season_sim | GW33: playing bench_boost (best available (13.3 vs 13.0 remaining))
00:08:13 INFO    fpl_expert.backtest.season_sim | GW36: playing triple_captain (expiring in 2 gw, best remaining 6.9)
00:08:13 INFO    fpl_expert.backtest.ensemble | horizon path 2: 2060
00:08:17 INFO    fpl_expert.backtest.season_sim | GW17: playing triple_captain (expiring in 2 gw, best remaining 6.8)
00:08:17 INFO    fpl_expert.backtest.season_sim | GW18: playing bench_boost (expiring in 1 gw, best remaining 13.3)
00:08:20 INFO    fpl_expert.backtest.season_sim | GW33: playing bench_boost (best available (13.3 vs 13.0 remaining))
00:08:20 INFO    fpl_expert.backtest.season_sim | GW36: playing triple_captain (expiring in 2 gw, best remaining 6.9)
00:08:21 INFO    fpl_expert.backtest.ensemble | horizon path 3: 2058
00:08:25 INFO    fpl_expert.backtest.season_sim | GW17: playing triple_captain (expiring in 2 gw, best remaining 6.8)
00:08:25 INFO    fpl_expert.backtest.season_sim | GW18: playing bench_boost (expiring in 1 gw, best remaining 13.3)
00:08:28 INFO    fpl_expert.backtest.season_sim | GW33: playing bench_boost (best available (13.3 vs 13.0 remaining))
00:08:28 INFO    fpl_expert.backtest.season_sim | GW36: playing triple_captain (expiring in 2 gw, best remaining 6.9)
00:08:28 INFO    fpl_expert.backtest.ensemble | horizon path 4: 2060
00:08:32 INFO    fpl_expert.backtest.season_sim | GW17: playing triple_captain (expiring in 2 gw, best remaining 6.8)
00:08:33 INFO    fpl_expert.backtest.season_sim | GW19: playing bench_boost (final chance before expiry)
00:08:36 INFO    fpl_expert.backtest.season_sim | GW35: playing bench_boost (expiring in 3 gw, best remaining 13.9)
00:08:36 INFO    fpl_expert.backtest.season_sim | GW36: playing triple_captain (expiring in 2 gw, best remaining 6.9)
00:08:36 INFO    fpl_expert.backtest.ensemble | horizon path 5: 2149
00:08:40 INFO    fpl_expert.backtest.season_sim | GW17: playing triple_captain (expiring in 2 gw, best remaining 6.8)
00:08:40 INFO    fpl_expert.backtest.season_sim | GW18: playing bench_boost (expiring in 1 gw, best remaining 13.3)
00:08:43 INFO    fpl_expert.backtest.season_sim | GW33: playing bench_boost (best available (13.3 vs 13.0 remaining))
00:08:43 INFO    fpl_expert.backtest.season_sim | GW36: playing triple_captain (expiring in 2 gw, best remaining 6.9)
00:08:43 INFO    fpl_expert.backtest.ensemble | horizon path 6: 2060
00:08:49 INFO    fpl_expert.backtest.season_sim | GW17: playing triple_captain (expiring in 2 gw, best remaining 6.8)
00:08:49 INFO    fpl_expert.backtest.season_sim | GW18: playing bench_boost (expiring in 1 gw, best remaining 13.3)
00:08:52 INFO    fpl_expert.backtest.season_sim | GW33: playing bench_boost (best available (13.3 vs 13.0 remaining))
00:08:52 INFO    fpl_expert.backtest.season_sim | GW36: playing triple_captain (expiring in 2 gw, best remaining 6.9)
00:08:53 INFO    fpl_expert.backtest.ensemble | horizon path 7: 2060
00:08:57 INFO    fpl_expert.backtest.season_sim | GW17: playing triple_captain (expiring in 2 gw, best remaining 6.8)
00:08:57 INFO    fpl_expert.backtest.season_sim | GW18: playing bench_boost (expiring in 1 gw, best remaining 13.3)
00:08:59 INFO    fpl_expert.backtest.season_sim | GW33: playing bench_boost (best available (13.3 vs 13.0 remaining))
00:09:00 INFO    fpl_expert.backtest.season_sim | GW36: playing triple_captain (expiring in 2 gw, best remaining 6.9)
00:09:00 INFO    fpl_expert.backtest.ensemble | horizon path 8: 2060
00:09:04 INFO    fpl_expert.backtest.season_sim | GW17: playing triple_captain (expiring in 2 gw, best remaining 6.9)
00:09:04 INFO    fpl_expert.backtest.season_sim | GW18: playing bench_boost (expiring in 1 gw, best remaining 13.3)
00:09:07 INFO    fpl_expert.backtest.season_sim | GW33: playing bench_boost (best available (13.3 vs 13.0 remaining))
00:09:08 INFO    fpl_expert.backtest.season_sim | GW36: playing triple_captain (expiring in 2 gw, best remaining 6.9)
00:09:08 INFO    fpl_expert.backtest.ensemble | horizon path 9: 2060
  2025-26 horizon            mean    2069  sd  28.2
00:09:10 INFO    fpl_expert.optimise.transfers | consistent valuation: [{'n': 1, 'hits': 0.0, 'tempo': 0.0, 'advantage': 0.0, 'horizon_xi': 218.59254281939474}, {'n': 2, 'hits': 4.0, 'tempo': 2.3186804491754742, 'advantage': -1.6813195508245258, 'horizon_xi': 226.85424637412743}]
00:09:11 INFO    fpl_expert.optimise.transfers | consistent valuation: [{'n': 1, 'hits': 0.0, 'tempo': 0.0, 'advantage': 0.0, 'horizon_xi': 193.45262598718227}, {'n': 2, 'hits': 4.0, 'tempo': 3.347898727042825, 'advantage': -0.6521012729571751, 'horizon_xi': 209.88011921982545}]
00:09:11 INFO    fpl_expert.optimise.transfers | consistent valuation: [{'n': 1, 'hits': 0.0, 'tempo': 0.0, 'advantage': 0.0, 'horizon_xi': 214.49930861241842}, {'n': 2, 'hits': 4.0, 'tempo': 2.934532243944659, 'advantage': -1.065467756055341, 'horizon_xi': 224.8824437194216}]
00:09:12 INFO    fpl_expert.optimise.transfers | consistent valuation: [{'n': 1, 'hits': 0.0, 'tempo': 0.0, 'advantage': 0.0, 'horizon_xi': 205.6031445186708}, {'n': 2, 'hits': 4.0, 'tempo': 2.1986132294714977, 'advantage': -1.8013867705285023, 'horizon_xi': 213.295081903176}]
00:09:12 INFO    fpl_expert.optimise.transfers | consistent valuation: [{'n': 1, 'hits': 0.0, 'tempo': 0.0, 'advantage': 0.0, 'horizon_xi': 204.21684586859388}, {'n': 2, 'hits': 4.0, 'tempo': -0.7483414430725333, 'advantage': -4.748341443072533, 'horizon_xi': 209.57016180579416}]
00:09:12 INFO    fpl_expert.optimise.transfers | consistent valuation: [{'n': 1, 'hits': 0.0, 'tempo': 0.0, 'advantage': 0.0, 'horizon_xi': 221.22394635734545}, {'n': 2, 'hits': 4.0, 'tempo': 2.0427847551971396, 'advantage': -1.9572152448028604, 'horizon_xi': 228.87839805866}]
00:09:13 INFO    fpl_expert.optimise.transfers | consistent valuation: [{'n': 1, 'hits': 0.0, 'tempo': 0.0, 'advantage': 0.0, 'horizon_xi': 218.64729514060463}, {'n': 2, 'hits': 4.0, 'tempo': 1.7886631924747647, 'advantage': -2.2113368075252353, 'horizon_xi': 223.82809492535773}]
00:09:13 INFO    fpl_expert.optimise.transfers | consistent valuation: [{'n': 1, 'hits': 0.0, 'tempo': 0.0, 'advantage': 0.0, 'horizon_xi': 228.20850822642612}, {'n': 2, 'hits': 4.0, 'tempo': 0.0914664771180611, 'advantage': -3.908533522881939, 'horizon_xi': 230.1009935415169}]
00:09:13 INFO    fpl_expert.optimise.transfers | consistent valuation: [{'n': 1, 'hits': 0.0, 'tempo': 0.0, 'advantage': 0.0, 'horizon_xi': 230.355932313932}, {'n': 2, 'hits': 4.0, 'tempo': 1.8202472641982652, 'advantage': -2.179752735801735, 'horizon_xi': 238.41077347642104}]
00:09:14 INFO    fpl_expert.optimise.transfers | consistent valuation: [{'n': 1, 'hits': 0.0, 'tempo': 0.0, 'advantage': 0.0, 'horizon_xi': 236.03103987974603}, {'n': 2, 'hits': 4.0, 'tempo': 2.385010550980958, 'advantage': -1.614989449019042, 'horizon_xi': 236.8124846652015}]
00:09:14 INFO    fpl_expert.optimise.transfers | consistent valuation: [{'n': 1, 'hits': 0.0, 'tempo': 0.0, 'advantage': 0.0, 'horizon_xi': 241.3085329704091}, {'n': 2, 'hits': 4.0, 'tempo': 0.2779873073080168, 'advantage': -3.722012692691983, 'horizon_xi': 242.27482561310387}]
00:09:15 INFO    fpl_expert.optimise.transfers | consistent valuation: [{'n': 1, 'hits': 0.0, 'tempo': 0.0, 'advantage': 0.0, 'horizon_xi': 234.39191920672613}, {'n': 2, 'hits': 4.0, 'tempo': 2.923788045978526, 'advantage': -1.076211954021474, 'horizon_xi': 239.0958269911642}]
00:09:15 INFO    fpl_expert.backtest.season_sim | GW13: playing bench_boost (best available (12.0 vs 11.1 remaining))
00:09:15 INFO    fpl_expert.optimise.transfers | consistent valuation: [{'n': 1, 'hits': 0.0, 'tempo': 0.0, 'advantage': 0.0, 'horizon_xi': 222.98778274206478}, {'n': 2, 'hits': 4.0, 'tempo': 2.7996530470808665, 'advantage': -1.2003469529191335, 'horizon_xi': 240.6114205668705}]
00:09:15 INFO    fpl_expert.optimise.transfers | consistent valuation: [{'n': 1, 'hits': 0.0, 'tempo': 0.0, 'advantage': 0.0, 'horizon_xi': 225.85205431114446}, {'n': 2, 'hits': 4.0, 'tempo': 1.8211564345903923, 'advantage': -2.1788435654096077, 'horizon_xi': 236.31231851863964}]
00:09:16 INFO    fpl_expert.optimise.transfers | consistent valuation: [{'n': 1, 'hits': 0.0, 'tempo': 0.0, 'advantage': 0.0, 'horizon_xi': 222.35603447041137}, {'n': 2, 'hits': 4.0, 'tempo': 1.6943969720259417, 'advantage': -2.3056030279740583, 'horizon_xi': 228.4799973203385}]
00:09:16 INFO    fpl_expert.optimise.transfers | consistent valuation: [{'n': 1, 'hits': 0.0, 'tempo': 0.0, 'advantage': 0.0, 'horizon_xi': 231.6322048499328}, {'n': 2, 'hits': 4.0, 'tempo': 1.445539234899087, 'advantage': -2.554460765100913, 'horizon_xi': 235.84653309916524}]
00:09:16 INFO    fpl_expert.backtest.season_sim | GW17: playing triple_captain (expiring in 2 gw, best remaining 6.8)
00:09:16 INFO    fpl_expert.optimise.transfers | consistent valuation: [{'n': 1, 'hits': 0.0, 'tempo': 0.0, 'advantage': 0.0, 'horizon_xi': 231.8038767338335}, {'n': 2, 'hits': 4.0, 'tempo': 1.490257174236767, 'advantage': -2.509742825763233, 'horizon_xi': 235.9596051124328}]
00:09:16 INFO    fpl_expert.optimise.transfers | consistent valuation: [{'n': 1, 'hits': 0.0, 'tempo': 0.0, 'advantage': 0.0, 'horizon_xi': 224.91656526023314}, {'n': 2, 'hits': 4.0, 'tempo': 1.611052930064531, 'advantage': -2.388947069935469, 'horizon_xi': 230.233138707909}]
00:09:17 INFO    fpl_expert.optimise.transfers | consistent valuation: [{'n': 1, 'hits': 0.0, 'tempo': 0.0, 'advantage': 0.0, 'horizon_xi': 215.25517102314765}, {'n': 2, 'hits': 4.0, 'tempo': 0.3184730831366309, 'advantage': -3.681526916863369, 'horizon_xi': 220.97633566805865}]
00:09:17 INFO    fpl_expert.optimise.transfers | consistent valuation: [{'n': 1, 'hits': 0.0, 'tempo': 0.0, 'advantage': 0.0, 'horizon_xi': 226.3975821227146}, {'n': 2, 'hits': 4.0, 'tempo': 0.7280236637119657, 'advantage': -3.2719763362880343, 'horizon_xi': 229.43924902123774}]
00:09:17 INFO    fpl_expert.optimise.transfers | consistent valuation: [{'n': 1, 'hits': 0.0, 'tempo': 0.0, 'advantage': 0.0, 'horizon_xi': 223.8406366430674}, {'n': 2, 'hits': 4.0, 'tempo': 4.360927705124716, 'advantage': 0.36092770512471617, 'horizon_xi': 233.88791248081753}]
00:09:18 INFO    fpl_expert.optimise.transfers | consistent valuation: [{'n': 1, 'hits': 0.0, 'tempo': 0.0, 'advantage': 0.0, 'horizon_xi': 234.96283794412528}, {'n': 2, 'hits': 4.0, 'tempo': -1.2340582115056051, 'advantage': -5.234058211505605, 'horizon_xi': 240.35702390635672}]
00:09:18 INFO    fpl_expert.optimise.transfers | consistent valuation: [{'n': 1, 'hits': 0.0, 'tempo': 0.0, 'advantage': 0.0, 'horizon_xi': 237.116832971617}, {'n': 2, 'hits': 4.0, 'tempo': 3.122985883750907, 'advantage': -0.877014116249093, 'horizon_xi': 247.01421812527016}]
00:09:19 INFO    fpl_expert.optimise.transfers | consistent valuation: [{'n': 1, 'hits': 0.0, 'tempo': 0.0, 'advantage': 0.0, 'horizon_xi': 240.8144080095077}, {'n': 2, 'hits': 4.0, 'tempo': 2.506202651650021, 'advantage': -1.493797348349979, 'horizon_xi': 246.72711928466762}]
00:09:19 INFO    fpl_expert.optimise.transfers | consistent valuation: [{'n': 1, 'hits': 0.0, 'tempo': 0.0, 'advantage': 0.0, 'horizon_xi': 244.20113892461427}, {'n': 2, 'hits': 4.0, 'tempo': 3.3413105450963627, 'advantage': -0.6586894549036373, 'horizon_xi': 247.15183873968704}]
00:09:19 INFO    fpl_expert.optimise.transfers | consistent valuation: [{'n': 1, 'hits': 0.0, 'tempo': 0.0, 'advantage': 0.0, 'horizon_xi': 233.94117257275786}, {'n': 2, 'hits': 4.0, 'tempo': 0.0, 'advantage': -4.0, 'horizon_xi': 235.25321662350163}]
00:09:20 INFO    fpl_expert.optimise.transfers | consistent valuation: [{'n': 1, 'hits': 0.0, 'tempo': 0.0, 'advantage': 0.0, 'horizon_xi': 233.67913788667428}, {'n': 2, 'hits': 4.0, 'tempo': 0.907753642684348, 'advantage': -3.092246357315652, 'horizon_xi': 236.41458057734593}]
00:09:20 INFO    fpl_expert.optimise.transfers | consistent valuation: [{'n': 1, 'hits': 0.0, 'tempo': 0.0, 'advantage': 0.0, 'horizon_xi': 234.8735926810611}, {'n': 2, 'hits': 4.0, 'tempo': -0.4371694707225444, 'advantage': -4.437169470722544, 'horizon_xi': 234.53652992979204}]
00:09:20 INFO    fpl_expert.optimise.transfers | consistent valuation: [{'n': 1, 'hits': 0.0, 'tempo': 0.0, 'advantage': 0.0, 'horizon_xi': 232.72768187116137}, {'n': 2, 'hits': 4.0, 'tempo': 0.06729781850264516, 'advantage': -3.932702181497355, 'horizon_xi': 234.59349296390982}]
00:09:21 INFO    fpl_expert.optimise.transfers | consistent valuation: [{'n': 1, 'hits': 0.0, 'tempo': 0.0, 'advantage': 0.0, 'horizon_xi': 204.49889040120092}, {'n': 2, 'hits': 4.0, 'tempo': 2.5685155098400685, 'advantage': -1.4314844901599315, 'horizon_xi': 211.1522505366128}]
00:09:21 INFO    fpl_expert.optimise.transfers | consistent valuation: [{'n': 1, 'hits': 0.0, 'tempo': 0.0, 'advantage': 0.0, 'horizon_xi': 248.86134445197342}, {'n': 2, 'hits': 4.0, 'tempo': 0.0, 'advantage': -4.0, 'horizon_xi': 251.8508714416887}]
00:09:21 INFO    fpl_expert.optimise.transfers | consistent valuation: [{'n': 1, 'hits': 0.0, 'tempo': 0.0, 'advantage': 0.0, 'horizon_xi': 257.8774607654418}, {'n': 2, 'hits': 4.0, 'tempo': 4.123169129522907, 'advantage': 0.12316912952290693, 'horizon_xi': 264.8770392223232}]
00:09:22 INFO    fpl_expert.optimise.transfers | consistent valuation: [{'n': 1, 'hits': 0.0, 'tempo': 0.0, 'advantage': 0.0, 'horizon_xi': 156.46705964691319}, {'n': 2, 'hits': 4.0, 'tempo': -0.026598227306244837, 'advantage': -4.026598227306245, 'horizon_xi': 157.270406631622}]
00:09:22 INFO    fpl_expert.optimise.transfers | consistent valuation: [{'n': 1, 'hits': 0.0, 'tempo': 0.0, 'advantage': 0.0, 'horizon_xi': 197.31343297184384}, {'n': 2, 'hits': 4.0, 'tempo': 0.6880042332143148, 'advantage': -3.311995766785685, 'horizon_xi': 199.51208879054565}]
00:09:22 INFO    fpl_expert.backtest.season_sim | GW35: playing bench_boost (expiring in 3 gw, best remaining 12.1)
00:09:22 INFO    fpl_expert.optimise.transfers | consistent valuation: [{'n': 1, 'hits': 0.0, 'tempo': 0.0, 'advantage': 0.0, 'horizon_xi': 170.33572802506848}, {'n': 2, 'hits': 4.0, 'tempo': 0.755218645957811, 'advantage': -3.244781354042189, 'horizon_xi': 171.3971410187103}]
00:09:22 INFO    fpl_expert.backtest.season_sim | GW36: playing triple_captain (expiring in 2 gw, best remaining 6.9)
00:09:23 INFO    fpl_expert.optimise.transfers | consistent valuation: [{'n': 1, 'hits': 0.0, 'tempo': 0.0, 'advantage': 0.0, 'horizon_xi': 108.6967469551457}, {'n': 2, 'hits': 4.0, 'tempo': 0.7003338731654623, 'advantage': -3.2996661268345377, 'horizon_xi': 109.39708082831118}]
00:09:23 INFO    fpl_expert.optimise.transfers | consistent valuation: [{'n': 1, 'hits': 0.0, 'tempo': 0.0, 'advantage': 0.0, 'horizon_xi': 52.232672192621116}, {'n': 2, 'hits': 4.0, 'tempo': 0.17203623790715028, 'advantage': -3.8279637620928497, 'horizon_xi': 52.40470843052827}]
00:09:23 INFO    fpl_expert.backtest.ensemble | consistent path 0: 2092
00:09:24 INFO    fpl_expert.optimise.transfers | consistent valuation: [{'n': 1, 'hits': 0.0, 'tempo': 0.0, 'advantage': 0.0, 'horizon_xi': 218.6152552708179}, {'n': 2, 'hits': 4.0, 'tempo': 2.3310793599646615, 'advantage': -1.6689206400353385, 'horizon_xi': 226.88258955503952}]
00:09:25 INFO    fpl_expert.optimise.transfers | consistent valuation: [{'n': 1, 'hits': 0.0, 'tempo': 0.0, 'advantage': 0.0, 'horizon_xi': 193.47217571451768}, {'n': 2, 'hits': 4.0, 'tempo': 3.338244071547763, 'advantage': -0.6617559284522372, 'horizon_xi': 209.89156076567585}]
00:09:25 INFO    fpl_expert.optimise.transfers | consistent valuation: [{'n': 1, 'hits': 0.0, 'tempo': 0.0, 'advantage': 0.0, 'horizon_xi': 214.5365744313354}, {'n': 2, 'hits': 4.0, 'tempo': 2.9347690843387113, 'advantage': -1.0652309156612887, 'horizon_xi': 224.93582771295283}]
00:09:25 INFO    fpl_expert.optimise.transfers | consistent valuation: [{'n': 1, 'hits': 0.0, 'tempo': 0.0, 'advantage': 0.0, 'horizon_xi': 205.54550942693453}, {'n': 2, 'hits': 4.0, 'tempo': 2.187896620179771, 'advantage': -1.812103379820229, 'horizon_xi': 213.22240944402853}]
00:09:26 INFO    fpl_expert.optimise.transfers | consistent valuation: [{'n': 1, 'hits': 0.0, 'tempo': 0.0, 'advantage': 0.0, 'horizon_xi': 204.14811094487598}, {'n': 2, 'hits': 4.0, 'tempo': -0.7549130524531549, 'advantage': -4.754913052453155, 'horizon_xi': 209.52620106631235}]
00:09:26 INFO    fpl_expert.optimise.transfers | consistent valuation: [{'n': 1, 'hits': 0.0, 'tempo': 0.0, 'advantage': 0.0, 'horizon_xi': 221.15052500703203}, {'n': 2, 'hits': 4.0, 'tempo': 2.0400892535164203, 'advantage': -1.9599107464835797, 'horizon_xi': 228.80611857568488}]
00:09:26 INFO    fpl_expert.optimise.transfers | consistent valuation: [{'n': 1, 'hits': 0.0, 'tempo': 0.0, 'advantage': 0.0, 'horizon_xi': 218.5700967977407}, {'n': 2, 'hits': 4.0, 'tempo': 1.787875181761791, 'advantage': -2.212124818238209, 'horizon_xi': 223.749654222831}]
00:09:27 INFO    fpl_expert.optimise.transfers | consistent valuation: [{'n': 1, 'hits': 0.0, 'tempo': 0.0, 'advantage': 0.0, 'horizon_xi': 228.18056728296136}, {'n': 2, 'hits': 4.0, 'tempo': -0.6382088382356486, 'advantage': -4.638208838235649, 'horizon_xi': 238.80511915428386}]
00:09:27 INFO    fpl_expert.optimise.transfers | consistent valuation: [{'n': 1, 'hits': 0.0, 'tempo': 0.0, 'advantage': 0.0, 'horizon_xi': 230.3146542196365}, {'n': 2, 'hits': 4.0, 'tempo': 1.845326208267359, 'advantage': -2.154673791732641, 'horizon_xi': 238.44951747066003}]
00:09:27 INFO    fpl_expert.optimise.transfers | consistent valuation: [{'n': 1, 'hits': 0.0, 'tempo': 0.0, 'advantage': 0.0, 'horizon_xi': 235.99668298127236}, {'n': 2, 'hits': 4.0, 'tempo': 2.4034198251321754, 'advantage': -1.5965801748678246, 'horizon_xi': 236.81763118734028}]
00:09:28 INFO    fpl_expert.optimise.transfers | consistent valuation: [{'n': 1, 'hits': 0.0, 'tempo': 0.0, 'advantage': 0.0, 'horizon_xi': 241.2458552292254}, {'n': 2, 'hits': 4.0, 'tempo': 0.2601141168738792, 'advantage': -3.739885883126121, 'horizon_xi': 242.22109487259232}]
00:09:28 INFO    fpl_expert.optimise.transfers | consistent valuation: [{'n': 1, 'hits': 0.0, 'tempo': 0.0, 'advantage': 0.0, 'horizon_xi': 234.37318617332244}, {'n': 2, 'hits': 4.0, 'tempo': 2.9069103930169504, 'advantage': -1.0930896069830496, 'horizon_xi': 239.01876131293406}]
00:09:28 INFO    fpl_expert.backtest.season_sim | GW13: playing bench_boost (best available (12.0 vs 11.1 remaining))
00:09:29 INFO    fpl_expert.optimise.transfers | consistent valuation: [{'n': 1, 'hits': 0.0, 'tempo': 0.0, 'advantage': 0.0, 'horizon_xi': 222.99860125385376}, {'n': 2, 'hits': 4.0, 'tempo': 2.8255578469934264, 'advantage': -1.1744421530065736, 'horizon_xi': 240.57338141224983}]
00:09:29 INFO    fpl_expert.optimise.transfers | consistent valuation: [{'n': 1, 'hits': 0.0, 'tempo': 0.0, 'advantage': 0.0, 'horizon_xi': 225.83966607758626}, {'n': 2, 'hits': 4.0, 'tempo': 1.833664603702161, 'advantage': -2.166335396297839, 'horizon_xi': 236.22768518185435}]
00:09:29 INFO    fpl_expert.optimise.transfers | consistent valuation: [{'n': 1, 'hits': 0.0, 'tempo': 0.0, 'advantage': 0.0, 'horizon_xi': 222.3382326229743}, {'n': 2, 'hits': 4.0, 'tempo': 1.6847196858225715, 'advantage': -2.3152803141774285, 'horizon_xi': 228.4614676841211}]
00:09:30 INFO    fpl_expert.optimise.transfers | consistent valuation: [{'n': 1, 'hits': 0.0, 'tempo': 0.0, 'advantage': 0.0, 'horizon_xi': 231.66912945085087}, {'n': 2, 'hits': 4.0, 'tempo': 1.4530159114888122, 'advantage': -2.546984088511188, 'horizon_xi': 235.89811500562215}]
00:09:30 INFO    fpl_expert.backtest.season_sim | GW17: playing triple_captain (expiring in 2 gw, best remaining 6.8)
00:09:30 INFO    fpl_expert.optimise.transfers | consistent valuation: [{'n': 1, 'hits': 0.0, 'tempo': 0.0, 'advantage': 0.0, 'horizon_xi': 231.853089266748}, {'n': 2, 'hits': 4.0, 'tempo': 1.5039513919768837, 'advantage': -2.4960486080231163, 'horizon_xi': 236.02382534536125}]
00:09:30 INFO    fpl_expert.optimise.transfers | consistent valuation: [{'n': 1, 'hits': 0.0, 'tempo': 0.0, 'advantage': 0.0, 'horizon_xi': 224.94204398219145}, {'n': 2, 'hits': 4.0, 'tempo': 1.6072350931143404, 'advantage': -2.3927649068856596, 'horizon_xi': 230.26054568060704}]
00:09:30 INFO    fpl_expert.optimise.transfers | consistent valuation: [{'n': 1, 'hits': 0.0, 'tempo': 0.0, 'advantage': 0.0, 'horizon_xi': 215.26652583723674}, {'n': 2, 'hits': 4.0, 'tempo': 0.3154453930299823, 'advantage': -3.6845546069700177, 'horizon_xi': 220.97468217497547}]
00:09:31 INFO    fpl_expert.optimise.transfers | consistent valuation: [{'n': 1, 'hits': 0.0, 'tempo': 0.0, 'advantage': 0.0, 'horizon_xi': 226.39796958761605}, {'n': 2, 'hits': 4.0, 'tempo': 0.7313245746112571, 'advantage': -3.268675425388743, 'horizon_xi': 229.44128607714194}]
00:09:31 INFO    fpl_expert.optimise.transfers | consistent valuation: [{'n': 1, 'hits': 0.0, 'tempo': 0.0, 'advantage': 0.0, 'horizon_xi': 223.813415150962}, {'n': 2, 'hits': 4.0, 'tempo': 4.362025374905215, 'advantage': 0.36202537490521536, 'horizon_xi': 233.88816321643444}]
00:09:31 INFO    fpl_expert.optimise.transfers | consistent valuation: [{'n': 1, 'hits': 0.0, 'tempo': 0.0, 'advantage': 0.0, 'horizon_xi': 235.0057489866729}, {'n': 2, 'hits': 4.0, 'tempo': -1.2407110692815664, 'advantage': -5.240711069281566, 'horizon_xi': 240.36017055389544}]
00:09:32 INFO    fpl_expert.optimise.transfers | consistent valuation: [{'n': 1, 'hits': 0.0, 'tempo': 0.0, 'advantage': 0.0, 'horizon_xi': 237.1629738000255}, {'n': 2, 'hits': 4.0, 'tempo': 3.1244232855357836, 'advantage': -0.8755767144642164, 'horizon_xi': 246.99822550469497}]
00:09:32 INFO    fpl_expert.optimise.transfers | consistent valuation: [{'n': 1, 'hits': 0.0, 'tempo': 0.0, 'advantage': 0.0, 'horizon_xi': 240.80255844195392}, {'n': 2, 'hits': 4.0, 'tempo': 2.4868673417711307, 'advantage': -1.5131326582288693, 'horizon_xi': 246.67556089014064}]
00:09:32 INFO    fpl_expert.optimise.transfers | consistent valuation: [{'n': 1, 'hits': 0.0, 'tempo': 0.0, 'advantage': 0.0, 'horizon_xi': 244.1915990206587}, {'n': 2, 'hits': 4.0, 'tempo': 3.3536464530912156, 'advantage': -0.6463535469087844, 'horizon_xi': 247.1717025515106}]
00:09:33 INFO    fpl_expert.optimise.transfers | consistent valuation: [{'n': 1, 'hits': 0.0, 'tempo': 0.0, 'advantage': 0.0, 'horizon_xi': 233.9164210618761}, {'n': 2, 'hits': 4.0, 'tempo': 0.0, 'advantage': -4.0, 'horizon_xi': 235.22514606797282}]
00:09:33 INFO    fpl_expert.optimise.transfers | consistent valuation: [{'n': 1, 'hits': 0.0, 'tempo': 0.0, 'advantage': 0.0, 'horizon_xi': 233.66612287564746}, {'n': 2, 'hits': 4.0, 'tempo': 0.9141625940351901, 'advantage': -3.08583740596481, 'horizon_xi': 236.40976328103415}]
00:09:33 INFO    fpl_expert.optimise.transfers | consistent valuation: [{'n': 1, 'hits': 0.0, 'tempo': 0.0, 'advantage': 0.0, 'horizon_xi': 234.85012225554044}, {'n': 2, 'hits': 4.0, 'tempo': -0.43785398560655864, 'advantage': -4.437853985606559, 'horizon_xi': 234.53074988509016}]
00:09:34 INFO    fpl_expert.optimise.transfers | consistent valuation: [{'n': 1, 'hits': 0.0, 'tempo': 0.0, 'advantage': 0.0, 'horizon_xi': 232.7676328907077}, {'n': 2, 'hits': 4.0, 'tempo': 0.07097765908527265, 'advantage': -3.9290223409147274, 'horizon_xi': 234.63498821396988}]
00:09:34 INFO    fpl_expert.optimise.transfers | consistent valuation: [{'n': 1, 'hits': 0.0, 'tempo': 0.0, 'advantage': 0.0, 'horizon_xi': 204.46788208966692}, {'n': 2, 'hits': 4.0, 'tempo': 2.571922886940172, 'advantage': -1.4280771130598282, 'horizon_xi': 211.11897123085436}]
00:09:34 INFO    fpl_expert.optimise.transfers | consistent valuation: [{'n': 1, 'hits': 0.0, 'tempo': 0.0, 'advantage': 0.0, 'horizon_xi': 248.8397669002671}, {'n': 2, 'hits': 4.0, 'tempo': 0.0, 'advantage': -4.0, 'horizon_xi': 251.82769976295134}]
00:09:35 INFO    fpl_expert.optimise.transfers | consistent valuation: [{'n': 1, 'hits': 0.0, 'tempo': 0.0, 'advantage': 0.0, 'horizon_xi': 257.88279891048165}, {'n': 2, 'hits': 4.0, 'tempo': 4.126445584698203, 'advantage': 0.1264455846982031, 'horizon_xi': 264.87849667935217}]
00:09:35 INFO    fpl_expert.optimise.transfers | consistent valuation: [{'n': 1, 'hits': 0.0, 'tempo': 0.0, 'advantage': 0.0, 'horizon_xi': 156.42574547529674}, {'n': 2, 'hits': 4.0, 'tempo': -0.030722086844257035, 'advantage': -4.030722086844257, 'horizon_xi': 157.2502810706976}]
00:09:35 INFO    fpl_expert.optimise.transfers | consistent valuation: [{'n': 1, 'hits': 0.0, 'tempo': 0.0, 'advantage': 0.0, 'horizon_xi': 197.27686684317942}, {'n': 2, 'hits': 4.0, 'tempo': 0.690263261747134, 'advantage': -3.309736738252866, 'horizon_xi': 199.48643767034847}]
00:09:35 INFO    fpl_expert.backtest.season_sim | GW35: playing bench_boost (expiring in 3 gw, best remaining 12.1)
00:09:36 INFO    fpl_expert.optimise.transfers | consistent valuation: [{'n': 1, 'hits': 0.0, 'tempo': 0.0, 'advantage': 0.0, 'horizon_xi': 170.28350397340603}, {'n': 2, 'hits': 4.0, 'tempo': 0.7691615877783988, 'advantage': -3.230838412221601, 'horizon_xi': 171.3516952500704}]
00:09:36 INFO    fpl_expert.backtest.season_sim | GW36: playing triple_captain (expiring in 2 gw, best remaining 6.9)
00:09:36 INFO    fpl_expert.optimise.transfers | consistent valuation: [{'n': 1, 'hits': 0.0, 'tempo': 0.0, 'advantage': 0.0, 'horizon_xi': 108.70447296325932}, {'n': 2, 'hits': 4.0, 'tempo': 0.694033375871129, 'advantage': -3.305966624128871, 'horizon_xi': 109.39850633913045}]
00:09:36 INFO    fpl_expert.optimise.transfers | consistent valuation: [{'n': 1, 'hits': 0.0, 'tempo': 0.0, 'advantage': 0.0, 'horizon_xi': 52.22993687940925}, {'n': 2, 'hits': 4.0, 'tempo': 0.1686944173476732, 'advantage': -3.831305582652327, 'horizon_xi': 52.398631296756925}]
00:09:36 INFO    fpl_expert.backtest.ensemble | consistent path 1: 2092
00:09:38 INFO    fpl_expert.optimise.transfers | consistent valuation: [{'n': 1, 'hits': 0.0, 'tempo': 0.0, 'advantage': 0.0, 'horizon_xi': 218.629089728336}, {'n': 2, 'hits': 4.0, 'tempo': 2.3332274523561907, 'advantage': -1.6667725476438093, 'horizon_xi': 226.90098367507602}]
00:09:38 INFO    fpl_expert.optimise.transfers | consistent valuation: [{'n': 1, 'hits': 0.0, 'tempo': 0.0, 'advantage': 0.0, 'horizon_xi': 193.47210274089235}, {'n': 2, 'hits': 4.0, 'tempo': 3.3405145549390767, 'advantage': -0.6594854450609233, 'horizon_xi': 209.89816337308412}]
00:09:38 INFO    fpl_expert.optimise.transfers | consistent valuation: [{'n': 1, 'hits': 0.0, 'tempo': 0.0, 'advantage': 0.0, 'horizon_xi': 214.5219179421265}, {'n': 2, 'hits': 4.0, 'tempo': 2.940996743611862, 'advantage': -1.059003256388138, 'horizon_xi': 224.9247724542621}]
00:09:39 INFO    fpl_expert.optimise.transfers | consistent valuation: [{'n': 1, 'hits': 0.0, 'tempo': 0.0, 'advantage': 0.0, 'horizon_xi': 205.57209085175307}, {'n': 2, 'hits': 4.0, 'tempo': 2.191831373129922, 'advantage': -1.8081686268700778, 'horizon_xi': 213.26110780208197}]
00:09:39 INFO    fpl_expert.optimise.transfers | consistent valuation: [{'n': 1, 'hits': 0.0, 'tempo': 0.0, 'advantage': 0.0, 'horizon_xi': 204.1953929535656}, {'n': 2, 'hits': 4.0, 'tempo': -0.7440025405410537, 'advantage': -4.744002540541054, 'horizon_xi': 209.5460495311589}]
00:09:39 INFO    fpl_expert.optimise.transfers | consistent valuation: [{'n': 1, 'hits': 0.0, 'tempo': 0.0, 'advantage': 0.0, 'horizon_xi': 221.17164049231584}, {'n': 2, 'hits': 4.0, 'tempo': 2.033204997933794, 'advantage': -1.9667950020662062, 'horizon_xi': 228.84468310317357}]
00:09:40 INFO    fpl_expert.optimise.transfers | consistent valuation: [{'n': 1, 'hits': 0.0, 'tempo': 0.0, 'advantage': 0.0, 'horizon_xi': 218.55132010209184}, {'n': 2, 'hits': 4.0, 'tempo': 1.7919919300114984, 'advantage': -2.2080080699885016, 'horizon_xi': 223.74167188998996}]
00:09:40 INFO    fpl_expert.optimise.transfers | consistent valuation: [{'n': 1, 'hits': 0.0, 'tempo': 0.0, 'advantage': 0.0, 'horizon_xi': 228.08732752629098}, {'n': 2, 'hits': 4.0, 'tempo': -0.5870586792666614, 'advantage': -4.587058679266661, 'horizon_xi': 238.7741123098583}]
00:09:41 INFO    fpl_expert.optimise.transfers | consistent valuation: [{'n': 1, 'hits': 0.0, 'tempo': 0.0, 'advantage': 0.0, 'horizon_xi': 230.23309660276308}, {'n': 2, 'hits': 4.0, 'tempo': 1.8536378766824129, 'advantage': -2.146362123317587, 'horizon_xi': 238.33724717633052}]
00:09:41 INFO    fpl_expert.optimise.transfers | consistent valuation: [{'n': 1, 'hits': 0.0, 'tempo': 0.0, 'advantage': 0.0, 'horizon_xi': 235.96016737207682}, {'n': 2, 'hits': 4.0, 'tempo': 2.415029138994825, 'advantage': -1.584970861005175, 'horizon_xi': 236.7604915186843}]
00:09:41 INFO    fpl_expert.optimise.transfers | consistent valuation: [{'n': 1, 'hits': 0.0, 'tempo': 0.0, 'advantage': 0.0, 'horizon_xi': 241.24867690291512}, {'n': 2, 'hits': 4.0, 'tempo': 0.26842490133553554, 'advantage': -3.7315750986644645, 'horizon_xi': 242.2024173710696}]
00:09:42 INFO    fpl_expert.optimise.transfers | consistent valuation: [{'n': 1, 'hits': 0.0, 'tempo': 0.0, 'advantage': 0.0, 'horizon_xi': 234.35068641369165}, {'n': 2, 'hits': 4.0, 'tempo': 2.9355505749925044, 'advantage': -1.0644494250074956, 'horizon_xi': 238.99477935260373}]
00:09:42 INFO    fpl_expert.backtest.season_sim | GW13: playing bench_boost (best available (11.9 vs 11.1 remaining))
00:09:42 INFO    fpl_expert.optimise.transfers | consistent valuation: [{'n': 1, 'hits': 0.0, 'tempo': 0.0, 'advantage': 0.0, 'horizon_xi': 222.95147418571344}, {'n': 2, 'hits': 4.0, 'tempo': 2.826185435342154, 'advantage': -1.173814564657846, 'horizon_xi': 240.53145644287721}]
00:09:42 INFO    fpl_expert.optimise.transfers | consistent valuation: [{'n': 1, 'hits': 0.0, 'tempo': 0.0, 'advantage': 0.0, 'horizon_xi': 225.83946666743074}, {'n': 2, 'hits': 4.0, 'tempo': 1.8115096865845217, 'advantage': -2.1884903134154783, 'horizon_xi': 236.2209976210168}]
00:09:43 INFO    fpl_expert.optimise.transfers | consistent valuation: [{'n': 1, 'hits': 0.0, 'tempo': 0.0, 'advantage': 0.0, 'horizon_xi': 222.35278843651096}, {'n': 2, 'hits': 4.0, 'tempo': 1.688006738813712, 'advantage': -2.311993261186288, 'horizon_xi': 228.47902444432964}]
00:09:43 INFO    fpl_expert.optimise.transfers | consistent valuation: [{'n': 1, 'hits': 0.0, 'tempo': 0.0, 'advantage': 0.0, 'horizon_xi': 231.68133774693132}, {'n': 2, 'hits': 4.0, 'tempo': 1.450202055358318, 'advantage': -2.549797944641682, 'horizon_xi': 235.8970518166733}]
00:09:43 INFO    fpl_expert.backtest.season_sim | GW17: playing triple_captain (expiring in 2 gw, best remaining 6.8)
00:09:43 INFO    fpl_expert.optimise.transfers | consistent valuation: [{'n': 1, 'hits': 0.0, 'tempo': 0.0, 'advantage': 0.0, 'horizon_xi': 231.83524442559485}, {'n': 2, 'hits': 4.0, 'tempo': 1.4991932003589596, 'advantage': -2.5008067996410404, 'horizon_xi': 236.00187021815734}]
00:09:44 INFO    fpl_expert.optimise.transfers | consistent valuation: [{'n': 1, 'hits': 0.0, 'tempo': 0.0, 'advantage': 0.0, 'horizon_xi': 224.90771600717335}, {'n': 2, 'hits': 4.0, 'tempo': 1.6079437027500134, 'advantage': -2.3920562972499866, 'horizon_xi': 230.24737649317427}]
00:09:44 INFO    fpl_expert.optimise.transfers | consistent valuation: [{'n': 1, 'hits': 0.0, 'tempo': 0.0, 'advantage': 0.0, 'horizon_xi': 215.22707018619695}, {'n': 2, 'hits': 4.0, 'tempo': 0.30844678109998824, 'advantage': -3.6915532189000118, 'horizon_xi': 220.94556141842816}]
00:09:44 INFO    fpl_expert.optimise.transfers | consistent valuation: [{'n': 1, 'hits': 0.0, 'tempo': 0.0, 'advantage': 0.0, 'horizon_xi': 226.39272826428405}, {'n': 2, 'hits': 4.0, 'tempo': 0.7309275303219067, 'advantage': -3.2690724696780933, 'horizon_xi': 229.43496013401622}]
00:09:45 INFO    fpl_expert.optimise.transfers | consistent valuation: [{'n': 1, 'hits': 0.0, 'tempo': 0.0, 'advantage': 0.0, 'horizon_xi': 223.82038039079373}, {'n': 2, 'hits': 4.0, 'tempo': 4.368914994705186, 'advantage': 0.36891499470518596, 'horizon_xi': 233.89988759052213}]
00:09:45 INFO    fpl_expert.optimise.transfers | consistent valuation: [{'n': 1, 'hits': 0.0, 'tempo': 0.0, 'advantage': 0.0, 'horizon_xi': 234.99291424861548}, {'n': 2, 'hits': 4.0, 'tempo': -1.2346284808945356, 'advantage': -5.234628480894536, 'horizon_xi': 240.36596530553766}]
00:09:45 INFO    fpl_expert.optimise.transfers | consistent valuation: [{'n': 1, 'hits': 0.0, 'tempo': 0.0, 'advantage': 0.0, 'horizon_xi': 236.916771123535}, {'n': 2, 'hits': 4.0, 'tempo': 3.598860126153376, 'advantage': -0.4011398738466241, 'horizon_xi': 246.97649625610896}]
00:09:46 INFO    fpl_expert.optimise.transfers | consistent valuation: [{'n': 1, 'hits': 0.0, 'tempo': 0.0, 'advantage': 0.0, 'horizon_xi': 236.26821486968575}, {'n': 2, 'hits': 4.0, 'tempo': 2.8693640421087707, 'advantage': -1.1306359578912293, 'horizon_xi': 244.69463960075655}]
00:09:46 INFO    fpl_expert.optimise.transfers | consistent valuation: [{'n': 1, 'hits': 0.0, 'tempo': 0.0, 'advantage': 0.0, 'horizon_xi': 244.34187033937224}, {'n': 2, 'hits': 4.0, 'tempo': -0.18871798429232456, 'advantage': -4.188717984292325, 'horizon_xi': 246.56224505193717}]
00:09:46 INFO    fpl_expert.optimise.transfers | consistent valuation: [{'n': 1, 'hits': 0.0, 'tempo': 0.0, 'advantage': 0.0, 'horizon_xi': 226.7493530627172}, {'n': 2, 'hits': 4.0, 'tempo': 2.600582514342804, 'advantage': -1.399417485657196, 'horizon_xi': 230.01188916993715}]
00:09:47 INFO    fpl_expert.optimise.transfers | consistent valuation: [{'n': 1, 'hits': 0.0, 'tempo': 0.0, 'advantage': 0.0, 'horizon_xi': 228.9783660339212}, {'n': 2, 'hits': 4.0, 'tempo': 1.4008905839214307, 'advantage': -2.5991094160785693, 'horizon_xi': 232.2178943569697}]
00:09:47 INFO    fpl_expert.optimise.transfers | consistent valuation: [{'n': 1, 'hits': 0.0, 'tempo': 0.0, 'advantage': 0.0, 'horizon_xi': 231.91202448955784}, {'n': 2, 'hits': 4.0, 'tempo': 0.18565189941838156, 'advantage': -3.8143481005816184, 'horizon_xi': 233.75535685750717}]
00:09:47 INFO    fpl_expert.optimise.transfers | consistent valuation: [{'n': 1, 'hits': 0.0, 'tempo': 0.0, 'advantage': 0.0, 'horizon_xi': 223.61812280997893}, {'n': 2, 'hits': 4.0, 'tempo': 2.0114144651875563, 'advantage': -1.9885855348124437, 'horizon_xi': 230.20020357510052}]
00:09:48 INFO    fpl_expert.optimise.transfers | consistent valuation: [{'n': 1, 'hits': 0.0, 'tempo': 0.0, 'advantage': 0.0, 'horizon_xi': 206.912374210248}, {'n': 2, 'hits': 4.0, 'tempo': 0.9320450000356004, 'advantage': -3.0679549999643996, 'horizon_xi': 212.0161107797197}]
00:09:48 INFO    fpl_expert.optimise.transfers | consistent valuation: [{'n': 1, 'hits': 0.0, 'tempo': 0.0, 'advantage': 0.0, 'horizon_xi': 241.1781394225728}, {'n': 2, 'hits': 4.0, 'tempo': 0.0, 'advantage': -4.0, 'horizon_xi': 244.3230674134388}]
00:09:49 INFO    fpl_expert.optimise.transfers | consistent valuation: [{'n': 1, 'hits': 0.0, 'tempo': 0.0, 'advantage': 0.0, 'horizon_xi': 254.85566055147285}, {'n': 2, 'hits': 4.0, 'tempo': 0.0, 'advantage': -4.0, 'horizon_xi': 259.6204449301216}]
00:09:49 INFO    fpl_expert.backtest.season_sim | GW33: playing bench_boost (best available (16.4 vs 13.5 remaining))
00:09:49 INFO    fpl_expert.optimise.transfers | consistent valuation: [{'n': 1, 'hits': 0.0, 'tempo': 0.0, 'advantage': 0.0, 'horizon_xi': 157.9742003413046}, {'n': 2, 'hits': 4.0, 'tempo': 0.21262205525756883, 'advantage': -3.787377944742431, 'horizon_xi': 159.04794127094235}]
00:09:49 INFO    fpl_expert.optimise.transfers | consistent valuation: [{'n': 1, 'hits': 0.0, 'tempo': 0.0, 'advantage': 0.0, 'horizon_xi': 195.39074879788882}, {'n': 2, 'hits': 4.0, 'tempo': 0.8803829992214318, 'advantage': -3.119617000778568, 'horizon_xi': 197.81726342287521}]
00:09:49 INFO    fpl_expert.optimise.transfers | consistent valuation: [{'n': 1, 'hits': 0.0, 'tempo': 0.0, 'advantage': 0.0, 'horizon_xi': 164.7056249881129}, {'n': 2, 'hits': 4.0, 'tempo': 0.8876985468111087, 'advantage': -3.1123014531888913, 'horizon_xi': 166.3718514453718}]
00:09:49 INFO    fpl_expert.backtest.season_sim | GW36: playing triple_captain (expiring in 2 gw, best remaining 6.9)
00:09:50 INFO    fpl_expert.optimise.transfers | consistent valuation: [{'n': 1, 'hits': 0.0, 'tempo': 0.0, 'advantage': 0.0, 'horizon_xi': 103.26896257368665}, {'n': 2, 'hits': 4.0, 'tempo': 1.2933334068695288, 'advantage': -2.706666593130471, 'horizon_xi': 107.32271395763144}]
00:09:50 INFO    fpl_expert.optimise.transfers | consistent valuation: [{'n': 1, 'hits': 0.0, 'tempo': 0.0, 'advantage': 0.0, 'horizon_xi': 52.01148292023194}, {'n': 2, 'hits': 4.0, 'tempo': 3.9333905362659465, 'advantage': -0.06660946373405352, 'horizon_xi': 55.94487345649789}]
00:09:50 INFO    fpl_expert.backtest.ensemble | consistent path 2: 2099
00:09:51 INFO    fpl_expert.optimise.transfers | consistent valuation: [{'n': 1, 'hits': 0.0, 'tempo': 0.0, 'advantage': 0.0, 'horizon_xi': 218.66075686514884}, {'n': 2, 'hits': 4.0, 'tempo': 2.323731730729662, 'advantage': -1.676268269270338, 'horizon_xi': 226.92077219953998}]
00:09:52 INFO    fpl_expert.optimise.transfers | consistent valuation: [{'n': 1, 'hits': 0.0, 'tempo': 0.0, 'advantage': 0.0, 'horizon_xi': 193.46270833559532}, {'n': 2, 'hits': 4.0, 'tempo': 3.341504892867235, 'advantage': -0.6584951071327652, 'horizon_xi': 209.8813671294246}]
00:09:52 INFO    fpl_expert.optimise.transfers | consistent valuation: [{'n': 1, 'hits': 0.0, 'tempo': 0.0, 'advantage': 0.0, 'horizon_xi': 214.51323150445566}, {'n': 2, 'hits': 4.0, 'tempo': 2.936710274280628, 'advantage': -1.0632897257193719, 'horizon_xi': 224.91030507085702}]
00:09:52 INFO    fpl_expert.optimise.transfers | consistent valuation: [{'n': 1, 'hits': 0.0, 'tempo': 0.0, 'advantage': 0.0, 'horizon_xi': 205.57106634788624}, {'n': 2, 'hits': 4.0, 'tempo': 2.1942533859051494, 'advantage': -1.8057466140948506, 'horizon_xi': 213.26086950753214}]
00:09:53 INFO    fpl_expert.optimise.transfers | consistent valuation: [{'n': 1, 'hits': 0.0, 'tempo': 0.0, 'advantage': 0.0, 'horizon_xi': 204.1955824333758}, {'n': 2, 'hits': 4.0, 'tempo': -0.747340110039012, 'advantage': -4.747340110039012, 'horizon_xi': 209.57075831456783}]
00:09:53 INFO    fpl_expert.optimise.transfers | consistent valuation: [{'n': 1, 'hits': 0.0, 'tempo': 0.0, 'advantage': 0.0, 'horizon_xi': 221.19227138003183}, {'n': 2, 'hits': 4.0, 'tempo': 2.028078211596565, 'advantage': -1.971921788403435, 'horizon_xi': 228.85944313145296}]
00:09:54 INFO    fpl_expert.optimise.transfers | consistent valuation: [{'n': 1, 'hits': 0.0, 'tempo': 0.0, 'advantage': 0.0, 'horizon_xi': 218.58218969760642}, {'n': 2, 'hits': 4.0, 'tempo': 1.7878823328992723, 'advantage': -2.2121176671007277, 'horizon_xi': 223.76370711906614}]
00:09:54 INFO    fpl_expert.optimise.transfers | consistent valuation: [{'n': 1, 'hits': 0.0, 'tempo': 0.0, 'advantage': 0.0, 'horizon_xi': 228.18295304269822}, {'n': 2, 'hits': 4.0, 'tempo': 0.08684004831377479, 'advantage': -3.913159951686225, 'horizon_xi': 230.05906513852298}]
00:09:54 INFO    fpl_expert.optimise.transfers | consistent valuation: [{'n': 1, 'hits': 0.0, 'tempo': 0.0, 'advantage': 0.0, 'horizon_xi': 230.3052163768701}, {'n': 2, 'hits': 4.0, 'tempo': 1.8604192115262208, 'advantage': -2.139580788473779, 'horizon_xi': 238.39947139612576}]
00:09:55 INFO    fpl_expert.optimise.transfers | consistent valuation: [{'n': 1, 'hits': 0.0, 'tempo': 0.0, 'advantage': 0.0, 'horizon_xi': 236.01652458426148}, {'n': 2, 'hits': 4.0, 'tempo': 2.3920127318128976, 'advantage': -1.6079872681871024, 'horizon_xi': 236.81017512375786}]
00:09:55 INFO    fpl_expert.optimise.transfers | consistent valuation: [{'n': 1, 'hits': 0.0, 'tempo': 0.0, 'advantage': 0.0, 'horizon_xi': 241.25909453422096}, {'n': 2, 'hits': 4.0, 'tempo': 0.259538513310801, 'advantage': -3.740461486689199, 'horizon_xi': 242.21742748787636}]
00:09:55 INFO    fpl_expert.optimise.transfers | consistent valuation: [{'n': 1, 'hits': 0.0, 'tempo': 0.0, 'advantage': 0.0, 'horizon_xi': 234.31705662219562}, {'n': 2, 'hits': 4.0, 'tempo': 2.9417247749449515, 'advantage': -1.0582752250550485, 'horizon_xi': 239.01510288910328}]
00:09:55 INFO    fpl_expert.backtest.season_sim | GW13: playing bench_boost (best available (12.0 vs 11.1 remaining))
00:09:56 INFO    fpl_expert.optimise.transfers | consistent valuation: [{'n': 1, 'hits': 0.0, 'tempo': 0.0, 'advantage': 0.0, 'horizon_xi': 222.94610134263706}, {'n': 2, 'hits': 4.0, 'tempo': 2.8219306685946393, 'advantage': -1.1780693314053607, 'horizon_xi': 240.56064396512798}]
00:09:56 INFO    fpl_expert.optimise.transfers | consistent valuation: [{'n': 1, 'hits': 0.0, 'tempo': 0.0, 'advantage': 0.0, 'horizon_xi': 225.81171277219525}, {'n': 2, 'hits': 4.0, 'tempo': 1.8383255626037993, 'advantage': -2.1616744373962007, 'horizon_xi': 236.26249934761512}]
00:09:56 INFO    fpl_expert.optimise.transfers | consistent valuation: [{'n': 1, 'hits': 0.0, 'tempo': 0.0, 'advantage': 0.0, 'horizon_xi': 222.3716289029686}, {'n': 2, 'hits': 4.0, 'tempo': 1.6879394341738845, 'advantage': -2.3120605658261155, 'horizon_xi': 228.50886864458803}]
00:09:57 INFO    fpl_expert.optimise.transfers | consistent valuation: [{'n': 1, 'hits': 0.0, 'tempo': 0.0, 'advantage': 0.0, 'horizon_xi': 231.70301274624939}, {'n': 2, 'hits': 4.0, 'tempo': 1.4486773234358523, 'advantage': -2.5513226765641477, 'horizon_xi': 235.9163479305815}]
00:09:57 INFO    fpl_expert.backtest.season_sim | GW17: playing triple_captain (expiring in 2 gw, best remaining 6.8)
00:09:57 INFO    fpl_expert.optimise.transfers | consistent valuation: [{'n': 1, 'hits': 0.0, 'tempo': 0.0, 'advantage': 0.0, 'horizon_xi': 231.89060780490186}, {'n': 2, 'hits': 4.0, 'tempo': 1.4958350295502, 'advantage': -2.5041649704498, 'horizon_xi': 236.06516985503222}]
00:09:57 INFO    fpl_expert.optimise.transfers | consistent valuation: [{'n': 1, 'hits': 0.0, 'tempo': 0.0, 'advantage': 0.0, 'horizon_xi': 225.00237347802604}, {'n': 2, 'hits': 4.0, 'tempo': 1.6130939974952483, 'advantage': -2.3869060025047517, 'horizon_xi': 230.3275198963534}]
00:09:58 INFO    fpl_expert.optimise.transfers | consistent valuation: [{'n': 1, 'hits': 0.0, 'tempo': 0.0, 'advantage': 0.0, 'horizon_xi': 215.25631986860657}, {'n': 2, 'hits': 4.0, 'tempo': 0.3054452275132462, 'advantage': -3.694554772486754, 'horizon_xi': 220.95371422952672}]
00:09:58 INFO    fpl_expert.optimise.transfers | consistent valuation: [{'n': 1, 'hits': 0.0, 'tempo': 0.0, 'advantage': 0.0, 'horizon_xi': 226.40205155143016}, {'n': 2, 'hits': 4.0, 'tempo': 0.7269963413573919, 'advantage': -3.273003658642608, 'horizon_xi': 229.44093052983638}]
00:09:58 INFO    fpl_expert.optimise.transfers | consistent valuation: [{'n': 1, 'hits': 0.0, 'tempo': 0.0, 'advantage': 0.0, 'horizon_xi': 223.84633299713119}, {'n': 2, 'hits': 4.0, 'tempo': 4.3462337494825505, 'advantage': 0.3462337494825505, 'horizon_xi': 233.90999230104026}]
00:09:59 INFO    fpl_expert.optimise.transfers | consistent valuation: [{'n': 1, 'hits': 0.0, 'tempo': 0.0, 'advantage': 0.0, 'horizon_xi': 234.99639193673215}, {'n': 2, 'hits': 4.0, 'tempo': -1.2352922379759903, 'advantage': -5.23529223797599, 'horizon_xi': 240.35979776852633}]
00:09:59 INFO    fpl_expert.optimise.transfers | consistent valuation: [{'n': 1, 'hits': 0.0, 'tempo': 0.0, 'advantage': 0.0, 'horizon_xi': 237.10461803817063}, {'n': 2, 'hits': 4.0, 'tempo': 3.1084385149395644, 'advantage': -0.8915614850604356, 'horizon_xi': 246.96787643040994}]
00:09:59 INFO    fpl_expert.optimise.transfers | consistent valuation: [{'n': 1, 'hits': 0.0, 'tempo': 0.0, 'advantage': 0.0, 'horizon_xi': 240.78879570907412}, {'n': 2, 'hits': 4.0, 'tempo': 2.502995408844505, 'advantage': -1.4970045911554948, 'horizon_xi': 246.68874503766892}]
00:10:00 INFO    fpl_expert.optimise.transfers | consistent valuation: [{'n': 1, 'hits': 0.0, 'tempo': 0.0, 'advantage': 0.0, 'horizon_xi': 244.1968534911968}, {'n': 2, 'hits': 4.0, 'tempo': 3.33195220679238, 'advantage': -0.6680477932076201, 'horizon_xi': 247.16837704707982}]
00:10:00 INFO    fpl_expert.optimise.transfers | consistent valuation: [{'n': 1, 'hits': 0.0, 'tempo': 0.0, 'advantage': 0.0, 'horizon_xi': 233.91974672432895}, {'n': 2, 'hits': 4.0, 'tempo': 0.0, 'advantage': -4.0, 'horizon_xi': 235.22501626472751}]
00:10:00 INFO    fpl_expert.optimise.transfers | consistent valuation: [{'n': 1, 'hits': 0.0, 'tempo': 0.0, 'advantage': 0.0, 'horizon_xi': 233.6487093684455}, {'n': 2, 'hits': 4.0, 'tempo': 0.8983449300856137, 'advantage': -3.1016550699143863, 'horizon_xi': 236.37880056850642}]
00:10:01 INFO    fpl_expert.optimise.transfers | consistent valuation: [{'n': 1, 'hits': 0.0, 'tempo': 0.0, 'advantage': 0.0, 'horizon_xi': 234.8361009902134}, {'n': 2, 'hits': 4.0, 'tempo': -0.4358359108074694, 'advantage': -4.435835910807469, 'horizon_xi': 234.49645824827425}]
00:10:01 INFO    fpl_expert.optimise.transfers | consistent valuation: [{'n': 1, 'hits': 0.0, 'tempo': 0.0, 'advantage': 0.0, 'horizon_xi': 232.69675384461155}, {'n': 2, 'hits': 4.0, 'tempo': 0.06564316205121656, 'advantage': -3.9343568379487834, 'horizon_xi': 234.56184918997027}]
00:10:01 INFO    fpl_expert.optimise.transfers | consistent valuation: [{'n': 1, 'hits': 0.0, 'tempo': 0.0, 'advantage': 0.0, 'horizon_xi': 204.50427415218192}, {'n': 2, 'hits': 4.0, 'tempo': 2.5771003230625382, 'advantage': -1.4228996769374618, 'horizon_xi': 211.17323833347004}]
00:10:02 INFO    fpl_expert.optimise.transfers | consistent valuation: [{'n': 1, 'hits': 0.0, 'tempo': 0.0, 'advantage': 0.0, 'horizon_xi': 248.86033900772503}, {'n': 2, 'hits': 4.0, 'tempo': 0.0, 'advantage': -4.0, 'horizon_xi': 251.84901235686652}]
00:10:02 INFO    fpl_expert.optimise.transfers | consistent valuation: [{'n': 1, 'hits': 0.0, 'tempo': 0.0, 'advantage': 0.0, 'horizon_xi': 257.9039589050582}, {'n': 2, 'hits': 4.0, 'tempo': 4.0833439585608176, 'advantage': 0.08334395856081755, 'horizon_xi': 264.83914638414893}]
00:10:03 INFO    fpl_expert.optimise.transfers | consistent valuation: [{'n': 1, 'hits': 0.0, 'tempo': 0.0, 'advantage': 0.0, 'horizon_xi': 156.42056361307866}, {'n': 2, 'hits': 4.0, 'tempo': -0.026703603741111692, 'advantage': -4.026703603741112, 'horizon_xi': 157.22758112013972}]
00:10:03 INFO    fpl_expert.optimise.transfers | consistent valuation: [{'n': 1, 'hits': 0.0, 'tempo': 0.0, 'advantage': 0.0, 'horizon_xi': 197.25279391971299}, {'n': 2, 'hits': 4.0, 'tempo': 0.6892925126636911, 'advantage': -3.310707487336309, 'horizon_xi': 199.45912949568094}]
00:10:03 INFO    fpl_expert.backtest.season_sim | GW35: playing bench_boost (expiring in 3 gw, best remaining 12.1)
00:10:03 INFO    fpl_expert.optimise.transfers | consistent valuation: [{'n': 1, 'hits': 0.0, 'tempo': 0.0, 'advantage': 0.0, 'horizon_xi': 170.28702736414942}, {'n': 2, 'hits': 4.0, 'tempo': 0.7579017709518325, 'advantage': -3.2420982290481675, 'horizon_xi': 171.33728323743514}]
00:10:03 INFO    fpl_expert.backtest.season_sim | GW36: playing triple_captain (expiring in 2 gw, best remaining 6.9)
00:10:03 INFO    fpl_expert.optimise.transfers | consistent valuation: [{'n': 1, 'hits': 0.0, 'tempo': 0.0, 'advantage': 0.0, 'horizon_xi': 108.72543606868834}, {'n': 2, 'hits': 4.0, 'tempo': 0.7092446847330365, 'advantage': -3.2907553152669635, 'horizon_xi': 109.43468075342139}]
00:10:04 INFO    fpl_expert.optimise.transfers | consistent valuation: [{'n': 1, 'hits': 0.0, 'tempo': 0.0, 'advantage': 0.0, 'horizon_xi': 52.21944410090622}, {'n': 2, 'hits': 4.0, 'tempo': 0.18087527047091356, 'advantage': -3.8191247295290864, 'horizon_xi': 52.40031937137714}]
00:10:04 INFO    fpl_expert.backtest.ensemble | consistent path 3: 2092
00:10:05 INFO    fpl_expert.optimise.transfers | consistent valuation: [{'n': 1, 'hits': 0.0, 'tempo': 0.0, 'advantage': 0.0, 'horizon_xi': 218.6240684888001}, {'n': 2, 'hits': 4.0, 'tempo': 2.3186700118022685, 'advantage': -1.6813299881977315, 'horizon_xi': 226.8728603947927}]
00:10:06 INFO    fpl_expert.optimise.transfers | consistent valuation: [{'n': 1, 'hits': 0.0, 'tempo': 0.0, 'advantage': 0.0, 'horizon_xi': 193.476447245602}, {'n': 2, 'hits': 4.0, 'tempo': 3.3414378192127785, 'advantage': -0.6585621807872215, 'horizon_xi': 209.8982406663871}]
00:10:06 INFO    fpl_expert.optimise.transfers | consistent valuation: [{'n': 1, 'hits': 0.0, 'tempo': 0.0, 'advantage': 0.0, 'horizon_xi': 214.56978752345117}, {'n': 2, 'hits': 4.0, 'tempo': 2.926414792126913, 'advantage': -1.0735852078730872, 'horizon_xi': 224.94380491010133}]
00:10:06 INFO    fpl_expert.optimise.transfers | consistent valuation: [{'n': 1, 'hits': 0.0, 'tempo': 0.0, 'advantage': 0.0, 'horizon_xi': 205.63333451381973}, {'n': 2, 'hits': 4.0, 'tempo': 2.191346634863507, 'advantage': -1.808653365136493, 'horizon_xi': 213.31781884618383}]
00:10:07 INFO    fpl_expert.optimise.transfers | consistent valuation: [{'n': 1, 'hits': 0.0, 'tempo': 0.0, 'advantage': 0.0, 'horizon_xi': 204.28887334978623}, {'n': 2, 'hits': 4.0, 'tempo': -0.7607340480333136, 'advantage': -4.760734048033314, 'horizon_xi': 209.64706093876896}]
00:10:07 INFO    fpl_expert.optimise.transfers | consistent valuation: [{'n': 1, 'hits': 0.0, 'tempo': 0.0, 'advantage': 0.0, 'horizon_xi': 221.26539008471963}, {'n': 2, 'hits': 4.0, 'tempo': 2.0395250121498663, 'advantage': -1.9604749878501337, 'horizon_xi': 228.94249042213863}]
00:10:07 INFO    fpl_expert.optimise.transfers | consistent valuation: [{'n': 1, 'hits': 0.0, 'tempo': 0.0, 'advantage': 0.0, 'horizon_xi': 218.64179625749983}, {'n': 2, 'hits': 4.0, 'tempo': 1.7892952079598246, 'advantage': -2.2107047920401754, 'horizon_xi': 223.8271097659301}]
00:10:08 INFO    fpl_expert.optimise.transfers | consistent valuation: [{'n': 1, 'hits': 0.0, 'tempo': 0.0, 'advantage': 0.0, 'horizon_xi': 228.189622999886}, {'n': 2, 'hits': 4.0, 'tempo': -0.6154762810697747, 'advantage': -4.615476281069775, 'horizon_xi': 238.83619586289583}]
00:10:08 INFO    fpl_expert.optimise.transfers | consistent valuation: [{'n': 1, 'hits': 0.0, 'tempo': 0.0, 'advantage': 0.0, 'horizon_xi': 230.3652941776126}, {'n': 2, 'hits': 4.0, 'tempo': 1.850137610460159, 'advantage': -2.149862389539841, 'horizon_xi': 238.4699509032534}]
00:10:08 INFO    fpl_expert.optimise.transfers | consistent valuation: [{'n': 1, 'hits': 0.0, 'tempo': 0.0, 'advantage': 0.0, 'horizon_xi': 235.95715179010367}, {'n': 2, 'hits': 4.0, 'tempo': 2.4143090459797847, 'advantage': -1.5856909540202153, 'horizon_xi': 236.7430275872604}]
00:10:09 INFO    fpl_expert.optimise.transfers | consistent valuation: [{'n': 1, 'hits': 0.0, 'tempo': 0.0, 'advantage': 0.0, 'horizon_xi': 241.24469209243108}, {'n': 2, 'hits': 4.0, 'tempo': 0.26342220147418516, 'advantage': -3.736577798525815, 'horizon_xi': 242.2067409672968}]
00:10:09 INFO    fpl_expert.optimise.transfers | consistent valuation: [{'n': 1, 'hits': 0.0, 'tempo': 0.0, 'advantage': 0.0, 'horizon_xi': 234.3173221453209}, {'n': 2, 'hits': 4.0, 'tempo': 2.925013282262846, 'advantage': -1.0749867177371542, 'horizon_xi': 238.98502463795666}]
00:10:09 INFO    fpl_expert.backtest.season_sim | GW13: playing bench_boost (best available (12.0 vs 11.1 remaining))
00:10:10 INFO    fpl_expert.optimise.transfers | consistent valuation: [{'n': 1, 'hits': 0.0, 'tempo': 0.0, 'advantage': 0.0, 'horizon_xi': 222.95823637077987}, {'n': 2, 'hits': 4.0, 'tempo': 2.80567224742439, 'advantage': -1.1943277525756102, 'horizon_xi': 240.50689219032796}]
00:10:10 INFO    fpl_expert.optimise.transfers | consistent valuation: [{'n': 1, 'hits': 0.0, 'tempo': 0.0, 'advantage': 0.0, 'horizon_xi': 225.77803125876096}, {'n': 2, 'hits': 4.0, 'tempo': 1.8436430524026264, 'advantage': -2.1563569475973736, 'horizon_xi': 236.18619940638146}]
00:10:10 INFO    fpl_expert.optimise.transfers | consistent valuation: [{'n': 1, 'hits': 0.0, 'tempo': 0.0, 'advantage': 0.0, 'horizon_xi': 222.30968085385038}, {'n': 2, 'hits': 4.0, 'tempo': 1.688607190805655, 'advantage': -2.311392809194345, 'horizon_xi': 228.43316377274377}]
00:10:11 INFO    fpl_expert.optimise.transfers | consistent valuation: [{'n': 1, 'hits': 0.0, 'tempo': 0.0, 'advantage': 0.0, 'horizon_xi': 231.6094618808253}, {'n': 2, 'hits': 4.0, 'tempo': 1.4431754941659136, 'advantage': -2.5568245058340864, 'horizon_xi': 235.8245217380193}]
00:10:11 INFO    fpl_expert.optimise.transfers | consistent valuation: [{'n': 1, 'hits': 0.0, 'tempo': 0.0, 'advantage': 0.0, 'horizon_xi': 231.81220974242973}, {'n': 2, 'hits': 4.0, 'tempo': 1.4980444249318836, 'advantage': -2.5019555750681164, 'horizon_xi': 235.97964093110994}]
00:10:11 INFO    fpl_expert.backtest.season_sim | GW18: playing triple_captain (expiring in 1 gw, best remaining 5.8)
00:10:11 INFO    fpl_expert.optimise.transfers | consistent valuation: [{'n': 1, 'hits': 0.0, 'tempo': 0.0, 'advantage': 0.0, 'horizon_xi': 224.89996771687478}, {'n': 2, 'hits': 4.0, 'tempo': 1.613507386869884, 'advantage': -2.386492613130116, 'horizon_xi': 230.2263009078064}]
00:10:11 INFO    fpl_expert.optimise.transfers | consistent valuation: [{'n': 1, 'hits': 0.0, 'tempo': 0.0, 'advantage': 0.0, 'horizon_xi': 215.2024657866719}, {'n': 2, 'hits': 4.0, 'tempo': 0.3179868547449516, 'advantage': -3.6820131452550484, 'horizon_xi': 220.9119852066425}]
00:10:12 INFO    fpl_expert.optimise.transfers | consistent valuation: [{'n': 1, 'hits': 0.0, 'tempo': 0.0, 'advantage': 0.0, 'horizon_xi': 226.3574190564868}, {'n': 2, 'hits': 4.0, 'tempo': 0.7332103843631899, 'advantage': -3.26678961563681, 'horizon_xi': 229.40385269919307}]
00:10:12 INFO    fpl_expert.optimise.transfers | consistent valuation: [{'n': 1, 'hits': 0.0, 'tempo': 0.0, 'advantage': 0.0, 'horizon_xi': 223.841589396514}, {'n': 2, 'hits': 4.0, 'tempo': 4.378530612283264, 'advantage': 0.3785306122832637, 'horizon_xi': 233.9314300529823}]
00:10:12 INFO    fpl_expert.optimise.transfers | consistent valuation: [{'n': 1, 'hits': 0.0, 'tempo': 0.0, 'advantage': 0.0, 'horizon_xi': 235.00073849965963}, {'n': 2, 'hits': 4.0, 'tempo': -1.2209567307966438, 'advantage': -5.220956730796644, 'horizon_xi': 240.3976021868819}]
00:10:13 INFO    fpl_expert.optimise.transfers | consistent valuation: [{'n': 1, 'hits': 0.0, 'tempo': 0.0, 'advantage': 0.0, 'horizon_xi': 237.17736130825173}, {'n': 2, 'hits': 4.0, 'tempo': 3.147509855975919, 'advantage': -0.8524901440240811, 'horizon_xi': 247.0501816850445}]
00:10:13 INFO    fpl_expert.optimise.transfers | consistent valuation: [{'n': 1, 'hits': 0.0, 'tempo': 0.0, 'advantage': 0.0, 'horizon_xi': 240.79875661066333}, {'n': 2, 'hits': 4.0, 'tempo': 2.4893429909135776, 'advantage': -1.5106570090864224, 'horizon_xi': 246.68789710746196}]
00:10:14 INFO    fpl_expert.optimise.transfers | consistent valuation: [{'n': 1, 'hits': 0.0, 'tempo': 0.0, 'advantage': 0.0, 'horizon_xi': 244.17959243178979}, {'n': 2, 'hits': 4.0, 'tempo': 3.334301872244424, 'advantage': -0.6656981277555758, 'horizon_xi': 247.14340556318598}]
00:10:14 INFO    fpl_expert.optimise.transfers | consistent valuation: [{'n': 1, 'hits': 0.0, 'tempo': 0.0, 'advantage': 0.0, 'horizon_xi': 233.86889292430322}, {'n': 2, 'hits': 4.0, 'tempo': 0.0, 'advantage': -4.0, 'horizon_xi': 235.1678521977533}]
00:10:14 INFO    fpl_expert.optimise.transfers | consistent valuation: [{'n': 1, 'hits': 0.0, 'tempo': 0.0, 'advantage': 0.0, 'horizon_xi': 233.60696656759967}, {'n': 2, 'hits': 4.0, 'tempo': 0.89543541037267, 'advantage': -3.10456458962733, 'horizon_xi': 236.3323475061455}]
00:10:15 INFO    fpl_expert.optimise.transfers | consistent valuation: [{'n': 1, 'hits': 0.0, 'tempo': 0.0, 'advantage': 0.0, 'horizon_xi': 234.81100567728356}, {'n': 2, 'hits': 4.0, 'tempo': -0.43521153815054703, 'advantage': -4.435211538150547, 'horizon_xi': 234.4885970051152}]
00:10:15 INFO    fpl_expert.optimise.transfers | consistent valuation: [{'n': 1, 'hits': 0.0, 'tempo': 0.0, 'advantage': 0.0, 'horizon_xi': 232.64919920130808}, {'n': 2, 'hits': 4.0, 'tempo': 0.07302129054922091, 'advantage': -3.926978709450779, 'horizon_xi': 234.52476157805896}]
00:10:15 INFO    fpl_expert.optimise.transfers | consistent valuation: [{'n': 1, 'hits': 0.0, 'tempo': 0.0, 'advantage': 0.0, 'horizon_xi': 204.46863916022338}, {'n': 2, 'hits': 4.0, 'tempo': 2.5749110242272124, 'advantage': -1.4250889757727876, 'horizon_xi': 211.12750942054083}]
00:10:16 INFO    fpl_expert.optimise.transfers | consistent valuation: [{'n': 1, 'hits': 0.0, 'tempo': 0.0, 'advantage': 0.0, 'horizon_xi': 248.78892677750412}, {'n': 2, 'hits': 4.0, 'tempo': 0.0, 'advantage': -4.0, 'horizon_xi': 251.7850093941006}]
00:10:16 INFO    fpl_expert.optimise.transfers | consistent valuation: [{'n': 1, 'hits': 0.0, 'tempo': 0.0, 'advantage': 0.0, 'horizon_xi': 257.83224008237084}, {'n': 2, 'hits': 4.0, 'tempo': 4.078219392536894, 'advantage': 0.07821939253689436, 'horizon_xi': 264.78797392846684}]
00:10:16 INFO    fpl_expert.optimise.transfers | consistent valuation: [{'n': 1, 'hits': 0.0, 'tempo': 0.0, 'advantage': 0.0, 'horizon_xi': 156.36935837883078}, {'n': 2, 'hits': 4.0, 'tempo': -0.03031560169662839, 'advantage': -4.030315601696628, 'horizon_xi': 157.1926552550509}]
00:10:17 INFO    fpl_expert.optimise.transfers | consistent valuation: [{'n': 1, 'hits': 0.0, 'tempo': 0.0, 'advantage': 0.0, 'horizon_xi': 197.20411251405724}, {'n': 2, 'hits': 4.0, 'tempo': 0.6912006874504542, 'advantage': -3.308799312549546, 'horizon_xi': 199.4103300903245}]
00:10:17 INFO    fpl_expert.backtest.season_sim | GW35: playing bench_boost (expiring in 3 gw, best remaining 12.1)
00:10:17 INFO    fpl_expert.optimise.transfers | consistent valuation: [{'n': 1, 'hits': 0.0, 'tempo': 0.0, 'advantage': 0.0, 'horizon_xi': 170.2534876518255}, {'n': 2, 'hits': 4.0, 'tempo': 0.7636002635220933, 'advantage': -3.2363997364779067, 'horizon_xi': 171.32063758127504}]
00:10:17 INFO    fpl_expert.backtest.season_sim | GW36: playing triple_captain (expiring in 2 gw, best remaining 6.9)
00:10:17 INFO    fpl_expert.optimise.transfers | consistent valuation: [{'n': 1, 'hits': 0.0, 'tempo': 0.0, 'advantage': 0.0, 'horizon_xi': 108.70008496053855}, {'n': 2, 'hits': 4.0, 'tempo': 0.6972281815231014, 'advantage': -3.3027718184768986, 'horizon_xi': 109.39731314206165}]
00:10:18 INFO    fpl_expert.optimise.transfers | consistent valuation: [{'n': 1, 'hits': 0.0, 'tempo': 0.0, 'advantage': 0.0, 'horizon_xi': 52.18891829712673}, {'n': 2, 'hits': 4.0, 'tempo': 0.1817988799160304, 'advantage': -3.8182011200839696, 'horizon_xi': 52.37071717704276}]
00:10:18 INFO    fpl_expert.backtest.ensemble | consistent path 4: 2094
00:10:19 INFO    fpl_expert.optimise.transfers | consistent valuation: [{'n': 1, 'hits': 0.0, 'tempo': 0.0, 'advantage': 0.0, 'horizon_xi': 218.62869269027925}, {'n': 2, 'hits': 4.0, 'tempo': 2.3201805932030624, 'advantage': -1.6798194067969376, 'horizon_xi': 226.88520658772558}]
00:10:19 INFO    fpl_expert.optimise.transfers | consistent valuation: [{'n': 1, 'hits': 0.0, 'tempo': 0.0, 'advantage': 0.0, 'horizon_xi': 193.4489070606323}, {'n': 2, 'hits': 4.0, 'tempo': 3.342101135242821, 'advantage': -0.6578988647571791, 'horizon_xi': 209.8801663926434}]
00:10:20 INFO    fpl_expert.optimise.transfers | consistent valuation: [{'n': 1, 'hits': 0.0, 'tempo': 0.0, 'advantage': 0.0, 'horizon_xi': 214.48098562335204}, {'n': 2, 'hits': 4.0, 'tempo': 2.9276520644920154, 'advantage': -1.0723479355079846, 'horizon_xi': 224.8467651941299}]
00:10:20 INFO    fpl_expert.optimise.transfers | consistent valuation: [{'n': 1, 'hits': 0.0, 'tempo': 0.0, 'advantage': 0.0, 'horizon_xi': 205.52224244979868}, {'n': 2, 'hits': 4.0, 'tempo': 2.2019335110852367, 'advantage': -1.7980664889147633, 'horizon_xi': 213.21665601438758}]
00:10:20 INFO    fpl_expert.optimise.transfers | consistent valuation: [{'n': 1, 'hits': 0.0, 'tempo': 0.0, 'advantage': 0.0, 'horizon_xi': 204.13501570842132}, {'n': 2, 'hits': 4.0, 'tempo': -0.760607810341341, 'advantage': -4.760607810341341, 'horizon_xi': 209.49035915482307}]
00:10:21 INFO    fpl_expert.optimise.transfers | consistent valuation: [{'n': 1, 'hits': 0.0, 'tempo': 0.0, 'advantage': 0.0, 'horizon_xi': 221.15088005325308}, {'n': 2, 'hits': 4.0, 'tempo': 2.0466275674932675, 'advantage': -1.9533724325067325, 'horizon_xi': 228.83696690033798}]
00:10:21 INFO    fpl_expert.optimise.transfers | consistent valuation: [{'n': 1, 'hits': 0.0, 'tempo': 0.0, 'advantage': 0.0, 'horizon_xi': 218.52847188788368}, {'n': 2, 'hits': 4.0, 'tempo': 1.7951445355454965, 'advantage': -2.2048554644545035, 'horizon_xi': 223.71962186318672}]
00:10:22 INFO    fpl_expert.optimise.transfers | consistent valuation: [{'n': 1, 'hits': 0.0, 'tempo': 0.0, 'advantage': 0.0, 'horizon_xi': 228.09900113611414}, {'n': 2, 'hits': 4.0, 'tempo': -0.6105086672134803, 'advantage': -4.61050866721348, 'horizon_xi': 238.75102933378662}]
00:10:22 INFO    fpl_expert.optimise.transfers | consistent valuation: [{'n': 1, 'hits': 0.0, 'tempo': 0.0, 'advantage': 0.0, 'horizon_xi': 230.25998986578162}, {'n': 2, 'hits': 4.0, 'tempo': 1.8791360368477257, 'advantage': -2.1208639631522743, 'horizon_xi': 238.36090063723043}]
00:10:22 INFO    fpl_expert.optimise.transfers | consistent valuation: [{'n': 1, 'hits': 0.0, 'tempo': 0.0, 'advantage': 0.0, 'horizon_xi': 236.0186120245254}, {'n': 2, 'hits': 4.0, 'tempo': 2.369194568233496, 'advantage': -1.630805431766504, 'horizon_xi': 236.80838427314322}]
00:10:23 INFO    fpl_expert.optimise.transfers | consistent valuation: [{'n': 1, 'hits': 0.0, 'tempo': 0.0, 'advantage': 0.0, 'horizon_xi': 241.2329231353447}, {'n': 2, 'hits': 4.0, 'tempo': 0.2718565384393017, 'advantage': -3.7281434615606983, 'horizon_xi': 242.20141988631443}]
00:10:23 INFO    fpl_expert.optimise.transfers | consistent valuation: [{'n': 1, 'hits': 0.0, 'tempo': 0.0, 'advantage': 0.0, 'horizon_xi': 234.32859396083091}, {'n': 2, 'hits': 4.0, 'tempo': 2.9079900796070106, 'advantage': -1.0920099203929894, 'horizon_xi': 238.99147798400125}]
00:10:23 INFO    fpl_expert.backtest.season_sim | GW13: playing bench_boost (best available (12.0 vs 11.1 remaining))
00:10:23 INFO    fpl_expert.optimise.transfers | consistent valuation: [{'n': 1, 'hits': 0.0, 'tempo': 0.0, 'advantage': 0.0, 'horizon_xi': 222.98138811798054}, {'n': 2, 'hits': 4.0, 'tempo': 2.8021218520921707, 'advantage': -1.1978781479078293, 'horizon_xi': 240.55989904443388}]
00:10:24 INFO    fpl_expert.optimise.transfers | consistent valuation: [{'n': 1, 'hits': 0.0, 'tempo': 0.0, 'advantage': 0.0, 'horizon_xi': 225.8399808662986}, {'n': 2, 'hits': 4.0, 'tempo': 1.8165367573957667, 'advantage': -2.1834632426042333, 'horizon_xi': 236.2813850900549}]
00:10:24 INFO    fpl_expert.optimise.transfers | consistent valuation: [{'n': 1, 'hits': 0.0, 'tempo': 0.0, 'advantage': 0.0, 'horizon_xi': 222.37618928273196}, {'n': 2, 'hits': 4.0, 'tempo': 1.6873637022030437, 'advantage': -2.3126362977969563, 'horizon_xi': 228.511745282394}]
00:10:24 INFO    fpl_expert.optimise.transfers | consistent valuation: [{'n': 1, 'hits': 0.0, 'tempo': 0.0, 'advantage': 0.0, 'horizon_xi': 231.7049546425891}, {'n': 2, 'hits': 4.0, 'tempo': 1.448903879075722, 'advantage': -2.551096120924278, 'horizon_xi': 235.92185142749116}]
00:10:24 INFO    fpl_expert.backtest.season_sim | GW17: playing triple_captain (expiring in 2 gw, best remaining 6.8)
00:10:25 INFO    fpl_expert.optimise.transfers | consistent valuation: [{'n': 1, 'hits': 0.0, 'tempo': 0.0, 'advantage': 0.0, 'horizon_xi': 231.85696219371133}, {'n': 2, 'hits': 4.0, 'tempo': 1.4900911778739, 'advantage': -2.5099088221261, 'horizon_xi': 236.0143828699193}]
00:10:25 INFO    fpl_expert.optimise.transfers | consistent valuation: [{'n': 1, 'hits': 0.0, 'tempo': 0.0, 'advantage': 0.0, 'horizon_xi': 224.94989953485742}, {'n': 2, 'hits': 4.0, 'tempo': 1.6130445227039232, 'advantage': -2.386955477296077, 'horizon_xi': 230.2797898151793}]
00:10:25 INFO    fpl_expert.optimise.transfers | consistent valuation: [{'n': 1, 'hits': 0.0, 'tempo': 0.0, 'advantage': 0.0, 'horizon_xi': 215.2698019394582}, {'n': 2, 'hits': 4.0, 'tempo': 0.31854239813954166, 'advantage': -3.6814576018604583, 'horizon_xi': 220.99286786002253}]
00:10:26 INFO    fpl_expert.optimise.transfers | consistent valuation: [{'n': 1, 'hits': 0.0, 'tempo': 0.0, 'advantage': 0.0, 'horizon_xi': 226.4001066867897}, {'n': 2, 'hits': 4.0, 'tempo': 0.7234200951330934, 'advantage': -3.2765799048669066, 'horizon_xi': 229.42776756465827}]
00:10:26 INFO    fpl_expert.optimise.transfers | consistent valuation: [{'n': 1, 'hits': 0.0, 'tempo': 0.0, 'advantage': 0.0, 'horizon_xi': 223.87382921500333}, {'n': 2, 'hits': 4.0, 'tempo': 4.376670925187739, 'advantage': 0.3766709251877387, 'horizon_xi': 233.92748157681646}]
00:10:26 INFO    fpl_expert.optimise.transfers | consistent valuation: [{'n': 1, 'hits': 0.0, 'tempo': 0.0, 'advantage': 0.0, 'horizon_xi': 235.03628562329658}, {'n': 2, 'hits': 4.0, 'tempo': -1.2419025988747165, 'advantage': -5.2419025988747165, 'horizon_xi': 240.39278974900887}]
00:10:27 INFO    fpl_expert.optimise.transfers | consistent valuation: [{'n': 1, 'hits': 0.0, 'tempo': 0.0, 'advantage': 0.0, 'horizon_xi': 237.12543384606968}, {'n': 2, 'hits': 4.0, 'tempo': 3.1151022570430698, 'advantage': -0.8848977429569302, 'horizon_xi': 246.98365358211802}]
00:10:27 INFO    fpl_expert.optimise.transfers | consistent valuation: [{'n': 1, 'hits': 0.0, 'tempo': 0.0, 'advantage': 0.0, 'horizon_xi': 240.82125883562705}, {'n': 2, 'hits': 4.0, 'tempo': 2.5039326393028603, 'advantage': -1.4960673606971397, 'horizon_xi': 246.71050397405784}]
00:10:27 INFO    fpl_expert.optimise.transfers | consistent valuation: [{'n': 1, 'hits': 0.0, 'tempo': 0.0, 'advantage': 0.0, 'horizon_xi': 244.26048322155287}, {'n': 2, 'hits': 4.0, 'tempo': 3.352943739637766, 'advantage': -0.6470562603622341, 'horizon_xi': 247.24672837535095}]
00:10:28 INFO    fpl_expert.optimise.transfers | consistent valuation: [{'n': 1, 'hits': 0.0, 'tempo': 0.0, 'advantage': 0.0, 'horizon_xi': 233.9669881152763}, {'n': 2, 'hits': 4.0, 'tempo': 0.0, 'advantage': -4.0, 'horizon_xi': 235.27883842555596}]
00:10:28 INFO    fpl_expert.optimise.transfers | consistent valuation: [{'n': 1, 'hits': 0.0, 'tempo': 0.0, 'advantage': 0.0, 'horizon_xi': 233.66921941102098}, {'n': 2, 'hits': 4.0, 'tempo': 0.9008332677742601, 'advantage': -3.09916673222574, 'horizon_xi': 236.41334099259169}]
00:10:28 INFO    fpl_expert.optimise.transfers | consistent valuation: [{'n': 1, 'hits': 0.0, 'tempo': 0.0, 'advantage': 0.0, 'horizon_xi': 234.83703024507687}, {'n': 2, 'hits': 4.0, 'tempo': -0.44904216814943965, 'advantage': -4.44904216814944, 'horizon_xi': 234.48985138237643}]
00:10:29 INFO    fpl_expert.optimise.transfers | consistent valuation: [{'n': 1, 'hits': 0.0, 'tempo': 0.0, 'advantage': 0.0, 'horizon_xi': 232.70903451689117}, {'n': 2, 'hits': 4.0, 'tempo': 0.05937426921674671, 'advantage': -3.9406257307832533, 'horizon_xi': 234.5710016927874}]
00:10:29 INFO    fpl_expert.optimise.transfers | consistent valuation: [{'n': 1, 'hits': 0.0, 'tempo': 0.0, 'advantage': 0.0, 'horizon_xi': 204.51365224564705}, {'n': 2, 'hits': 4.0, 'tempo': 2.5751126202607537, 'advantage': -1.4248873797392463, 'horizon_xi': 211.1706065044886}]
00:10:29 INFO    fpl_expert.optimise.transfers | consistent valuation: [{'n': 1, 'hits': 0.0, 'tempo': 0.0, 'advantage': 0.0, 'horizon_xi': 248.8556107171362}, {'n': 2, 'hits': 4.0, 'tempo': 0.0, 'advantage': -4.0, 'horizon_xi': 251.85775345491086}]
00:10:30 INFO    fpl_expert.optimise.transfers | consistent valuation: [{'n': 1, 'hits': 0.0, 'tempo': 0.0, 'advantage': 0.0, 'horizon_xi': 257.8611996413476}, {'n': 2, 'hits': 4.0, 'tempo': 4.114049474898877, 'advantage': 0.11404947489887718, 'horizon_xi': 264.8538026191342}]
00:10:30 INFO    fpl_expert.optimise.transfers | consistent valuation: [{'n': 1, 'hits': 0.0, 'tempo': 0.0, 'advantage': 0.0, 'horizon_xi': 156.4598873166191}, {'n': 2, 'hits': 4.0, 'tempo': -0.03788547894878036, 'advantage': -4.03788547894878, 'horizon_xi': 157.260986370434}]
00:10:30 INFO    fpl_expert.optimise.transfers | consistent valuation: [{'n': 1, 'hits': 0.0, 'tempo': 0.0, 'advantage': 0.0, 'horizon_xi': 197.27480037838856}, {'n': 2, 'hits': 4.0, 'tempo': 0.687153239858759, 'advantage': -3.312846760141241, 'horizon_xi': 199.47438921165812}]
00:10:31 INFO    fpl_expert.backtest.season_sim | GW35: playing bench_boost (expiring in 3 gw, best remaining 12.1)
00:10:31 INFO    fpl_expert.optimise.transfers | consistent valuation: [{'n': 1, 'hits': 0.0, 'tempo': 0.0, 'advantage': 0.0, 'horizon_xi': 170.30793518376493}, {'n': 2, 'hits': 4.0, 'tempo': 0.7733737199145168, 'advantage': -3.2266262800854832, 'horizon_xi': 171.38792002574507}]
00:10:31 INFO    fpl_expert.backtest.season_sim | GW36: playing triple_captain (expiring in 2 gw, best remaining 6.9)
00:10:31 INFO    fpl_expert.optimise.transfers | consistent valuation: [{'n': 1, 'hits': 0.0, 'tempo': 0.0, 'advantage': 0.0, 'horizon_xi': 108.69740468451491}, {'n': 2, 'hits': 4.0, 'tempo': 0.6993486275692504, 'advantage': -3.3006513724307496, 'horizon_xi': 109.39675331208417}]
00:10:31 INFO    fpl_expert.optimise.transfers | consistent valuation: [{'n': 1, 'hits': 0.0, 'tempo': 0.0, 'advantage': 0.0, 'horizon_xi': 52.202854789067125}, {'n': 2, 'hits': 4.0, 'tempo': 0.1783052157617746, 'advantage': -3.8216947842382254, 'horizon_xi': 52.3811600048289}]
00:10:31 INFO    fpl_expert.backtest.ensemble | consistent path 5: 2092
00:10:33 INFO    fpl_expert.optimise.transfers | consistent valuation: [{'n': 1, 'hits': 0.0, 'tempo': 0.0, 'advantage': 0.0, 'horizon_xi': 218.5903850199824}, {'n': 2, 'hits': 4.0, 'tempo': 2.3235464699639152, 'advantage': -1.6764535300360848, 'horizon_xi': 226.85110853445505}]
00:10:33 INFO    fpl_expert.optimise.transfers | consistent valuation: [{'n': 1, 'hits': 0.0, 'tempo': 0.0, 'advantage': 0.0, 'horizon_xi': 193.50572482102453}, {'n': 2, 'hits': 4.0, 'tempo': 3.339301543004268, 'advantage': -0.6606984569957319, 'horizon_xi': 209.93359959853683}]
00:10:34 INFO    fpl_expert.optimise.transfers | consistent valuation: [{'n': 1, 'hits': 0.0, 'tempo': 0.0, 'advantage': 0.0, 'horizon_xi': 214.56018953228127}, {'n': 2, 'hits': 4.0, 'tempo': 2.9439579839629673, 'advantage': -1.0560420160370327, 'horizon_xi': 224.9502850932551}]
00:10:34 INFO    fpl_expert.optimise.transfers | consistent valuation: [{'n': 1, 'hits': 0.0, 'tempo': 0.0, 'advantage': 0.0, 'horizon_xi': 205.61957361044782}, {'n': 2, 'hits': 4.0, 'tempo': 2.1989978687603084, 'advantage': -1.8010021312396916, 'horizon_xi': 213.31537541283527}]
00:10:34 INFO    fpl_expert.optimise.transfers | consistent valuation: [{'n': 1, 'hits': 0.0, 'tempo': 0.0, 'advantage': 0.0, 'horizon_xi': 204.24665729444445}, {'n': 2, 'hits': 4.0, 'tempo': -0.7359944798646296, 'advantage': -4.73599447986463, 'horizon_xi': 209.60968167275507}]
00:10:35 INFO    fpl_expert.optimise.transfers | consistent valuation: [{'n': 1, 'hits': 0.0, 'tempo': 0.0, 'advantage': 0.0, 'horizon_xi': 221.24932637320455}, {'n': 2, 'hits': 4.0, 'tempo': 2.0438413807710134, 'advantage': -1.9561586192289866, 'horizon_xi': 228.91878770168938}]
00:10:35 INFO    fpl_expert.optimise.transfers | consistent valuation: [{'n': 1, 'hits': 0.0, 'tempo': 0.0, 'advantage': 0.0, 'horizon_xi': 218.59531385988817}, {'n': 2, 'hits': 4.0, 'tempo': 1.7959275710549463, 'advantage': -2.2040724289450537, 'horizon_xi': 223.7915179119593}]
00:10:35 INFO    fpl_expert.optimise.transfers | consistent valuation: [{'n': 1, 'hits': 0.0, 'tempo': 0.0, 'advantage': 0.0, 'horizon_xi': 228.12902832145292}, {'n': 2, 'hits': 4.0, 'tempo': -0.5717214484145217, 'advantage': -4.571721448414522, 'horizon_xi': 238.80226539123055}]
00:10:36 INFO    fpl_expert.optimise.transfers | consistent valuation: [{'n': 1, 'hits': 0.0, 'tempo': 0.0, 'advantage': 0.0, 'horizon_xi': 230.27456746676717}, {'n': 2, 'hits': 4.0, 'tempo': 1.8670507554073623, 'advantage': -2.1329492445926377, 'horizon_xi': 238.37638289084776}]
00:10:36 INFO    fpl_expert.optimise.transfers | consistent valuation: [{'n': 1, 'hits': 0.0, 'tempo': 0.0, 'advantage': 0.0, 'horizon_xi': 235.99764977580676}, {'n': 2, 'hits': 4.0, 'tempo': 2.3664251423941565, 'advantage': -1.6335748576058435, 'horizon_xi': 236.76175317234404}]
00:10:36 INFO    fpl_expert.optimise.transfers | consistent valuation: [{'n': 1, 'hits': 0.0, 'tempo': 0.0, 'advantage': 0.0, 'horizon_xi': 241.23997036007623}, {'n': 2, 'hits': 4.0, 'tempo': 0.28015296206682905, 'advantage': -3.719847037933171, 'horizon_xi': 242.2176318820275}]
00:10:37 INFO    fpl_expert.optimise.transfers | consistent valuation: [{'n': 1, 'hits': 0.0, 'tempo': 0.0, 'advantage': 0.0, 'horizon_xi': 234.36140917086698}, {'n': 2, 'hits': 4.0, 'tempo': 2.9091718455566706, 'advantage': -1.0908281544433294, 'horizon_xi': 239.00850390498528}]
00:10:37 INFO    fpl_expert.backtest.season_sim | GW13: playing bench_boost (best available (12.0 vs 11.1 remaining))
00:10:37 INFO    fpl_expert.optimise.transfers | consistent valuation: [{'n': 1, 'hits': 0.0, 'tempo': 0.0, 'advantage': 0.0, 'horizon_xi': 222.97987360565656}, {'n': 2, 'hits': 4.0, 'tempo': 2.795646982158253, 'advantage': -1.204353017841747, 'horizon_xi': 240.54561452284116}]
00:10:38 INFO    fpl_expert.optimise.transfers | consistent valuation: [{'n': 1, 'hits': 0.0, 'tempo': 0.0, 'advantage': 0.0, 'horizon_xi': 225.84767186445478}, {'n': 2, 'hits': 4.0, 'tempo': 1.8320746279413243, 'advantage': -2.1679253720586757, 'horizon_xi': 236.2708659987317}]
00:10:38 INFO    fpl_expert.optimise.transfers | consistent valuation: [{'n': 1, 'hits': 0.0, 'tempo': 0.0, 'advantage': 0.0, 'horizon_xi': 222.3580082287481}, {'n': 2, 'hits': 4.0, 'tempo': 1.6838346533334487, 'advantage': -2.3161653466665513, 'horizon_xi': 228.48744288578968}]
00:10:38 INFO    fpl_expert.optimise.transfers | consistent valuation: [{'n': 1, 'hits': 0.0, 'tempo': 0.0, 'advantage': 0.0, 'horizon_xi': 231.6604903297528}, {'n': 2, 'hits': 4.0, 'tempo': 1.4566266023920136, 'advantage': -2.5433733976079864, 'horizon_xi': 235.87190977511332}]
00:10:38 INFO    fpl_expert.backtest.season_sim | GW17: playing triple_captain (expiring in 2 gw, best remaining 6.8)
00:10:38 INFO    fpl_expert.optimise.transfers | consistent valuation: [{'n': 1, 'hits': 0.0, 'tempo': 0.0, 'advantage': 0.0, 'horizon_xi': 231.82485578626367}, {'n': 2, 'hits': 4.0, 'tempo': 1.4941185453884174, 'advantage': -2.5058814546115826, 'horizon_xi': 235.98824886802265}]
00:10:39 INFO    fpl_expert.optimise.transfers | consistent valuation: [{'n': 1, 'hits': 0.0, 'tempo': 0.0, 'advantage': 0.0, 'horizon_xi': 224.92893437775754}, {'n': 2, 'hits': 4.0, 'tempo': 1.6167503654339512, 'advantage': -2.3832496345660488, 'horizon_xi': 230.26806962609643}]
00:10:39 INFO    fpl_expert.optimise.transfers | consistent valuation: [{'n': 1, 'hits': 0.0, 'tempo': 0.0, 'advantage': 0.0, 'horizon_xi': 215.1973025254896}, {'n': 2, 'hits': 4.0, 'tempo': 0.3220130836068762, 'advantage': -3.677986916393124, 'horizon_xi': 220.91161745836308}]
00:10:39 INFO    fpl_expert.optimise.transfers | consistent valuation: [{'n': 1, 'hits': 0.0, 'tempo': 0.0, 'advantage': 0.0, 'horizon_xi': 226.35803843469796}, {'n': 2, 'hits': 4.0, 'tempo': 0.7287079104246885, 'advantage': -3.2712920895753115, 'horizon_xi': 229.40277534359018}]
00:10:40 INFO    fpl_expert.optimise.transfers | consistent valuation: [{'n': 1, 'hits': 0.0, 'tempo': 0.0, 'advantage': 0.0, 'horizon_xi': 223.82711204192447}, {'n': 2, 'hits': 4.0, 'tempo': 4.371726085172931, 'advantage': 0.3717260851729307, 'horizon_xi': 233.90550369686798}]
00:10:40 INFO    fpl_expert.optimise.transfers | consistent valuation: [{'n': 1, 'hits': 0.0, 'tempo': 0.0, 'advantage': 0.0, 'horizon_xi': 234.9930438033281}, {'n': 2, 'hits': 4.0, 'tempo': -1.2378016769360158, 'advantage': -5.237801676936016, 'horizon_xi': 240.38330020714127}]
00:10:40 INFO    fpl_expert.optimise.transfers | consistent valuation: [{'n': 1, 'hits': 0.0, 'tempo': 0.0, 'advantage': 0.0, 'horizon_xi': 237.1354823934649}, {'n': 2, 'hits': 4.0, 'tempo': 3.1173380203252776, 'advantage': -0.8826619796747224, 'horizon_xi': 247.02482086248722}]
00:10:41 INFO    fpl_expert.optimise.transfers | consistent valuation: [{'n': 1, 'hits': 0.0, 'tempo': 0.0, 'advantage': 0.0, 'horizon_xi': 240.86278763715035}, {'n': 2, 'hits': 4.0, 'tempo': 2.5012667983022254, 'advantage': -1.4987332016977746, 'horizon_xi': 246.75280868538024}]
00:10:41 INFO    fpl_expert.optimise.transfers | consistent valuation: [{'n': 1, 'hits': 0.0, 'tempo': 0.0, 'advantage': 0.0, 'horizon_xi': 244.24615464704868}, {'n': 2, 'hits': 4.0, 'tempo': 3.3284911272067745, 'advantage': -0.6715088727932255, 'horizon_xi': 247.20774752306895}]
00:10:42 INFO    fpl_expert.optimise.transfers | consistent valuation: [{'n': 1, 'hits': 0.0, 'tempo': 0.0, 'advantage': 0.0, 'horizon_xi': 233.9317618353495}, {'n': 2, 'hits': 4.0, 'tempo': 0.0, 'advantage': -4.0, 'horizon_xi': 235.23658328947317}]
00:10:42 INFO    fpl_expert.optimise.transfers | consistent valuation: [{'n': 1, 'hits': 0.0, 'tempo': 0.0, 'advantage': 0.0, 'horizon_xi': 233.70845422128733}, {'n': 2, 'hits': 4.0, 'tempo': 0.9016192898981501, 'advantage': -3.09838071010185, 'horizon_xi': 236.44231104508907}]
00:10:42 INFO    fpl_expert.optimise.transfers | consistent valuation: [{'n': 1, 'hits': 0.0, 'tempo': 0.0, 'advantage': 0.0, 'horizon_xi': 234.9191364665521}, {'n': 2, 'hits': 4.0, 'tempo': -0.45737766237229494, 'advantage': -4.457377662372295, 'horizon_xi': 234.54836122950286}]
00:10:43 INFO    fpl_expert.optimise.transfers | consistent valuation: [{'n': 1, 'hits': 0.0, 'tempo': 0.0, 'advantage': 0.0, 'horizon_xi': 232.79872287848931}, {'n': 2, 'hits': 4.0, 'tempo': 0.07049159147305772, 'advantage': -3.9295084085269423, 'horizon_xi': 234.66605627596877}]
00:10:43 INFO    fpl_expert.optimise.transfers | consistent valuation: [{'n': 1, 'hits': 0.0, 'tempo': 0.0, 'advantage': 0.0, 'horizon_xi': 204.498337292204}, {'n': 2, 'hits': 4.0, 'tempo': 2.581241067138272, 'advantage': -1.4187589328617278, 'horizon_xi': 211.15680801012277}]
00:10:43 INFO    fpl_expert.optimise.transfers | consistent valuation: [{'n': 1, 'hits': 0.0, 'tempo': 0.0, 'advantage': 0.0, 'horizon_xi': 248.92013938919587}, {'n': 2, 'hits': 4.0, 'tempo': 0.0, 'advantage': -4.0, 'horizon_xi': 251.90133954901617}]
00:10:44 INFO    fpl_expert.optimise.transfers | consistent valuation: [{'n': 1, 'hits': 0.0, 'tempo': 0.0, 'advantage': 0.0, 'horizon_xi': 257.9434646291798}, {'n': 2, 'hits': 4.0, 'tempo': 4.1005497835053575, 'advantage': 0.10054978350535748, 'horizon_xi': 264.9202140336923}]
00:10:44 INFO    fpl_expert.optimise.transfers | consistent valuation: [{'n': 1, 'hits': 0.0, 'tempo': 0.0, 'advantage': 0.0, 'horizon_xi': 156.4473988923681}, {'n': 2, 'hits': 4.0, 'tempo': -0.0439535762298604, 'advantage': -4.04395357622986, 'horizon_xi': 157.25078762779094}]
00:10:44 INFO    fpl_expert.optimise.transfers | consistent valuation: [{'n': 1, 'hits': 0.0, 'tempo': 0.0, 'advantage': 0.0, 'horizon_xi': 197.24752436713433}, {'n': 2, 'hits': 4.0, 'tempo': 0.6913663593836361, 'advantage': -3.308633640616364, 'horizon_xi': 199.45671239707266}]
00:10:44 INFO    fpl_expert.backtest.season_sim | GW35: playing bench_boost (expiring in 3 gw, best remaining 12.1)
00:10:45 INFO    fpl_expert.optimise.transfers | consistent valuation: [{'n': 1, 'hits': 0.0, 'tempo': 0.0, 'advantage': 0.0, 'horizon_xi': 170.2816179103795}, {'n': 2, 'hits': 4.0, 'tempo': 0.7696296279426917, 'advantage': -3.2303703720573083, 'horizon_xi': 171.3566002555688}]
00:10:45 INFO    fpl_expert.backtest.season_sim | GW36: playing triple_captain (expiring in 2 gw, best remaining 6.9)
00:10:45 INFO    fpl_expert.optimise.transfers | consistent valuation: [{'n': 1, 'hits': 0.0, 'tempo': 0.0, 'advantage': 0.0, 'horizon_xi': 108.70378032305379}, {'n': 2, 'hits': 4.0, 'tempo': 0.7026352779468539, 'advantage': -3.297364722053146, 'horizon_xi': 109.40641560100065}]
00:10:45 INFO    fpl_expert.optimise.transfers | consistent valuation: [{'n': 1, 'hits': 0.0, 'tempo': 0.0, 'advantage': 0.0, 'horizon_xi': 52.21118212472264}, {'n': 2, 'hits': 4.0, 'tempo': 0.17807839937364633, 'advantage': -3.8219216006263537, 'horizon_xi': 52.38926052409629}]
00:10:45 INFO    fpl_expert.backtest.ensemble | consistent path 6: 2092
00:10:47 INFO    fpl_expert.optimise.transfers | consistent valuation: [{'n': 1, 'hits': 0.0, 'tempo': 0.0, 'advantage': 0.0, 'horizon_xi': 218.68149916977535}, {'n': 2, 'hits': 4.0, 'tempo': 2.3226339501387585, 'advantage': -1.6773660498612415, 'horizon_xi': 226.94182628957256}]
00:10:47 INFO    fpl_expert.optimise.transfers | consistent valuation: [{'n': 1, 'hits': 0.0, 'tempo': 0.0, 'advantage': 0.0, 'horizon_xi': 193.53082193482942}, {'n': 2, 'hits': 4.0, 'tempo': 3.3387081762699395, 'advantage': -0.6612918237300605, 'horizon_xi': 209.95184373323255}]
00:10:47 INFO    fpl_expert.optimise.transfers | consistent valuation: [{'n': 1, 'hits': 0.0, 'tempo': 0.0, 'advantage': 0.0, 'horizon_xi': 214.57825571939594}, {'n': 2, 'hits': 4.0, 'tempo': 2.9294593328945595, 'advantage': -1.0705406671054405, 'horizon_xi': 224.95668126029577}]
00:10:48 INFO    fpl_expert.optimise.transfers | consistent valuation: [{'n': 1, 'hits': 0.0, 'tempo': 0.0, 'advantage': 0.0, 'horizon_xi': 205.61331136813203}, {'n': 2, 'hits': 4.0, 'tempo': 2.1898410222670748, 'advantage': -1.8101589777329252, 'horizon_xi': 213.28430626275656}]
00:10:48 INFO    fpl_expert.optimise.transfers | consistent valuation: [{'n': 1, 'hits': 0.0, 'tempo': 0.0, 'advantage': 0.0, 'horizon_xi': 204.2114730972545}, {'n': 2, 'hits': 4.0, 'tempo': -0.7569976870629276, 'advantage': -4.756997687062928, 'horizon_xi': 209.5693235435995}]
00:10:48 INFO    fpl_expert.optimise.transfers | consistent valuation: [{'n': 1, 'hits': 0.0, 'tempo': 0.0, 'advantage': 0.0, 'horizon_xi': 221.21157160068316}, {'n': 2, 'hits': 4.0, 'tempo': 2.039802276581348, 'advantage': -1.960197723418652, 'horizon_xi': 228.87945423724815}]
00:10:49 INFO    fpl_expert.optimise.transfers | consistent valuation: [{'n': 1, 'hits': 0.0, 'tempo': 0.0, 'advantage': 0.0, 'horizon_xi': 218.63330213567374}, {'n': 2, 'hits': 4.0, 'tempo': 1.7946077548246961, 'advantage': -2.205392245175304, 'horizon_xi': 223.8248083264489}]
00:10:49 INFO    fpl_expert.optimise.transfers | consistent valuation: [{'n': 1, 'hits': 0.0, 'tempo': 0.0, 'advantage': 0.0, 'horizon_xi': 228.17239764398929}, {'n': 2, 'hits': 4.0, 'tempo': 0.09027246893704444, 'advantage': -3.9097275310629556, 'horizon_xi': 230.06443990286425}]
00:10:49 INFO    fpl_expert.optimise.transfers | consistent valuation: [{'n': 1, 'hits': 0.0, 'tempo': 0.0, 'advantage': 0.0, 'horizon_xi': 230.29459830936676}, {'n': 2, 'hits': 4.0, 'tempo': 1.854844894542964, 'advantage': -2.145155105457036, 'horizon_xi': 238.37111977665194}]
00:10:50 INFO    fpl_expert.optimise.transfers | consistent valuation: [{'n': 1, 'hits': 0.0, 'tempo': 0.0, 'advantage': 0.0, 'horizon_xi': 236.00284759079145}, {'n': 2, 'hits': 4.0, 'tempo': 2.4210813009255006, 'advantage': -1.5789186990744994, 'horizon_xi': 236.83047133043033}]
00:10:50 INFO    fpl_expert.optimise.transfers | consistent valuation: [{'n': 1, 'hits': 0.0, 'tempo': 0.0, 'advantage': 0.0, 'horizon_xi': 241.25746416827445}, {'n': 2, 'hits': 4.0, 'tempo': 0.2682260167197015, 'advantage': -3.7317739832802985, 'horizon_xi': 242.2112744794746}]
00:10:51 INFO    fpl_expert.optimise.transfers | consistent valuation: [{'n': 1, 'hits': 0.0, 'tempo': 0.0, 'advantage': 0.0, 'horizon_xi': 234.338634991998}, {'n': 2, 'hits': 4.0, 'tempo': 2.9126094489870837, 'advantage': -1.0873905510129163, 'horizon_xi': 238.99099426310153}]
00:10:51 INFO    fpl_expert.backtest.season_sim | GW13: playing bench_boost (best available (12.0 vs 11.1 remaining))
00:10:51 INFO    fpl_expert.optimise.transfers | consistent valuation: [{'n': 1, 'hits': 0.0, 'tempo': 0.0, 'advantage': 0.0, 'horizon_xi': 222.94195882945874}, {'n': 2, 'hits': 4.0, 'tempo': 2.8017910638315158, 'advantage': -1.1982089361684842, 'horizon_xi': 240.52540424881226}]
00:10:51 INFO    fpl_expert.optimise.transfers | consistent valuation: [{'n': 1, 'hits': 0.0, 'tempo': 0.0, 'advantage': 0.0, 'horizon_xi': 225.75033530310787}, {'n': 2, 'hits': 4.0, 'tempo': 1.825897261481451, 'advantage': -2.174102738518549, 'horizon_xi': 236.18921422241468}]
00:10:52 INFO    fpl_expert.optimise.transfers | consistent valuation: [{'n': 1, 'hits': 0.0, 'tempo': 0.0, 'advantage': 0.0, 'horizon_xi': 222.24159141989364}, {'n': 2, 'hits': 4.0, 'tempo': 1.6840046572078649, 'advantage': -2.315995342792135, 'horizon_xi': 228.3712073717102}]
00:10:52 INFO    fpl_expert.optimise.transfers | consistent valuation: [{'n': 1, 'hits': 0.0, 'tempo': 0.0, 'advantage': 0.0, 'horizon_xi': 231.5853347520484}, {'n': 2, 'hits': 4.0, 'tempo': 1.4462380741690595, 'advantage': -2.5537619258309405, 'horizon_xi': 235.79505464542638}]
00:10:52 INFO    fpl_expert.backtest.season_sim | GW17: playing triple_captain (expiring in 2 gw, best remaining 6.8)
00:10:52 INFO    fpl_expert.optimise.transfers | consistent valuation: [{'n': 1, 'hits': 0.0, 'tempo': 0.0, 'advantage': 0.0, 'horizon_xi': 231.764139277651}, {'n': 2, 'hits': 4.0, 'tempo': 1.5016914463877953, 'advantage': -2.4983085536122047, 'horizon_xi': 235.93373817691324}]
00:10:53 INFO    fpl_expert.optimise.transfers | consistent valuation: [{'n': 1, 'hits': 0.0, 'tempo': 0.0, 'advantage': 0.0, 'horizon_xi': 224.9164174973431}, {'n': 2, 'hits': 4.0, 'tempo': 1.6226846915942161, 'advantage': -2.377315308405784, 'horizon_xi': 230.2613869710932}]
00:10:53 INFO    fpl_expert.optimise.transfers | consistent valuation: [{'n': 1, 'hits': 0.0, 'tempo': 0.0, 'advantage': 0.0, 'horizon_xi': 215.20609867743718}, {'n': 2, 'hits': 4.0, 'tempo': 0.32625894804417044, 'advantage': -3.6737410519558296, 'horizon_xi': 220.92228352487123}]
00:10:53 INFO    fpl_expert.optimise.transfers | consistent valuation: [{'n': 1, 'hits': 0.0, 'tempo': 0.0, 'advantage': 0.0, 'horizon_xi': 226.36721246354773}, {'n': 2, 'hits': 4.0, 'tempo': 0.725579532179303, 'advantage': -3.274420467820697, 'horizon_xi': 229.41309778539832}]
00:10:54 INFO    fpl_expert.optimise.transfers | consistent valuation: [{'n': 1, 'hits': 0.0, 'tempo': 0.0, 'advantage': 0.0, 'horizon_xi': 223.8065561852869}, {'n': 2, 'hits': 4.0, 'tempo': 4.382655555164625, 'advantage': 0.3826555551646251, 'horizon_xi': 233.88082630846517}]
00:10:54 INFO    fpl_expert.optimise.transfers | consistent valuation: [{'n': 1, 'hits': 0.0, 'tempo': 0.0, 'advantage': 0.0, 'horizon_xi': 234.99948989454194}, {'n': 2, 'hits': 4.0, 'tempo': -1.2351632667155457, 'advantage': -5.235163266715546, 'horizon_xi': 240.360336602958}]
00:10:54 INFO    fpl_expert.optimise.transfers | consistent valuation: [{'n': 1, 'hits': 0.0, 'tempo': 0.0, 'advantage': 0.0, 'horizon_xi': 237.1097346911029}, {'n': 2, 'hits': 4.0, 'tempo': 3.125586412076302, 'advantage': -0.8744135879236978, 'horizon_xi': 246.96181285296666}]
00:10:55 INFO    fpl_expert.optimise.transfers | consistent valuation: [{'n': 1, 'hits': 0.0, 'tempo': 0.0, 'advantage': 0.0, 'horizon_xi': 240.8021667971202}, {'n': 2, 'hits': 4.0, 'tempo': 2.4900190313711477, 'advantage': -1.5099809686288523, 'horizon_xi': 246.69787459604836}]
00:10:55 INFO    fpl_expert.optimise.transfers | consistent valuation: [{'n': 1, 'hits': 0.0, 'tempo': 0.0, 'advantage': 0.0, 'horizon_xi': 244.20654026867896}, {'n': 2, 'hits': 4.0, 'tempo': 3.3326963276351904, 'advantage': -0.6673036723648096, 'horizon_xi': 247.14221112413617}]
00:10:55 INFO    fpl_expert.optimise.transfers | consistent valuation: [{'n': 1, 'hits': 0.0, 'tempo': 0.0, 'advantage': 0.0, 'horizon_xi': 233.92365432320898}, {'n': 2, 'hits': 4.0, 'tempo': 0.0, 'advantage': -4.0, 'horizon_xi': 235.24068334155152}]
00:10:56 INFO    fpl_expert.optimise.transfers | consistent valuation: [{'n': 1, 'hits': 0.0, 'tempo': 0.0, 'advantage': 0.0, 'horizon_xi': 233.63882560279848}, {'n': 2, 'hits': 4.0, 'tempo': 0.9071389282767655, 'advantage': -3.0928610717232345, 'horizon_xi': 236.37609344826123}]
00:10:56 INFO    fpl_expert.optimise.transfers | consistent valuation: [{'n': 1, 'hits': 0.0, 'tempo': 0.0, 'advantage': 0.0, 'horizon_xi': 234.81009528433867}, {'n': 2, 'hits': 4.0, 'tempo': -0.43879379565342447, 'advantage': -4.4387937956534245, 'horizon_xi': 234.48801738422725}]
00:10:56 INFO    fpl_expert.optimise.transfers | consistent valuation: [{'n': 1, 'hits': 0.0, 'tempo': 0.0, 'advantage': 0.0, 'horizon_xi': 232.67806564277024}, {'n': 2, 'hits': 4.0, 'tempo': 0.06295904749647718, 'advantage': -3.937040952503523, 'horizon_xi': 234.54221204437715}]
00:10:57 INFO    fpl_expert.optimise.transfers | consistent valuation: [{'n': 1, 'hits': 0.0, 'tempo': 0.0, 'advantage': 0.0, 'horizon_xi': 204.4636245829371}, {'n': 2, 'hits': 4.0, 'tempo': 2.58194960414302, 'advantage': -1.4180503958569801, 'horizon_xi': 211.13411811678515}]
00:10:57 INFO    fpl_expert.optimise.transfers | consistent valuation: [{'n': 1, 'hits': 0.0, 'tempo': 0.0, 'advantage': 0.0, 'horizon_xi': 248.80068418390601}, {'n': 2, 'hits': 4.0, 'tempo': 0.0, 'advantage': -4.0, 'horizon_xi': 251.80533029594991}]
00:10:57 INFO    fpl_expert.optimise.transfers | consistent valuation: [{'n': 1, 'hits': 0.0, 'tempo': 0.0, 'advantage': 0.0, 'horizon_xi': 257.7994879884173}, {'n': 2, 'hits': 4.0, 'tempo': 4.122127815643381, 'advantage': 0.12212781564338115, 'horizon_xi': 264.8018968771565}]
00:10:58 INFO    fpl_expert.optimise.transfers | consistent valuation: [{'n': 1, 'hits': 0.0, 'tempo': 0.0, 'advantage': 0.0, 'horizon_xi': 156.4027607282164}, {'n': 2, 'hits': 4.0, 'tempo': -0.0330683801467373, 'advantage': -4.033068380146737, 'horizon_xi': 157.228344353013}]
00:10:58 INFO    fpl_expert.optimise.transfers | consistent valuation: [{'n': 1, 'hits': 0.0, 'tempo': 0.0, 'advantage': 0.0, 'horizon_xi': 197.1858848677134}, {'n': 2, 'hits': 4.0, 'tempo': 0.6869888019094645, 'advantage': -3.3130111980905355, 'horizon_xi': 199.38859148123606}]
00:10:58 INFO    fpl_expert.backtest.season_sim | GW35: playing bench_boost (expiring in 3 gw, best remaining 12.1)
00:10:58 INFO    fpl_expert.optimise.transfers | consistent valuation: [{'n': 1, 'hits': 0.0, 'tempo': 0.0, 'advantage': 0.0, 'horizon_xi': 170.2045320933687}, {'n': 2, 'hits': 4.0, 'tempo': 0.766755663658401, 'advantage': -3.233244336341599, 'horizon_xi': 171.28682148992505}]
00:10:58 INFO    fpl_expert.backtest.season_sim | GW36: playing triple_captain (expiring in 2 gw, best remaining 6.9)
00:10:59 INFO    fpl_expert.optimise.transfers | consistent valuation: [{'n': 1, 'hits': 0.0, 'tempo': 0.0, 'advantage': 0.0, 'horizon_xi': 108.64131407724749}, {'n': 2, 'hits': 4.0, 'tempo': 0.7072999199509908, 'advantage': -3.292700080049009, 'horizon_xi': 109.34861399719847}]
00:10:59 INFO    fpl_expert.optimise.transfers | consistent valuation: [{'n': 1, 'hits': 0.0, 'tempo': 0.0, 'advantage': 0.0, 'horizon_xi': 52.19363457924901}, {'n': 2, 'hits': 4.0, 'tempo': 0.18591744875624983, 'advantage': -3.81408255124375, 'horizon_xi': 52.37955202800526}]
00:10:59 INFO    fpl_expert.backtest.ensemble | consistent path 7: 2092
00:11:00 INFO    fpl_expert.optimise.transfers | consistent valuation: [{'n': 1, 'hits': 0.0, 'tempo': 0.0, 'advantage': 0.0, 'horizon_xi': 218.66182574214383}, {'n': 2, 'hits': 4.0, 'tempo': 2.32218790527493, 'advantage': -1.6778120947250699, 'horizon_xi': 226.90974508879145}]
00:11:01 INFO    fpl_expert.optimise.transfers | consistent valuation: [{'n': 1, 'hits': 0.0, 'tempo': 0.0, 'advantage': 0.0, 'horizon_xi': 193.48183028085128}, {'n': 2, 'hits': 4.0, 'tempo': 3.338607795677781, 'advantage': -0.6613922043222189, 'horizon_xi': 209.895105893477}]
00:11:01 INFO    fpl_expert.optimise.transfers | consistent valuation: [{'n': 1, 'hits': 0.0, 'tempo': 0.0, 'advantage': 0.0, 'horizon_xi': 214.51489712048823}, {'n': 2, 'hits': 4.0, 'tempo': 2.936247683116868, 'advantage': -1.0637523168831322, 'horizon_xi': 224.9024359349738}]
00:11:01 INFO    fpl_expert.optimise.transfers | consistent valuation: [{'n': 1, 'hits': 0.0, 'tempo': 0.0, 'advantage': 0.0, 'horizon_xi': 205.58213297229807}, {'n': 2, 'hits': 4.0, 'tempo': 2.194693808124434, 'advantage': -1.805306191875566, 'horizon_xi': 213.26736409166082}]
00:11:02 INFO    fpl_expert.optimise.transfers | consistent valuation: [{'n': 1, 'hits': 0.0, 'tempo': 0.0, 'advantage': 0.0, 'horizon_xi': 204.20629505282642}, {'n': 2, 'hits': 4.0, 'tempo': -0.7562540360937078, 'advantage': -4.756254036093708, 'horizon_xi': 209.57112325258336}]
00:11:02 INFO    fpl_expert.optimise.transfers | consistent valuation: [{'n': 1, 'hits': 0.0, 'tempo': 0.0, 'advantage': 0.0, 'horizon_xi': 221.18666792680347}, {'n': 2, 'hits': 4.0, 'tempo': 2.0322102088791425, 'advantage': -1.9677897911208575, 'horizon_xi': 228.82485723881786}]
00:11:03 INFO    fpl_expert.optimise.transfers | consistent valuation: [{'n': 1, 'hits': 0.0, 'tempo': 0.0, 'advantage': 0.0, 'horizon_xi': 218.54391333632802}, {'n': 2, 'hits': 4.0, 'tempo': 1.7928014538167218, 'advantage': -2.207198546183278, 'horizon_xi': 223.74366441085476}]
00:11:03 INFO    fpl_expert.optimise.transfers | consistent valuation: [{'n': 1, 'hits': 0.0, 'tempo': 0.0, 'advantage': 0.0, 'horizon_xi': 228.14362685700556}, {'n': 2, 'hits': 4.0, 'tempo': 0.09357802824288797, 'advantage': -3.906421971757112, 'horizon_xi': 230.04205982076215}]
00:11:03 INFO    fpl_expert.optimise.transfers | consistent valuation: [{'n': 1, 'hits': 0.0, 'tempo': 0.0, 'advantage': 0.0, 'horizon_xi': 230.3081232153794}, {'n': 2, 'hits': 4.0, 'tempo': 1.8650013259375768, 'advantage': -2.134998674062423, 'horizon_xi': 238.40213241393857}]
00:11:04 INFO    fpl_expert.optimise.transfers | consistent valuation: [{'n': 1, 'hits': 0.0, 'tempo': 0.0, 'advantage': 0.0, 'horizon_xi': 235.99297899316932}, {'n': 2, 'hits': 4.0, 'tempo': 2.3976361672069118, 'advantage': -1.6023638327930882, 'horizon_xi': 236.80097819098572}]
00:11:04 INFO    fpl_expert.optimise.transfers | consistent valuation: [{'n': 1, 'hits': 0.0, 'tempo': 0.0, 'advantage': 0.0, 'horizon_xi': 241.24873243960988}, {'n': 2, 'hits': 4.0, 'tempo': 0.27535821011333184, 'advantage': -3.724641789886668, 'horizon_xi': 242.22474984812254}]
00:11:04 INFO    fpl_expert.optimise.transfers | consistent valuation: [{'n': 1, 'hits': 0.0, 'tempo': 0.0, 'advantage': 0.0, 'horizon_xi': 234.3661733474679}, {'n': 2, 'hits': 4.0, 'tempo': 2.9335337285851324, 'advantage': -1.0664662714148676, 'horizon_xi': 239.03538754046207}]
00:11:04 INFO    fpl_expert.backtest.season_sim | GW13: playing bench_boost (best available (12.0 vs 11.1 remaining))
00:11:05 INFO    fpl_expert.optimise.transfers | consistent valuation: [{'n': 1, 'hits': 0.0, 'tempo': 0.0, 'advantage': 0.0, 'horizon_xi': 222.9971413987546}, {'n': 2, 'hits': 4.0, 'tempo': 2.773189962048143, 'advantage': -1.2268100379518572, 'horizon_xi': 240.52249306128732}]
00:11:05 INFO    fpl_expert.optimise.transfers | consistent valuation: [{'n': 1, 'hits': 0.0, 'tempo': 0.0, 'advantage': 0.0, 'horizon_xi': 225.84085579896512}, {'n': 2, 'hits': 4.0, 'tempo': 1.79743268665883, 'advantage': -2.20256731334117, 'horizon_xi': 236.2277816302571}]
00:11:05 INFO    fpl_expert.optimise.transfers | consistent valuation: [{'n': 1, 'hits': 0.0, 'tempo': 0.0, 'advantage': 0.0, 'horizon_xi': 222.37700780796152}, {'n': 2, 'hits': 4.0, 'tempo': 1.6819092072398405, 'advantage': -2.3180907927601595, 'horizon_xi': 228.49655022772973}]
00:11:06 INFO    fpl_expert.optimise.transfers | consistent valuation: [{'n': 1, 'hits': 0.0, 'tempo': 0.0, 'advantage': 0.0, 'horizon_xi': 231.67375211505927}, {'n': 2, 'hits': 4.0, 'tempo': 1.4495197723700102, 'advantage': -2.55048022762999, 'horizon_xi': 235.88540653224948}]
00:11:06 INFO    fpl_expert.backtest.season_sim | GW17: playing triple_captain (expiring in 2 gw, best remaining 6.8)
00:11:06 INFO    fpl_expert.optimise.transfers | consistent valuation: [{'n': 1, 'hits': 0.0, 'tempo': 0.0, 'advantage': 0.0, 'horizon_xi': 231.7944461191262}, {'n': 2, 'hits': 4.0, 'tempo': 1.502696253949516, 'advantage': -2.497303746050484, 'horizon_xi': 235.97847080530138}]
00:11:06 INFO    fpl_expert.optimise.transfers | consistent valuation: [{'n': 1, 'hits': 0.0, 'tempo': 0.0, 'advantage': 0.0, 'horizon_xi': 224.90273977329684}, {'n': 2, 'hits': 4.0, 'tempo': 1.6121947030033468, 'advantage': -2.3878052969966532, 'horizon_xi': 230.23365765586266}]
00:11:07 INFO    fpl_expert.optimise.transfers | consistent valuation: [{'n': 1, 'hits': 0.0, 'tempo': 0.0, 'advantage': 0.0, 'horizon_xi': 215.22050579700814}, {'n': 2, 'hits': 4.0, 'tempo': 0.314796191918731, 'advantage': -3.685203808081269, 'horizon_xi': 220.93446012402865}]
00:11:07 INFO    fpl_expert.optimise.transfers | consistent valuation: [{'n': 1, 'hits': 0.0, 'tempo': 0.0, 'advantage': 0.0, 'horizon_xi': 226.36918844121377}, {'n': 2, 'hits': 4.0, 'tempo': 0.7298184063274036, 'advantage': -3.2701815936725964, 'horizon_xi': 229.40556491313762}]
00:11:07 INFO    fpl_expert.optimise.transfers | consistent valuation: [{'n': 1, 'hits': 0.0, 'tempo': 0.0, 'advantage': 0.0, 'horizon_xi': 223.839066359705}, {'n': 2, 'hits': 4.0, 'tempo': 4.3497336138003675, 'advantage': 0.3497336138003675, 'horizon_xi': 233.85603882070026}]
00:11:08 INFO    fpl_expert.optimise.transfers | consistent valuation: [{'n': 1, 'hits': 0.0, 'tempo': 0.0, 'advantage': 0.0, 'horizon_xi': 234.97113489354845}, {'n': 2, 'hits': 4.0, 'tempo': -1.2519613562283567, 'advantage': -5.251961356228357, 'horizon_xi': 240.32968970665715}]
00:11:08 INFO    fpl_expert.optimise.transfers | consistent valuation: [{'n': 1, 'hits': 0.0, 'tempo': 0.0, 'advantage': 0.0, 'horizon_xi': 237.12160682395543}, {'n': 2, 'hits': 4.0, 'tempo': 3.1344059434822213, 'advantage': -0.8655940565177787, 'horizon_xi': 246.9933900899309}]
00:11:08 INFO    fpl_expert.optimise.transfers | consistent valuation: [{'n': 1, 'hits': 0.0, 'tempo': 0.0, 'advantage': 0.0, 'horizon_xi': 240.82884404146859}, {'n': 2, 'hits': 4.0, 'tempo': 2.5086638197190467, 'advantage': -1.4913361802809533, 'horizon_xi': 246.73214102872026}]
00:11:09 INFO    fpl_expert.optimise.transfers | consistent valuation: [{'n': 1, 'hits': 0.0, 'tempo': 0.0, 'advantage': 0.0, 'horizon_xi': 244.23807082692272}, {'n': 2, 'hits': 4.0, 'tempo': 3.329168424518386, 'advantage': -0.6708315754816141, 'horizon_xi': 247.19200191412662}]
00:11:09 INFO    fpl_expert.optimise.transfers | consistent valuation: [{'n': 1, 'hits': 0.0, 'tempo': 0.0, 'advantage': 0.0, 'horizon_xi': 233.96443875650402}, {'n': 2, 'hits': 4.0, 'tempo': 0.0, 'advantage': -4.0, 'horizon_xi': 235.26475945528733}]
00:11:09 INFO    fpl_expert.optimise.transfers | consistent valuation: [{'n': 1, 'hits': 0.0, 'tempo': 0.0, 'advantage': 0.0, 'horizon_xi': 233.691740681524}, {'n': 2, 'hits': 4.0, 'tempo': 0.9039474703434109, 'advantage': -3.096052529656589, 'horizon_xi': 236.42441878218023}]
00:11:10 INFO    fpl_expert.optimise.transfers | consistent valuation: [{'n': 1, 'hits': 0.0, 'tempo': 0.0, 'advantage': 0.0, 'horizon_xi': 234.88935896813283}, {'n': 2, 'hits': 4.0, 'tempo': -0.4400716543388583, 'advantage': -4.440071654338858, 'horizon_xi': 234.5684948421711}]
00:11:10 INFO    fpl_expert.optimise.transfers | consistent valuation: [{'n': 1, 'hits': 0.0, 'tempo': 0.0, 'advantage': 0.0, 'horizon_xi': 232.77805521499945}, {'n': 2, 'hits': 4.0, 'tempo': 0.0723050159284142, 'advantage': -3.927694984071586, 'horizon_xi': 234.63285190709678}]
00:11:10 INFO    fpl_expert.optimise.transfers | consistent valuation: [{'n': 1, 'hits': 0.0, 'tempo': 0.0, 'advantage': 0.0, 'horizon_xi': 204.50950534518066}, {'n': 2, 'hits': 4.0, 'tempo': 2.5763695242189186, 'advantage': -1.4236304757810814, 'horizon_xi': 211.1660945362699}]
00:11:11 INFO    fpl_expert.optimise.transfers | consistent valuation: [{'n': 1, 'hits': 0.0, 'tempo': 0.0, 'advantage': 0.0, 'horizon_xi': 248.83817803984536}, {'n': 2, 'hits': 4.0, 'tempo': 0.0, 'advantage': -4.0, 'horizon_xi': 251.83443462963137}]
00:11:11 INFO    fpl_expert.optimise.transfers | consistent valuation: [{'n': 1, 'hits': 0.0, 'tempo': 0.0, 'advantage': 0.0, 'horizon_xi': 257.8601513667325}, {'n': 2, 'hits': 4.0, 'tempo': 4.114051412023386, 'advantage': 0.11405141202338598, 'horizon_xi': 264.8479426222271}]
00:11:12 INFO    fpl_expert.optimise.transfers | consistent valuation: [{'n': 1, 'hits': 0.0, 'tempo': 0.0, 'advantage': 0.0, 'horizon_xi': 156.43496176951066}, {'n': 2, 'hits': 4.0, 'tempo': -0.04468024183815089, 'advantage': -4.044680241838151, 'horizon_xi': 157.23557787770417}]
00:11:12 INFO    fpl_expert.optimise.transfers | consistent valuation: [{'n': 1, 'hits': 0.0, 'tempo': 0.0, 'advantage': 0.0, 'horizon_xi': 197.1542403866975}, {'n': 2, 'hits': 4.0, 'tempo': 0.6894264985429643, 'advantage': -3.3105735014570357, 'horizon_xi': 199.36677986027803}]
00:11:12 INFO    fpl_expert.backtest.season_sim | GW35: playing bench_boost (expiring in 3 gw, best remaining 12.1)
00:11:12 INFO    fpl_expert.optimise.transfers | consistent valuation: [{'n': 1, 'hits': 0.0, 'tempo': 0.0, 'advantage': 0.0, 'horizon_xi': 170.15183349281946}, {'n': 2, 'hits': 4.0, 'tempo': 0.7609644417016739, 'advantage': -3.239035558298326, 'horizon_xi': 171.21324222440668}]
00:11:12 INFO    fpl_expert.backtest.season_sim | GW36: playing triple_captain (expiring in 2 gw, best remaining 6.9)
00:11:12 INFO    fpl_expert.optimise.transfers | consistent valuation: [{'n': 1, 'hits': 0.0, 'tempo': 0.0, 'advantage': 0.0, 'horizon_xi': 108.67123390600085}, {'n': 2, 'hits': 4.0, 'tempo': 0.7063290530345085, 'advantage': -3.2936709469654915, 'horizon_xi': 109.37756295903536}]
00:11:13 INFO    fpl_expert.optimise.transfers | consistent valuation: [{'n': 1, 'hits': 0.0, 'tempo': 0.0, 'advantage': 0.0, 'horizon_xi': 52.18987205450506}, {'n': 2, 'hits': 4.0, 'tempo': 0.18191192671636003, 'advantage': -3.81808807328364, 'horizon_xi': 52.37178398122142}]
00:11:13 INFO    fpl_expert.backtest.ensemble | consistent path 8: 2092
00:11:14 INFO    fpl_expert.optimise.transfers | consistent valuation: [{'n': 1, 'hits': 0.0, 'tempo': 0.0, 'advantage': 0.0, 'horizon_xi': 218.6640622991651}, {'n': 2, 'hits': 4.0, 'tempo': 2.3222037050941964, 'advantage': -1.6777962949058036, 'horizon_xi': 226.92653712662374}]
00:11:15 INFO    fpl_expert.optimise.transfers | consistent valuation: [{'n': 1, 'hits': 0.0, 'tempo': 0.0, 'advantage': 0.0, 'horizon_xi': 193.46958128164417}, {'n': 2, 'hits': 4.0, 'tempo': 3.340754568890766, 'advantage': -0.659245431109234, 'horizon_xi': 209.89965756502733}]
00:11:15 INFO    fpl_expert.optimise.transfers | consistent valuation: [{'n': 1, 'hits': 0.0, 'tempo': 0.0, 'advantage': 0.0, 'horizon_xi': 214.53696257142767}, {'n': 2, 'hits': 4.0, 'tempo': 2.9372113548121206, 'advantage': -1.0627886451878794, 'horizon_xi': 224.91315022395202}]
00:11:15 INFO    fpl_expert.optimise.transfers | consistent valuation: [{'n': 1, 'hits': 0.0, 'tempo': 0.0, 'advantage': 0.0, 'horizon_xi': 205.54834288419215}, {'n': 2, 'hits': 4.0, 'tempo': 2.1986579430419084, 'advantage': -1.8013420569580916, 'horizon_xi': 213.21815271472155}]
00:11:16 INFO    fpl_expert.optimise.transfers | consistent valuation: [{'n': 1, 'hits': 0.0, 'tempo': 0.0, 'advantage': 0.0, 'horizon_xi': 204.1660467792763}, {'n': 2, 'hits': 4.0, 'tempo': -0.7462525877133004, 'advantage': -4.7462525877133, 'horizon_xi': 209.53882143650293}]
00:11:16 INFO    fpl_expert.optimise.transfers | consistent valuation: [{'n': 1, 'hits': 0.0, 'tempo': 0.0, 'advantage': 0.0, 'horizon_xi': 221.16946829404563}, {'n': 2, 'hits': 4.0, 'tempo': 2.038267229912492, 'advantage': -1.961732770087508, 'horizon_xi': 228.83695745257083}]
00:11:16 INFO    fpl_expert.optimise.transfers | consistent valuation: [{'n': 1, 'hits': 0.0, 'tempo': 0.0, 'advantage': 0.0, 'horizon_xi': 218.5513496426511}, {'n': 2, 'hits': 4.0, 'tempo': 1.7930123576575454, 'advantage': -2.2069876423424546, 'horizon_xi': 223.72218402856157}]
00:11:17 INFO    fpl_expert.optimise.transfers | consistent valuation: [{'n': 1, 'hits': 0.0, 'tempo': 0.0, 'advantage': 0.0, 'horizon_xi': 228.1107308018305}, {'n': 2, 'hits': 4.0, 'tempo': -0.6154765977529664, 'advantage': -4.615476597752966, 'horizon_xi': 238.7680393792995}]
00:11:17 INFO    fpl_expert.optimise.transfers | consistent valuation: [{'n': 1, 'hits': 0.0, 'tempo': 0.0, 'advantage': 0.0, 'horizon_xi': 230.25240892441434}, {'n': 2, 'hits': 4.0, 'tempo': 1.8583685886980135, 'advantage': -2.1416314113019865, 'horizon_xi': 238.3399535109746}]
00:11:17 INFO    fpl_expert.optimise.transfers | consistent valuation: [{'n': 1, 'hits': 0.0, 'tempo': 0.0, 'advantage': 0.0, 'horizon_xi': 235.9430426187314}, {'n': 2, 'hits': 4.0, 'tempo': 2.4190545031985096, 'advantage': -1.5809454968014904, 'horizon_xi': 236.75111812844102}]
00:11:18 INFO    fpl_expert.optimise.transfers | consistent valuation: [{'n': 1, 'hits': 0.0, 'tempo': 0.0, 'advantage': 0.0, 'horizon_xi': 241.23268603931436}, {'n': 2, 'hits': 4.0, 'tempo': 0.26808136383285586, 'advantage': -3.731918636167144, 'horizon_xi': 242.20676086075224}]
00:11:18 INFO    fpl_expert.optimise.transfers | consistent valuation: [{'n': 1, 'hits': 0.0, 'tempo': 0.0, 'advantage': 0.0, 'horizon_xi': 234.32897606793654}, {'n': 2, 'hits': 4.0, 'tempo': 2.942888721618317, 'advantage': -1.057111278381683, 'horizon_xi': 238.98902053952116}]
00:11:18 INFO    fpl_expert.backtest.season_sim | GW13: playing bench_boost (best available (12.0 vs 11.1 remaining))
00:11:19 INFO    fpl_expert.optimise.transfers | consistent valuation: [{'n': 1, 'hits': 0.0, 'tempo': 0.0, 'advantage': 0.0, 'horizon_xi': 222.9186517864007}, {'n': 2, 'hits': 4.0, 'tempo': 2.8413512878448373, 'advantage': -1.1586487121551627, 'horizon_xi': 240.51607571648742}]
00:11:19 INFO    fpl_expert.optimise.transfers | consistent valuation: [{'n': 1, 'hits': 0.0, 'tempo': 0.0, 'advantage': 0.0, 'horizon_xi': 225.80547640714533}, {'n': 2, 'hits': 4.0, 'tempo': 1.7976700865550157, 'advantage': -2.2023299134449843, 'horizon_xi': 236.20822724051328}]
00:11:19 INFO    fpl_expert.optimise.transfers | consistent valuation: [{'n': 1, 'hits': 0.0, 'tempo': 0.0, 'advantage': 0.0, 'horizon_xi': 222.34778135638823}, {'n': 2, 'hits': 4.0, 'tempo': 1.6844913921534186, 'advantage': -2.3155086078465814, 'horizon_xi': 228.47837938831458}]
00:11:20 INFO    fpl_expert.optimise.transfers | consistent valuation: [{'n': 1, 'hits': 0.0, 'tempo': 0.0, 'advantage': 0.0, 'horizon_xi': 231.63836247514257}, {'n': 2, 'hits': 4.0, 'tempo': 1.4599535647139987, 'advantage': -2.5400464352860013, 'horizon_xi': 235.86372340076545}]
00:11:20 INFO    fpl_expert.optimise.transfers | consistent valuation: [{'n': 1, 'hits': 0.0, 'tempo': 0.0, 'advantage': 0.0, 'horizon_xi': 231.81366477953082}, {'n': 2, 'hits': 4.0, 'tempo': 1.4915467508066769, 'advantage': -2.508453249193323, 'horizon_xi': 235.9717530815071}]
00:11:20 INFO    fpl_expert.backtest.season_sim | GW18: playing triple_captain (expiring in 1 gw, best remaining 5.8)
00:11:20 INFO    fpl_expert.optimise.transfers | consistent valuation: [{'n': 1, 'hits': 0.0, 'tempo': 0.0, 'advantage': 0.0, 'horizon_xi': 224.98207525739133}, {'n': 2, 'hits': 4.0, 'tempo': 1.6035912399567849, 'advantage': -2.396408760043215, 'horizon_xi': 230.30612386022398}]
00:11:20 INFO    fpl_expert.optimise.transfers | consistent valuation: [{'n': 1, 'hits': 0.0, 'tempo': 0.0, 'advantage': 0.0, 'horizon_xi': 215.25387830186963}, {'n': 2, 'hits': 4.0, 'tempo': 0.3151656010659849, 'advantage': -3.684834398934015, 'horizon_xi': 220.97375765470866}]
00:11:21 INFO    fpl_expert.optimise.transfers | consistent valuation: [{'n': 1, 'hits': 0.0, 'tempo': 0.0, 'advantage': 0.0, 'horizon_xi': 226.40848490779135}, {'n': 2, 'hits': 4.0, 'tempo': 0.7266733109120622, 'advantage': -3.273326689087938, 'horizon_xi': 229.44714897609845}]
00:11:21 INFO    fpl_expert.optimise.transfers | consistent valuation: [{'n': 1, 'hits': 0.0, 'tempo': 0.0, 'advantage': 0.0, 'horizon_xi': 223.88208262996002}, {'n': 2, 'hits': 4.0, 'tempo': 4.364618045263555, 'advantage': 0.3646180452635548, 'horizon_xi': 233.93024127705473}]
00:11:21 INFO    fpl_expert.optimise.transfers | consistent valuation: [{'n': 1, 'hits': 0.0, 'tempo': 0.0, 'advantage': 0.0, 'horizon_xi': 235.01965890581872}, {'n': 2, 'hits': 4.0, 'tempo': -1.2246302286446564, 'advantage': -5.224630228644656, 'horizon_xi': 240.41538261644484}]
00:11:22 INFO    fpl_expert.optimise.transfers | consistent valuation: [{'n': 1, 'hits': 0.0, 'tempo': 0.0, 'advantage': 0.0, 'horizon_xi': 237.15193486175042}, {'n': 2, 'hits': 4.0, 'tempo': 3.139278478541705, 'advantage': -0.8607215214582951, 'horizon_xi': 247.0487834899252}]
00:11:22 INFO    fpl_expert.optimise.transfers | consistent valuation: [{'n': 1, 'hits': 0.0, 'tempo': 0.0, 'advantage': 0.0, 'horizon_xi': 240.83495729981288}, {'n': 2, 'hits': 4.0, 'tempo': 2.503080337119769, 'advantage': -1.4969196628802308, 'horizon_xi': 246.72463750807609}]
00:11:23 INFO    fpl_expert.optimise.transfers | consistent valuation: [{'n': 1, 'hits': 0.0, 'tempo': 0.0, 'advantage': 0.0, 'horizon_xi': 244.18186147589654}, {'n': 2, 'hits': 4.0, 'tempo': 3.3400323802883207, 'advantage': -0.6599676197116793, 'horizon_xi': 247.15801772907986}]
00:11:23 INFO    fpl_expert.optimise.transfers | consistent valuation: [{'n': 1, 'hits': 0.0, 'tempo': 0.0, 'advantage': 0.0, 'horizon_xi': 233.86964041830137}, {'n': 2, 'hits': 4.0, 'tempo': 0.0, 'advantage': -4.0, 'horizon_xi': 235.1772517935032}]
00:11:23 INFO    fpl_expert.optimise.transfers | consistent valuation: [{'n': 1, 'hits': 0.0, 'tempo': 0.0, 'advantage': 0.0, 'horizon_xi': 233.60866080336174}, {'n': 2, 'hits': 4.0, 'tempo': 0.902145020780857, 'advantage': -3.097854979219143, 'horizon_xi': 236.34755750138092}]
00:11:24 INFO    fpl_expert.optimise.transfers | consistent valuation: [{'n': 1, 'hits': 0.0, 'tempo': 0.0, 'advantage': 0.0, 'horizon_xi': 234.87596152472526}, {'n': 2, 'hits': 4.0, 'tempo': -0.44311523103949213, 'advantage': -4.443115231039492, 'horizon_xi': 234.55205439800403}]
00:11:24 INFO    fpl_expert.optimise.transfers | consistent valuation: [{'n': 1, 'hits': 0.0, 'tempo': 0.0, 'advantage': 0.0, 'horizon_xi': 232.72412042876908}, {'n': 2, 'hits': 4.0, 'tempo': 0.06258608867818793, 'advantage': -3.937413911321812, 'horizon_xi': 234.57818741946375}]
00:11:24 INFO    fpl_expert.optimise.transfers | consistent valuation: [{'n': 1, 'hits': 0.0, 'tempo': 0.0, 'advantage': 0.0, 'horizon_xi': 204.52939966298212}, {'n': 2, 'hits': 4.0, 'tempo': 2.5775056457560055, 'advantage': -1.4224943542439945, 'horizon_xi': 211.1938935192003}]
00:11:25 INFO    fpl_expert.optimise.transfers | consistent valuation: [{'n': 1, 'hits': 0.0, 'tempo': 0.0, 'advantage': 0.0, 'horizon_xi': 248.87057527879912}, {'n': 2, 'hits': 4.0, 'tempo': 0.0, 'advantage': -4.0, 'horizon_xi': 251.84743595612045}]
00:11:25 INFO    fpl_expert.optimise.transfers | consistent valuation: [{'n': 1, 'hits': 0.0, 'tempo': 0.0, 'advantage': 0.0, 'horizon_xi': 257.9126093946666}, {'n': 2, 'hits': 4.0, 'tempo': 4.096895994489316, 'advantage': 0.09689599448931574, 'horizon_xi': 264.86647740622305}]
00:11:25 INFO    fpl_expert.optimise.transfers | consistent valuation: [{'n': 1, 'hits': 0.0, 'tempo': 0.0, 'advantage': 0.0, 'horizon_xi': 156.49261924358086}, {'n': 2, 'hits': 4.0, 'tempo': -0.03424991572813951, 'advantage': -4.0342499157281395, 'horizon_xi': 157.30800520064656}]
00:11:26 INFO    fpl_expert.optimise.transfers | consistent valuation: [{'n': 1, 'hits': 0.0, 'tempo': 0.0, 'advantage': 0.0, 'horizon_xi': 197.23376951176886}, {'n': 2, 'hits': 4.0, 'tempo': 0.6985046904019256, 'advantage': -3.3014953095980744, 'horizon_xi': 199.4527606498227}]
00:11:26 INFO    fpl_expert.backtest.season_sim | GW35: playing bench_boost (expiring in 3 gw, best remaining 12.1)
00:11:26 INFO    fpl_expert.optimise.transfers | consistent valuation: [{'n': 1, 'hits': 0.0, 'tempo': 0.0, 'advantage': 0.0, 'horizon_xi': 170.26297097084426}, {'n': 2, 'hits': 4.0, 'tempo': 0.7534195193462381, 'advantage': -3.246580480653762, 'horizon_xi': 171.32223989363374}]
00:11:26 INFO    fpl_expert.backtest.season_sim | GW36: playing triple_captain (expiring in 2 gw, best remaining 6.9)
00:11:26 INFO    fpl_expert.optimise.transfers | consistent valuation: [{'n': 1, 'hits': 0.0, 'tempo': 0.0, 'advantage': 0.0, 'horizon_xi': 108.70902118888763}, {'n': 2, 'hits': 4.0, 'tempo': 0.7043450907100919, 'advantage': -3.295654909289908, 'horizon_xi': 109.41336627959772}]
00:11:27 INFO    fpl_expert.optimise.transfers | consistent valuation: [{'n': 1, 'hits': 0.0, 'tempo': 0.0, 'advantage': 0.0, 'horizon_xi': 52.22430128637518}, {'n': 2, 'hits': 4.0, 'tempo': 0.17475033428454623, 'advantage': -3.8252496657154538, 'horizon_xi': 52.399051620659726}]
00:11:27 INFO    fpl_expert.backtest.ensemble | consistent path 9: 2094
  2025-26 consistent         mean    2093  sd   2.2

per-path totals written to `ensemble_runs` (60 rows)

PAIRED against 'horizon', differenced within each shared path
   variant   mean    sd  mean_diff   se  ci_low  ci_high  wins  paths  excludes_zero  seasons_agree  adoptable  sign_2023-24  sign_2024-25  sign_2025-26
consistent 2249.7 115.2       60.1 20.2    20.5     99.8  0.63     30           True          False      False          -1.0           1.0           1.0
   horizon 2189.6 124.0        0.0  0.0     0.0      0.0  0.00     30          False          False      False           0.0           0.0           0.0

PER SEASON, paired within each shared path
 season    variant   mean   sd  mean_diff   se  ci_low  ci_high  wins  paths
2023-24    horizon 2351.2  5.8        0.0  0.0     0.0      0.0   0.0     10
2023-24 consistent 2310.0  0.0      -41.2  1.8   -44.8    -37.6   0.0     10
2024-25 consistent 2346.0 33.7      197.2 22.4   153.3    241.1   1.0     10
2024-25    horizon 2148.8 40.3        0.0  0.0     0.0      0.0   0.0     10
2025-26 consistent 2093.1  2.2       24.4  9.1     6.6     42.2   0.9     10
2025-26    horizon 2068.7 28.2        0.0  0.0     0.0      0.0   0.0     10

`adoptable` needs BOTH: a paired interval excluding zero (the effect is real across
these seasons) AND the sign agreeing in every season (ground rule 2). Path averaging
sharpens the first; it cannot substitute for the second.
