13:47:56 INFO    fpl_expert.backtest.season_sim | GW15: playing triple_captain (best available (9.1 vs 8.2 remaining))
13:47:57 INFO    fpl_expert.backtest.season_sim | GW18: playing bench_boost (expiring in 1 gw, best remaining 3.8)
13:47:59 INFO    fpl_expert.backtest.season_sim | GW33: playing bench_boost (best available (14.2 vs 13.9 remaining))
13:47:59 INFO    fpl_expert.backtest.season_sim | GW34: playing triple_captain (best available (12.9 vs 11.9 remaining))
13:48:00 INFO    fpl_expert.backtest.ensemble | horizon path 0: 2349
13:48:03 INFO    fpl_expert.backtest.season_sim | GW15: playing triple_captain (best available (9.1 vs 8.2 remaining))
13:48:04 INFO    fpl_expert.backtest.season_sim | GW18: playing bench_boost (expiring in 1 gw, best remaining 3.8)
13:48:06 INFO    fpl_expert.backtest.season_sim | GW33: playing bench_boost (best available (14.2 vs 13.9 remaining))
13:48:07 INFO    fpl_expert.backtest.season_sim | GW34: playing triple_captain (best available (12.9 vs 11.9 remaining))
13:48:07 INFO    fpl_expert.backtest.ensemble | horizon path 1: 2349
13:48:11 INFO    fpl_expert.backtest.season_sim | GW15: playing triple_captain (best available (9.1 vs 8.2 remaining))
13:48:11 INFO    fpl_expert.backtest.season_sim | GW18: playing bench_boost (expiring in 1 gw, best remaining 3.8)
13:48:14 INFO    fpl_expert.backtest.season_sim | GW33: playing bench_boost (best available (13.5 vs 13.5 remaining))
13:48:14 INFO    fpl_expert.backtest.season_sim | GW34: playing triple_captain (best available (12.9 vs 11.9 remaining))
13:48:14 INFO    fpl_expert.backtest.ensemble | horizon path 2: 2362
13:48:18 INFO    fpl_expert.backtest.season_sim | GW15: playing triple_captain (best available (9.1 vs 8.2 remaining))
13:48:18 INFO    fpl_expert.backtest.season_sim | GW18: playing bench_boost (expiring in 1 gw, best remaining 3.8)
13:48:21 INFO    fpl_expert.backtest.season_sim | GW33: playing bench_boost (best available (14.2 vs 13.9 remaining))
13:48:21 INFO    fpl_expert.backtest.season_sim | GW34: playing triple_captain (best available (12.9 vs 11.9 remaining))
13:48:22 INFO    fpl_expert.backtest.ensemble | horizon path 3: 2349
13:48:25 INFO    fpl_expert.backtest.season_sim | GW15: playing triple_captain (best available (9.1 vs 8.2 remaining))
13:48:26 INFO    fpl_expert.backtest.season_sim | GW18: playing bench_boost (expiring in 1 gw, best remaining 3.8)
13:48:28 INFO    fpl_expert.backtest.season_sim | GW33: playing bench_boost (best available (14.2 vs 13.9 remaining))
13:48:28 INFO    fpl_expert.backtest.season_sim | GW34: playing triple_captain (best available (12.9 vs 11.9 remaining))
13:48:29 INFO    fpl_expert.backtest.ensemble | horizon path 4: 2349
13:48:33 INFO    fpl_expert.backtest.season_sim | GW15: playing triple_captain (best available (9.1 vs 8.2 remaining))
13:48:33 INFO    fpl_expert.backtest.season_sim | GW18: playing bench_boost (expiring in 1 gw, best remaining 3.8)
13:48:36 INFO    fpl_expert.backtest.season_sim | GW33: playing bench_boost (best available (14.2 vs 13.9 remaining))
13:48:36 INFO    fpl_expert.backtest.season_sim | GW34: playing triple_captain (best available (12.9 vs 11.9 remaining))
13:48:36 INFO    fpl_expert.backtest.ensemble | horizon path 5: 2349
13:48:40 INFO    fpl_expert.backtest.season_sim | GW15: playing triple_captain (best available (9.1 vs 8.2 remaining))
13:48:40 INFO    fpl_expert.backtest.season_sim | GW18: playing bench_boost (expiring in 1 gw, best remaining 3.8)
13:48:43 INFO    fpl_expert.backtest.season_sim | GW33: playing bench_boost (best available (13.5 vs 13.4 remaining))
13:48:43 INFO    fpl_expert.backtest.season_sim | GW34: playing triple_captain (best available (12.9 vs 11.9 remaining))
13:48:44 INFO    fpl_expert.backtest.ensemble | horizon path 6: 2362
13:48:47 INFO    fpl_expert.backtest.season_sim | GW15: playing triple_captain (best available (9.1 vs 8.2 remaining))
13:48:48 INFO    fpl_expert.backtest.season_sim | GW18: playing bench_boost (expiring in 1 gw, best remaining 3.8)
13:48:50 INFO    fpl_expert.backtest.season_sim | GW33: playing bench_boost (best available (14.2 vs 13.9 remaining))
13:48:50 INFO    fpl_expert.backtest.season_sim | GW34: playing triple_captain (best available (12.9 vs 11.9 remaining))
13:48:51 INFO    fpl_expert.backtest.ensemble | horizon path 7: 2349
13:48:54 INFO    fpl_expert.backtest.season_sim | GW15: playing triple_captain (best available (9.1 vs 8.2 remaining))
13:48:55 INFO    fpl_expert.backtest.season_sim | GW18: playing bench_boost (expiring in 1 gw, best remaining 3.8)
13:48:57 INFO    fpl_expert.backtest.season_sim | GW33: playing bench_boost (best available (14.2 vs 13.9 remaining))
13:48:57 INFO    fpl_expert.backtest.season_sim | GW34: playing triple_captain (best available (12.9 vs 11.9 remaining))
13:48:58 INFO    fpl_expert.backtest.ensemble | horizon path 8: 2349
13:49:02 INFO    fpl_expert.backtest.season_sim | GW15: playing triple_captain (best available (9.1 vs 8.2 remaining))
13:49:02 INFO    fpl_expert.backtest.season_sim | GW18: playing bench_boost (expiring in 1 gw, best remaining 3.8)
13:49:05 INFO    fpl_expert.backtest.season_sim | GW33: playing bench_boost (best available (14.2 vs 13.9 remaining))
13:49:05 INFO    fpl_expert.backtest.season_sim | GW34: playing triple_captain (best available (12.9 vs 11.9 remaining))
13:49:05 INFO    fpl_expert.backtest.ensemble | horizon path 9: 2345
  2023-24 horizon            mean    2351  sd   5.8
13:49:07 INFO    fpl_expert.optimise.joint | joint+deferral: [{'n': 1, 'hits': 0.0, 'tempo': 0.0, 'advantage': 0.0}, {'n': 2, 'hits': 4.0, 'tempo': 2.4073049108583007, 'advantage': -1.5926950891416993}]
13:49:08 INFO    fpl_expert.optimise.joint | joint+deferral: [{'n': 1, 'hits': 0.0, 'tempo': 0.0, 'advantage': 0.0}, {'n': 2, 'hits': 4.0, 'tempo': 3.4753132176797124, 'advantage': -0.5246867823202876}]
13:49:09 INFO    fpl_expert.optimise.joint | joint+deferral: [{'n': 1, 'hits': 0.0, 'tempo': 0.0, 'advantage': 0.0}, {'n': 2, 'hits': 4.0, 'tempo': 0.5858240477714531, 'advantage': -3.414175952228547}]
13:49:09 INFO    fpl_expert.optimise.joint | joint+deferral: [{'n': 1, 'hits': 0.0, 'tempo': 0.0, 'advantage': 0.0}, {'n': 2, 'hits': 4.0, 'tempo': 2.4730924370113385, 'advantage': -1.5269075629886615}]
13:49:10 INFO    fpl_expert.optimise.joint | joint+deferral: [{'n': 1, 'hits': 0.0, 'tempo': 0.0, 'advantage': 0.0}, {'n': 2, 'hits': 4.0, 'tempo': 4.117206315430586, 'advantage': 0.11720631543058602}]
13:49:11 INFO    fpl_expert.optimise.joint | joint+deferral: [{'n': 1, 'hits': 0.0, 'tempo': 0.0, 'advantage': 0.0}, {'n': 2, 'hits': 4.0, 'tempo': 4.443791723801382, 'advantage': 0.44379172380138243}]
13:49:12 INFO    fpl_expert.optimise.joint | joint+deferral: [{'n': 1, 'hits': 0.0, 'tempo': 0.0, 'advantage': 0.0}, {'n': 2, 'hits': 4.0, 'tempo': 0.7129033274207117, 'advantage': -3.2870966725792883}]
13:49:13 INFO    fpl_expert.optimise.joint | joint+deferral: [{'n': 1, 'hits': 0.0, 'tempo': 0.0, 'advantage': 0.0}, {'n': 2, 'hits': 4.0, 'tempo': 0.9144214450460808, 'advantage': -3.085578554953919}]
13:49:14 INFO    fpl_expert.optimise.joint | joint+deferral: [{'n': 1, 'hits': 0.0, 'tempo': 0.0, 'advantage': 0.0}, {'n': 2, 'hits': 4.0, 'tempo': 2.905455488718971, 'advantage': -1.094544511281029}]
13:49:14 INFO    fpl_expert.optimise.joint | joint+deferral: [{'n': 1, 'hits': 0.0, 'tempo': 0.0, 'advantage': 0.0}, {'n': 2, 'hits': 4.0, 'tempo': 0.8163394457877331, 'advantage': -3.183660554212267}]
13:49:16 INFO    fpl_expert.optimise.joint | joint+deferral: [{'n': 1, 'hits': 0.0, 'tempo': 0.0, 'advantage': 0.0}, {'n': 2, 'hits': 4.0, 'tempo': 0.6849712042678675, 'advantage': -3.3150287957321325}]
13:49:17 INFO    fpl_expert.optimise.joint | joint+deferral: [{'n': 1, 'hits': 0.0, 'tempo': 0.0, 'advantage': 0.0}, {'n': 2, 'hits': 4.0, 'tempo': 0.36425901856448206, 'advantage': -3.635740981435518}]
13:49:18 INFO    fpl_expert.optimise.joint | joint+deferral: [{'n': 1, 'hits': 0.0, 'tempo': 0.0, 'advantage': 0.0}, {'n': 2, 'hits': 4.0, 'tempo': 2.153461216748312, 'advantage': -1.8465387832516882}]
13:49:20 INFO    fpl_expert.optimise.joint | joint+deferral: [{'n': 1, 'hits': 0.0, 'tempo': 0.0, 'advantage': 0.0}, {'n': 2, 'hits': 4.0, 'tempo': 2.421431119158541, 'advantage': -1.578568880841459}]
13:49:20 INFO    fpl_expert.backtest.season_sim | GW15: playing triple_captain (best available (9.1 vs 8.2 remaining))
13:49:21 INFO    fpl_expert.optimise.joint | joint+deferral: [{'n': 1, 'hits': 0.0, 'tempo': 0.0, 'advantage': 0.0}, {'n': 2, 'hits': 4.0, 'tempo': 0.34600355234215385, 'advantage': -3.653996447657846}]
13:49:22 INFO    fpl_expert.optimise.joint | joint+deferral: [{'n': 1, 'hits': 0.0, 'tempo': 0.0, 'advantage': 0.0}, {'n': 2, 'hits': 4.0, 'tempo': 0.6174996686329521, 'advantage': -3.382500331367048}]
13:49:22 INFO    fpl_expert.backtest.season_sim | GW17: playing bench_boost (expiring in 2 gw, best remaining 4.3)
13:49:22 INFO    fpl_expert.optimise.joint | joint+deferral: [{'n': 1, 'hits': 0.0, 'tempo': 0.0, 'advantage': 0.0}, {'n': 2, 'hits': 4.0, 'tempo': 1.0690008257919885, 'advantage': -2.9309991742080115}]
13:49:23 INFO    fpl_expert.optimise.joint | joint+deferral: [{'n': 1, 'hits': 0.0, 'tempo': 0.0, 'advantage': 0.0}, {'n': 2, 'hits': 4.0, 'tempo': 2.733567068129041, 'advantage': -1.266432931870959}]
13:49:23 INFO    fpl_expert.optimise.joint | joint+deferral: [{'n': 1, 'hits': 0.0, 'tempo': 0.0, 'advantage': 0.0}, {'n': 2, 'hits': 4.0, 'tempo': 0.7842618629548639, 'advantage': -3.215738137045136}]
13:49:24 INFO    fpl_expert.optimise.joint | joint+deferral: [{'n': 1, 'hits': 0.0, 'tempo': 0.0, 'advantage': 0.0}, {'n': 2, 'hits': 4.0, 'tempo': 0.6485631691848397, 'advantage': -3.3514368308151603}]
13:49:25 INFO    fpl_expert.optimise.joint | joint+deferral: [{'n': 1, 'hits': 0.0, 'tempo': 0.0, 'advantage': 0.0}, {'n': 2, 'hits': 4.0, 'tempo': -0.8601546263162518, 'advantage': -4.860154626316252}]
13:49:26 INFO    fpl_expert.optimise.joint | joint+deferral: [{'n': 1, 'hits': 0.0, 'tempo': 0.0, 'advantage': 0.0}, {'n': 2, 'hits': 4.0, 'tempo': 1.9853747061418403, 'advantage': -2.0146252938581597}]
13:49:26 INFO    fpl_expert.optimise.joint | joint+deferral: [{'n': 1, 'hits': 0.0, 'tempo': 0.0, 'advantage': 0.0}, {'n': 2, 'hits': 4.0, 'tempo': 1.397343115356243, 'advantage': -2.602656884643757}]
13:49:27 INFO    fpl_expert.optimise.joint | joint+deferral: [{'n': 1, 'hits': 0.0, 'tempo': 0.0, 'advantage': 0.0}, {'n': 2, 'hits': 4.0, 'tempo': 1.727767482614155, 'advantage': -2.272232517385845}]
13:49:28 INFO    fpl_expert.optimise.joint | joint+deferral: [{'n': 1, 'hits': 0.0, 'tempo': 0.0, 'advantage': 0.0}, {'n': 2, 'hits': 4.0, 'tempo': 0.560244922553629, 'advantage': -3.439755077446371}]
13:49:28 INFO    fpl_expert.optimise.joint | joint+deferral: [{'n': 1, 'hits': 0.0, 'tempo': 0.0, 'advantage': 0.0}, {'n': 2, 'hits': 4.0, 'tempo': 0.0, 'advantage': -4.0}]
13:49:29 INFO    fpl_expert.optimise.joint | joint+deferral: [{'n': 1, 'hits': 0.0, 'tempo': 0.0, 'advantage': 0.0}, {'n': 2, 'hits': 4.0, 'tempo': 1.2016197357773848, 'advantage': -2.798380264222615}]
13:49:29 INFO    fpl_expert.optimise.joint | joint+deferral: [{'n': 2, 'hits': 0.0, 'tempo': 0.0, 'advantage': 0.0}]
13:49:30 INFO    fpl_expert.optimise.joint | joint+deferral: [{'n': 1, 'hits': 0.0, 'tempo': 0.0, 'advantage': 0.0}, {'n': 2, 'hits': 4.0, 'tempo': 7.229579669295589, 'advantage': 3.229579669295589}]
13:49:31 INFO    fpl_expert.optimise.joint | joint+deferral: [{'n': 1, 'hits': 0.0, 'tempo': 0.0, 'advantage': 0.0}, {'n': 2, 'hits': 4.0, 'tempo': 0.5798431768517602, 'advantage': -3.4201568231482398}]
13:49:31 INFO    fpl_expert.optimise.joint | joint+deferral: [{'n': 1, 'hits': 0.0, 'tempo': 0.0, 'advantage': 0.0}, {'n': 2, 'hits': 4.0, 'tempo': 1.5317899235337507, 'advantage': -2.4682100764662493}]
13:49:32 INFO    fpl_expert.optimise.joint | joint+deferral: [{'n': 1, 'hits': 0.0, 'tempo': 0.0, 'advantage': 0.0}, {'n': 2, 'hits': 4.0, 'tempo': 1.8787748759656182, 'advantage': -2.121225124034382}]
13:49:32 INFO    fpl_expert.backtest.season_sim | GW34: playing triple_captain (best available (12.9 vs 11.9 remaining))
13:49:33 INFO    fpl_expert.optimise.joint | joint+deferral: [{'n': 1, 'hits': 0.0, 'tempo': 0.0, 'advantage': 0.0}, {'n': 2, 'hits': 4.0, 'tempo': 2.2363068269614246, 'advantage': -1.7636931730385754}]
13:49:33 INFO    fpl_expert.backtest.season_sim | GW35: playing bench_boost (expiring in 3 gw, best remaining 4.8)
13:49:33 INFO    fpl_expert.optimise.joint | joint+deferral: [{'n': 1, 'hits': 0.0, 'tempo': 0.0, 'advantage': 0.0}, {'n': 2, 'hits': 4.0, 'tempo': 1.962739152403337, 'advantage': -2.037260847596663}]
13:49:33 INFO    fpl_expert.optimise.joint | joint+deferral: [{'n': 1, 'hits': 0.0, 'tempo': 0.0, 'advantage': 0.0}, {'n': 2, 'hits': 4.0, 'tempo': 6.766305240832452, 'advantage': 2.7663052408324518}]
13:49:34 INFO    fpl_expert.optimise.joint | joint+deferral: [{'n': 1, 'hits': 0.0, 'tempo': 0.0, 'advantage': 0.0}, {'n': 2, 'hits': 4.0, 'tempo': 1.5964881533466269, 'advantage': -2.403511846653373}]
13:49:34 INFO    fpl_expert.backtest.ensemble | joint path 0: 2166
13:49:35 INFO    fpl_expert.optimise.joint | joint+deferral: [{'n': 1, 'hits': 0.0, 'tempo': 0.0, 'advantage': 0.0}, {'n': 2, 'hits': 4.0, 'tempo': 2.410967744611739, 'advantage': -1.5890322553882612}]
13:49:36 INFO    fpl_expert.optimise.joint | joint+deferral: [{'n': 1, 'hits': 0.0, 'tempo': 0.0, 'advantage': 0.0}, {'n': 2, 'hits': 4.0, 'tempo': 3.4758928964854334, 'advantage': -0.5241071035145666}]
13:49:37 INFO    fpl_expert.optimise.joint | joint+deferral: [{'n': 1, 'hits': 0.0, 'tempo': 0.0, 'advantage': 0.0}, {'n': 2, 'hits': 4.0, 'tempo': 0.5901374406894817, 'advantage': -3.4098625593105183}]
13:49:37 INFO    fpl_expert.optimise.joint | joint+deferral: [{'n': 1, 'hits': 0.0, 'tempo': 0.0, 'advantage': 0.0}, {'n': 2, 'hits': 4.0, 'tempo': 2.477367469769355, 'advantage': -1.522632530230645}]
13:49:39 INFO    fpl_expert.optimise.joint | joint+deferral: [{'n': 1, 'hits': 0.0, 'tempo': 0.0, 'advantage': 0.0}, {'n': 2, 'hits': 4.0, 'tempo': 4.113205597571685, 'advantage': 0.11320559757168525}]
13:49:39 INFO    fpl_expert.optimise.joint | joint+deferral: [{'n': 1, 'hits': 0.0, 'tempo': 0.0, 'advantage': 0.0}, {'n': 2, 'hits': 4.0, 'tempo': 4.440042141114475, 'advantage': 0.4400421411144748}]
13:49:40 INFO    fpl_expert.optimise.joint | joint+deferral: [{'n': 1, 'hits': 0.0, 'tempo': 0.0, 'advantage': 0.0}, {'n': 2, 'hits': 4.0, 'tempo': 0.6989520144070553, 'advantage': -3.3010479855929447}]
13:49:41 INFO    fpl_expert.optimise.joint | joint+deferral: [{'n': 1, 'hits': 0.0, 'tempo': 0.0, 'advantage': 0.0}, {'n': 2, 'hits': 4.0, 'tempo': 0.9186355286486005, 'advantage': -3.0813644713513995}]
13:49:42 INFO    fpl_expert.optimise.joint | joint+deferral: [{'n': 1, 'hits': 0.0, 'tempo': 0.0, 'advantage': 0.0}, {'n': 2, 'hits': 4.0, 'tempo': 2.92052575614062, 'advantage': -1.07947424385938}]
13:49:43 INFO    fpl_expert.optimise.joint | joint+deferral: [{'n': 1, 'hits': 0.0, 'tempo': 0.0, 'advantage': 0.0}, {'n': 2, 'hits': 4.0, 'tempo': 0.8194956380584415, 'advantage': -3.1805043619415585}]
13:49:44 INFO    fpl_expert.optimise.joint | joint+deferral: [{'n': 1, 'hits': 0.0, 'tempo': 0.0, 'advantage': 0.0}, {'n': 2, 'hits': 4.0, 'tempo': 0.6685389735198086, 'advantage': -3.3314610264801914}]
13:49:45 INFO    fpl_expert.optimise.joint | joint+deferral: [{'n': 1, 'hits': 0.0, 'tempo': 0.0, 'advantage': 0.0}, {'n': 2, 'hits': 4.0, 'tempo': 0.38318026727512944, 'advantage': -3.6168197327248706}]
13:49:46 INFO    fpl_expert.optimise.joint | joint+deferral: [{'n': 1, 'hits': 0.0, 'tempo': 0.0, 'advantage': 0.0}, {'n': 2, 'hits': 4.0, 'tempo': 2.1383148813386725, 'advantage': -1.8616851186613275}]
13:49:47 INFO    fpl_expert.optimise.joint | joint+deferral: [{'n': 1, 'hits': 0.0, 'tempo': 0.0, 'advantage': 0.0}, {'n': 2, 'hits': 4.0, 'tempo': 2.4120440578858506, 'advantage': -1.5879559421141494}]
13:49:47 INFO    fpl_expert.backtest.season_sim | GW15: playing triple_captain (best available (9.1 vs 8.2 remaining))
13:49:49 INFO    fpl_expert.optimise.joint | joint+deferral: [{'n': 1, 'hits': 0.0, 'tempo': 0.0, 'advantage': 0.0}, {'n': 2, 'hits': 4.0, 'tempo': 0.34519848836887235, 'advantage': -3.6548015116311277}]
13:49:49 INFO    fpl_expert.optimise.joint | joint+deferral: [{'n': 1, 'hits': 0.0, 'tempo': 0.0, 'advantage': 0.0}, {'n': 2, 'hits': 4.0, 'tempo': 0.6353101405612591, 'advantage': -3.364689859438741}]
13:49:49 INFO    fpl_expert.backtest.season_sim | GW17: playing bench_boost (expiring in 2 gw, best remaining 4.3)
13:49:50 INFO    fpl_expert.optimise.joint | joint+deferral: [{'n': 1, 'hits': 0.0, 'tempo': 0.0, 'advantage': 0.0}, {'n': 2, 'hits': 4.0, 'tempo': 1.0672438310848165, 'advantage': -2.9327561689151835}]
13:49:50 INFO    fpl_expert.optimise.joint | joint+deferral: [{'n': 1, 'hits': 0.0, 'tempo': 0.0, 'advantage': 0.0}, {'n': 2, 'hits': 4.0, 'tempo': 2.7312399397429914, 'advantage': -1.2687600602570086}]
13:49:51 INFO    fpl_expert.optimise.joint | joint+deferral: [{'n': 1, 'hits': 0.0, 'tempo': 0.0, 'advantage': 0.0}, {'n': 2, 'hits': 4.0, 'tempo': 0.7921640276520634, 'advantage': -3.2078359723479366}]
13:49:52 INFO    fpl_expert.optimise.joint | joint+deferral: [{'n': 1, 'hits': 0.0, 'tempo': 0.0, 'advantage': 0.0}, {'n': 2, 'hits': 4.0, 'tempo': 0.6523147372654634, 'advantage': -3.3476852627345366}]
13:49:53 INFO    fpl_expert.optimise.joint | joint+deferral: [{'n': 1, 'hits': 0.0, 'tempo': 0.0, 'advantage': 0.0}, {'n': 2, 'hits': 4.0, 'tempo': -0.8777207089712107, 'advantage': -4.877720708971211}]
13:49:53 INFO    fpl_expert.optimise.joint | joint+deferral: [{'n': 1, 'hits': 0.0, 'tempo': 0.0, 'advantage': 0.0}, {'n': 2, 'hits': 4.0, 'tempo': 1.972900789469172, 'advantage': -2.027099210530828}]
13:49:54 INFO    fpl_expert.optimise.joint | joint+deferral: [{'n': 1, 'hits': 0.0, 'tempo': 0.0, 'advantage': 0.0}, {'n': 2, 'hits': 4.0, 'tempo': 1.393575434516812, 'advantage': -2.606424565483188}]
13:49:54 INFO    fpl_expert.optimise.joint | joint+deferral: [{'n': 1, 'hits': 0.0, 'tempo': 0.0, 'advantage': 0.0}, {'n': 2, 'hits': 4.0, 'tempo': 1.7239769444122999, 'advantage': -2.2760230555877}]
13:49:55 INFO    fpl_expert.optimise.joint | joint+deferral: [{'n': 1, 'hits': 0.0, 'tempo': 0.0, 'advantage': 0.0}, {'n': 2, 'hits': 4.0, 'tempo': 0.5716595725415345, 'advantage': -3.4283404274584655}]
13:49:56 INFO    fpl_expert.optimise.joint | joint+deferral: [{'n': 1, 'hits': 0.0, 'tempo': 0.0, 'advantage': 0.0}, {'n': 2, 'hits': 4.0, 'tempo': 0.0, 'advantage': -4.0}]
13:49:57 INFO    fpl_expert.optimise.joint | joint+deferral: [{'n': 1, 'hits': 0.0, 'tempo': 0.0, 'advantage': 0.0}, {'n': 2, 'hits': 4.0, 'tempo': 1.1917179856043276, 'advantage': -2.8082820143956724}]
13:49:57 INFO    fpl_expert.optimise.joint | joint+deferral: [{'n': 2, 'hits': 0.0, 'tempo': 0.0, 'advantage': 0.0}]
13:49:58 INFO    fpl_expert.optimise.joint | joint+deferral: [{'n': 1, 'hits': 0.0, 'tempo': 0.0, 'advantage': 0.0}, {'n': 2, 'hits': 4.0, 'tempo': 7.233810818747202, 'advantage': 3.2338108187472017}]
13:49:58 INFO    fpl_expert.optimise.joint | joint+deferral: [{'n': 1, 'hits': 0.0, 'tempo': 0.0, 'advantage': 0.0}, {'n': 2, 'hits': 4.0, 'tempo': 0.5805521148079293, 'advantage': -3.4194478851920707}]
13:49:59 INFO    fpl_expert.optimise.joint | joint+deferral: [{'n': 1, 'hits': 0.0, 'tempo': 0.0, 'advantage': 0.0}, {'n': 2, 'hits': 4.0, 'tempo': 1.5398919345741149, 'advantage': -2.460108065425885}]
13:50:00 INFO    fpl_expert.optimise.joint | joint+deferral: [{'n': 1, 'hits': 0.0, 'tempo': 0.0, 'advantage': 0.0}, {'n': 2, 'hits': 4.0, 'tempo': 1.8943823062402032, 'advantage': -2.105617693759797}]
13:50:00 INFO    fpl_expert.backtest.season_sim | GW34: playing triple_captain (best available (12.9 vs 11.9 remaining))
13:50:00 INFO    fpl_expert.optimise.joint | joint+deferral: [{'n': 1, 'hits': 0.0, 'tempo': 0.0, 'advantage': 0.0}, {'n': 2, 'hits': 4.0, 'tempo': 2.239582073928638, 'advantage': -1.7604179260713622}]
13:50:00 INFO    fpl_expert.backtest.season_sim | GW35: playing bench_boost (expiring in 3 gw, best remaining 4.8)
13:50:01 INFO    fpl_expert.optimise.joint | joint+deferral: [{'n': 1, 'hits': 0.0, 'tempo': 0.0, 'advantage': 0.0}, {'n': 2, 'hits': 4.0, 'tempo': 1.9614750235336444, 'advantage': -2.0385249764663556}]
13:50:01 INFO    fpl_expert.optimise.joint | joint+deferral: [{'n': 1, 'hits': 0.0, 'tempo': 0.0, 'advantage': 0.0}, {'n': 2, 'hits': 4.0, 'tempo': 6.74317907582838, 'advantage': 2.7431790758283796}]
13:50:01 INFO    fpl_expert.optimise.joint | joint+deferral: [{'n': 1, 'hits': 0.0, 'tempo': 0.0, 'advantage': 0.0}, {'n': 2, 'hits': 4.0, 'tempo': 1.6052508648651127, 'advantage': -2.3947491351348873}]
13:50:01 INFO    fpl_expert.backtest.ensemble | joint path 1: 2166
13:50:02 INFO    fpl_expert.optimise.joint | joint+deferral: [{'n': 1, 'hits': 0.0, 'tempo': 0.0, 'advantage': 0.0}, {'n': 2, 'hits': 4.0, 'tempo': 2.409571701942852, 'advantage': -1.590428298057148}]
13:50:03 INFO    fpl_expert.optimise.joint | joint+deferral: [{'n': 1, 'hits': 0.0, 'tempo': 0.0, 'advantage': 0.0}, {'n': 2, 'hits': 4.0, 'tempo': 3.4624775499904175, 'advantage': -0.5375224500095825}]
13:50:05 INFO    fpl_expert.optimise.joint | joint+deferral: [{'n': 1, 'hits': 0.0, 'tempo': 0.0, 'advantage': 0.0}, {'n': 2, 'hits': 4.0, 'tempo': 0.6009702489766937, 'advantage': -3.3990297510233063}]
13:50:05 INFO    fpl_expert.optimise.joint | joint+deferral: [{'n': 1, 'hits': 0.0, 'tempo': 0.0, 'advantage': 0.0}, {'n': 2, 'hits': 4.0, 'tempo': 2.488144630675805, 'advantage': -1.511855369324195}]
13:50:07 INFO    fpl_expert.optimise.joint | joint+deferral: [{'n': 1, 'hits': 0.0, 'tempo': 0.0, 'advantage': 0.0}, {'n': 2, 'hits': 4.0, 'tempo': 4.0873944373965685, 'advantage': 0.08739443739656849}]
13:50:07 INFO    fpl_expert.optimise.joint | joint+deferral: [{'n': 1, 'hits': 0.0, 'tempo': 0.0, 'advantage': 0.0}, {'n': 2, 'hits': 4.0, 'tempo': 4.454021336141594, 'advantage': 0.4540213361415937}]
13:50:08 INFO    fpl_expert.optimise.joint | joint+deferral: [{'n': 1, 'hits': 0.0, 'tempo': 0.0, 'advantage': 0.0}, {'n': 2, 'hits': 4.0, 'tempo': 0.7196797666166148, 'advantage': -3.280320233383385}]
13:50:09 INFO    fpl_expert.optimise.joint | joint+deferral: [{'n': 1, 'hits': 0.0, 'tempo': 0.0, 'advantage': 0.0}, {'n': 2, 'hits': 4.0, 'tempo': 0.9152104258503471, 'advantage': -3.084789574149653}]
13:50:10 INFO    fpl_expert.optimise.joint | joint+deferral: [{'n': 1, 'hits': 0.0, 'tempo': 0.0, 'advantage': 0.0}, {'n': 2, 'hits': 4.0, 'tempo': 2.9054529915516554, 'advantage': -1.0945470084483446}]
13:50:10 INFO    fpl_expert.optimise.joint | joint+deferral: [{'n': 1, 'hits': 0.0, 'tempo': 0.0, 'advantage': 0.0}, {'n': 2, 'hits': 4.0, 'tempo': 0.8136772871666835, 'advantage': -3.1863227128333165}]
13:50:12 INFO    fpl_expert.optimise.joint | joint+deferral: [{'n': 1, 'hits': 0.0, 'tempo': 0.0, 'advantage': 0.0}, {'n': 2, 'hits': 4.0, 'tempo': 0.688229975968035, 'advantage': -3.311770024031965}]
13:50:13 INFO    fpl_expert.optimise.joint | joint+deferral: [{'n': 1, 'hits': 0.0, 'tempo': 0.0, 'advantage': 0.0}, {'n': 2, 'hits': 4.0, 'tempo': 0.37882910584669105, 'advantage': -3.621170894153309}]
13:50:14 INFO    fpl_expert.optimise.joint | joint+deferral: [{'n': 1, 'hits': 0.0, 'tempo': 0.0, 'advantage': 0.0}, {'n': 2, 'hits': 4.0, 'tempo': 2.1449362100130145, 'advantage': -1.8550637899869855}]
13:50:15 INFO    fpl_expert.optimise.joint | joint+deferral: [{'n': 1, 'hits': 0.0, 'tempo': 0.0, 'advantage': 0.0}, {'n': 2, 'hits': 4.0, 'tempo': 2.412573776322901, 'advantage': -1.5874262236770988}]
13:50:16 INFO    fpl_expert.backtest.season_sim | GW15: playing triple_captain (best available (9.1 vs 8.2 remaining))
13:50:17 INFO    fpl_expert.optimise.joint | joint+deferral: [{'n': 1, 'hits': 0.0, 'tempo': 0.0, 'advantage': 0.0}, {'n': 2, 'hits': 4.0, 'tempo': 0.33978305016594135, 'advantage': -3.6602169498340587}]
13:50:17 INFO    fpl_expert.optimise.joint | joint+deferral: [{'n': 1, 'hits': 0.0, 'tempo': 0.0, 'advantage': 0.0}, {'n': 2, 'hits': 4.0, 'tempo': 0.5990442424008009, 'advantage': -3.400955757599199}]
13:50:17 INFO    fpl_expert.backtest.season_sim | GW17: playing bench_boost (expiring in 2 gw, best remaining 4.3)
13:50:18 INFO    fpl_expert.optimise.joint | joint+deferral: [{'n': 1, 'hits': 0.0, 'tempo': 0.0, 'advantage': 0.0}, {'n': 2, 'hits': 4.0, 'tempo': 1.069456201046549, 'advantage': -2.930543798953451}]
13:50:19 INFO    fpl_expert.optimise.joint | joint+deferral: [{'n': 1, 'hits': 0.0, 'tempo': 0.0, 'advantage': 0.0}, {'n': 2, 'hits': 4.0, 'tempo': 2.726766651950342, 'advantage': -1.2732333480496578}]
13:50:19 INFO    fpl_expert.optimise.joint | joint+deferral: [{'n': 1, 'hits': 0.0, 'tempo': 0.0, 'advantage': 0.0}, {'n': 2, 'hits': 4.0, 'tempo': 0.7899103152129356, 'advantage': -3.2100896847870644}]
13:50:20 INFO    fpl_expert.optimise.joint | joint+deferral: [{'n': 1, 'hits': 0.0, 'tempo': 0.0, 'advantage': 0.0}, {'n': 2, 'hits': 4.0, 'tempo': 0.6501969997173092, 'advantage': -3.349803000282691}]
13:50:21 INFO    fpl_expert.optimise.joint | joint+deferral: [{'n': 1, 'hits': 0.0, 'tempo': 0.0, 'advantage': 0.0}, {'n': 2, 'hits': 4.0, 'tempo': -0.8697910825452055, 'advantage': -4.8697910825452055}]
13:50:22 INFO    fpl_expert.optimise.joint | joint+deferral: [{'n': 1, 'hits': 0.0, 'tempo': 0.0, 'advantage': 0.0}, {'n': 2, 'hits': 4.0, 'tempo': 1.9884411647464617, 'advantage': -2.0115588352535383}]
13:50:22 INFO    fpl_expert.optimise.joint | joint+deferral: [{'n': 1, 'hits': 0.0, 'tempo': 0.0, 'advantage': 0.0}, {'n': 2, 'hits': 4.0, 'tempo': 1.3909564559482135, 'advantage': -2.6090435440517865}]
13:50:23 INFO    fpl_expert.optimise.joint | joint+deferral: [{'n': 1, 'hits': 0.0, 'tempo': 0.0, 'advantage': 0.0}, {'n': 2, 'hits': 4.0, 'tempo': 1.7244896717580787, 'advantage': -2.2755103282419213}]
13:50:24 INFO    fpl_expert.optimise.joint | joint+deferral: [{'n': 1, 'hits': 0.0, 'tempo': 0.0, 'advantage': 0.0}, {'n': 2, 'hits': 4.0, 'tempo': 0.5642866697414632, 'advantage': -3.4357133302585368}]
13:50:24 INFO    fpl_expert.optimise.joint | joint+deferral: [{'n': 1, 'hits': 0.0, 'tempo': 0.0, 'advantage': 0.0}, {'n': 2, 'hits': 4.0, 'tempo': 0.0, 'advantage': -4.0}]
13:50:25 INFO    fpl_expert.optimise.joint | joint+deferral: [{'n': 1, 'hits': 0.0, 'tempo': 0.0, 'advantage': 0.0}, {'n': 2, 'hits': 4.0, 'tempo': 1.1840717317068794, 'advantage': -2.8159282682931206}]
13:50:25 INFO    fpl_expert.optimise.joint | joint+deferral: [{'n': 2, 'hits': 0.0, 'tempo': 0.0, 'advantage': 0.0}]
13:50:26 INFO    fpl_expert.optimise.joint | joint+deferral: [{'n': 1, 'hits': 0.0, 'tempo': 0.0, 'advantage': 0.0}, {'n': 2, 'hits': 4.0, 'tempo': 7.232484395230927, 'advantage': 3.2324843952309266}]
13:50:26 INFO    fpl_expert.optimise.joint | joint+deferral: [{'n': 1, 'hits': 0.0, 'tempo': 0.0, 'advantage': 0.0}, {'n': 2, 'hits': 4.0, 'tempo': 0.5636677108387147, 'advantage': -3.4363322891612853}]
13:50:27 INFO    fpl_expert.optimise.joint | joint+deferral: [{'n': 1, 'hits': 0.0, 'tempo': 0.0, 'advantage': 0.0}, {'n': 2, 'hits': 4.0, 'tempo': 1.5311900713444544, 'advantage': -2.4688099286555456}]
13:50:28 INFO    fpl_expert.optimise.joint | joint+deferral: [{'n': 1, 'hits': 0.0, 'tempo': 0.0, 'advantage': 0.0}, {'n': 2, 'hits': 4.0, 'tempo': 1.8931502324272174, 'advantage': -2.1068497675727826}]
13:50:28 INFO    fpl_expert.backtest.season_sim | GW34: playing triple_captain (best available (12.9 vs 11.9 remaining))
13:50:28 INFO    fpl_expert.optimise.joint | joint+deferral: [{'n': 1, 'hits': 0.0, 'tempo': 0.0, 'advantage': 0.0}, {'n': 2, 'hits': 4.0, 'tempo': 2.243886782537892, 'advantage': -1.756113217462108}]
13:50:28 INFO    fpl_expert.backtest.season_sim | GW35: playing bench_boost (expiring in 3 gw, best remaining 4.8)
13:50:29 INFO    fpl_expert.optimise.joint | joint+deferral: [{'n': 1, 'hits': 0.0, 'tempo': 0.0, 'advantage': 0.0}, {'n': 2, 'hits': 4.0, 'tempo': 1.9558085635724254, 'advantage': -2.0441914364275746}]
13:50:29 INFO    fpl_expert.optimise.joint | joint+deferral: [{'n': 1, 'hits': 0.0, 'tempo': 0.0, 'advantage': 0.0}, {'n': 2, 'hits': 4.0, 'tempo': 5.292672781269928, 'advantage': 1.2926727812699284}]
13:50:29 INFO    fpl_expert.optimise.joint | joint+deferral: [{'n': 1, 'hits': 0.0, 'tempo': 0.0, 'advantage': 0.0}, {'n': 2, 'hits': 4.0, 'tempo': 0.7432106502544684, 'advantage': -3.2567893497455316}]
13:50:29 INFO    fpl_expert.backtest.ensemble | joint path 2: 2190
13:50:31 INFO    fpl_expert.optimise.joint | joint+deferral: [{'n': 1, 'hits': 0.0, 'tempo': 0.0, 'advantage': 0.0}, {'n': 2, 'hits': 4.0, 'tempo': 2.4205929066148855, 'advantage': -1.5794070933851145}]
13:50:32 INFO    fpl_expert.optimise.joint | joint+deferral: [{'n': 1, 'hits': 0.0, 'tempo': 0.0, 'advantage': 0.0}, {'n': 2, 'hits': 4.0, 'tempo': 3.459051147943349, 'advantage': -0.5409488520566512}]
13:50:33 INFO    fpl_expert.optimise.joint | joint+deferral: [{'n': 1, 'hits': 0.0, 'tempo': 0.0, 'advantage': 0.0}, {'n': 2, 'hits': 4.0, 'tempo': 4.386625800754395, 'advantage': 0.3866258007543948}]
13:50:34 INFO    fpl_expert.optimise.joint | joint+deferral: [{'n': 1, 'hits': 0.0, 'tempo': 0.0, 'advantage': 0.0}, {'n': 2, 'hits': 4.0, 'tempo': -0.30825307036305816, 'advantage': -4.308253070363058}]
13:50:34 INFO    fpl_expert.optimise.joint | joint+deferral: [{'n': 1, 'hits': 0.0, 'tempo': 0.0, 'advantage': 0.0}, {'n': 2, 'hits': 4.0, 'tempo': 1.218918040662416, 'advantage': -2.781081959337584}]
13:50:35 INFO    fpl_expert.optimise.joint | joint+deferral: [{'n': 1, 'hits': 0.0, 'tempo': 0.0, 'advantage': 0.0}, {'n': 2, 'hits': 4.0, 'tempo': 1.5543263847634066, 'advantage': -2.4456736152365934}]
13:50:35 INFO    fpl_expert.optimise.joint | joint+deferral: [{'n': 1, 'hits': 0.0, 'tempo': 0.0, 'advantage': 0.0}, {'n': 2, 'hits': 4.0, 'tempo': 0.5272093325478195, 'advantage': -3.4727906674521805}]
13:50:36 INFO    fpl_expert.optimise.joint | joint+deferral: [{'n': 1, 'hits': 0.0, 'tempo': 0.0, 'advantage': 0.0}, {'n': 2, 'hits': 4.0, 'tempo': 1.0103554609529155, 'advantage': -2.9896445390470845}]
13:50:37 INFO    fpl_expert.optimise.joint | joint+deferral: [{'n': 1, 'hits': 0.0, 'tempo': 0.0, 'advantage': 0.0}, {'n': 2, 'hits': 4.0, 'tempo': 1.6468276891144882, 'advantage': -2.353172310885512}]
13:50:38 INFO    fpl_expert.optimise.joint | joint+deferral: [{'n': 1, 'hits': 0.0, 'tempo': 0.0, 'advantage': 0.0}, {'n': 2, 'hits': 4.0, 'tempo': 0.6834857062142845, 'advantage': -3.3165142937857155}]
13:50:39 INFO    fpl_expert.optimise.joint | joint+deferral: [{'n': 1, 'hits': 0.0, 'tempo': 0.0, 'advantage': 0.0}, {'n': 2, 'hits': 4.0, 'tempo': 0.08633553678325967, 'advantage': -3.9136644632167403}]
13:50:40 INFO    fpl_expert.optimise.joint | joint+deferral: [{'n': 1, 'hits': 0.0, 'tempo': 0.0, 'advantage': 0.0}, {'n': 2, 'hits': 4.0, 'tempo': 2.4274952927409075, 'advantage': -1.5725047072590925}]
13:50:40 INFO    fpl_expert.optimise.joint | joint+deferral: [{'n': 1, 'hits': 0.0, 'tempo': 0.0, 'advantage': 0.0}, {'n': 2, 'hits': 4.0, 'tempo': 0.0, 'advantage': -4.0}]
13:50:42 INFO    fpl_expert.optimise.joint | joint+deferral: [{'n': 1, 'hits': 0.0, 'tempo': 0.0, 'advantage': 0.0}, {'n': 2, 'hits': 4.0, 'tempo': 0.5068570177323295, 'advantage': -3.4931429822676705}]
13:50:42 INFO    fpl_expert.backtest.season_sim | GW15: playing triple_captain (best available (9.1 vs 8.2 remaining))
13:50:42 INFO    fpl_expert.optimise.joint | joint+deferral: [{'n': 1, 'hits': 0.0, 'tempo': 0.0, 'advantage': 0.0}, {'n': 2, 'hits': 4.0, 'tempo': 1.183861382478952, 'advantage': -2.816138617521048}]
13:50:44 INFO    fpl_expert.optimise.joint | joint+deferral: [{'n': 1, 'hits': 0.0, 'tempo': 0.0, 'advantage': 0.0}, {'n': 2, 'hits': 4.0, 'tempo': 0.9965777954533479, 'advantage': -3.003422204546652}]
13:50:44 INFO    fpl_expert.backtest.season_sim | GW17: playing bench_boost (expiring in 2 gw, best remaining 3.9)
13:50:44 INFO    fpl_expert.optimise.joint | joint+deferral: [{'n': 1, 'hits': 0.0, 'tempo': 0.0, 'advantage': 0.0}, {'n': 2, 'hits': 4.0, 'tempo': 0.8920707394821861, 'advantage': -3.107929260517814}]
13:50:45 INFO    fpl_expert.optimise.joint | joint+deferral: [{'n': 1, 'hits': 0.0, 'tempo': 0.0, 'advantage': 0.0}, {'n': 2, 'hits': 4.0, 'tempo': 1.6290788278123571, 'advantage': -2.370921172187643}]
13:50:45 INFO    fpl_expert.optimise.joint | joint+deferral: [{'n': 1, 'hits': 0.0, 'tempo': 0.0, 'advantage': 0.0}, {'n': 2, 'hits': 4.0, 'tempo': 3.2211496347390423, 'advantage': -0.7788503652609577}]
13:50:46 INFO    fpl_expert.optimise.joint | joint+deferral: [{'n': 1, 'hits': 0.0, 'tempo': 0.0, 'advantage': 0.0}, {'n': 2, 'hits': 4.0, 'tempo': 2.0173555904011025, 'advantage': -1.9826444095988975}]
13:50:46 INFO    fpl_expert.optimise.joint | joint+deferral: [{'n': 1, 'hits': 0.0, 'tempo': 0.0, 'advantage': 0.0}, {'n': 2, 'hits': 4.0, 'tempo': 0.694962244174441, 'advantage': -3.305037755825559}]
13:50:46 INFO    fpl_expert.optimise.joint | joint+deferral: [{'n': 1, 'hits': 0.0, 'tempo': 0.0, 'advantage': 0.0}, {'n': 2, 'hits': 4.0, 'tempo': 1.988418710683284, 'advantage': -2.011581289316716}]
13:50:47 INFO    fpl_expert.optimise.joint | joint+deferral: [{'n': 1, 'hits': 0.0, 'tempo': 0.0, 'advantage': 0.0}, {'n': 2, 'hits': 4.0, 'tempo': 0.8929725401535151, 'advantage': -3.107027459846485}]
13:50:48 INFO    fpl_expert.optimise.joint | joint+deferral: [{'n': 1, 'hits': 0.0, 'tempo': 0.0, 'advantage': 0.0}, {'n': 2, 'hits': 4.0, 'tempo': 3.0280036273916267, 'advantage': -0.9719963726083733}]
13:50:48 INFO    fpl_expert.optimise.joint | joint+deferral: [{'n': 1, 'hits': 0.0, 'tempo': 0.0, 'advantage': 0.0}, {'n': 2, 'hits': 4.0, 'tempo': 1.8697753705345548, 'advantage': -2.130224629465445}]
13:50:49 INFO    fpl_expert.optimise.joint | joint+deferral: [{'n': 1, 'hits': 0.0, 'tempo': 0.0, 'advantage': 0.0}, {'n': 2, 'hits': 4.0, 'tempo': 0.0, 'advantage': -4.0}]
13:50:49 INFO    fpl_expert.optimise.joint | joint+deferral: [{'n': 1, 'hits': 0.0, 'tempo': 0.0, 'advantage': 0.0}, {'n': 2, 'hits': 4.0, 'tempo': 4.317339834405956, 'advantage': 0.31733983440595637}]
13:50:50 INFO    fpl_expert.optimise.joint | joint+deferral: [{'n': 2, 'hits': 0.0, 'tempo': 0.0, 'advantage': 0.0}]
13:50:51 INFO    fpl_expert.optimise.joint | joint+deferral: [{'n': 1, 'hits': 0.0, 'tempo': 0.0, 'advantage': 0.0}, {'n': 2, 'hits': 4.0, 'tempo': 5.410640001396828, 'advantage': 1.4106400013968283}]
13:50:51 INFO    fpl_expert.optimise.joint | joint+deferral: [{'n': 1, 'hits': 0.0, 'tempo': 0.0, 'advantage': 0.0}, {'n': 2, 'hits': 4.0, 'tempo': 0.45880300046418654, 'advantage': -3.5411969995358135}]
13:50:52 INFO    fpl_expert.optimise.joint | joint+deferral: [{'n': 1, 'hits': 0.0, 'tempo': 0.0, 'advantage': 0.0}, {'n': 2, 'hits': 4.0, 'tempo': 0.08231304506711723, 'advantage': -3.9176869549328828}]
13:50:53 INFO    fpl_expert.optimise.joint | joint+deferral: [{'n': 1, 'hits': 0.0, 'tempo': 0.0, 'advantage': 0.0}, {'n': 2, 'hits': 4.0, 'tempo': 0.7802295821650915, 'advantage': -3.2197704178349085}]
13:50:53 INFO    fpl_expert.backtest.season_sim | GW34: playing triple_captain (best available (12.9 vs 11.9 remaining))
13:50:53 INFO    fpl_expert.optimise.joint | joint+deferral: [{'n': 1, 'hits': 0.0, 'tempo': 0.0, 'advantage': 0.0}, {'n': 2, 'hits': 4.0, 'tempo': 2.837769321117939, 'advantage': -1.1622306788820609}]
13:50:54 INFO    fpl_expert.optimise.joint | joint+deferral: [{'n': 1, 'hits': 0.0, 'tempo': 0.0, 'advantage': 0.0}, {'n': 2, 'hits': 4.0, 'tempo': 1.8377425272122423, 'advantage': -2.1622574727877577}]
13:50:54 INFO    fpl_expert.optimise.joint | joint+deferral: [{'n': 1, 'hits': 0.0, 'tempo': 0.0, 'advantage': 0.0}, {'n': 2, 'hits': 4.0, 'tempo': 6.653388666736859, 'advantage': 2.653388666736859}]
13:50:54 INFO    fpl_expert.backtest.season_sim | GW37: playing bench_boost (expiring in 1 gw, best remaining 8.5)
13:50:54 INFO    fpl_expert.optimise.joint | joint+deferral: [{'n': 1, 'hits': 0.0, 'tempo': 0.0, 'advantage': 0.0}, {'n': 2, 'hits': 4.0, 'tempo': 0.9668880819886994, 'advantage': -3.0331119180113006}]
13:50:54 INFO    fpl_expert.backtest.ensemble | joint path 3: 2323
13:50:56 INFO    fpl_expert.optimise.joint | joint+deferral: [{'n': 1, 'hits': 0.0, 'tempo': 0.0, 'advantage': 0.0}, {'n': 2, 'hits': 4.0, 'tempo': 2.4069531645094173, 'advantage': -1.5930468354905827}]
13:50:57 INFO    fpl_expert.optimise.joint | joint+deferral: [{'n': 1, 'hits': 0.0, 'tempo': 0.0, 'advantage': 0.0}, {'n': 2, 'hits': 4.0, 'tempo': 3.4734941320471506, 'advantage': -0.5265058679528494}]
13:50:58 INFO    fpl_expert.optimise.joint | joint+deferral: [{'n': 1, 'hits': 0.0, 'tempo': 0.0, 'advantage': 0.0}, {'n': 2, 'hits': 4.0, 'tempo': 0.5966885600861076, 'advantage': -3.4033114399138924}]
13:50:58 INFO    fpl_expert.optimise.joint | joint+deferral: [{'n': 1, 'hits': 0.0, 'tempo': 0.0, 'advantage': 0.0}, {'n': 2, 'hits': 4.0, 'tempo': 2.4939722659621424, 'advantage': -1.5060277340378576}]
13:51:00 INFO    fpl_expert.optimise.joint | joint+deferral: [{'n': 1, 'hits': 0.0, 'tempo': 0.0, 'advantage': 0.0}, {'n': 2, 'hits': 4.0, 'tempo': 4.103001483230955, 'advantage': 0.1030014832309547}]
13:51:00 INFO    fpl_expert.optimise.joint | joint+deferral: [{'n': 1, 'hits': 0.0, 'tempo': 0.0, 'advantage': 0.0}, {'n': 2, 'hits': 4.0, 'tempo': 4.437976235722616, 'advantage': 0.43797623572261557}]
13:51:01 INFO    fpl_expert.optimise.joint | joint+deferral: [{'n': 1, 'hits': 0.0, 'tempo': 0.0, 'advantage': 0.0}, {'n': 2, 'hits': 4.0, 'tempo': 0.70450898447816, 'advantage': -3.29549101552184}]
13:51:02 INFO    fpl_expert.optimise.joint | joint+deferral: [{'n': 1, 'hits': 0.0, 'tempo': 0.0, 'advantage': 0.0}, {'n': 2, 'hits': 4.0, 'tempo': 0.9065121807986998, 'advantage': -3.0934878192013002}]
13:51:03 INFO    fpl_expert.optimise.joint | joint+deferral: [{'n': 1, 'hits': 0.0, 'tempo': 0.0, 'advantage': 0.0}, {'n': 2, 'hits': 4.0, 'tempo': 2.8987838911874064, 'advantage': -1.1012161088125936}]
13:51:03 INFO    fpl_expert.optimise.joint | joint+deferral: [{'n': 1, 'hits': 0.0, 'tempo': 0.0, 'advantage': 0.0}, {'n': 2, 'hits': 4.0, 'tempo': 0.8194923855364351, 'advantage': -3.180507614463565}]
13:51:05 INFO    fpl_expert.optimise.joint | joint+deferral: [{'n': 1, 'hits': 0.0, 'tempo': 0.0, 'advantage': 0.0}, {'n': 2, 'hits': 4.0, 'tempo': 0.6972751379687523, 'advantage': -3.3027248620312477}]
13:51:06 INFO    fpl_expert.optimise.joint | joint+deferral: [{'n': 1, 'hits': 0.0, 'tempo': 0.0, 'advantage': 0.0}, {'n': 2, 'hits': 4.0, 'tempo': 0.38216829336712266, 'advantage': -3.6178317066328773}]
13:51:07 INFO    fpl_expert.optimise.joint | joint+deferral: [{'n': 1, 'hits': 0.0, 'tempo': 0.0, 'advantage': 0.0}, {'n': 2, 'hits': 4.0, 'tempo': 2.150358438490116, 'advantage': -1.849641561509884}]
13:51:08 INFO    fpl_expert.optimise.joint | joint+deferral: [{'n': 1, 'hits': 0.0, 'tempo': 0.0, 'advantage': 0.0}, {'n': 2, 'hits': 4.0, 'tempo': 2.431430389977571, 'advantage': -1.5685696100224291}]
13:51:08 INFO    fpl_expert.backtest.season_sim | GW15: playing triple_captain (best available (9.1 vs 8.2 remaining))
13:51:09 INFO    fpl_expert.optimise.joint | joint+deferral: [{'n': 1, 'hits': 0.0, 'tempo': 0.0, 'advantage': 0.0}, {'n': 2, 'hits': 4.0, 'tempo': 0.35351525702497355, 'advantage': -3.6464847429750264}]
13:51:09 INFO    fpl_expert.optimise.joint | joint+deferral: [{'n': 1, 'hits': 0.0, 'tempo': 0.0, 'advantage': 0.0}, {'n': 2, 'hits': 4.0, 'tempo': 0.6357476528501707, 'advantage': -3.3642523471498293}]
13:51:09 INFO    fpl_expert.backtest.season_sim | GW17: playing bench_boost (expiring in 2 gw, best remaining 4.3)
13:51:10 INFO    fpl_expert.optimise.joint | joint+deferral: [{'n': 1, 'hits': 0.0, 'tempo': 0.0, 'advantage': 0.0}, {'n': 2, 'hits': 4.0, 'tempo': 1.063885061530634, 'advantage': -2.936114938469366}]
13:51:11 INFO    fpl_expert.optimise.joint | joint+deferral: [{'n': 1, 'hits': 0.0, 'tempo': 0.0, 'advantage': 0.0}, {'n': 2, 'hits': 4.0, 'tempo': 2.731664203188089, 'advantage': -1.268335796811911}]
13:51:11 INFO    fpl_expert.optimise.joint | joint+deferral: [{'n': 1, 'hits': 0.0, 'tempo': 0.0, 'advantage': 0.0}, {'n': 2, 'hits': 4.0, 'tempo': 0.7876511681417497, 'advantage': -3.2123488318582503}]
13:51:13 INFO    fpl_expert.optimise.joint | joint+deferral: [{'n': 1, 'hits': 0.0, 'tempo': 0.0, 'advantage': 0.0}, {'n': 2, 'hits': 4.0, 'tempo': 0.6489758809598669, 'advantage': -3.351024119040133}]
13:51:13 INFO    fpl_expert.optimise.joint | joint+deferral: [{'n': 1, 'hits': 0.0, 'tempo': 0.0, 'advantage': 0.0}, {'n': 2, 'hits': 4.0, 'tempo': -0.871800000432934, 'advantage': -4.871800000432934}]
13:51:14 INFO    fpl_expert.optimise.joint | joint+deferral: [{'n': 1, 'hits': 0.0, 'tempo': 0.0, 'advantage': 0.0}, {'n': 2, 'hits': 4.0, 'tempo': 1.98610696657083, 'advantage': -2.01389303342917}]
13:51:14 INFO    fpl_expert.optimise.joint | joint+deferral: [{'n': 1, 'hits': 0.0, 'tempo': 0.0, 'advantage': 0.0}, {'n': 2, 'hits': 4.0, 'tempo': 1.3909174740560246, 'advantage': -2.6090825259439754}]
13:51:15 INFO    fpl_expert.optimise.joint | joint+deferral: [{'n': 1, 'hits': 0.0, 'tempo': 0.0, 'advantage': 0.0}, {'n': 2, 'hits': 4.0, 'tempo': 1.7247108529637387, 'advantage': -2.2752891470362613}]
13:51:16 INFO    fpl_expert.optimise.joint | joint+deferral: [{'n': 1, 'hits': 0.0, 'tempo': 0.0, 'advantage': 0.0}, {'n': 2, 'hits': 4.0, 'tempo': 0.5751301096847286, 'advantage': -3.4248698903152714}]
13:51:17 INFO    fpl_expert.optimise.joint | joint+deferral: [{'n': 1, 'hits': 0.0, 'tempo': 0.0, 'advantage': 0.0}, {'n': 2, 'hits': 4.0, 'tempo': 0.0, 'advantage': -4.0}]
13:51:17 INFO    fpl_expert.optimise.joint | joint+deferral: [{'n': 1, 'hits': 0.0, 'tempo': 0.0, 'advantage': 0.0}, {'n': 2, 'hits': 4.0, 'tempo': 1.1889837389286413, 'advantage': -2.8110162610713587}]
13:51:18 INFO    fpl_expert.optimise.joint | joint+deferral: [{'n': 2, 'hits': 0.0, 'tempo': 0.0, 'advantage': 0.0}]
13:51:18 INFO    fpl_expert.optimise.joint | joint+deferral: [{'n': 1, 'hits': 0.0, 'tempo': 0.0, 'advantage': 0.0}, {'n': 2, 'hits': 4.0, 'tempo': 7.215294341695213, 'advantage': 3.2152943416952127}]
13:51:19 INFO    fpl_expert.optimise.joint | joint+deferral: [{'n': 1, 'hits': 0.0, 'tempo': 0.0, 'advantage': 0.0}, {'n': 2, 'hits': 4.0, 'tempo': 0.5757294235325219, 'advantage': -3.424270576467478}]
13:51:20 INFO    fpl_expert.optimise.joint | joint+deferral: [{'n': 1, 'hits': 0.0, 'tempo': 0.0, 'advantage': 0.0}, {'n': 2, 'hits': 4.0, 'tempo': 1.5432057900559712, 'advantage': -2.4567942099440288}]
13:51:20 INFO    fpl_expert.optimise.joint | joint+deferral: [{'n': 1, 'hits': 0.0, 'tempo': 0.0, 'advantage': 0.0}, {'n': 2, 'hits': 4.0, 'tempo': 1.908856690549669, 'advantage': -2.091143309450331}]
13:51:20 INFO    fpl_expert.backtest.season_sim | GW34: playing triple_captain (best available (12.9 vs 11.9 remaining))
13:51:21 INFO    fpl_expert.optimise.joint | joint+deferral: [{'n': 1, 'hits': 0.0, 'tempo': 0.0, 'advantage': 0.0}, {'n': 2, 'hits': 4.0, 'tempo': 2.24271054909363, 'advantage': -1.7572894509063701}]
13:51:21 INFO    fpl_expert.backtest.season_sim | GW35: playing bench_boost (expiring in 3 gw, best remaining 4.9)
13:51:21 INFO    fpl_expert.optimise.joint | joint+deferral: [{'n': 1, 'hits': 0.0, 'tempo': 0.0, 'advantage': 0.0}, {'n': 2, 'hits': 4.0, 'tempo': 1.9649963639615322, 'advantage': -2.035003636038468}]
13:51:22 INFO    fpl_expert.optimise.joint | joint+deferral: [{'n': 1, 'hits': 0.0, 'tempo': 0.0, 'advantage': 0.0}, {'n': 2, 'hits': 4.0, 'tempo': 6.754435782002204, 'advantage': 2.7544357820022043}]
13:51:22 INFO    fpl_expert.optimise.joint | joint+deferral: [{'n': 1, 'hits': 0.0, 'tempo': 0.0, 'advantage': 0.0}, {'n': 2, 'hits': 4.0, 'tempo': 1.6091454392065145, 'advantage': -2.3908545607934855}]
13:51:22 INFO    fpl_expert.backtest.ensemble | joint path 4: 2166
13:51:23 INFO    fpl_expert.optimise.joint | joint+deferral: [{'n': 1, 'hits': 0.0, 'tempo': 0.0, 'advantage': 0.0}, {'n': 2, 'hits': 4.0, 'tempo': 2.4167099091566797, 'advantage': -1.5832900908433203}]
13:51:24 INFO    fpl_expert.optimise.joint | joint+deferral: [{'n': 1, 'hits': 0.0, 'tempo': 0.0, 'advantage': 0.0}, {'n': 2, 'hits': 4.0, 'tempo': 3.4728458702893974, 'advantage': -0.5271541297106026}]
13:51:25 INFO    fpl_expert.optimise.joint | joint+deferral: [{'n': 1, 'hits': 0.0, 'tempo': 0.0, 'advantage': 0.0}, {'n': 2, 'hits': 4.0, 'tempo': 4.374719492692172, 'advantage': 0.3747194926921722}]
13:51:26 INFO    fpl_expert.optimise.joint | joint+deferral: [{'n': 1, 'hits': 0.0, 'tempo': 0.0, 'advantage': 0.0}, {'n': 2, 'hits': 4.0, 'tempo': -0.32350966060683106, 'advantage': -4.323509660606831}]
13:51:27 INFO    fpl_expert.optimise.joint | joint+deferral: [{'n': 1, 'hits': 0.0, 'tempo': 0.0, 'advantage': 0.0}, {'n': 2, 'hits': 4.0, 'tempo': 1.227002017365976, 'advantage': -2.772997982634024}]
13:51:27 INFO    fpl_expert.optimise.joint | joint+deferral: [{'n': 1, 'hits': 0.0, 'tempo': 0.0, 'advantage': 0.0}, {'n': 2, 'hits': 4.0, 'tempo': 1.8148766490429082, 'advantage': -2.1851233509570918}]
13:51:28 INFO    fpl_expert.optimise.joint | joint+deferral: [{'n': 1, 'hits': 0.0, 'tempo': 0.0, 'advantage': 0.0}, {'n': 2, 'hits': 4.0, 'tempo': 0.5269853062274805, 'advantage': -3.4730146937725195}]
13:51:29 INFO    fpl_expert.optimise.joint | joint+deferral: [{'n': 1, 'hits': 0.0, 'tempo': 0.0, 'advantage': 0.0}, {'n': 2, 'hits': 4.0, 'tempo': 1.0058786051486805, 'advantage': -2.9941213948513195}]
13:51:30 INFO    fpl_expert.optimise.joint | joint+deferral: [{'n': 1, 'hits': 0.0, 'tempo': 0.0, 'advantage': 0.0}, {'n': 2, 'hits': 4.0, 'tempo': 1.6592303041614969, 'advantage': -2.340769695838503}]
13:51:30 INFO    fpl_expert.optimise.joint | joint+deferral: [{'n': 1, 'hits': 0.0, 'tempo': 0.0, 'advantage': 0.0}, {'n': 2, 'hits': 4.0, 'tempo': 1.014110702172914, 'advantage': -2.985889297827086}]
13:51:32 INFO    fpl_expert.optimise.joint | joint+deferral: [{'n': 1, 'hits': 0.0, 'tempo': 0.0, 'advantage': 0.0}, {'n': 2, 'hits': 4.0, 'tempo': 0.07009351771345962, 'advantage': -3.9299064822865404}]
13:51:33 INFO    fpl_expert.optimise.joint | joint+deferral: [{'n': 1, 'hits': 0.0, 'tempo': 0.0, 'advantage': 0.0}, {'n': 2, 'hits': 4.0, 'tempo': 2.434164798597969, 'advantage': -1.565835201402031}]
13:51:33 INFO    fpl_expert.optimise.joint | joint+deferral: [{'n': 1, 'hits': 0.0, 'tempo': 0.0, 'advantage': 0.0}, {'n': 2, 'hits': 4.0, 'tempo': 0.0, 'advantage': -4.0}]
13:51:35 INFO    fpl_expert.optimise.joint | joint+deferral: [{'n': 1, 'hits': 0.0, 'tempo': 0.0, 'advantage': 0.0}, {'n': 2, 'hits': 4.0, 'tempo': 0.5213903326792533, 'advantage': -3.4786096673207467}]
13:51:35 INFO    fpl_expert.backtest.season_sim | GW15: playing triple_captain (best available (9.1 vs 8.2 remaining))
13:51:35 INFO    fpl_expert.optimise.joint | joint+deferral: [{'n': 1, 'hits': 0.0, 'tempo': 0.0, 'advantage': 0.0}, {'n': 2, 'hits': 4.0, 'tempo': 1.1841521217908237, 'advantage': -2.8158478782091763}]
13:51:36 INFO    fpl_expert.optimise.joint | joint+deferral: [{'n': 1, 'hits': 0.0, 'tempo': 0.0, 'advantage': 0.0}, {'n': 2, 'hits': 4.0, 'tempo': 1.329248599737376, 'advantage': -2.670751400262624}]
13:51:36 INFO    fpl_expert.backtest.season_sim | GW17: playing bench_boost (expiring in 2 gw, best remaining 3.0)
13:51:37 INFO    fpl_expert.optimise.joint | joint+deferral: [{'n': 1, 'hits': 0.0, 'tempo': 0.0, 'advantage': 0.0}, {'n': 2, 'hits': 4.0, 'tempo': 0.8815601189462399, 'advantage': -3.11843988105376}]
13:51:38 INFO    fpl_expert.optimise.joint | joint+deferral: [{'n': 1, 'hits': 0.0, 'tempo': 0.0, 'advantage': 0.0}, {'n': 2, 'hits': 4.0, 'tempo': 1.6246226760808256, 'advantage': -2.3753773239191744}]
13:51:38 INFO    fpl_expert.optimise.joint | joint+deferral: [{'n': 1, 'hits': 0.0, 'tempo': 0.0, 'advantage': 0.0}, {'n': 2, 'hits': 4.0, 'tempo': 3.2272662312816465, 'advantage': -0.7727337687183535}]
13:51:39 INFO    fpl_expert.optimise.joint | joint+deferral: [{'n': 1, 'hits': 0.0, 'tempo': 0.0, 'advantage': 0.0}, {'n': 2, 'hits': 4.0, 'tempo': 2.0332227196852983, 'advantage': -1.9667772803147017}]
13:51:39 INFO    fpl_expert.optimise.joint | joint+deferral: [{'n': 1, 'hits': 0.0, 'tempo': 0.0, 'advantage': 0.0}, {'n': 2, 'hits': 4.0, 'tempo': 0.6944896030107444, 'advantage': -3.3055103969892556}]
13:51:39 INFO    fpl_expert.optimise.joint | joint+deferral: [{'n': 1, 'hits': 0.0, 'tempo': 0.0, 'advantage': 0.0}, {'n': 2, 'hits': 4.0, 'tempo': 1.9867939531803032, 'advantage': -2.013206046819697}]
13:51:40 INFO    fpl_expert.optimise.joint | joint+deferral: [{'n': 1, 'hits': 0.0, 'tempo': 0.0, 'advantage': 0.0}, {'n': 2, 'hits': 4.0, 'tempo': 0.911601967086952, 'advantage': -3.088398032913048}]
13:51:41 INFO    fpl_expert.optimise.joint | joint+deferral: [{'n': 1, 'hits': 0.0, 'tempo': 0.0, 'advantage': 0.0}, {'n': 2, 'hits': 4.0, 'tempo': 3.000934291041304, 'advantage': -0.9990657089586961}]
13:51:41 INFO    fpl_expert.backtest.season_sim | GW25: playing bench_boost (best available (11.0 vs 10.4 remaining))
13:51:41 INFO    fpl_expert.optimise.joint | joint+deferral: [{'n': 1, 'hits': 0.0, 'tempo': 0.0, 'advantage': 0.0}, {'n': 2, 'hits': 4.0, 'tempo': 1.8649825452402595, 'advantage': -2.1350174547597405}]
13:51:42 INFO    fpl_expert.optimise.joint | joint+deferral: [{'n': 1, 'hits': 0.0, 'tempo': 0.0, 'advantage': 0.0}, {'n': 2, 'hits': 4.0, 'tempo': 0.0, 'advantage': -4.0}]
13:51:42 INFO    fpl_expert.optimise.joint | joint+deferral: [{'n': 1, 'hits': 0.0, 'tempo': 0.0, 'advantage': 0.0}, {'n': 2, 'hits': 4.0, 'tempo': 4.325008747791969, 'advantage': 0.3250087477919692}]
13:51:43 INFO    fpl_expert.optimise.joint | joint+deferral: [{'n': 2, 'hits': 0.0, 'tempo': 0.0, 'advantage': 0.0}]
13:51:44 INFO    fpl_expert.optimise.joint | joint+deferral: [{'n': 1, 'hits': 0.0, 'tempo': 0.0, 'advantage': 0.0}, {'n': 2, 'hits': 4.0, 'tempo': 5.377931445179243, 'advantage': 1.377931445179243}]
13:51:44 INFO    fpl_expert.optimise.joint | joint+deferral: [{'n': 1, 'hits': 0.0, 'tempo': 0.0, 'advantage': 0.0}, {'n': 2, 'hits': 4.0, 'tempo': 0.44656134244343804, 'advantage': -3.553438657556562}]
13:51:45 INFO    fpl_expert.optimise.joint | joint+deferral: [{'n': 1, 'hits': 0.0, 'tempo': 0.0, 'advantage': 0.0}, {'n': 2, 'hits': 4.0, 'tempo': 0.08946424000794906, 'advantage': -3.910535759992051}]
13:51:46 INFO    fpl_expert.optimise.joint | joint+deferral: [{'n': 1, 'hits': 0.0, 'tempo': 0.0, 'advantage': 0.0}, {'n': 2, 'hits': 4.0, 'tempo': 0.7863059984780278, 'advantage': -3.213694001521972}]
13:51:46 INFO    fpl_expert.backtest.season_sim | GW34: playing triple_captain (best available (12.9 vs 11.9 remaining))
13:51:46 INFO    fpl_expert.optimise.joint | joint+deferral: [{'n': 1, 'hits': 0.0, 'tempo': 0.0, 'advantage': 0.0}, {'n': 2, 'hits': 4.0, 'tempo': 2.8461465890193693, 'advantage': -1.1538534109806307}]
13:51:46 INFO    fpl_expert.optimise.joint | joint+deferral: [{'n': 1, 'hits': 0.0, 'tempo': 0.0, 'advantage': 0.0}, {'n': 2, 'hits': 4.0, 'tempo': 1.8436344935011064, 'advantage': -2.1563655064988936}]
13:51:47 INFO    fpl_expert.optimise.joint | joint+deferral: [{'n': 1, 'hits': 0.0, 'tempo': 0.0, 'advantage': 0.0}, {'n': 2, 'hits': 4.0, 'tempo': 6.763582946358952, 'advantage': 2.7635829463589516}]
13:51:47 INFO    fpl_expert.optimise.joint | joint+deferral: [{'n': 1, 'hits': 0.0, 'tempo': 0.0, 'advantage': 0.0}, {'n': 2, 'hits': 4.0, 'tempo': 0.9455805705668894, 'advantage': -3.0544194294331106}]
13:51:47 INFO    fpl_expert.backtest.ensemble | joint path 5: 2329
13:51:48 INFO    fpl_expert.optimise.joint | joint+deferral: [{'n': 1, 'hits': 0.0, 'tempo': 0.0, 'advantage': 0.0}, {'n': 2, 'hits': 4.0, 'tempo': 2.4087617583105256, 'advantage': -1.5912382416894744}]
13:51:49 INFO    fpl_expert.optimise.joint | joint+deferral: [{'n': 1, 'hits': 0.0, 'tempo': 0.0, 'advantage': 0.0}, {'n': 2, 'hits': 4.0, 'tempo': 3.5012134230202676, 'advantage': -0.4987865769797324}]
13:51:51 INFO    fpl_expert.optimise.joint | joint+deferral: [{'n': 1, 'hits': 0.0, 'tempo': 0.0, 'advantage': 0.0}, {'n': 2, 'hits': 4.0, 'tempo': 0.5905979067623477, 'advantage': -3.4094020932376523}]
13:51:51 INFO    fpl_expert.optimise.joint | joint+deferral: [{'n': 1, 'hits': 0.0, 'tempo': 0.0, 'advantage': 0.0}, {'n': 2, 'hits': 4.0, 'tempo': 2.4992941085421307, 'advantage': -1.5007058914578693}]
13:51:53 INFO    fpl_expert.optimise.joint | joint+deferral: [{'n': 1, 'hits': 0.0, 'tempo': 0.0, 'advantage': 0.0}, {'n': 2, 'hits': 4.0, 'tempo': 4.132092763954162, 'advantage': 0.13209276395416225}]
13:51:53 INFO    fpl_expert.optimise.joint | joint+deferral: [{'n': 1, 'hits': 0.0, 'tempo': 0.0, 'advantage': 0.0}, {'n': 2, 'hits': 4.0, 'tempo': 4.465161898502565, 'advantage': 0.46516189850256495}]
13:51:54 INFO    fpl_expert.optimise.joint | joint+deferral: [{'n': 1, 'hits': 0.0, 'tempo': 0.0, 'advantage': 0.0}, {'n': 2, 'hits': 4.0, 'tempo': 0.707600174950862, 'advantage': -3.292399825049138}]
13:51:55 INFO    fpl_expert.optimise.joint | joint+deferral: [{'n': 1, 'hits': 0.0, 'tempo': 0.0, 'advantage': 0.0}, {'n': 2, 'hits': 4.0, 'tempo': 0.9133425354291944, 'advantage': -3.0866574645708056}]
13:51:56 INFO    fpl_expert.optimise.joint | joint+deferral: [{'n': 1, 'hits': 0.0, 'tempo': 0.0, 'advantage': 0.0}, {'n': 2, 'hits': 4.0, 'tempo': 2.907387274569075, 'advantage': -1.092612725430925}]
13:51:57 INFO    fpl_expert.optimise.joint | joint+deferral: [{'n': 1, 'hits': 0.0, 'tempo': 0.0, 'advantage': 0.0}, {'n': 2, 'hits': 4.0, 'tempo': 0.815302980188477, 'advantage': -3.184697019811523}]
13:51:58 INFO    fpl_expert.optimise.joint | joint+deferral: [{'n': 1, 'hits': 0.0, 'tempo': 0.0, 'advantage': 0.0}, {'n': 2, 'hits': 4.0, 'tempo': 0.699952244670186, 'advantage': -3.300047755329814}]
13:51:59 INFO    fpl_expert.optimise.joint | joint+deferral: [{'n': 1, 'hits': 0.0, 'tempo': 0.0, 'advantage': 0.0}, {'n': 2, 'hits': 4.0, 'tempo': 0.3772153984948332, 'advantage': -3.622784601505167}]
13:52:00 INFO    fpl_expert.optimise.joint | joint+deferral: [{'n': 1, 'hits': 0.0, 'tempo': 0.0, 'advantage': 0.0}, {'n': 2, 'hits': 4.0, 'tempo': 2.1591304362249986, 'advantage': -1.8408695637750014}]
13:52:01 INFO    fpl_expert.optimise.joint | joint+deferral: [{'n': 1, 'hits': 0.0, 'tempo': 0.0, 'advantage': 0.0}, {'n': 2, 'hits': 4.0, 'tempo': 2.409223499649876, 'advantage': -1.590776500350124}]
13:52:01 INFO    fpl_expert.backtest.season_sim | GW15: playing triple_captain (best available (9.1 vs 8.2 remaining))
13:52:02 INFO    fpl_expert.optimise.joint | joint+deferral: [{'n': 1, 'hits': 0.0, 'tempo': 0.0, 'advantage': 0.0}, {'n': 2, 'hits': 4.0, 'tempo': 0.3431424800147198, 'advantage': -3.65685751998528}]
13:52:03 INFO    fpl_expert.optimise.joint | joint+deferral: [{'n': 1, 'hits': 0.0, 'tempo': 0.0, 'advantage': 0.0}, {'n': 2, 'hits': 4.0, 'tempo': 0.6146743069473928, 'advantage': -3.385325693052607}]
13:52:03 INFO    fpl_expert.backtest.season_sim | GW17: playing bench_boost (expiring in 2 gw, best remaining 4.3)
13:52:04 INFO    fpl_expert.optimise.joint | joint+deferral: [{'n': 1, 'hits': 0.0, 'tempo': 0.0, 'advantage': 0.0}, {'n': 2, 'hits': 4.0, 'tempo': 1.0740480499720348, 'advantage': -2.925951950027965}]
13:52:04 INFO    fpl_expert.optimise.joint | joint+deferral: [{'n': 1, 'hits': 0.0, 'tempo': 0.0, 'advantage': 0.0}, {'n': 2, 'hits': 4.0, 'tempo': 2.7351101438424053, 'advantage': -1.2648898561575947}]
13:52:05 INFO    fpl_expert.optimise.joint | joint+deferral: [{'n': 1, 'hits': 0.0, 'tempo': 0.0, 'advantage': 0.0}, {'n': 2, 'hits': 4.0, 'tempo': 0.7930726088020918, 'advantage': -3.206927391197908}]
13:52:06 INFO    fpl_expert.optimise.joint | joint+deferral: [{'n': 1, 'hits': 0.0, 'tempo': 0.0, 'advantage': 0.0}, {'n': 2, 'hits': 4.0, 'tempo': 0.6480180902155368, 'advantage': -3.351981909784463}]
13:52:07 INFO    fpl_expert.optimise.joint | joint+deferral: [{'n': 1, 'hits': 0.0, 'tempo': 0.0, 'advantage': 0.0}, {'n': 2, 'hits': 4.0, 'tempo': -0.8798187253384455, 'advantage': -4.8798187253384455}]
13:52:07 INFO    fpl_expert.optimise.joint | joint+deferral: [{'n': 1, 'hits': 0.0, 'tempo': 0.0, 'advantage': 0.0}, {'n': 2, 'hits': 4.0, 'tempo': 1.9893041301872074, 'advantage': -2.0106958698127926}]
13:52:08 INFO    fpl_expert.optimise.joint | joint+deferral: [{'n': 1, 'hits': 0.0, 'tempo': 0.0, 'advantage': 0.0}, {'n': 2, 'hits': 4.0, 'tempo': 1.393761762642228, 'advantage': -2.606238237357772}]
13:52:08 INFO    fpl_expert.optimise.joint | joint+deferral: [{'n': 1, 'hits': 0.0, 'tempo': 0.0, 'advantage': 0.0}, {'n': 2, 'hits': 4.0, 'tempo': 1.727082211809261, 'advantage': -2.272917788190739}]
13:52:09 INFO    fpl_expert.optimise.joint | joint+deferral: [{'n': 1, 'hits': 0.0, 'tempo': 0.0, 'advantage': 0.0}, {'n': 2, 'hits': 4.0, 'tempo': 0.5597305623551847, 'advantage': -3.4402694376448153}]
13:52:10 INFO    fpl_expert.optimise.joint | joint+deferral: [{'n': 1, 'hits': 0.0, 'tempo': 0.0, 'advantage': 0.0}, {'n': 2, 'hits': 4.0, 'tempo': 0.0, 'advantage': -4.0}]
13:52:10 INFO    fpl_expert.optimise.joint | joint+deferral: [{'n': 1, 'hits': 0.0, 'tempo': 0.0, 'advantage': 0.0}, {'n': 2, 'hits': 4.0, 'tempo': 1.2013370808154207, 'advantage': -2.7986629191845793}]
13:52:11 INFO    fpl_expert.optimise.joint | joint+deferral: [{'n': 2, 'hits': 0.0, 'tempo': 0.0, 'advantage': 0.0}]
13:52:12 INFO    fpl_expert.optimise.joint | joint+deferral: [{'n': 1, 'hits': 0.0, 'tempo': 0.0, 'advantage': 0.0}, {'n': 2, 'hits': 4.0, 'tempo': 7.240091878043835, 'advantage': 3.2400918780438346}]
13:52:12 INFO    fpl_expert.optimise.joint | joint+deferral: [{'n': 1, 'hits': 0.0, 'tempo': 0.0, 'advantage': 0.0}, {'n': 2, 'hits': 4.0, 'tempo': 0.5663038027813414, 'advantage': -3.4336961972186586}]
13:52:13 INFO    fpl_expert.optimise.joint | joint+deferral: [{'n': 1, 'hits': 0.0, 'tempo': 0.0, 'advantage': 0.0}, {'n': 2, 'hits': 4.0, 'tempo': 1.5473605945986435, 'advantage': -2.4526394054013565}]
13:52:14 INFO    fpl_expert.optimise.joint | joint+deferral: [{'n': 1, 'hits': 0.0, 'tempo': 0.0, 'advantage': 0.0}, {'n': 2, 'hits': 4.0, 'tempo': 1.8966730256140352, 'advantage': -2.103326974385965}]
13:52:14 INFO    fpl_expert.backtest.season_sim | GW34: playing triple_captain (best available (12.9 vs 11.9 remaining))
13:52:14 INFO    fpl_expert.optimise.joint | joint+deferral: [{'n': 1, 'hits': 0.0, 'tempo': 0.0, 'advantage': 0.0}, {'n': 2, 'hits': 4.0, 'tempo': 2.2326152872011917, 'advantage': -1.7673847127988083}]
13:52:14 INFO    fpl_expert.backtest.season_sim | GW35: playing bench_boost (expiring in 3 gw, best remaining 4.8)
13:52:14 INFO    fpl_expert.optimise.joint | joint+deferral: [{'n': 1, 'hits': 0.0, 'tempo': 0.0, 'advantage': 0.0}, {'n': 2, 'hits': 4.0, 'tempo': 1.945596764832537, 'advantage': -2.054403235167463}]
13:52:15 INFO    fpl_expert.optimise.joint | joint+deferral: [{'n': 1, 'hits': 0.0, 'tempo': 0.0, 'advantage': 0.0}, {'n': 2, 'hits': 4.0, 'tempo': 6.769386570753085, 'advantage': 2.7693865707530847}]
13:52:15 INFO    fpl_expert.optimise.joint | joint+deferral: [{'n': 1, 'hits': 0.0, 'tempo': 0.0, 'advantage': 0.0}, {'n': 2, 'hits': 4.0, 'tempo': 1.600829833532444, 'advantage': -2.399170166467556}]
13:52:15 INFO    fpl_expert.backtest.ensemble | joint path 6: 2166
13:52:16 INFO    fpl_expert.optimise.joint | joint+deferral: [{'n': 1, 'hits': 0.0, 'tempo': 0.0, 'advantage': 0.0}, {'n': 2, 'hits': 4.0, 'tempo': 2.4088644098627086, 'advantage': -1.5911355901372914}]
13:52:17 INFO    fpl_expert.optimise.joint | joint+deferral: [{'n': 1, 'hits': 0.0, 'tempo': 0.0, 'advantage': 0.0}, {'n': 2, 'hits': 4.0, 'tempo': 3.4590517129821947, 'advantage': -0.5409482870178053}]
13:52:18 INFO    fpl_expert.optimise.joint | joint+deferral: [{'n': 1, 'hits': 0.0, 'tempo': 0.0, 'advantage': 0.0}, {'n': 2, 'hits': 4.0, 'tempo': 0.5924018387349221, 'advantage': -3.407598161265078}]
13:52:19 INFO    fpl_expert.optimise.joint | joint+deferral: [{'n': 1, 'hits': 0.0, 'tempo': 0.0, 'advantage': 0.0}, {'n': 2, 'hits': 4.0, 'tempo': 2.4773421486531433, 'advantage': -1.5226578513468567}]
13:52:20 INFO    fpl_expert.optimise.joint | joint+deferral: [{'n': 1, 'hits': 0.0, 'tempo': 0.0, 'advantage': 0.0}, {'n': 2, 'hits': 4.0, 'tempo': 4.122379267306705, 'advantage': 0.12237926730670523}]
13:52:21 INFO    fpl_expert.optimise.joint | joint+deferral: [{'n': 1, 'hits': 0.0, 'tempo': 0.0, 'advantage': 0.0}, {'n': 2, 'hits': 4.0, 'tempo': 4.4650488457774955, 'advantage': 0.4650488457774955}]
13:52:22 INFO    fpl_expert.optimise.joint | joint+deferral: [{'n': 1, 'hits': 0.0, 'tempo': 0.0, 'advantage': 0.0}, {'n': 2, 'hits': 4.0, 'tempo': 0.6989366278472247, 'advantage': -3.3010633721527753}]
13:52:23 INFO    fpl_expert.optimise.joint | joint+deferral: [{'n': 1, 'hits': 0.0, 'tempo': 0.0, 'advantage': 0.0}, {'n': 2, 'hits': 4.0, 'tempo': 0.9118694512695029, 'advantage': -3.088130548730497}]
13:52:23 INFO    fpl_expert.optimise.joint | joint+deferral: [{'n': 1, 'hits': 0.0, 'tempo': 0.0, 'advantage': 0.0}, {'n': 2, 'hits': 4.0, 'tempo': 2.897868693175724, 'advantage': -1.1021313068242762}]
13:52:24 INFO    fpl_expert.optimise.joint | joint+deferral: [{'n': 1, 'hits': 0.0, 'tempo': 0.0, 'advantage': 0.0}, {'n': 2, 'hits': 4.0, 'tempo': 0.8118271662650614, 'advantage': -3.1881728337349386}]
13:52:26 INFO    fpl_expert.optimise.joint | joint+deferral: [{'n': 1, 'hits': 0.0, 'tempo': 0.0, 'advantage': 0.0}, {'n': 2, 'hits': 4.0, 'tempo': 0.7045785230650026, 'advantage': -3.2954214769349974}]
13:52:27 INFO    fpl_expert.optimise.joint | joint+deferral: [{'n': 1, 'hits': 0.0, 'tempo': 0.0, 'advantage': 0.0}, {'n': 2, 'hits': 4.0, 'tempo': 0.3706222258283134, 'advantage': -3.6293777741716866}]
13:52:28 INFO    fpl_expert.optimise.joint | joint+deferral: [{'n': 1, 'hits': 0.0, 'tempo': 0.0, 'advantage': 0.0}, {'n': 2, 'hits': 4.0, 'tempo': 2.1512582281952035, 'advantage': -1.8487417718047965}]
13:52:29 INFO    fpl_expert.optimise.joint | joint+deferral: [{'n': 1, 'hits': 0.0, 'tempo': 0.0, 'advantage': 0.0}, {'n': 2, 'hits': 4.0, 'tempo': 2.4254278539887935, 'advantage': -1.5745721460112065}]
13:52:29 INFO    fpl_expert.backtest.season_sim | GW15: playing triple_captain (best available (9.1 vs 8.2 remaining))
13:52:30 INFO    fpl_expert.optimise.joint | joint+deferral: [{'n': 1, 'hits': 0.0, 'tempo': 0.0, 'advantage': 0.0}, {'n': 2, 'hits': 4.0, 'tempo': 0.3534194071956236, 'advantage': -3.6465805928043764}]
13:52:31 INFO    fpl_expert.optimise.joint | joint+deferral: [{'n': 1, 'hits': 0.0, 'tempo': 0.0, 'advantage': 0.0}, {'n': 2, 'hits': 4.0, 'tempo': 0.6241959892663829, 'advantage': -3.375804010733617}]
13:52:31 INFO    fpl_expert.backtest.season_sim | GW17: playing bench_boost (expiring in 2 gw, best remaining 4.3)
13:52:32 INFO    fpl_expert.optimise.joint | joint+deferral: [{'n': 1, 'hits': 0.0, 'tempo': 0.0, 'advantage': 0.0}, {'n': 2, 'hits': 4.0, 'tempo': 1.0697838250048761, 'advantage': -2.930216174995124}]
13:52:32 INFO    fpl_expert.optimise.joint | joint+deferral: [{'n': 1, 'hits': 0.0, 'tempo': 0.0, 'advantage': 0.0}, {'n': 2, 'hits': 4.0, 'tempo': 2.7353131267663784, 'advantage': -1.2646868732336216}]
13:52:33 INFO    fpl_expert.optimise.joint | joint+deferral: [{'n': 1, 'hits': 0.0, 'tempo': 0.0, 'advantage': 0.0}, {'n': 2, 'hits': 4.0, 'tempo': 0.7955997479604946, 'advantage': -3.2044002520395054}]
13:52:34 INFO    fpl_expert.optimise.joint | joint+deferral: [{'n': 1, 'hits': 0.0, 'tempo': 0.0, 'advantage': 0.0}, {'n': 2, 'hits': 4.0, 'tempo': 0.647961171684635, 'advantage': -3.352038828315365}]
13:52:35 INFO    fpl_expert.optimise.joint | joint+deferral: [{'n': 1, 'hits': 0.0, 'tempo': 0.0, 'advantage': 0.0}, {'n': 2, 'hits': 4.0, 'tempo': -0.8889658491444905, 'advantage': -4.8889658491444905}]
13:52:35 INFO    fpl_expert.optimise.joint | joint+deferral: [{'n': 1, 'hits': 0.0, 'tempo': 0.0, 'advantage': 0.0}, {'n': 2, 'hits': 4.0, 'tempo': 1.9829710979306867, 'advantage': -2.0170289020693133}]
13:52:36 INFO    fpl_expert.optimise.joint | joint+deferral: [{'n': 1, 'hits': 0.0, 'tempo': 0.0, 'advantage': 0.0}, {'n': 2, 'hits': 4.0, 'tempo': 1.3978865199361934, 'advantage': -2.6021134800638066}]
13:52:36 INFO    fpl_expert.optimise.joint | joint+deferral: [{'n': 1, 'hits': 0.0, 'tempo': 0.0, 'advantage': 0.0}, {'n': 2, 'hits': 4.0, 'tempo': 1.714100958301799, 'advantage': -2.285899041698201}]
13:52:37 INFO    fpl_expert.optimise.joint | joint+deferral: [{'n': 1, 'hits': 0.0, 'tempo': 0.0, 'advantage': 0.0}, {'n': 2, 'hits': 4.0, 'tempo': 0.5570180986542326, 'advantage': -3.4429819013457674}]
13:52:38 INFO    fpl_expert.optimise.joint | joint+deferral: [{'n': 1, 'hits': 0.0, 'tempo': 0.0, 'advantage': 0.0}, {'n': 2, 'hits': 4.0, 'tempo': 0.0, 'advantage': -4.0}]
13:52:38 INFO    fpl_expert.optimise.joint | joint+deferral: [{'n': 1, 'hits': 0.0, 'tempo': 0.0, 'advantage': 0.0}, {'n': 2, 'hits': 4.0, 'tempo': 1.1989815328291797, 'advantage': -2.8010184671708203}]
13:52:39 INFO    fpl_expert.optimise.joint | joint+deferral: [{'n': 2, 'hits': 0.0, 'tempo': 0.0, 'advantage': 0.0}]
13:52:40 INFO    fpl_expert.optimise.joint | joint+deferral: [{'n': 1, 'hits': 0.0, 'tempo': 0.0, 'advantage': 0.0}, {'n': 2, 'hits': 4.0, 'tempo': 7.251068045693131, 'advantage': 3.251068045693131}]
13:52:40 INFO    fpl_expert.optimise.joint | joint+deferral: [{'n': 1, 'hits': 0.0, 'tempo': 0.0, 'advantage': 0.0}, {'n': 2, 'hits': 4.0, 'tempo': 0.5787221626135874, 'advantage': -3.4212778373864126}]
13:52:41 INFO    fpl_expert.optimise.joint | joint+deferral: [{'n': 1, 'hits': 0.0, 'tempo': 0.0, 'advantage': 0.0}, {'n': 2, 'hits': 4.0, 'tempo': 1.5443865130672947, 'advantage': -2.4556134869327053}]
13:52:42 INFO    fpl_expert.optimise.joint | joint+deferral: [{'n': 1, 'hits': 0.0, 'tempo': 0.0, 'advantage': 0.0}, {'n': 2, 'hits': 4.0, 'tempo': 1.881920527238961, 'advantage': -2.118079472761039}]
13:52:42 INFO    fpl_expert.backtest.season_sim | GW34: playing triple_captain (best available (12.9 vs 11.9 remaining))
13:52:42 INFO    fpl_expert.optimise.joint | joint+deferral: [{'n': 1, 'hits': 0.0, 'tempo': 0.0, 'advantage': 0.0}, {'n': 2, 'hits': 4.0, 'tempo': 2.2222625633305455, 'advantage': -1.7777374366694545}]
13:52:42 INFO    fpl_expert.backtest.season_sim | GW35: playing bench_boost (expiring in 3 gw, best remaining 4.8)
13:52:43 INFO    fpl_expert.optimise.joint | joint+deferral: [{'n': 1, 'hits': 0.0, 'tempo': 0.0, 'advantage': 0.0}, {'n': 2, 'hits': 4.0, 'tempo': 1.9591573769393946, 'advantage': -2.0408426230606054}]
13:52:43 INFO    fpl_expert.optimise.joint | joint+deferral: [{'n': 1, 'hits': 0.0, 'tempo': 0.0, 'advantage': 0.0}, {'n': 2, 'hits': 4.0, 'tempo': 6.750552264984137, 'advantage': 2.7505522649841367}]
13:52:43 INFO    fpl_expert.optimise.joint | joint+deferral: [{'n': 1, 'hits': 0.0, 'tempo': 0.0, 'advantage': 0.0}, {'n': 2, 'hits': 4.0, 'tempo': 1.6093799045676889, 'advantage': -2.390620095432311}]
13:52:43 INFO    fpl_expert.backtest.ensemble | joint path 7: 2166
13:52:45 INFO    fpl_expert.optimise.joint | joint+deferral: [{'n': 1, 'hits': 0.0, 'tempo': 0.0, 'advantage': 0.0}, {'n': 2, 'hits': 4.0, 'tempo': 2.4151574850943547, 'advantage': -1.5848425149056453}]
13:52:46 INFO    fpl_expert.optimise.joint | joint+deferral: [{'n': 1, 'hits': 0.0, 'tempo': 0.0, 'advantage': 0.0}, {'n': 2, 'hits': 4.0, 'tempo': 3.4780843251051223, 'advantage': -0.5219156748948777}]
13:52:47 INFO    fpl_expert.optimise.joint | joint+deferral: [{'n': 1, 'hits': 0.0, 'tempo': 0.0, 'advantage': 0.0}, {'n': 2, 'hits': 4.0, 'tempo': 4.411048812330463, 'advantage': 0.4110488123304634}]
13:52:48 INFO    fpl_expert.optimise.joint | joint+deferral: [{'n': 1, 'hits': 0.0, 'tempo': 0.0, 'advantage': 0.0}, {'n': 2, 'hits': 4.0, 'tempo': -0.320286456850873, 'advantage': -4.320286456850873}]
13:52:49 INFO    fpl_expert.optimise.joint | joint+deferral: [{'n': 1, 'hits': 0.0, 'tempo': 0.0, 'advantage': 0.0}, {'n': 2, 'hits': 4.0, 'tempo': 1.2288932051188226, 'advantage': -2.7711067948811774}]
13:52:50 INFO    fpl_expert.optimise.joint | joint+deferral: [{'n': 1, 'hits': 0.0, 'tempo': 0.0, 'advantage': 0.0}, {'n': 2, 'hits': 4.0, 'tempo': 1.55754474590438, 'advantage': -2.44245525409562}]
13:52:50 INFO    fpl_expert.optimise.joint | joint+deferral: [{'n': 1, 'hits': 0.0, 'tempo': 0.0, 'advantage': 0.0}, {'n': 2, 'hits': 4.0, 'tempo': 0.5162350441002417, 'advantage': -3.4837649558997583}]
13:52:51 INFO    fpl_expert.optimise.joint | joint+deferral: [{'n': 1, 'hits': 0.0, 'tempo': 0.0, 'advantage': 0.0}, {'n': 2, 'hits': 4.0, 'tempo': 1.0124984549494442, 'advantage': -2.9875015450505558}]
13:52:52 INFO    fpl_expert.optimise.joint | joint+deferral: [{'n': 1, 'hits': 0.0, 'tempo': 0.0, 'advantage': 0.0}, {'n': 2, 'hits': 4.0, 'tempo': 1.6473329036896587, 'advantage': -2.3526670963103413}]
13:52:53 INFO    fpl_expert.optimise.joint | joint+deferral: [{'n': 1, 'hits': 0.0, 'tempo': 0.0, 'advantage': 0.0}, {'n': 2, 'hits': 4.0, 'tempo': 0.6815559564427929, 'advantage': -3.318444043557207}]
13:52:54 INFO    fpl_expert.optimise.joint | joint+deferral: [{'n': 1, 'hits': 0.0, 'tempo': 0.0, 'advantage': 0.0}, {'n': 2, 'hits': 4.0, 'tempo': 0.06952615030883891, 'advantage': -3.930473849691161}]
13:52:55 INFO    fpl_expert.optimise.joint | joint+deferral: [{'n': 1, 'hits': 0.0, 'tempo': 0.0, 'advantage': 0.0}, {'n': 2, 'hits': 4.0, 'tempo': 2.425599672721532, 'advantage': -1.5744003272784681}]
13:52:56 INFO    fpl_expert.optimise.joint | joint+deferral: [{'n': 1, 'hits': 0.0, 'tempo': 0.0, 'advantage': 0.0}, {'n': 2, 'hits': 4.0, 'tempo': 0.0, 'advantage': -4.0}]
13:52:57 INFO    fpl_expert.optimise.joint | joint+deferral: [{'n': 1, 'hits': 0.0, 'tempo': 0.0, 'advantage': 0.0}, {'n': 2, 'hits': 4.0, 'tempo': 0.4964920371520378, 'advantage': -3.503507962847962}]
13:52:57 INFO    fpl_expert.backtest.season_sim | GW15: playing triple_captain (best available (9.1 vs 8.2 remaining))
13:52:58 INFO    fpl_expert.optimise.joint | joint+deferral: [{'n': 1, 'hits': 0.0, 'tempo': 0.0, 'advantage': 0.0}, {'n': 2, 'hits': 4.0, 'tempo': 1.1888557428014792, 'advantage': -2.811144257198521}]
13:52:59 INFO    fpl_expert.optimise.joint | joint+deferral: [{'n': 1, 'hits': 0.0, 'tempo': 0.0, 'advantage': 0.0}, {'n': 2, 'hits': 4.0, 'tempo': 1.0099996456307707, 'advantage': -2.9900003543692293}]
13:52:59 INFO    fpl_expert.backtest.season_sim | GW17: playing bench_boost (expiring in 2 gw, best remaining 3.9)
13:52:59 INFO    fpl_expert.optimise.joint | joint+deferral: [{'n': 1, 'hits': 0.0, 'tempo': 0.0, 'advantage': 0.0}, {'n': 2, 'hits': 4.0, 'tempo': 0.8911976471268659, 'advantage': -3.108802352873134}]
13:53:01 INFO    fpl_expert.optimise.joint | joint+deferral: [{'n': 1, 'hits': 0.0, 'tempo': 0.0, 'advantage': 0.0}, {'n': 2, 'hits': 4.0, 'tempo': 1.6225981237349956, 'advantage': -2.3774018762650044}]
13:53:01 INFO    fpl_expert.optimise.joint | joint+deferral: [{'n': 1, 'hits': 0.0, 'tempo': 0.0, 'advantage': 0.0}, {'n': 2, 'hits': 4.0, 'tempo': 3.2294121077650217, 'advantage': -0.7705878922349783}]
13:53:01 INFO    fpl_expert.optimise.joint | joint+deferral: [{'n': 1, 'hits': 0.0, 'tempo': 0.0, 'advantage': 0.0}, {'n': 2, 'hits': 4.0, 'tempo': 2.033807676383681, 'advantage': -1.966192323616319}]
13:53:02 INFO    fpl_expert.optimise.joint | joint+deferral: [{'n': 1, 'hits': 0.0, 'tempo': 0.0, 'advantage': 0.0}, {'n': 2, 'hits': 4.0, 'tempo': 0.688249791253952, 'advantage': -3.311750208746048}]
13:53:02 INFO    fpl_expert.optimise.joint | joint+deferral: [{'n': 1, 'hits': 0.0, 'tempo': 0.0, 'advantage': 0.0}, {'n': 2, 'hits': 4.0, 'tempo': 1.9744208580836542, 'advantage': -2.025579141916346}]
13:53:02 INFO    fpl_expert.optimise.joint | joint+deferral: [{'n': 1, 'hits': 0.0, 'tempo': 0.0, 'advantage': 0.0}, {'n': 2, 'hits': 4.0, 'tempo': 0.8993216322556563, 'advantage': -3.1006783677443437}]
13:53:04 INFO    fpl_expert.optimise.joint | joint+deferral: [{'n': 1, 'hits': 0.0, 'tempo': 0.0, 'advantage': 0.0}, {'n': 2, 'hits': 4.0, 'tempo': 2.9731395492166683, 'advantage': -1.0268604507833317}]
13:53:04 INFO    fpl_expert.optimise.joint | joint+deferral: [{'n': 1, 'hits': 0.0, 'tempo': 0.0, 'advantage': 0.0}, {'n': 2, 'hits': 4.0, 'tempo': 1.8707553616064558, 'advantage': -2.129244638393544}]
13:53:05 INFO    fpl_expert.optimise.joint | joint+deferral: [{'n': 1, 'hits': 0.0, 'tempo': 0.0, 'advantage': 0.0}, {'n': 2, 'hits': 4.0, 'tempo': 0.0, 'advantage': -4.0}]
13:53:05 INFO    fpl_expert.optimise.joint | joint+deferral: [{'n': 1, 'hits': 0.0, 'tempo': 0.0, 'advantage': 0.0}, {'n': 2, 'hits': 4.0, 'tempo': 4.311158065302109, 'advantage': 0.3111580653021093}]
13:53:06 INFO    fpl_expert.optimise.joint | joint+deferral: [{'n': 2, 'hits': 0.0, 'tempo': 0.0, 'advantage': 0.0}]
13:53:07 INFO    fpl_expert.optimise.joint | joint+deferral: [{'n': 1, 'hits': 0.0, 'tempo': 0.0, 'advantage': 0.0}, {'n': 2, 'hits': 4.0, 'tempo': 5.4037453178906105, 'advantage': 1.4037453178906105}]
13:53:07 INFO    fpl_expert.optimise.joint | joint+deferral: [{'n': 1, 'hits': 0.0, 'tempo': 0.0, 'advantage': 0.0}, {'n': 2, 'hits': 4.0, 'tempo': 0.4458309122124433, 'advantage': -3.5541690877875567}]
13:53:08 INFO    fpl_expert.optimise.joint | joint+deferral: [{'n': 1, 'hits': 0.0, 'tempo': 0.0, 'advantage': 0.0}, {'n': 2, 'hits': 4.0, 'tempo': 0.08968097375383621, 'advantage': -3.910319026246164}]
13:53:09 INFO    fpl_expert.optimise.joint | joint+deferral: [{'n': 1, 'hits': 0.0, 'tempo': 0.0, 'advantage': 0.0}, {'n': 2, 'hits': 4.0, 'tempo': 0.8200743855385468, 'advantage': -3.179925614461453}]
13:53:09 INFO    fpl_expert.backtest.season_sim | GW34: playing triple_captain (best available (12.9 vs 11.9 remaining))
13:53:09 INFO    fpl_expert.optimise.joint | joint+deferral: [{'n': 1, 'hits': 0.0, 'tempo': 0.0, 'advantage': 0.0}, {'n': 2, 'hits': 4.0, 'tempo': 2.8289235852534063, 'advantage': -1.1710764147465937}]
13:53:10 INFO    fpl_expert.optimise.joint | joint+deferral: [{'n': 1, 'hits': 0.0, 'tempo': 0.0, 'advantage': 0.0}, {'n': 2, 'hits': 4.0, 'tempo': 1.834963513588157, 'advantage': -2.165036486411843}]
13:53:10 INFO    fpl_expert.optimise.joint | joint+deferral: [{'n': 1, 'hits': 0.0, 'tempo': 0.0, 'advantage': 0.0}, {'n': 2, 'hits': 4.0, 'tempo': 6.783197842051166, 'advantage': 2.783197842051166}]
13:53:10 INFO    fpl_expert.backtest.season_sim | GW37: playing bench_boost (expiring in 1 gw, best remaining 8.5)
13:53:10 INFO    fpl_expert.optimise.joint | joint+deferral: [{'n': 1, 'hits': 0.0, 'tempo': 0.0, 'advantage': 0.0}, {'n': 2, 'hits': 4.0, 'tempo': 0.960177929717517, 'advantage': -3.039822070282483}]
13:53:10 INFO    fpl_expert.backtest.ensemble | joint path 8: 2323
13:53:12 INFO    fpl_expert.optimise.joint | joint+deferral: [{'n': 1, 'hits': 0.0, 'tempo': 0.0, 'advantage': 0.0}, {'n': 2, 'hits': 4.0, 'tempo': 2.415821859332894, 'advantage': -1.584178140667106}]
13:53:13 INFO    fpl_expert.optimise.joint | joint+deferral: [{'n': 1, 'hits': 0.0, 'tempo': 0.0, 'advantage': 0.0}, {'n': 2, 'hits': 4.0, 'tempo': 3.48787974023773, 'advantage': -0.5121202597622698}]
13:53:14 INFO    fpl_expert.optimise.joint | joint+deferral: [{'n': 1, 'hits': 0.0, 'tempo': 0.0, 'advantage': 0.0}, {'n': 2, 'hits': 4.0, 'tempo': 0.6044315667649656, 'advantage': -3.3955684332350344}]
13:53:15 INFO    fpl_expert.optimise.joint | joint+deferral: [{'n': 1, 'hits': 0.0, 'tempo': 0.0, 'advantage': 0.0}, {'n': 2, 'hits': 4.0, 'tempo': 2.483335165892562, 'advantage': -1.5166648341074378}]
13:53:16 INFO    fpl_expert.optimise.joint | joint+deferral: [{'n': 1, 'hits': 0.0, 'tempo': 0.0, 'advantage': 0.0}, {'n': 2, 'hits': 4.0, 'tempo': 4.083786203727847, 'advantage': 0.08378620372784695}]
13:53:17 INFO    fpl_expert.optimise.joint | joint+deferral: [{'n': 1, 'hits': 0.0, 'tempo': 0.0, 'advantage': 0.0}, {'n': 2, 'hits': 4.0, 'tempo': 4.461720978736025, 'advantage': 0.46172097873602524}]
13:53:18 INFO    fpl_expert.optimise.joint | joint+deferral: [{'n': 1, 'hits': 0.0, 'tempo': 0.0, 'advantage': 0.0}, {'n': 2, 'hits': 4.0, 'tempo': 0.7076492146521502, 'advantage': -3.2923507853478498}]
13:53:19 INFO    fpl_expert.optimise.joint | joint+deferral: [{'n': 1, 'hits': 0.0, 'tempo': 0.0, 'advantage': 0.0}, {'n': 2, 'hits': 4.0, 'tempo': 0.911292516883428, 'advantage': -3.088707483116572}]
13:53:20 INFO    fpl_expert.optimise.joint | joint+deferral: [{'n': 1, 'hits': 0.0, 'tempo': 0.0, 'advantage': 0.0}, {'n': 2, 'hits': 4.0, 'tempo': 2.9054330693762864, 'advantage': -1.0945669306237136}]
13:53:20 INFO    fpl_expert.optimise.joint | joint+deferral: [{'n': 1, 'hits': 0.0, 'tempo': 0.0, 'advantage': 0.0}, {'n': 2, 'hits': 4.0, 'tempo': 0.81023678066245, 'advantage': -3.18976321933755}]
13:53:22 INFO    fpl_expert.optimise.joint | joint+deferral: [{'n': 1, 'hits': 0.0, 'tempo': 0.0, 'advantage': 0.0}, {'n': 2, 'hits': 4.0, 'tempo': 0.6923021898055666, 'advantage': -3.3076978101944334}]
13:53:23 INFO    fpl_expert.optimise.joint | joint+deferral: [{'n': 1, 'hits': 0.0, 'tempo': 0.0, 'advantage': 0.0}, {'n': 2, 'hits': 4.0, 'tempo': 0.37844795622712724, 'advantage': -3.6215520437728728}]
13:53:24 INFO    fpl_expert.optimise.joint | joint+deferral: [{'n': 1, 'hits': 0.0, 'tempo': 0.0, 'advantage': 0.0}, {'n': 2, 'hits': 4.0, 'tempo': 2.151995660395656, 'advantage': -1.8480043396043442}]
13:53:25 INFO    fpl_expert.optimise.joint | joint+deferral: [{'n': 1, 'hits': 0.0, 'tempo': 0.0, 'advantage': 0.0}, {'n': 2, 'hits': 4.0, 'tempo': 2.417496523733007, 'advantage': -1.582503476266993}]
13:53:25 INFO    fpl_expert.backtest.season_sim | GW15: playing triple_captain (best available (9.1 vs 8.2 remaining))
13:53:26 INFO    fpl_expert.optimise.joint | joint+deferral: [{'n': 1, 'hits': 0.0, 'tempo': 0.0, 'advantage': 0.0}, {'n': 2, 'hits': 4.0, 'tempo': 0.35197030645615257, 'advantage': -3.6480296935438474}]
13:53:26 INFO    fpl_expert.optimise.joint | joint+deferral: [{'n': 1, 'hits': 0.0, 'tempo': 0.0, 'advantage': 0.0}, {'n': 2, 'hits': 4.0, 'tempo': 0.6237463259689378, 'advantage': -3.3762536740310622}]
13:53:26 INFO    fpl_expert.backtest.season_sim | GW17: playing bench_boost (expiring in 2 gw, best remaining 4.3)
13:53:27 INFO    fpl_expert.optimise.joint | joint+deferral: [{'n': 1, 'hits': 0.0, 'tempo': 0.0, 'advantage': 0.0}, {'n': 2, 'hits': 4.0, 'tempo': 1.0711648972873604, 'advantage': -2.9288351027126396}]
13:53:28 INFO    fpl_expert.optimise.joint | joint+deferral: [{'n': 1, 'hits': 0.0, 'tempo': 0.0, 'advantage': 0.0}, {'n': 2, 'hits': 4.0, 'tempo': 2.7224380187249437, 'advantage': -1.2775619812750563}]
13:53:28 INFO    fpl_expert.optimise.joint | joint+deferral: [{'n': 1, 'hits': 0.0, 'tempo': 0.0, 'advantage': 0.0}, {'n': 2, 'hits': 4.0, 'tempo': 0.7911597378115687, 'advantage': -3.2088402621884313}]
13:53:29 INFO    fpl_expert.optimise.joint | joint+deferral: [{'n': 1, 'hits': 0.0, 'tempo': 0.0, 'advantage': 0.0}, {'n': 2, 'hits': 4.0, 'tempo': 0.6510316087657131, 'advantage': -3.348968391234287}]
13:53:30 INFO    fpl_expert.optimise.joint | joint+deferral: [{'n': 1, 'hits': 0.0, 'tempo': 0.0, 'advantage': 0.0}, {'n': 2, 'hits': 4.0, 'tempo': -0.8743118108966641, 'advantage': -4.874311810896664}]
13:53:31 INFO    fpl_expert.optimise.joint | joint+deferral: [{'n': 1, 'hits': 0.0, 'tempo': 0.0, 'advantage': 0.0}, {'n': 2, 'hits': 4.0, 'tempo': 1.9780649039337206, 'advantage': -2.0219350960662794}]
13:53:31 INFO    fpl_expert.optimise.joint | joint+deferral: [{'n': 1, 'hits': 0.0, 'tempo': 0.0, 'advantage': 0.0}, {'n': 2, 'hits': 4.0, 'tempo': 1.3926370680447349, 'advantage': -2.607362931955265}]
13:53:32 INFO    fpl_expert.optimise.joint | joint+deferral: [{'n': 1, 'hits': 0.0, 'tempo': 0.0, 'advantage': 0.0}, {'n': 2, 'hits': 4.0, 'tempo': 1.730616198584812, 'advantage': -2.269383801415188}]
13:53:33 INFO    fpl_expert.optimise.joint | joint+deferral: [{'n': 1, 'hits': 0.0, 'tempo': 0.0, 'advantage': 0.0}, {'n': 2, 'hits': 4.0, 'tempo': 0.5702173732971119, 'advantage': -3.429782626702888}]
13:53:34 INFO    fpl_expert.optimise.joint | joint+deferral: [{'n': 1, 'hits': 0.0, 'tempo': 0.0, 'advantage': 0.0}, {'n': 2, 'hits': 4.0, 'tempo': 0.0, 'advantage': -4.0}]
13:53:34 INFO    fpl_expert.optimise.joint | joint+deferral: [{'n': 1, 'hits': 0.0, 'tempo': 0.0, 'advantage': 0.0}, {'n': 2, 'hits': 4.0, 'tempo': 1.1934896694185824, 'advantage': -2.8065103305814176}]
13:53:35 INFO    fpl_expert.optimise.joint | joint+deferral: [{'n': 2, 'hits': 0.0, 'tempo': 0.0, 'advantage': 0.0}]
13:53:35 INFO    fpl_expert.optimise.joint | joint+deferral: [{'n': 1, 'hits': 0.0, 'tempo': 0.0, 'advantage': 0.0}, {'n': 2, 'hits': 4.0, 'tempo': 7.24094555652227, 'advantage': 3.24094555652227}]
13:53:36 INFO    fpl_expert.optimise.joint | joint+deferral: [{'n': 1, 'hits': 0.0, 'tempo': 0.0, 'advantage': 0.0}, {'n': 2, 'hits': 4.0, 'tempo': 0.5666493250584068, 'advantage': -3.433350674941593}]
13:53:37 INFO    fpl_expert.optimise.joint | joint+deferral: [{'n': 1, 'hits': 0.0, 'tempo': 0.0, 'advantage': 0.0}, {'n': 2, 'hits': 4.0, 'tempo': 1.5533245056383933, 'advantage': -2.4466754943616067}]
13:53:37 INFO    fpl_expert.optimise.joint | joint+deferral: [{'n': 1, 'hits': 0.0, 'tempo': 0.0, 'advantage': 0.0}, {'n': 2, 'hits': 4.0, 'tempo': 1.9104825834762948, 'advantage': -2.089517416523705}]
13:53:37 INFO    fpl_expert.backtest.season_sim | GW34: playing triple_captain (best available (12.9 vs 11.9 remaining))
13:53:38 INFO    fpl_expert.optimise.joint | joint+deferral: [{'n': 1, 'hits': 0.0, 'tempo': 0.0, 'advantage': 0.0}, {'n': 2, 'hits': 4.0, 'tempo': 2.2428667416728487, 'advantage': -1.7571332583271513}]
13:53:38 INFO    fpl_expert.backtest.season_sim | GW35: playing bench_boost (expiring in 3 gw, best remaining 4.8)
13:53:38 INFO    fpl_expert.optimise.joint | joint+deferral: [{'n': 1, 'hits': 0.0, 'tempo': 0.0, 'advantage': 0.0}, {'n': 2, 'hits': 4.0, 'tempo': 1.94918996602852, 'advantage': -2.05081003397148}]
13:53:38 INFO    fpl_expert.optimise.joint | joint+deferral: [{'n': 1, 'hits': 0.0, 'tempo': 0.0, 'advantage': 0.0}, {'n': 2, 'hits': 4.0, 'tempo': 6.742592963177572, 'advantage': 2.7425929631775716}]
13:53:39 INFO    fpl_expert.optimise.joint | joint+deferral: [{'n': 1, 'hits': 0.0, 'tempo': 0.0, 'advantage': 0.0}, {'n': 2, 'hits': 4.0, 'tempo': 1.5928165044556835, 'advantage': -2.4071834955443165}]
13:53:39 INFO    fpl_expert.backtest.ensemble | joint path 9: 2166
  2023-24 joint              mean    2216  sd  75.5
13:53:42 INFO    fpl_expert.backtest.season_sim | GW14: playing bench_boost (best available (11.4 vs 9.9 remaining))
13:53:43 INFO    fpl_expert.backtest.season_sim | GW18: playing triple_captain (expiring in 1 gw, best remaining 8.1)
13:53:45 INFO    fpl_expert.backtest.season_sim | GW32: playing triple_captain (best available (10.0 vs 10.0 remaining))
13:53:46 INFO    fpl_expert.backtest.season_sim | GW33: playing bench_boost (best available (13.5 vs 12.1 remaining))
13:53:46 INFO    fpl_expert.backtest.ensemble | horizon path 0: 2128
13:53:50 INFO    fpl_expert.backtest.season_sim | GW14: playing bench_boost (best available (11.4 vs 9.9 remaining))
13:53:50 INFO    fpl_expert.backtest.season_sim | GW18: playing triple_captain (expiring in 1 gw, best remaining 8.1)
13:53:53 INFO    fpl_expert.backtest.season_sim | GW32: playing triple_captain (best available (10.0 vs 9.9 remaining))
13:53:53 INFO    fpl_expert.backtest.season_sim | GW33: playing bench_boost (best available (13.5 vs 12.1 remaining))
13:53:54 INFO    fpl_expert.backtest.ensemble | horizon path 1: 2128
13:53:57 INFO    fpl_expert.backtest.season_sim | GW14: playing bench_boost (best available (11.4 vs 9.9 remaining))
13:53:58 INFO    fpl_expert.backtest.season_sim | GW18: playing triple_captain (expiring in 1 gw, best remaining 8.1)
13:54:00 INFO    fpl_expert.backtest.season_sim | GW32: playing triple_captain (best available (10.0 vs 10.0 remaining))
13:54:00 INFO    fpl_expert.backtest.season_sim | GW33: playing bench_boost (best available (13.5 vs 12.1 remaining))
13:54:01 INFO    fpl_expert.backtest.ensemble | horizon path 2: 2128
13:54:04 INFO    fpl_expert.backtest.season_sim | GW14: playing bench_boost (best available (11.4 vs 9.9 remaining))
13:54:05 INFO    fpl_expert.backtest.season_sim | GW18: playing triple_captain (expiring in 1 gw, best remaining 8.1)
13:54:07 INFO    fpl_expert.backtest.season_sim | GW32: playing bench_boost (best available (11.3 vs 10.5 remaining))
13:54:07 INFO    fpl_expert.backtest.season_sim | GW33: playing triple_captain (best available (9.5 vs 9.2 remaining))
13:54:08 INFO    fpl_expert.backtest.ensemble | horizon path 3: 2103
13:54:12 INFO    fpl_expert.backtest.season_sim | GW14: playing bench_boost (best available (12.9 vs 12.0 remaining))
13:54:12 INFO    fpl_expert.backtest.season_sim | GW18: playing triple_captain (expiring in 1 gw, best remaining 8.1)
13:54:14 INFO    fpl_expert.backtest.season_sim | GW32: playing triple_captain (best available (10.0 vs 10.0 remaining))
13:54:15 INFO    fpl_expert.backtest.season_sim | GW38: playing bench_boost (final chance before expiry)
13:54:15 INFO    fpl_expert.backtest.ensemble | horizon path 4: 2212
13:54:19 INFO    fpl_expert.backtest.season_sim | GW14: playing bench_boost (best available (11.4 vs 9.9 remaining))
13:54:19 INFO    fpl_expert.backtest.season_sim | GW18: playing triple_captain (expiring in 1 gw, best remaining 8.2)
13:54:22 INFO    fpl_expert.backtest.season_sim | GW32: playing triple_captain (best available (10.0 vs 10.0 remaining))
13:54:22 INFO    fpl_expert.backtest.season_sim | GW33: playing bench_boost (best available (13.5 vs 12.1 remaining))
13:54:22 INFO    fpl_expert.backtest.ensemble | horizon path 5: 2128
13:54:26 INFO    fpl_expert.backtest.season_sim | GW14: playing bench_boost (best available (11.4 vs 9.9 remaining))
13:54:26 INFO    fpl_expert.backtest.season_sim | GW18: playing triple_captain (expiring in 1 gw, best remaining 8.2)
13:54:29 INFO    fpl_expert.backtest.season_sim | GW32: playing triple_captain (best available (10.0 vs 10.0 remaining))
13:54:29 INFO    fpl_expert.backtest.season_sim | GW33: playing bench_boost (best available (13.5 vs 12.1 remaining))
13:54:30 INFO    fpl_expert.backtest.ensemble | horizon path 6: 2128
13:54:33 INFO    fpl_expert.backtest.season_sim | GW14: playing bench_boost (best available (12.1 vs 11.3 remaining))
13:54:34 INFO    fpl_expert.backtest.season_sim | GW18: playing triple_captain (expiring in 1 gw, best remaining 8.2)
13:54:36 INFO    fpl_expert.backtest.season_sim | GW32: playing triple_captain (best available (10.0 vs 10.0 remaining))
13:54:37 INFO    fpl_expert.backtest.season_sim | GW38: playing bench_boost (final chance before expiry)
13:54:37 INFO    fpl_expert.backtest.ensemble | horizon path 7: 2193
13:54:40 INFO    fpl_expert.backtest.season_sim | GW14: playing bench_boost (best available (12.9 vs 12.0 remaining))
13:54:41 INFO    fpl_expert.backtest.season_sim | GW18: playing triple_captain (expiring in 1 gw, best remaining 8.1)
13:54:43 INFO    fpl_expert.backtest.season_sim | GW32: playing triple_captain (best available (10.0 vs 10.0 remaining))
13:54:44 INFO    fpl_expert.backtest.season_sim | GW38: playing bench_boost (final chance before expiry)
13:54:44 INFO    fpl_expert.backtest.ensemble | horizon path 8: 2212
13:54:48 INFO    fpl_expert.backtest.season_sim | GW14: playing bench_boost (best available (11.4 vs 10.0 remaining))
13:54:48 INFO    fpl_expert.backtest.season_sim | GW18: playing triple_captain (expiring in 1 gw, best remaining 8.2)
13:54:51 INFO    fpl_expert.backtest.season_sim | GW32: playing triple_captain (best available (10.0 vs 10.0 remaining))
13:54:51 INFO    fpl_expert.backtest.season_sim | GW33: playing bench_boost (best available (13.5 vs 12.1 remaining))
13:54:51 INFO    fpl_expert.backtest.ensemble | horizon path 9: 2128
  2024-25 horizon            mean    2149  sd  40.3
13:54:53 INFO    fpl_expert.optimise.joint | joint+deferral: [{'n': 1, 'hits': 0.0, 'tempo': 0.0, 'advantage': 0.0}, {'n': 2, 'hits': 4.0, 'tempo': 2.511358506247099, 'advantage': -1.4886414937529011}]
13:54:54 INFO    fpl_expert.optimise.joint | joint+deferral: [{'n': 1, 'hits': 0.0, 'tempo': 0.0, 'advantage': 0.0}, {'n': 2, 'hits': 4.0, 'tempo': 4.9237121823670975, 'advantage': 0.9237121823670975}]
13:54:55 INFO    fpl_expert.optimise.joint | joint+deferral: [{'n': 1, 'hits': 0.0, 'tempo': 0.0, 'advantage': 0.0}, {'n': 2, 'hits': 4.0, 'tempo': 0.1737007884562516, 'advantage': -3.8262992115437484}]
13:54:56 INFO    fpl_expert.optimise.joint | joint+deferral: [{'n': 1, 'hits': 0.0, 'tempo': 0.0, 'advantage': 0.0}, {'n': 2, 'hits': 4.0, 'tempo': 0.12560565528301737, 'advantage': -3.8743943447169826}]
13:54:57 INFO    fpl_expert.optimise.joint | joint+deferral: [{'n': 1, 'hits': 0.0, 'tempo': 0.0, 'advantage': 0.0}, {'n': 2, 'hits': 4.0, 'tempo': 1.7202673006072473, 'advantage': -2.2797326993927527}]
13:54:58 INFO    fpl_expert.optimise.joint | joint+deferral: [{'n': 1, 'hits': 0.0, 'tempo': 0.0, 'advantage': 0.0}, {'n': 2, 'hits': 4.0, 'tempo': 0.8698901427259216, 'advantage': -3.1301098572740784}]
13:54:59 INFO    fpl_expert.optimise.joint | joint+deferral: [{'n': 1, 'hits': 0.0, 'tempo': 0.0, 'advantage': 0.0}, {'n': 2, 'hits': 4.0, 'tempo': 1.988649834862123, 'advantage': -2.011350165137877}]
13:55:00 INFO    fpl_expert.optimise.joint | joint+deferral: [{'n': 1, 'hits': 0.0, 'tempo': 0.0, 'advantage': 0.0}, {'n': 2, 'hits': 4.0, 'tempo': 0.7196175660215616, 'advantage': -3.2803824339784384}]
13:55:01 INFO    fpl_expert.optimise.joint | joint+deferral: [{'n': 1, 'hits': 0.0, 'tempo': 0.0, 'advantage': 0.0}, {'n': 2, 'hits': 4.0, 'tempo': 3.3616596165077794, 'advantage': -0.6383403834922206}]
13:55:02 INFO    fpl_expert.optimise.joint | joint+deferral: [{'n': 1, 'hits': 0.0, 'tempo': 0.0, 'advantage': 0.0}, {'n': 2, 'hits': 4.0, 'tempo': 2.973572888570338, 'advantage': -1.026427111429662}]
13:55:03 INFO    fpl_expert.optimise.joint | joint+deferral: [{'n': 1, 'hits': 0.0, 'tempo': 0.0, 'advantage': 0.0}, {'n': 2, 'hits': 4.0, 'tempo': 1.184215895915031, 'advantage': -2.815784104084969}]
13:55:03 INFO    fpl_expert.optimise.joint | joint+deferral: [{'n': 1, 'hits': 0.0, 'tempo': 0.0, 'advantage': 0.0}, {'n': 2, 'hits': 4.0, 'tempo': 1.1750920509157439, 'advantage': -2.824907949084256}]
13:55:04 INFO    fpl_expert.optimise.joint | joint+deferral: [{'n': 1, 'hits': 0.0, 'tempo': 0.0, 'advantage': 0.0}, {'n': 2, 'hits': 4.0, 'tempo': 2.6957462979543436, 'advantage': -1.3042537020456564}]
13:55:05 INFO    fpl_expert.optimise.joint | joint+deferral: [{'n': 1, 'hits': 0.0, 'tempo': 0.0, 'advantage': 0.0}, {'n': 2, 'hits': 4.0, 'tempo': 0.7512451907412299, 'advantage': -3.24875480925877}]
13:55:05 INFO    fpl_expert.optimise.joint | joint+deferral: [{'n': 1, 'hits': 0.0, 'tempo': 0.0, 'advantage': 0.0}, {'n': 2, 'hits': 4.0, 'tempo': 1.795095499324887, 'advantage': -2.204904500675113}]
13:55:06 INFO    fpl_expert.optimise.joint | joint+deferral: [{'n': 1, 'hits': 0.0, 'tempo': 0.0, 'advantage': 0.0}, {'n': 2, 'hits': 4.0, 'tempo': 0.3834906778719471, 'advantage': -3.616509322128053}]
13:55:07 INFO    fpl_expert.optimise.joint | joint+deferral: [{'n': 1, 'hits': 0.0, 'tempo': 0.0, 'advantage': 0.0}, {'n': 2, 'hits': 4.0, 'tempo': 2.0084061144573297, 'advantage': -1.9915938855426703}]
13:55:07 INFO    fpl_expert.backtest.season_sim | GW18: playing triple_captain (expiring in 1 gw, best remaining 8.1)
13:55:07 INFO    fpl_expert.optimise.joint | joint+deferral: [{'n': 1, 'hits': 0.0, 'tempo': 0.0, 'advantage': 0.0}, {'n': 2, 'hits': 4.0, 'tempo': 1.0674985346604657, 'advantage': -2.9325014653395343}]
13:55:07 INFO    fpl_expert.backtest.season_sim | GW19: playing bench_boost (final chance before expiry)
13:55:08 INFO    fpl_expert.optimise.joint | joint+deferral: [{'n': 1, 'hits': 0.0, 'tempo': 0.0, 'advantage': 0.0}, {'n': 2, 'hits': 4.0, 'tempo': -0.3129136874421832, 'advantage': -4.312913687442183}]
13:55:09 INFO    fpl_expert.optimise.joint | joint+deferral: [{'n': 1, 'hits': 0.0, 'tempo': 0.0, 'advantage': 0.0}, {'n': 2, 'hits': 4.0, 'tempo': 4.459171142608589, 'advantage': 0.4591711426085894}]
13:55:10 INFO    fpl_expert.optimise.joint | joint+deferral: [{'n': 1, 'hits': 0.0, 'tempo': 0.0, 'advantage': 0.0}, {'n': 2, 'hits': 4.0, 'tempo': -0.17145437639911165, 'advantage': -4.171454376399112}]
13:55:11 INFO    fpl_expert.optimise.joint | joint+deferral: [{'n': 1, 'hits': 0.0, 'tempo': 0.0, 'advantage': 0.0}, {'n': 2, 'hits': 4.0, 'tempo': 0.9722915172955595, 'advantage': -3.0277084827044405}]
13:55:12 INFO    fpl_expert.optimise.joint | joint+deferral: [{'n': 1, 'hits': 0.0, 'tempo': 0.0, 'advantage': 0.0}, {'n': 2, 'hits': 4.0, 'tempo': 0.6186729415142764, 'advantage': -3.3813270584857236}]
13:55:13 INFO    fpl_expert.optimise.joint | joint+deferral: [{'n': 1, 'hits': 0.0, 'tempo': 0.0, 'advantage': 0.0}, {'n': 2, 'hits': 4.0, 'tempo': 1.4183024102581214, 'advantage': -2.5816975897418786}]
13:55:14 INFO    fpl_expert.optimise.joint | joint+deferral: [{'n': 1, 'hits': 0.0, 'tempo': 0.0, 'advantage': 0.0}, {'n': 2, 'hits': 4.0, 'tempo': 2.425633684810208, 'advantage': -1.574366315189792}]
13:55:15 INFO    fpl_expert.optimise.joint | joint+deferral: [{'n': 1, 'hits': 0.0, 'tempo': 0.0, 'advantage': 0.0}, {'n': 2, 'hits': 4.0, 'tempo': 0.39385130792895495, 'advantage': -3.606148692071045}]
13:55:15 INFO    fpl_expert.optimise.joint | joint+deferral: [{'n': 1, 'hits': 0.0, 'tempo': 0.0, 'advantage': 0.0}, {'n': 2, 'hits': 4.0, 'tempo': 0.05615225531437318, 'advantage': -3.943847744685627}]
13:55:16 INFO    fpl_expert.optimise.joint | joint+deferral: [{'n': 2, 'hits': 0.0, 'tempo': 0.0, 'advantage': 0.0}]
13:55:16 INFO    fpl_expert.optimise.joint | joint+deferral: [{'n': 1, 'hits': 0.0, 'tempo': 0.0, 'advantage': 0.0}, {'n': 2, 'hits': 4.0, 'tempo': 2.165431703749938, 'advantage': -1.8345682962500618}]
13:55:17 INFO    fpl_expert.optimise.joint | joint+deferral: [{'n': 1, 'hits': 0.0, 'tempo': 0.0, 'advantage': 0.0}, {'n': 2, 'hits': 4.0, 'tempo': 1.7670778660852733, 'advantage': -2.2329221339147267}]
13:55:17 INFO    fpl_expert.backtest.season_sim | GW32: playing triple_captain (best available (10.0 vs 9.5 remaining))
13:55:18 INFO    fpl_expert.optimise.joint | joint+deferral: [{'n': 1, 'hits': 0.0, 'tempo': 0.0, 'advantage': 0.0}, {'n': 2, 'hits': 4.0, 'tempo': 4.6511725203660745, 'advantage': 0.6511725203660745}]
13:55:18 INFO    fpl_expert.optimise.joint | joint+deferral: [{'n': 1, 'hits': 0.0, 'tempo': 0.0, 'advantage': 0.0}, {'n': 2, 'hits': 4.0, 'tempo': 2.1990083118344828, 'advantage': -1.8009916881655172}]
13:55:19 INFO    fpl_expert.optimise.joint | joint+deferral: [{'n': 1, 'hits': 0.0, 'tempo': 0.0, 'advantage': 0.0}, {'n': 2, 'hits': 4.0, 'tempo': 1.2808580805564205, 'advantage': -2.7191419194435795}]
13:55:19 INFO    fpl_expert.backtest.season_sim | GW35: playing bench_boost (expiring in 3 gw, best remaining 7.8)
13:55:19 INFO    fpl_expert.optimise.joint | joint+deferral: [{'n': 1, 'hits': 0.0, 'tempo': 0.0, 'advantage': 0.0}, {'n': 2, 'hits': 4.0, 'tempo': 0.5948146466801063, 'advantage': -3.4051853533198937}]
13:55:20 INFO    fpl_expert.optimise.joint | joint+deferral: [{'n': 1, 'hits': 0.0, 'tempo': 0.0, 'advantage': 0.0}, {'n': 2, 'hits': 4.0, 'tempo': -0.8603870446605484, 'advantage': -4.860387044660548}]
13:55:20 INFO    fpl_expert.optimise.joint | joint+deferral: [{'n': 1, 'hits': 0.0, 'tempo': 0.0, 'advantage': 0.0}, {'n': 2, 'hits': 4.0, 'tempo': 1.637658982465382, 'advantage': -2.362341017534618}]
13:55:20 INFO    fpl_expert.backtest.ensemble | joint path 0: 2271
13:55:21 INFO    fpl_expert.optimise.joint | joint+deferral: [{'n': 1, 'hits': 0.0, 'tempo': 0.0, 'advantage': 0.0}, {'n': 2, 'hits': 4.0, 'tempo': 2.5113871572792448, 'advantage': -1.4886128427207552}]
13:55:22 INFO    fpl_expert.optimise.joint | joint+deferral: [{'n': 1, 'hits': 0.0, 'tempo': 0.0, 'advantage': 0.0}, {'n': 2, 'hits': 4.0, 'tempo': 4.967796928371662, 'advantage': 0.9677969283716621}]
13:55:23 INFO    fpl_expert.optimise.joint | joint+deferral: [{'n': 1, 'hits': 0.0, 'tempo': 0.0, 'advantage': 0.0}, {'n': 2, 'hits': 4.0, 'tempo': 0.16936001463832184, 'advantage': -3.830639985361678}]
13:55:24 INFO    fpl_expert.optimise.joint | joint+deferral: [{'n': 1, 'hits': 0.0, 'tempo': 0.0, 'advantage': 0.0}, {'n': 2, 'hits': 4.0, 'tempo': 0.13723533264276, 'advantage': -3.86276466735724}]
13:55:25 INFO    fpl_expert.optimise.joint | joint+deferral: [{'n': 1, 'hits': 0.0, 'tempo': 0.0, 'advantage': 0.0}, {'n': 2, 'hits': 4.0, 'tempo': 0.6492058236076304, 'advantage': -3.3507941763923696}]
13:55:26 INFO    fpl_expert.optimise.joint | joint+deferral: [{'n': 1, 'hits': 0.0, 'tempo': 0.0, 'advantage': 0.0}, {'n': 2, 'hits': 4.0, 'tempo': 0.8629719834509757, 'advantage': -3.1370280165490243}]
13:55:27 INFO    fpl_expert.optimise.joint | joint+deferral: [{'n': 1, 'hits': 0.0, 'tempo': 0.0, 'advantage': 0.0}, {'n': 2, 'hits': 4.0, 'tempo': 2.0045343686934203, 'advantage': -1.9954656313065797}]
13:55:28 INFO    fpl_expert.optimise.joint | joint+deferral: [{'n': 1, 'hits': 0.0, 'tempo': 0.0, 'advantage': 0.0}, {'n': 2, 'hits': 4.0, 'tempo': 0.7076386195621609, 'advantage': -3.292361380437839}]
13:55:29 INFO    fpl_expert.optimise.joint | joint+deferral: [{'n': 1, 'hits': 0.0, 'tempo': 0.0, 'advantage': 0.0}, {'n': 2, 'hits': 4.0, 'tempo': 3.3677053651983044, 'advantage': -0.6322946348016956}]
13:55:30 INFO    fpl_expert.optimise.joint | joint+deferral: [{'n': 1, 'hits': 0.0, 'tempo': 0.0, 'advantage': 0.0}, {'n': 2, 'hits': 4.0, 'tempo': 2.971232596653202, 'advantage': -1.028767403346798}]
13:55:31 INFO    fpl_expert.optimise.joint | joint+deferral: [{'n': 1, 'hits': 0.0, 'tempo': 0.0, 'advantage': 0.0}, {'n': 2, 'hits': 4.0, 'tempo': 1.1872165961080938, 'advantage': -2.812783403891906}]
13:55:32 INFO    fpl_expert.optimise.joint | joint+deferral: [{'n': 1, 'hits': 0.0, 'tempo': 0.0, 'advantage': 0.0}, {'n': 2, 'hits': 4.0, 'tempo': 1.1800608720578296, 'advantage': -2.8199391279421704}]
13:55:32 INFO    fpl_expert.optimise.joint | joint+deferral: [{'n': 1, 'hits': 0.0, 'tempo': 0.0, 'advantage': 0.0}, {'n': 2, 'hits': 4.0, 'tempo': 2.705239611589718, 'advantage': -1.2947603884102818}]
13:55:33 INFO    fpl_expert.optimise.joint | joint+deferral: [{'n': 1, 'hits': 0.0, 'tempo': 0.0, 'advantage': 0.0}, {'n': 2, 'hits': 4.0, 'tempo': 0.7560942331899838, 'advantage': -3.243905766810016}]
13:55:33 INFO    fpl_expert.optimise.joint | joint+deferral: [{'n': 1, 'hits': 0.0, 'tempo': 0.0, 'advantage': 0.0}, {'n': 2, 'hits': 4.0, 'tempo': 1.8059013541340363, 'advantage': -2.1940986458659637}]
13:55:34 INFO    fpl_expert.optimise.joint | joint+deferral: [{'n': 1, 'hits': 0.0, 'tempo': 0.0, 'advantage': 0.0}, {'n': 2, 'hits': 4.0, 'tempo': 0.37964978035530805, 'advantage': -3.620350219644692}]
13:55:35 INFO    fpl_expert.optimise.joint | joint+deferral: [{'n': 1, 'hits': 0.0, 'tempo': 0.0, 'advantage': 0.0}, {'n': 2, 'hits': 4.0, 'tempo': 2.026875298771401, 'advantage': -1.973124701228599}]
13:55:35 INFO    fpl_expert.backtest.season_sim | GW18: playing triple_captain (expiring in 1 gw, best remaining 8.1)
13:55:36 INFO    fpl_expert.optimise.joint | joint+deferral: [{'n': 1, 'hits': 0.0, 'tempo': 0.0, 'advantage': 0.0}, {'n': 2, 'hits': 4.0, 'tempo': 1.0706512774742833, 'advantage': -2.9293487225257167}]
13:55:36 INFO    fpl_expert.backtest.season_sim | GW19: playing bench_boost (final chance before expiry)
13:55:36 INFO    fpl_expert.optimise.joint | joint+deferral: [{'n': 1, 'hits': 0.0, 'tempo': 0.0, 'advantage': 0.0}, {'n': 2, 'hits': 4.0, 'tempo': -0.3135665887678982, 'advantage': -4.313566588767898}]
13:55:37 INFO    fpl_expert.optimise.joint | joint+deferral: [{'n': 1, 'hits': 0.0, 'tempo': 0.0, 'advantage': 0.0}, {'n': 2, 'hits': 4.0, 'tempo': 4.45159187367819, 'advantage': 0.45159187367818987}]
13:55:38 INFO    fpl_expert.optimise.joint | joint+deferral: [{'n': 1, 'hits': 0.0, 'tempo': 0.0, 'advantage': 0.0}, {'n': 2, 'hits': 4.0, 'tempo': -0.18223566380844147, 'advantage': -4.1822356638084415}]
13:55:40 INFO    fpl_expert.optimise.joint | joint+deferral: [{'n': 1, 'hits': 0.0, 'tempo': 0.0, 'advantage': 0.0}, {'n': 2, 'hits': 4.0, 'tempo': 0.9705852032272091, 'advantage': -3.029414796772791}]
13:55:41 INFO    fpl_expert.optimise.joint | joint+deferral: [{'n': 1, 'hits': 0.0, 'tempo': 0.0, 'advantage': 0.0}, {'n': 2, 'hits': 4.0, 'tempo': 0.592477663262784, 'advantage': -3.407522336737216}]
13:55:41 INFO    fpl_expert.optimise.joint | joint+deferral: [{'n': 1, 'hits': 0.0, 'tempo': 0.0, 'advantage': 0.0}, {'n': 2, 'hits': 4.0, 'tempo': 1.413476797287288, 'advantage': -2.586523202712712}]
13:55:42 INFO    fpl_expert.optimise.joint | joint+deferral: [{'n': 1, 'hits': 0.0, 'tempo': 0.0, 'advantage': 0.0}, {'n': 2, 'hits': 4.0, 'tempo': 2.4275526599250625, 'advantage': -1.5724473400749375}]
13:55:43 INFO    fpl_expert.optimise.joint | joint+deferral: [{'n': 1, 'hits': 0.0, 'tempo': 0.0, 'advantage': 0.0}, {'n': 2, 'hits': 4.0, 'tempo': 0.3860726783240338, 'advantage': -3.613927321675966}]
13:55:43 INFO    fpl_expert.optimise.joint | joint+deferral: [{'n': 1, 'hits': 0.0, 'tempo': 0.0, 'advantage': 0.0}, {'n': 2, 'hits': 4.0, 'tempo': 0.06585444484701952, 'advantage': -3.9341455551529805}]
13:55:44 INFO    fpl_expert.optimise.joint | joint+deferral: [{'n': 2, 'hits': 0.0, 'tempo': 0.0, 'advantage': 0.0}]
13:55:44 INFO    fpl_expert.optimise.joint | joint+deferral: [{'n': 1, 'hits': 0.0, 'tempo': 0.0, 'advantage': 0.0}, {'n': 2, 'hits': 4.0, 'tempo': 2.167434575509837, 'advantage': -1.8325654244901628}]
13:55:45 INFO    fpl_expert.optimise.joint | joint+deferral: [{'n': 1, 'hits': 0.0, 'tempo': 0.0, 'advantage': 0.0}, {'n': 2, 'hits': 4.0, 'tempo': 1.770429255351516, 'advantage': -2.229570744648484}]
13:55:45 INFO    fpl_expert.backtest.season_sim | GW32: playing triple_captain (best available (10.0 vs 9.5 remaining))
13:55:46 INFO    fpl_expert.optimise.joint | joint+deferral: [{'n': 1, 'hits': 0.0, 'tempo': 0.0, 'advantage': 0.0}, {'n': 2, 'hits': 4.0, 'tempo': 4.655770475188106, 'advantage': 0.6557704751881062}]
13:55:46 INFO    fpl_expert.optimise.joint | joint+deferral: [{'n': 1, 'hits': 0.0, 'tempo': 0.0, 'advantage': 0.0}, {'n': 2, 'hits': 4.0, 'tempo': 2.2004390710418704, 'advantage': -1.7995609289581296}]
13:55:47 INFO    fpl_expert.optimise.joint | joint+deferral: [{'n': 1, 'hits': 0.0, 'tempo': 0.0, 'advantage': 0.0}, {'n': 2, 'hits': 4.0, 'tempo': 1.2827937792524722, 'advantage': -2.717206220747528}]
13:55:47 INFO    fpl_expert.backtest.season_sim | GW35: playing bench_boost (expiring in 3 gw, best remaining 7.8)
13:55:47 INFO    fpl_expert.optimise.joint | joint+deferral: [{'n': 1, 'hits': 0.0, 'tempo': 0.0, 'advantage': 0.0}, {'n': 2, 'hits': 4.0, 'tempo': 0.5903841282343052, 'advantage': -3.409615871765695}]
13:55:47 INFO    fpl_expert.optimise.joint | joint+deferral: [{'n': 1, 'hits': 0.0, 'tempo': 0.0, 'advantage': 0.0}, {'n': 2, 'hits': 4.0, 'tempo': -0.8649198428466676, 'advantage': -4.864919842846668}]
13:55:48 INFO    fpl_expert.optimise.joint | joint+deferral: [{'n': 1, 'hits': 0.0, 'tempo': 0.0, 'advantage': 0.0}, {'n': 2, 'hits': 4.0, 'tempo': 1.632206928645104, 'advantage': -2.367793071354896}]
13:55:48 INFO    fpl_expert.backtest.ensemble | joint path 1: 2271
13:55:49 INFO    fpl_expert.optimise.joint | joint+deferral: [{'n': 1, 'hits': 0.0, 'tempo': 0.0, 'advantage': 0.0}, {'n': 2, 'hits': 4.0, 'tempo': 2.507614085971028, 'advantage': -1.4923859140289721}]
13:55:50 INFO    fpl_expert.optimise.joint | joint+deferral: [{'n': 1, 'hits': 0.0, 'tempo': 0.0, 'advantage': 0.0}, {'n': 2, 'hits': 4.0, 'tempo': 4.964918358684265, 'advantage': 0.9649183586842653}]
13:55:51 INFO    fpl_expert.optimise.joint | joint+deferral: [{'n': 1, 'hits': 0.0, 'tempo': 0.0, 'advantage': 0.0}, {'n': 2, 'hits': 4.0, 'tempo': 0.17355898962838268, 'advantage': -3.8264410103716173}]
13:55:52 INFO    fpl_expert.optimise.joint | joint+deferral: [{'n': 1, 'hits': 0.0, 'tempo': 0.0, 'advantage': 0.0}, {'n': 2, 'hits': 4.0, 'tempo': 0.12201518569760594, 'advantage': -3.877984814302394}]
13:55:53 INFO    fpl_expert.optimise.joint | joint+deferral: [{'n': 1, 'hits': 0.0, 'tempo': 0.0, 'advantage': 0.0}, {'n': 2, 'hits': 4.0, 'tempo': 0.6351434748579621, 'advantage': -3.364856525142038}]
13:55:54 INFO    fpl_expert.optimise.joint | joint+deferral: [{'n': 1, 'hits': 0.0, 'tempo': 0.0, 'advantage': 0.0}, {'n': 2, 'hits': 4.0, 'tempo': 0.8612050477917705, 'advantage': -3.1387949522082295}]
13:55:55 INFO    fpl_expert.optimise.joint | joint+deferral: [{'n': 1, 'hits': 0.0, 'tempo': 0.0, 'advantage': 0.0}, {'n': 2, 'hits': 4.0, 'tempo': 2.0007493944011614, 'advantage': -1.9992506055988386}]
13:55:56 INFO    fpl_expert.optimise.joint | joint+deferral: [{'n': 1, 'hits': 0.0, 'tempo': 0.0, 'advantage': 0.0}, {'n': 2, 'hits': 4.0, 'tempo': 0.693706889618376, 'advantage': -3.306293110381624}]
13:55:57 INFO    fpl_expert.optimise.joint | joint+deferral: [{'n': 1, 'hits': 0.0, 'tempo': 0.0, 'advantage': 0.0}, {'n': 2, 'hits': 4.0, 'tempo': 3.364118855430476, 'advantage': -0.6358811445695238}]
13:55:57 INFO    fpl_expert.optimise.joint | joint+deferral: [{'n': 1, 'hits': 0.0, 'tempo': 0.0, 'advantage': 0.0}, {'n': 2, 'hits': 4.0, 'tempo': 2.974020397454346, 'advantage': -1.0259796025456538}]
13:55:58 INFO    fpl_expert.optimise.joint | joint+deferral: [{'n': 1, 'hits': 0.0, 'tempo': 0.0, 'advantage': 0.0}, {'n': 2, 'hits': 4.0, 'tempo': 1.1916277102534707, 'advantage': -2.8083722897465293}]
13:55:59 INFO    fpl_expert.optimise.joint | joint+deferral: [{'n': 1, 'hits': 0.0, 'tempo': 0.0, 'advantage': 0.0}, {'n': 2, 'hits': 4.0, 'tempo': 1.1692054423867333, 'advantage': -2.8307945576132667}]
13:56:00 INFO    fpl_expert.optimise.joint | joint+deferral: [{'n': 1, 'hits': 0.0, 'tempo': 0.0, 'advantage': 0.0}, {'n': 2, 'hits': 4.0, 'tempo': 2.7029166627722176, 'advantage': -1.2970833372277824}]
13:56:00 INFO    fpl_expert.optimise.joint | joint+deferral: [{'n': 1, 'hits': 0.0, 'tempo': 0.0, 'advantage': 0.0}, {'n': 2, 'hits': 4.0, 'tempo': 0.7596253306040381, 'advantage': -3.240374669395962}]
13:56:01 INFO    fpl_expert.optimise.joint | joint+deferral: [{'n': 1, 'hits': 0.0, 'tempo': 0.0, 'advantage': 0.0}, {'n': 2, 'hits': 4.0, 'tempo': 1.8002520466895433, 'advantage': -2.1997479533104567}]
13:56:02 INFO    fpl_expert.optimise.joint | joint+deferral: [{'n': 1, 'hits': 0.0, 'tempo': 0.0, 'advantage': 0.0}, {'n': 2, 'hits': 4.0, 'tempo': 0.37455635939495124, 'advantage': -3.6254436406050488}]
13:56:03 INFO    fpl_expert.optimise.joint | joint+deferral: [{'n': 1, 'hits': 0.0, 'tempo': 0.0, 'advantage': 0.0}, {'n': 2, 'hits': 4.0, 'tempo': 2.0168782401285057, 'advantage': -1.9831217598714943}]
13:56:03 INFO    fpl_expert.backtest.season_sim | GW18: playing triple_captain (expiring in 1 gw, best remaining 8.1)
13:56:03 INFO    fpl_expert.optimise.joint | joint+deferral: [{'n': 1, 'hits': 0.0, 'tempo': 0.0, 'advantage': 0.0}, {'n': 2, 'hits': 4.0, 'tempo': 1.0769996473431505, 'advantage': -2.9230003526568495}]
13:56:03 INFO    fpl_expert.backtest.season_sim | GW19: playing bench_boost (final chance before expiry)
13:56:04 INFO    fpl_expert.optimise.joint | joint+deferral: [{'n': 1, 'hits': 0.0, 'tempo': 0.0, 'advantage': 0.0}, {'n': 2, 'hits': 4.0, 'tempo': -0.32805596152596905, 'advantage': -4.328055961525969}]
13:56:05 INFO    fpl_expert.optimise.joint | joint+deferral: [{'n': 1, 'hits': 0.0, 'tempo': 0.0, 'advantage': 0.0}, {'n': 2, 'hits': 4.0, 'tempo': 4.449018700060876, 'advantage': 0.44901870006087563}]
13:56:06 INFO    fpl_expert.optimise.joint | joint+deferral: [{'n': 1, 'hits': 0.0, 'tempo': 0.0, 'advantage': 0.0}, {'n': 2, 'hits': 4.0, 'tempo': -0.1790824802108375, 'advantage': -4.1790824802108375}]
13:56:07 INFO    fpl_expert.optimise.joint | joint+deferral: [{'n': 1, 'hits': 0.0, 'tempo': 0.0, 'advantage': 0.0}, {'n': 2, 'hits': 4.0, 'tempo': 0.9747279367406776, 'advantage': -3.0252720632593224}]
13:56:08 INFO    fpl_expert.optimise.joint | joint+deferral: [{'n': 1, 'hits': 0.0, 'tempo': 0.0, 'advantage': 0.0}, {'n': 2, 'hits': 4.0, 'tempo': 0.6057220987581644, 'advantage': -3.3942779012418356}]
13:56:09 INFO    fpl_expert.optimise.joint | joint+deferral: [{'n': 1, 'hits': 0.0, 'tempo': 0.0, 'advantage': 0.0}, {'n': 2, 'hits': 4.0, 'tempo': 1.4207189846681558, 'advantage': -2.579281015331844}]
13:56:10 INFO    fpl_expert.optimise.joint | joint+deferral: [{'n': 1, 'hits': 0.0, 'tempo': 0.0, 'advantage': 0.0}, {'n': 2, 'hits': 4.0, 'tempo': 2.428281711605784, 'advantage': -1.5717182883942158}]
13:56:10 INFO    fpl_expert.optimise.joint | joint+deferral: [{'n': 1, 'hits': 0.0, 'tempo': 0.0, 'advantage': 0.0}, {'n': 2, 'hits': 4.0, 'tempo': 0.38858709741182196, 'advantage': -3.611412902588178}]
13:56:11 INFO    fpl_expert.optimise.joint | joint+deferral: [{'n': 1, 'hits': 0.0, 'tempo': 0.0, 'advantage': 0.0}, {'n': 2, 'hits': 4.0, 'tempo': 0.06990450732665465, 'advantage': -3.9300954926733453}]
13:56:12 INFO    fpl_expert.optimise.joint | joint+deferral: [{'n': 2, 'hits': 0.0, 'tempo': 0.0, 'advantage': 0.0}]
13:56:12 INFO    fpl_expert.optimise.joint | joint+deferral: [{'n': 1, 'hits': 0.0, 'tempo': 0.0, 'advantage': 0.0}, {'n': 2, 'hits': 4.0, 'tempo': 2.167022520911736, 'advantage': -1.8329774790882638}]
13:56:13 INFO    fpl_expert.optimise.joint | joint+deferral: [{'n': 1, 'hits': 0.0, 'tempo': 0.0, 'advantage': 0.0}, {'n': 2, 'hits': 4.0, 'tempo': 1.7617360640454933, 'advantage': -2.2382639359545067}]
13:56:13 INFO    fpl_expert.backtest.season_sim | GW32: playing triple_captain (best available (10.0 vs 9.5 remaining))
13:56:14 INFO    fpl_expert.optimise.joint | joint+deferral: [{'n': 1, 'hits': 0.0, 'tempo': 0.0, 'advantage': 0.0}, {'n': 2, 'hits': 4.0, 'tempo': 4.650527469246924, 'advantage': 0.6505274692469243}]
13:56:14 INFO    fpl_expert.optimise.joint | joint+deferral: [{'n': 1, 'hits': 0.0, 'tempo': 0.0, 'advantage': 0.0}, {'n': 2, 'hits': 4.0, 'tempo': 2.209930635920088, 'advantage': -1.790069364079912}]
13:56:15 INFO    fpl_expert.optimise.joint | joint+deferral: [{'n': 1, 'hits': 0.0, 'tempo': 0.0, 'advantage': 0.0}, {'n': 2, 'hits': 4.0, 'tempo': 1.2905233135900502, 'advantage': -2.7094766864099498}]
13:56:15 INFO    fpl_expert.backtest.season_sim | GW35: playing bench_boost (expiring in 3 gw, best remaining 7.8)
13:56:15 INFO    fpl_expert.optimise.joint | joint+deferral: [{'n': 1, 'hits': 0.0, 'tempo': 0.0, 'advantage': 0.0}, {'n': 2, 'hits': 4.0, 'tempo': 0.594059764091341, 'advantage': -3.405940235908659}]
13:56:16 INFO    fpl_expert.optimise.joint | joint+deferral: [{'n': 1, 'hits': 0.0, 'tempo': 0.0, 'advantage': 0.0}, {'n': 2, 'hits': 4.0, 'tempo': -0.8497753385273867, 'advantage': -4.849775338527387}]
13:56:16 INFO    fpl_expert.optimise.joint | joint+deferral: [{'n': 1, 'hits': 0.0, 'tempo': 0.0, 'advantage': 0.0}, {'n': 2, 'hits': 4.0, 'tempo': 1.6272104229288402, 'advantage': -2.37278957707116}]
13:56:16 INFO    fpl_expert.backtest.ensemble | joint path 2: 2271
13:56:17 INFO    fpl_expert.optimise.joint | joint+deferral: [{'n': 1, 'hits': 0.0, 'tempo': 0.0, 'advantage': 0.0}, {'n': 2, 'hits': 4.0, 'tempo': 2.5060371957095384, 'advantage': -1.4939628042904616}]
13:56:18 INFO    fpl_expert.optimise.joint | joint+deferral: [{'n': 1, 'hits': 0.0, 'tempo': 0.0, 'advantage': 0.0}, {'n': 2, 'hits': 4.0, 'tempo': 4.927375320555356, 'advantage': 0.9273753205553561}]
13:56:19 INFO    fpl_expert.optimise.joint | joint+deferral: [{'n': 1, 'hits': 0.0, 'tempo': 0.0, 'advantage': 0.0}, {'n': 2, 'hits': 4.0, 'tempo': 0.17445300842148015, 'advantage': -3.82554699157852}]
13:56:20 INFO    fpl_expert.optimise.joint | joint+deferral: [{'n': 1, 'hits': 0.0, 'tempo': 0.0, 'advantage': 0.0}, {'n': 2, 'hits': 4.0, 'tempo': 0.1188805525486174, 'advantage': -3.8811194474513826}]
13:56:21 INFO    fpl_expert.optimise.joint | joint+deferral: [{'n': 1, 'hits': 0.0, 'tempo': 0.0, 'advantage': 0.0}, {'n': 2, 'hits': 4.0, 'tempo': 1.7455718762529742, 'advantage': -2.254428123747026}]
13:56:22 INFO    fpl_expert.optimise.joint | joint+deferral: [{'n': 1, 'hits': 0.0, 'tempo': 0.0, 'advantage': 0.0}, {'n': 2, 'hits': 4.0, 'tempo': 0.837556044139113, 'advantage': -3.162443955860887}]
13:56:23 INFO    fpl_expert.optimise.joint | joint+deferral: [{'n': 1, 'hits': 0.0, 'tempo': 0.0, 'advantage': 0.0}, {'n': 2, 'hits': 4.0, 'tempo': 1.9766239898616504, 'advantage': -2.0233760101383496}]
13:56:24 INFO    fpl_expert.optimise.joint | joint+deferral: [{'n': 1, 'hits': 0.0, 'tempo': 0.0, 'advantage': 0.0}, {'n': 2, 'hits': 4.0, 'tempo': 0.7025777632340819, 'advantage': -3.297422236765918}]
13:56:25 INFO    fpl_expert.optimise.joint | joint+deferral: [{'n': 1, 'hits': 0.0, 'tempo': 0.0, 'advantage': 0.0}, {'n': 2, 'hits': 4.0, 'tempo': 3.3605752906663398, 'advantage': -0.6394247093336602}]
13:56:26 INFO    fpl_expert.optimise.joint | joint+deferral: [{'n': 1, 'hits': 0.0, 'tempo': 0.0, 'advantage': 0.0}, {'n': 2, 'hits': 4.0, 'tempo': 2.9894629728228637, 'advantage': -1.0105370271771363}]
13:56:27 INFO    fpl_expert.optimise.joint | joint+deferral: [{'n': 1, 'hits': 0.0, 'tempo': 0.0, 'advantage': 0.0}, {'n': 2, 'hits': 4.0, 'tempo': 1.191357837054852, 'advantage': -2.808642162945148}]
13:56:27 INFO    fpl_expert.optimise.joint | joint+deferral: [{'n': 1, 'hits': 0.0, 'tempo': 0.0, 'advantage': 0.0}, {'n': 2, 'hits': 4.0, 'tempo': 1.174056134118807, 'advantage': -2.825943865881193}]
13:56:28 INFO    fpl_expert.optimise.joint | joint+deferral: [{'n': 1, 'hits': 0.0, 'tempo': 0.0, 'advantage': 0.0}, {'n': 2, 'hits': 4.0, 'tempo': 2.6910323662773763, 'advantage': -1.3089676337226237}]
13:56:29 INFO    fpl_expert.optimise.joint | joint+deferral: [{'n': 1, 'hits': 0.0, 'tempo': 0.0, 'advantage': 0.0}, {'n': 2, 'hits': 4.0, 'tempo': 0.7535925366429268, 'advantage': -3.246407463357073}]
13:56:29 INFO    fpl_expert.optimise.joint | joint+deferral: [{'n': 1, 'hits': 0.0, 'tempo': 0.0, 'advantage': 0.0}, {'n': 2, 'hits': 4.0, 'tempo': 1.8032790022532552, 'advantage': -2.196720997746745}]
13:56:30 INFO    fpl_expert.optimise.joint | joint+deferral: [{'n': 1, 'hits': 0.0, 'tempo': 0.0, 'advantage': 0.0}, {'n': 2, 'hits': 4.0, 'tempo': 0.3738697218099958, 'advantage': -3.626130278190004}]
13:56:31 INFO    fpl_expert.optimise.joint | joint+deferral: [{'n': 1, 'hits': 0.0, 'tempo': 0.0, 'advantage': 0.0}, {'n': 2, 'hits': 4.0, 'tempo': 2.0214267301485904, 'advantage': -1.9785732698514096}]
13:56:31 INFO    fpl_expert.backtest.season_sim | GW18: playing triple_captain (expiring in 1 gw, best remaining 8.1)
13:56:31 INFO    fpl_expert.optimise.joint | joint+deferral: [{'n': 1, 'hits': 0.0, 'tempo': 0.0, 'advantage': 0.0}, {'n': 2, 'hits': 4.0, 'tempo': 1.0632352549696762, 'advantage': -2.936764745030324}]
13:56:31 INFO    fpl_expert.backtest.season_sim | GW19: playing bench_boost (final chance before expiry)
13:56:32 INFO    fpl_expert.optimise.joint | joint+deferral: [{'n': 1, 'hits': 0.0, 'tempo': 0.0, 'advantage': 0.0}, {'n': 2, 'hits': 4.0, 'tempo': -0.3245259651149439, 'advantage': -4.324525965114944}]
13:56:33 INFO    fpl_expert.optimise.joint | joint+deferral: [{'n': 1, 'hits': 0.0, 'tempo': 0.0, 'advantage': 0.0}, {'n': 2, 'hits': 4.0, 'tempo': 4.476761380073114, 'advantage': 0.4767613800731141}]
13:56:34 INFO    fpl_expert.optimise.joint | joint+deferral: [{'n': 1, 'hits': 0.0, 'tempo': 0.0, 'advantage': 0.0}, {'n': 2, 'hits': 4.0, 'tempo': -0.1835203820982514, 'advantage': -4.183520382098251}]
13:56:35 INFO    fpl_expert.optimise.joint | joint+deferral: [{'n': 1, 'hits': 0.0, 'tempo': 0.0, 'advantage': 0.0}, {'n': 2, 'hits': 4.0, 'tempo': 0.9674367093194434, 'advantage': -3.0325632906805566}]
13:56:36 INFO    fpl_expert.optimise.joint | joint+deferral: [{'n': 1, 'hits': 0.0, 'tempo': 0.0, 'advantage': 0.0}, {'n': 2, 'hits': 4.0, 'tempo': 0.5913056497290796, 'advantage': -3.4086943502709204}]
13:56:37 INFO    fpl_expert.optimise.joint | joint+deferral: [{'n': 1, 'hits': 0.0, 'tempo': 0.0, 'advantage': 0.0}, {'n': 2, 'hits': 4.0, 'tempo': 1.4160269552263003, 'advantage': -2.5839730447736997}]
13:56:38 INFO    fpl_expert.optimise.joint | joint+deferral: [{'n': 1, 'hits': 0.0, 'tempo': 0.0, 'advantage': 0.0}, {'n': 2, 'hits': 4.0, 'tempo': 2.4302302356229006, 'advantage': -1.5697697643770994}]
13:56:39 INFO    fpl_expert.optimise.joint | joint+deferral: [{'n': 1, 'hits': 0.0, 'tempo': 0.0, 'advantage': 0.0}, {'n': 2, 'hits': 4.0, 'tempo': 0.38588722863015334, 'advantage': -3.6141127713698467}]
13:56:40 INFO    fpl_expert.optimise.joint | joint+deferral: [{'n': 1, 'hits': 0.0, 'tempo': 0.0, 'advantage': 0.0}, {'n': 2, 'hits': 4.0, 'tempo': 0.04853004737587696, 'advantage': -3.951469952624123}]
13:56:40 INFO    fpl_expert.optimise.joint | joint+deferral: [{'n': 2, 'hits': 0.0, 'tempo': 0.0, 'advantage': 0.0}]
13:56:40 INFO    fpl_expert.optimise.joint | joint+deferral: [{'n': 1, 'hits': 0.0, 'tempo': 0.0, 'advantage': 0.0}, {'n': 2, 'hits': 4.0, 'tempo': 2.1742411810721762, 'advantage': -1.8257588189278238}]
13:56:41 INFO    fpl_expert.optimise.joint | joint+deferral: [{'n': 1, 'hits': 0.0, 'tempo': 0.0, 'advantage': 0.0}, {'n': 2, 'hits': 4.0, 'tempo': 1.781152175546353, 'advantage': -2.218847824453647}]
13:56:41 INFO    fpl_expert.backtest.season_sim | GW32: playing triple_captain (best available (10.0 vs 9.5 remaining))
13:56:42 INFO    fpl_expert.optimise.joint | joint+deferral: [{'n': 1, 'hits': 0.0, 'tempo': 0.0, 'advantage': 0.0}, {'n': 2, 'hits': 4.0, 'tempo': 4.6526488955138205, 'advantage': 0.6526488955138205}]
13:56:43 INFO    fpl_expert.optimise.joint | joint+deferral: [{'n': 1, 'hits': 0.0, 'tempo': 0.0, 'advantage': 0.0}, {'n': 2, 'hits': 4.0, 'tempo': 2.1982706624782082, 'advantage': -1.8017293375217918}]
13:56:43 INFO    fpl_expert.optimise.joint | joint+deferral: [{'n': 1, 'hits': 0.0, 'tempo': 0.0, 'advantage': 0.0}, {'n': 2, 'hits': 4.0, 'tempo': 1.2807785069312274, 'advantage': -2.7192214930687726}]
13:56:43 INFO    fpl_expert.backtest.season_sim | GW35: playing bench_boost (expiring in 3 gw, best remaining 7.8)
13:56:44 INFO    fpl_expert.optimise.joint | joint+deferral: [{'n': 1, 'hits': 0.0, 'tempo': 0.0, 'advantage': 0.0}, {'n': 2, 'hits': 4.0, 'tempo': 0.5933914604032466, 'advantage': -3.4066085395967534}]
13:56:44 INFO    fpl_expert.optimise.joint | joint+deferral: [{'n': 1, 'hits': 0.0, 'tempo': 0.0, 'advantage': 0.0}, {'n': 2, 'hits': 4.0, 'tempo': -0.8587186779943892, 'advantage': -4.858718677994389}]
13:56:44 INFO    fpl_expert.optimise.joint | joint+deferral: [{'n': 1, 'hits': 0.0, 'tempo': 0.0, 'advantage': 0.0}, {'n': 2, 'hits': 4.0, 'tempo': 1.632066074544312, 'advantage': -2.367933925455688}]
13:56:44 INFO    fpl_expert.backtest.ensemble | joint path 3: 2271
13:56:46 INFO    fpl_expert.optimise.joint | joint+deferral: [{'n': 1, 'hits': 0.0, 'tempo': 0.0, 'advantage': 0.0}, {'n': 2, 'hits': 4.0, 'tempo': 0.251496412491953, 'advantage': -3.748503587508047}]
13:56:47 INFO    fpl_expert.optimise.joint | joint+deferral: [{'n': 1, 'hits': 0.0, 'tempo': 0.0, 'advantage': 0.0}, {'n': 2, 'hits': 4.0, 'tempo': 1.4860456188338773, 'advantage': -2.5139543811661227}]
13:56:48 INFO    fpl_expert.optimise.joint | joint+deferral: [{'n': 1, 'hits': 0.0, 'tempo': 0.0, 'advantage': 0.0}, {'n': 2, 'hits': 4.0, 'tempo': 2.474864959992793, 'advantage': -1.525135040007207}]
13:56:49 INFO    fpl_expert.optimise.joint | joint+deferral: [{'n': 1, 'hits': 0.0, 'tempo': 0.0, 'advantage': 0.0}, {'n': 2, 'hits': 4.0, 'tempo': 1.3633632206154047, 'advantage': -2.6366367793845953}]
13:56:50 INFO    fpl_expert.optimise.joint | joint+deferral: [{'n': 1, 'hits': 0.0, 'tempo': 0.0, 'advantage': 0.0}, {'n': 2, 'hits': 4.0, 'tempo': -1.2254250864043357, 'advantage': -5.225425086404336}]
13:56:52 INFO    fpl_expert.optimise.joint | joint+deferral: [{'n': 1, 'hits': 0.0, 'tempo': 0.0, 'advantage': 0.0}, {'n': 2, 'hits': 4.0, 'tempo': 0.8637332702988587, 'advantage': -3.1362667297011413}]
13:56:53 INFO    fpl_expert.optimise.joint | joint+deferral: [{'n': 1, 'hits': 0.0, 'tempo': 0.0, 'advantage': 0.0}, {'n': 2, 'hits': 4.0, 'tempo': 1.0782521942018093, 'advantage': -2.9217478057981907}]
13:56:54 INFO    fpl_expert.optimise.joint | joint+deferral: [{'n': 1, 'hits': 0.0, 'tempo': 0.0, 'advantage': 0.0}, {'n': 2, 'hits': 4.0, 'tempo': 0.0, 'advantage': -4.0}]
13:56:54 INFO    fpl_expert.optimise.joint | joint+deferral: [{'n': 1, 'hits': 0.0, 'tempo': 0.0, 'advantage': 0.0}, {'n': 2, 'hits': 4.0, 'tempo': 0.0, 'advantage': -4.0}]
13:56:55 INFO    fpl_expert.optimise.joint | joint+deferral: [{'n': 1, 'hits': 0.0, 'tempo': 0.0, 'advantage': 0.0}, {'n': 2, 'hits': 4.0, 'tempo': 1.21011907720019, 'advantage': -2.78988092279981}]
13:56:56 INFO    fpl_expert.optimise.joint | joint+deferral: [{'n': 1, 'hits': 0.0, 'tempo': 0.0, 'advantage': 0.0}, {'n': 2, 'hits': 4.0, 'tempo': -0.09125223441412089, 'advantage': -4.091252234414121}]
13:56:57 INFO    fpl_expert.optimise.joint | joint+deferral: [{'n': 1, 'hits': 0.0, 'tempo': 0.0, 'advantage': 0.0}, {'n': 2, 'hits': 4.0, 'tempo': 1.1668062451269066, 'advantage': -2.8331937548730934}]
13:56:57 INFO    fpl_expert.optimise.joint | joint+deferral: [{'n': 1, 'hits': 0.0, 'tempo': 0.0, 'advantage': 0.0}, {'n': 2, 'hits': 4.0, 'tempo': 1.0808035106215428, 'advantage': -2.919196489378457}]
13:56:58 INFO    fpl_expert.optimise.joint | joint+deferral: [{'n': 1, 'hits': 0.0, 'tempo': 0.0, 'advantage': 0.0}, {'n': 2, 'hits': 4.0, 'tempo': 2.0874678162545734, 'advantage': -1.9125321837454266}]
13:56:59 INFO    fpl_expert.optimise.joint | joint+deferral: [{'n': 1, 'hits': 0.0, 'tempo': 0.0, 'advantage': 0.0}, {'n': 2, 'hits': 4.0, 'tempo': 3.29675536264493, 'advantage': -0.7032446373550698}]
13:57:01 INFO    fpl_expert.optimise.joint | joint+deferral: [{'n': 1, 'hits': 0.0, 'tempo': 0.0, 'advantage': 0.0}, {'n': 2, 'hits': 4.0, 'tempo': 0.7127954676870374, 'advantage': -3.2872045323129626}]
13:57:01 INFO    fpl_expert.backtest.season_sim | GW17: playing bench_boost (expiring in 2 gw, best remaining 6.8)
13:57:02 INFO    fpl_expert.optimise.joint | joint+deferral: [{'n': 1, 'hits': 0.0, 'tempo': 0.0, 'advantage': 0.0}, {'n': 2, 'hits': 4.0, 'tempo': -0.26226928789098736, 'advantage': -4.262269287890987}]
13:57:02 INFO    fpl_expert.backtest.season_sim | GW18: playing triple_captain (expiring in 1 gw, best remaining 8.1)
13:57:03 INFO    fpl_expert.optimise.joint | joint+deferral: [{'n': 1, 'hits': 0.0, 'tempo': 0.0, 'advantage': 0.0}, {'n': 2, 'hits': 4.0, 'tempo': 0.15666783607610313, 'advantage': -3.843332163923897}]
13:57:03 INFO    fpl_expert.optimise.joint | joint+deferral: [{'n': 1, 'hits': 0.0, 'tempo': 0.0, 'advantage': 0.0}, {'n': 2, 'hits': 4.0, 'tempo': 2.054581826717751, 'advantage': -1.945418173282249}]
13:57:04 INFO    fpl_expert.optimise.joint | joint+deferral: [{'n': 1, 'hits': 0.0, 'tempo': 0.0, 'advantage': 0.0}, {'n': 2, 'hits': 4.0, 'tempo': -0.11364106844840904, 'advantage': -4.113641068448409}]
13:57:05 INFO    fpl_expert.optimise.joint | joint+deferral: [{'n': 1, 'hits': 0.0, 'tempo': 0.0, 'advantage': 0.0}, {'n': 2, 'hits': 4.0, 'tempo': 1.2970455236784062, 'advantage': -2.702954476321594}]
13:57:06 INFO    fpl_expert.optimise.joint | joint+deferral: [{'n': 1, 'hits': 0.0, 'tempo': 0.0, 'advantage': 0.0}, {'n': 2, 'hits': 4.0, 'tempo': 0.5518019370999241, 'advantage': -3.448198062900076}]
13:57:06 INFO    fpl_expert.optimise.joint | joint+deferral: [{'n': 1, 'hits': 0.0, 'tempo': 0.0, 'advantage': 0.0}, {'n': 2, 'hits': 4.0, 'tempo': 3.4191643480181995, 'advantage': -0.5808356519818005}]
13:57:08 INFO    fpl_expert.optimise.joint | joint+deferral: [{'n': 1, 'hits': 0.0, 'tempo': 0.0, 'advantage': 0.0}, {'n': 2, 'hits': 4.0, 'tempo': -0.3292697787121881, 'advantage': -4.329269778712188}]
13:57:09 INFO    fpl_expert.optimise.joint | joint+deferral: [{'n': 1, 'hits': 0.0, 'tempo': 0.0, 'advantage': 0.0}, {'n': 2, 'hits': 4.0, 'tempo': 1.2753180051359934, 'advantage': -2.7246819948640066}]
13:57:09 INFO    fpl_expert.optimise.joint | joint+deferral: [{'n': 1, 'hits': 0.0, 'tempo': 0.0, 'advantage': 0.0}, {'n': 2, 'hits': 4.0, 'tempo': 1.0172288799389548, 'advantage': -2.982771120061045}]
13:57:10 INFO    fpl_expert.optimise.joint | joint+deferral: [{'n': 1, 'hits': 0.0, 'tempo': 0.0, 'advantage': 0.0}, {'n': 2, 'hits': 4.0, 'tempo': 1.0545517429120963, 'advantage': -2.9454482570879037}]
13:57:11 INFO    fpl_expert.optimise.joint | joint+deferral: [{'n': 1, 'hits': 0.0, 'tempo': 0.0, 'advantage': 0.0}, {'n': 2, 'hits': 4.0, 'tempo': 0.29640051651367827, 'advantage': -3.7035994834863217}]
13:57:11 INFO    fpl_expert.optimise.joint | joint+deferral: [{'n': 1, 'hits': 0.0, 'tempo': 0.0, 'advantage': 0.0}, {'n': 2, 'hits': 4.0, 'tempo': 1.0723399885066485, 'advantage': -2.9276600114933515}]
13:57:12 INFO    fpl_expert.optimise.joint | joint+deferral: [{'n': 1, 'hits': 0.0, 'tempo': 0.0, 'advantage': 0.0}, {'n': 2, 'hits': 4.0, 'tempo': 1.3801062840698677, 'advantage': -2.6198937159301323}]
13:57:13 INFO    fpl_expert.optimise.joint | joint+deferral: [{'n': 1, 'hits': 0.0, 'tempo': 0.0, 'advantage': 0.0}, {'n': 2, 'hits': 4.0, 'tempo': 4.1264801447464805, 'advantage': 0.1264801447464805}]
13:57:13 INFO    fpl_expert.backtest.season_sim | GW32: playing triple_captain (best available (10.0 vs 10.0 remaining))
13:57:13 INFO    fpl_expert.optimise.joint | joint+deferral: [{'n': 1, 'hits': 0.0, 'tempo': 0.0, 'advantage': 0.0}, {'n': 2, 'hits': 4.0, 'tempo': 4.369726805503589, 'advantage': 0.36972680550358916}]
13:57:14 INFO    fpl_expert.optimise.joint | joint+deferral: [{'n': 2, 'hits': 0.0, 'tempo': 0.0, 'advantage': 0.0}]
13:57:14 INFO    fpl_expert.optimise.joint | joint+deferral: [{'n': 1, 'hits': 0.0, 'tempo': 0.0, 'advantage': 0.0}, {'n': 2, 'hits': 4.0, 'tempo': -0.43084262217675473, 'advantage': -4.430842622176755}]
13:57:14 INFO    fpl_expert.backtest.season_sim | GW36: playing bench_boost (expiring in 2 gw, best remaining 8.4)
13:57:15 INFO    fpl_expert.optimise.joint | joint+deferral: [{'n': 1, 'hits': 0.0, 'tempo': 0.0, 'advantage': 0.0}, {'n': 2, 'hits': 4.0, 'tempo': 1.200466858390591, 'advantage': -2.799533141609409}]
13:57:15 INFO    fpl_expert.optimise.joint | joint+deferral: [{'n': 1, 'hits': 0.0, 'tempo': 0.0, 'advantage': 0.0}, {'n': 2, 'hits': 4.0, 'tempo': 1.861321435081166, 'advantage': -2.138678564918834}]
13:57:15 INFO    fpl_expert.backtest.ensemble | joint path 4: 2288
13:57:16 INFO    fpl_expert.optimise.joint | joint+deferral: [{'n': 1, 'hits': 0.0, 'tempo': 0.0, 'advantage': 0.0}, {'n': 2, 'hits': 4.0, 'tempo': 2.5139546002016644, 'advantage': -1.4860453997983356}]
13:57:17 INFO    fpl_expert.optimise.joint | joint+deferral: [{'n': 1, 'hits': 0.0, 'tempo': 0.0, 'advantage': 0.0}, {'n': 2, 'hits': 4.0, 'tempo': 4.945928648577258, 'advantage': 0.945928648577258}]
13:57:18 INFO    fpl_expert.optimise.joint | joint+deferral: [{'n': 1, 'hits': 0.0, 'tempo': 0.0, 'advantage': 0.0}, {'n': 2, 'hits': 4.0, 'tempo': 0.1728847522083541, 'advantage': -3.827115247791646}]
13:57:19 INFO    fpl_expert.optimise.joint | joint+deferral: [{'n': 1, 'hits': 0.0, 'tempo': 0.0, 'advantage': 0.0}, {'n': 2, 'hits': 4.0, 'tempo': 0.13223333358894962, 'advantage': -3.8677666664110504}]
13:57:21 INFO    fpl_expert.optimise.joint | joint+deferral: [{'n': 1, 'hits': 0.0, 'tempo': 0.0, 'advantage': 0.0}, {'n': 2, 'hits': 4.0, 'tempo': 1.7386455413707864, 'advantage': -2.2613544586292136}]
13:57:21 INFO    fpl_expert.optimise.joint | joint+deferral: [{'n': 1, 'hits': 0.0, 'tempo': 0.0, 'advantage': 0.0}, {'n': 2, 'hits': 4.0, 'tempo': 0.8565428286335859, 'advantage': -3.143457171366414}]
13:57:22 INFO    fpl_expert.optimise.joint | joint+deferral: [{'n': 1, 'hits': 0.0, 'tempo': 0.0, 'advantage': 0.0}, {'n': 2, 'hits': 4.0, 'tempo': 1.9666888213483844, 'advantage': -2.0333111786516156}]
13:57:24 INFO    fpl_expert.optimise.joint | joint+deferral: [{'n': 1, 'hits': 0.0, 'tempo': 0.0, 'advantage': 0.0}, {'n': 2, 'hits': 4.0, 'tempo': 0.7122979790941173, 'advantage': -3.2877020209058827}]
13:57:24 INFO    fpl_expert.optimise.joint | joint+deferral: [{'n': 1, 'hits': 0.0, 'tempo': 0.0, 'advantage': 0.0}, {'n': 2, 'hits': 4.0, 'tempo': 3.3660734125927974, 'advantage': -0.6339265874072026}]
13:57:25 INFO    fpl_expert.optimise.joint | joint+deferral: [{'n': 1, 'hits': 0.0, 'tempo': 0.0, 'advantage': 0.0}, {'n': 2, 'hits': 4.0, 'tempo': 2.988276406107765, 'advantage': -1.0117235938922349}]
13:57:26 INFO    fpl_expert.optimise.joint | joint+deferral: [{'n': 1, 'hits': 0.0, 'tempo': 0.0, 'advantage': 0.0}, {'n': 2, 'hits': 4.0, 'tempo': 1.4041718626606468, 'advantage': -2.5958281373393532}]
13:57:27 INFO    fpl_expert.optimise.joint | joint+deferral: [{'n': 1, 'hits': 0.0, 'tempo': 0.0, 'advantage': 0.0}, {'n': 2, 'hits': 4.0, 'tempo': 0.7868911994180081, 'advantage': -3.213108800581992}]
13:57:27 INFO    fpl_expert.optimise.joint | joint+deferral: [{'n': 1, 'hits': 0.0, 'tempo': 0.0, 'advantage': 0.0}, {'n': 2, 'hits': 4.0, 'tempo': 2.7011719161533705, 'advantage': -1.2988280838466295}]
13:57:28 INFO    fpl_expert.optimise.joint | joint+deferral: [{'n': 1, 'hits': 0.0, 'tempo': 0.0, 'advantage': 0.0}, {'n': 2, 'hits': 4.0, 'tempo': 0.8791630139256483, 'advantage': -3.1208369860743517}]
13:57:29 INFO    fpl_expert.optimise.joint | joint+deferral: [{'n': 1, 'hits': 0.0, 'tempo': 0.0, 'advantage': 0.0}, {'n': 2, 'hits': 4.0, 'tempo': 2.0955675177359367, 'advantage': -1.9044324822640633}]
13:57:30 INFO    fpl_expert.optimise.joint | joint+deferral: [{'n': 1, 'hits': 0.0, 'tempo': 0.0, 'advantage': 0.0}, {'n': 2, 'hits': 4.0, 'tempo': -0.10993159592093349, 'advantage': -4.1099315959209335}]
13:57:30 INFO    fpl_expert.backtest.season_sim | GW17: playing bench_boost (expiring in 2 gw, best remaining 6.8)
13:57:31 INFO    fpl_expert.optimise.joint | joint+deferral: [{'n': 1, 'hits': 0.0, 'tempo': 0.0, 'advantage': 0.0}, {'n': 2, 'hits': 4.0, 'tempo': 1.875368393001608, 'advantage': -2.124631606998392}]
13:57:31 INFO    fpl_expert.backtest.season_sim | GW18: playing triple_captain (expiring in 1 gw, best remaining 8.2)
13:57:32 INFO    fpl_expert.optimise.joint | joint+deferral: [{'n': 1, 'hits': 0.0, 'tempo': 0.0, 'advantage': 0.0}, {'n': 2, 'hits': 4.0, 'tempo': 1.3856144676652207, 'advantage': -2.6143855323347793}]
13:57:32 INFO    fpl_expert.optimise.joint | joint+deferral: [{'n': 1, 'hits': 0.0, 'tempo': 0.0, 'advantage': 0.0}, {'n': 2, 'hits': 4.0, 'tempo': 2.4733352344512483, 'advantage': -1.5266647655487517}]
13:57:33 INFO    fpl_expert.optimise.joint | joint+deferral: [{'n': 1, 'hits': 0.0, 'tempo': 0.0, 'advantage': 0.0}, {'n': 2, 'hits': 4.0, 'tempo': 0.23165380772313426, 'advantage': -3.7683461922768657}]
13:57:34 INFO    fpl_expert.optimise.joint | joint+deferral: [{'n': 1, 'hits': 0.0, 'tempo': 0.0, 'advantage': 0.0}, {'n': 2, 'hits': 4.0, 'tempo': -0.2937988569411232, 'advantage': -4.293798856941123}]
13:57:35 INFO    fpl_expert.optimise.joint | joint+deferral: [{'n': 1, 'hits': 0.0, 'tempo': 0.0, 'advantage': 0.0}, {'n': 2, 'hits': 4.0, 'tempo': 0.9982193098180261, 'advantage': -3.001780690181974}]
13:57:36 INFO    fpl_expert.optimise.joint | joint+deferral: [{'n': 1, 'hits': 0.0, 'tempo': 0.0, 'advantage': 0.0}, {'n': 2, 'hits': 4.0, 'tempo': 1.92413073849022, 'advantage': -2.07586926150978}]
13:57:36 INFO    fpl_expert.optimise.joint | joint+deferral: [{'n': 1, 'hits': 0.0, 'tempo': 0.0, 'advantage': 0.0}, {'n': 2, 'hits': 4.0, 'tempo': 1.4511093213976238, 'advantage': -2.548890678602376}]
13:57:37 INFO    fpl_expert.optimise.joint | joint+deferral: [{'n': 1, 'hits': 0.0, 'tempo': 0.0, 'advantage': 0.0}, {'n': 2, 'hits': 4.0, 'tempo': 2.9788222660768398, 'advantage': -1.0211777339231602}]
13:57:38 INFO    fpl_expert.optimise.joint | joint+deferral: [{'n': 1, 'hits': 0.0, 'tempo': 0.0, 'advantage': 0.0}, {'n': 2, 'hits': 4.0, 'tempo': 1.3499613910371195, 'advantage': -2.6500386089628805}]
13:57:39 INFO    fpl_expert.optimise.joint | joint+deferral: [{'n': 1, 'hits': 0.0, 'tempo': 0.0, 'advantage': 0.0}, {'n': 2, 'hits': 4.0, 'tempo': 0.8713069517756651, 'advantage': -3.128693048224335}]
13:57:39 INFO    fpl_expert.optimise.joint | joint+deferral: [{'n': 1, 'hits': 0.0, 'tempo': 0.0, 'advantage': 0.0}, {'n': 2, 'hits': 4.0, 'tempo': 1.3305683105092996, 'advantage': -2.6694316894907004}]
13:57:40 INFO    fpl_expert.optimise.joint | joint+deferral: [{'n': 1, 'hits': 0.0, 'tempo': 0.0, 'advantage': 0.0}, {'n': 2, 'hits': 4.0, 'tempo': 1.0966575362688644, 'advantage': -2.9033424637311356}]
13:57:40 INFO    fpl_expert.optimise.joint | joint+deferral: [{'n': 1, 'hits': 0.0, 'tempo': 0.0, 'advantage': 0.0}, {'n': 2, 'hits': 4.0, 'tempo': 2.8229343986045095, 'advantage': -1.1770656013954905}]
13:57:41 INFO    fpl_expert.optimise.joint | joint+deferral: [{'n': 1, 'hits': 0.0, 'tempo': 0.0, 'advantage': 0.0}, {'n': 2, 'hits': 4.0, 'tempo': 5.105823919476094, 'advantage': 1.1058239194760944}]
13:57:41 INFO    fpl_expert.backtest.season_sim | GW32: playing triple_captain (best available (10.0 vs 10.0 remaining))
13:57:42 INFO    fpl_expert.optimise.joint | joint+deferral: [{'n': 1, 'hits': 0.0, 'tempo': 0.0, 'advantage': 0.0}, {'n': 2, 'hits': 4.0, 'tempo': 3.364053527763758, 'advantage': -0.6359464722362418}]
13:57:42 INFO    fpl_expert.optimise.joint | joint+deferral: [{'n': 2, 'hits': 0.0, 'tempo': 0.0, 'advantage': 0.0}]
13:57:42 INFO    fpl_expert.backtest.season_sim | GW35: playing bench_boost (expiring in 3 gw, best remaining 7.5)
13:57:42 INFO    fpl_expert.optimise.joint | joint+deferral: [{'n': 1, 'hits': 0.0, 'tempo': 0.0, 'advantage': 0.0}, {'n': 2, 'hits': 4.0, 'tempo': 0.0, 'advantage': -4.0}]
13:57:42 INFO    fpl_expert.optimise.joint | joint+deferral: [{'n': 1, 'hits': 0.0, 'tempo': 0.0, 'advantage': 0.0}, {'n': 2, 'hits': 4.0, 'tempo': 1.207187455824453, 'advantage': -2.792812544175547}]
13:57:43 INFO    fpl_expert.optimise.joint | joint+deferral: [{'n': 1, 'hits': 0.0, 'tempo': 0.0, 'advantage': 0.0}, {'n': 2, 'hits': 4.0, 'tempo': 2.0676405569640295, 'advantage': -1.9323594430359705}]
13:57:43 INFO    fpl_expert.backtest.ensemble | joint path 5: 2266
13:57:44 INFO    fpl_expert.optimise.joint | joint+deferral: [{'n': 1, 'hits': 0.0, 'tempo': 0.0, 'advantage': 0.0}, {'n': 2, 'hits': 4.0, 'tempo': 2.506441501579019, 'advantage': -1.493558498420981}]
13:57:45 INFO    fpl_expert.optimise.joint | joint+deferral: [{'n': 1, 'hits': 0.0, 'tempo': 0.0, 'advantage': 0.0}, {'n': 2, 'hits': 4.0, 'tempo': 4.941632967220251, 'advantage': 0.9416329672202508}]
13:57:46 INFO    fpl_expert.optimise.joint | joint+deferral: [{'n': 1, 'hits': 0.0, 'tempo': 0.0, 'advantage': 0.0}, {'n': 2, 'hits': 4.0, 'tempo': 0.17409189672444825, 'advantage': -3.8259081032755518}]
13:57:47 INFO    fpl_expert.optimise.joint | joint+deferral: [{'n': 1, 'hits': 0.0, 'tempo': 0.0, 'advantage': 0.0}, {'n': 2, 'hits': 4.0, 'tempo': 0.10149002269290719, 'advantage': -3.898509977307093}]
13:57:48 INFO    fpl_expert.optimise.joint | joint+deferral: [{'n': 1, 'hits': 0.0, 'tempo': 0.0, 'advantage': 0.0}, {'n': 2, 'hits': 4.0, 'tempo': 1.7245962737808256, 'advantage': -2.2754037262191744}]
13:57:49 INFO    fpl_expert.optimise.joint | joint+deferral: [{'n': 1, 'hits': 0.0, 'tempo': 0.0, 'advantage': 0.0}, {'n': 2, 'hits': 4.0, 'tempo': 0.849520441324195, 'advantage': -3.150479558675805}]
13:57:50 INFO    fpl_expert.optimise.joint | joint+deferral: [{'n': 1, 'hits': 0.0, 'tempo': 0.0, 'advantage': 0.0}, {'n': 2, 'hits': 4.0, 'tempo': 1.9741908183974388, 'advantage': -2.025809181602561}]
13:57:51 INFO    fpl_expert.optimise.joint | joint+deferral: [{'n': 1, 'hits': 0.0, 'tempo': 0.0, 'advantage': 0.0}, {'n': 2, 'hits': 4.0, 'tempo': 0.7129206733159776, 'advantage': -3.2870793266840224}]
13:57:52 INFO    fpl_expert.optimise.joint | joint+deferral: [{'n': 1, 'hits': 0.0, 'tempo': 0.0, 'advantage': 0.0}, {'n': 2, 'hits': 4.0, 'tempo': 3.3775046930024075, 'advantage': -0.6224953069975925}]
13:57:53 INFO    fpl_expert.optimise.joint | joint+deferral: [{'n': 1, 'hits': 0.0, 'tempo': 0.0, 'advantage': 0.0}, {'n': 2, 'hits': 4.0, 'tempo': 2.9796578880977265, 'advantage': -1.0203421119022735}]
13:57:54 INFO    fpl_expert.optimise.joint | joint+deferral: [{'n': 1, 'hits': 0.0, 'tempo': 0.0, 'advantage': 0.0}, {'n': 2, 'hits': 4.0, 'tempo': 1.2025349786604664, 'advantage': -2.7974650213395336}]
13:57:54 INFO    fpl_expert.optimise.joint | joint+deferral: [{'n': 1, 'hits': 0.0, 'tempo': 0.0, 'advantage': 0.0}, {'n': 2, 'hits': 4.0, 'tempo': 1.1696335680857715, 'advantage': -2.8303664319142285}]
13:57:55 INFO    fpl_expert.optimise.joint | joint+deferral: [{'n': 1, 'hits': 0.0, 'tempo': 0.0, 'advantage': 0.0}, {'n': 2, 'hits': 4.0, 'tempo': 2.694826806144036, 'advantage': -1.305173193855964}]
13:57:56 INFO    fpl_expert.optimise.joint | joint+deferral: [{'n': 1, 'hits': 0.0, 'tempo': 0.0, 'advantage': 0.0}, {'n': 2, 'hits': 4.0, 'tempo': 0.7478463712381469, 'advantage': -3.252153628761853}]
13:57:56 INFO    fpl_expert.optimise.joint | joint+deferral: [{'n': 1, 'hits': 0.0, 'tempo': 0.0, 'advantage': 0.0}, {'n': 2, 'hits': 4.0, 'tempo': 1.8039180008403832, 'advantage': -2.1960819991596168}]
13:57:57 INFO    fpl_expert.optimise.joint | joint+deferral: [{'n': 1, 'hits': 0.0, 'tempo': 0.0, 'advantage': 0.0}, {'n': 2, 'hits': 4.0, 'tempo': 0.37634678609463634, 'advantage': -3.6236532139053637}]
13:57:58 INFO    fpl_expert.optimise.joint | joint+deferral: [{'n': 1, 'hits': 0.0, 'tempo': 0.0, 'advantage': 0.0}, {'n': 2, 'hits': 4.0, 'tempo': 2.0260730451010716, 'advantage': -1.9739269548989284}]
13:57:58 INFO    fpl_expert.backtest.season_sim | GW18: playing triple_captain (expiring in 1 gw, best remaining 8.2)
13:57:59 INFO    fpl_expert.optimise.joint | joint+deferral: [{'n': 1, 'hits': 0.0, 'tempo': 0.0, 'advantage': 0.0}, {'n': 2, 'hits': 4.0, 'tempo': 1.0513989852032708, 'advantage': -2.948601014796729}]
13:57:59 INFO    fpl_expert.backtest.season_sim | GW19: playing bench_boost (final chance before expiry)
13:57:59 INFO    fpl_expert.optimise.joint | joint+deferral: [{'n': 1, 'hits': 0.0, 'tempo': 0.0, 'advantage': 0.0}, {'n': 2, 'hits': 4.0, 'tempo': -0.3136650916762491, 'advantage': -4.313665091676249}]
13:58:00 INFO    fpl_expert.optimise.joint | joint+deferral: [{'n': 1, 'hits': 0.0, 'tempo': 0.0, 'advantage': 0.0}, {'n': 2, 'hits': 4.0, 'tempo': 4.463336221875473, 'advantage': 0.46333622187547263}]
13:58:01 INFO    fpl_expert.optimise.joint | joint+deferral: [{'n': 1, 'hits': 0.0, 'tempo': 0.0, 'advantage': 0.0}, {'n': 2, 'hits': 4.0, 'tempo': -0.16902568969983633, 'advantage': -4.169025689699836}]
13:58:02 INFO    fpl_expert.optimise.joint | joint+deferral: [{'n': 1, 'hits': 0.0, 'tempo': 0.0, 'advantage': 0.0}, {'n': 2, 'hits': 4.0, 'tempo': 0.9971372669667531, 'advantage': -3.002862733033247}]
13:58:03 INFO    fpl_expert.optimise.joint | joint+deferral: [{'n': 1, 'hits': 0.0, 'tempo': 0.0, 'advantage': 0.0}, {'n': 2, 'hits': 4.0, 'tempo': 0.6003456096364346, 'advantage': -3.3996543903635654}]
13:58:04 INFO    fpl_expert.optimise.joint | joint+deferral: [{'n': 1, 'hits': 0.0, 'tempo': 0.0, 'advantage': 0.0}, {'n': 2, 'hits': 4.0, 'tempo': 1.4208624987931984, 'advantage': -2.5791375012068016}]
13:58:05 INFO    fpl_expert.optimise.joint | joint+deferral: [{'n': 1, 'hits': 0.0, 'tempo': 0.0, 'advantage': 0.0}, {'n': 2, 'hits': 4.0, 'tempo': 2.429967251513091, 'advantage': -1.5700327484869092}]
13:58:06 INFO    fpl_expert.optimise.joint | joint+deferral: [{'n': 1, 'hits': 0.0, 'tempo': 0.0, 'advantage': 0.0}, {'n': 2, 'hits': 4.0, 'tempo': 0.37762764808147153, 'advantage': -3.6223723519185285}]
13:58:07 INFO    fpl_expert.optimise.joint | joint+deferral: [{'n': 1, 'hits': 0.0, 'tempo': 0.0, 'advantage': 0.0}, {'n': 2, 'hits': 4.0, 'tempo': 0.05299150438888489, 'advantage': -3.947008495611115}]
13:58:07 INFO    fpl_expert.optimise.joint | joint+deferral: [{'n': 2, 'hits': 0.0, 'tempo': 0.0, 'advantage': 0.0}]
13:58:07 INFO    fpl_expert.optimise.joint | joint+deferral: [{'n': 1, 'hits': 0.0, 'tempo': 0.0, 'advantage': 0.0}, {'n': 2, 'hits': 4.0, 'tempo': 2.1677872551271733, 'advantage': -1.8322127448728267}]
13:58:08 INFO    fpl_expert.optimise.joint | joint+deferral: [{'n': 1, 'hits': 0.0, 'tempo': 0.0, 'advantage': 0.0}, {'n': 2, 'hits': 4.0, 'tempo': 1.7553195212793469, 'advantage': -2.244680478720653}]
13:58:08 INFO    fpl_expert.backtest.season_sim | GW32: playing triple_captain (best available (10.0 vs 9.5 remaining))
13:58:09 INFO    fpl_expert.optimise.joint | joint+deferral: [{'n': 1, 'hits': 0.0, 'tempo': 0.0, 'advantage': 0.0}, {'n': 2, 'hits': 4.0, 'tempo': 4.657975859845465, 'advantage': 0.6579758598454646}]
13:58:10 INFO    fpl_expert.optimise.joint | joint+deferral: [{'n': 1, 'hits': 0.0, 'tempo': 0.0, 'advantage': 0.0}, {'n': 2, 'hits': 4.0, 'tempo': 2.1974291627840827, 'advantage': -1.8025708372159173}]
13:58:10 INFO    fpl_expert.optimise.joint | joint+deferral: [{'n': 1, 'hits': 0.0, 'tempo': 0.0, 'advantage': 0.0}, {'n': 2, 'hits': 4.0, 'tempo': 1.282717730886425, 'advantage': -2.717282269113575}]
13:58:10 INFO    fpl_expert.backtest.season_sim | GW35: playing bench_boost (expiring in 3 gw, best remaining 7.8)
13:58:11 INFO    fpl_expert.optimise.joint | joint+deferral: [{'n': 1, 'hits': 0.0, 'tempo': 0.0, 'advantage': 0.0}, {'n': 2, 'hits': 4.0, 'tempo': 0.5878190909696812, 'advantage': -3.412180909030319}]
13:58:11 INFO    fpl_expert.optimise.joint | joint+deferral: [{'n': 1, 'hits': 0.0, 'tempo': 0.0, 'advantage': 0.0}, {'n': 2, 'hits': 4.0, 'tempo': -0.8548136389175198, 'advantage': -4.85481363891752}]
13:58:11 INFO    fpl_expert.optimise.joint | joint+deferral: [{'n': 1, 'hits': 0.0, 'tempo': 0.0, 'advantage': 0.0}, {'n': 2, 'hits': 4.0, 'tempo': 1.6218947454681327, 'advantage': -2.3781052545318673}]
13:58:11 INFO    fpl_expert.backtest.ensemble | joint path 6: 2271
13:58:12 INFO    fpl_expert.optimise.joint | joint+deferral: [{'n': 1, 'hits': 0.0, 'tempo': 0.0, 'advantage': 0.0}, {'n': 2, 'hits': 4.0, 'tempo': 2.509995964300053, 'advantage': -1.4900040356999469}]
13:58:13 INFO    fpl_expert.optimise.joint | joint+deferral: [{'n': 1, 'hits': 0.0, 'tempo': 0.0, 'advantage': 0.0}, {'n': 2, 'hits': 4.0, 'tempo': 4.939674986210392, 'advantage': 0.9396749862103917}]
13:58:14 INFO    fpl_expert.optimise.joint | joint+deferral: [{'n': 1, 'hits': 0.0, 'tempo': 0.0, 'advantage': 0.0}, {'n': 2, 'hits': 4.0, 'tempo': 0.17327125748010985, 'advantage': -3.82672874251989}]
13:58:15 INFO    fpl_expert.optimise.joint | joint+deferral: [{'n': 1, 'hits': 0.0, 'tempo': 0.0, 'advantage': 0.0}, {'n': 2, 'hits': 4.0, 'tempo': 0.12555333398790225, 'advantage': -3.8744466660120978}]
13:58:16 INFO    fpl_expert.optimise.joint | joint+deferral: [{'n': 1, 'hits': 0.0, 'tempo': 0.0, 'advantage': 0.0}, {'n': 2, 'hits': 4.0, 'tempo': 1.7272713319070476, 'advantage': -2.2727286680929524}]
13:58:17 INFO    fpl_expert.optimise.joint | joint+deferral: [{'n': 1, 'hits': 0.0, 'tempo': 0.0, 'advantage': 0.0}, {'n': 2, 'hits': 4.0, 'tempo': 0.8786601230327094, 'advantage': -3.1213398769672906}]
13:58:18 INFO    fpl_expert.optimise.joint | joint+deferral: [{'n': 1, 'hits': 0.0, 'tempo': 0.0, 'advantage': 0.0}, {'n': 2, 'hits': 4.0, 'tempo': 2.021521888813851, 'advantage': -1.9784781111861491}]
13:58:19 INFO    fpl_expert.optimise.joint | joint+deferral: [{'n': 1, 'hits': 0.0, 'tempo': 0.0, 'advantage': 0.0}, {'n': 2, 'hits': 4.0, 'tempo': 0.7165373748286257, 'advantage': -3.2834626251713743}]
13:58:20 INFO    fpl_expert.optimise.joint | joint+deferral: [{'n': 1, 'hits': 0.0, 'tempo': 0.0, 'advantage': 0.0}, {'n': 2, 'hits': 4.0, 'tempo': 3.3655946927564315, 'advantage': -0.6344053072435685}]
13:58:21 INFO    fpl_expert.optimise.joint | joint+deferral: [{'n': 1, 'hits': 0.0, 'tempo': 0.0, 'advantage': 0.0}, {'n': 2, 'hits': 4.0, 'tempo': 2.9648963001256234, 'advantage': -1.0351036998743766}]
13:58:22 INFO    fpl_expert.optimise.joint | joint+deferral: [{'n': 1, 'hits': 0.0, 'tempo': 0.0, 'advantage': 0.0}, {'n': 2, 'hits': 4.0, 'tempo': 1.19300915894744, 'advantage': -2.80699084105256}]
13:58:22 INFO    fpl_expert.optimise.joint | joint+deferral: [{'n': 1, 'hits': 0.0, 'tempo': 0.0, 'advantage': 0.0}, {'n': 2, 'hits': 4.0, 'tempo': 1.1748669060535093, 'advantage': -2.8251330939464907}]
13:58:23 INFO    fpl_expert.optimise.joint | joint+deferral: [{'n': 1, 'hits': 0.0, 'tempo': 0.0, 'advantage': 0.0}, {'n': 2, 'hits': 4.0, 'tempo': 2.702358909845053, 'advantage': -1.297641090154947}]
13:58:24 INFO    fpl_expert.optimise.joint | joint+deferral: [{'n': 1, 'hits': 0.0, 'tempo': 0.0, 'advantage': 0.0}, {'n': 2, 'hits': 4.0, 'tempo': 0.7606892936544227, 'advantage': -3.2393107063455773}]
13:58:25 INFO    fpl_expert.optimise.joint | joint+deferral: [{'n': 1, 'hits': 0.0, 'tempo': 0.0, 'advantage': 0.0}, {'n': 2, 'hits': 4.0, 'tempo': 1.803387450726369, 'advantage': -2.196612549273631}]
13:58:26 INFO    fpl_expert.optimise.joint | joint+deferral: [{'n': 1, 'hits': 0.0, 'tempo': 0.0, 'advantage': 0.0}, {'n': 2, 'hits': 4.0, 'tempo': 0.3766257406326403, 'advantage': -3.6233742593673597}]
13:58:26 INFO    fpl_expert.optimise.joint | joint+deferral: [{'n': 1, 'hits': 0.0, 'tempo': 0.0, 'advantage': 0.0}, {'n': 2, 'hits': 4.0, 'tempo': 2.0056335473694418, 'advantage': -1.9943664526305582}]
13:58:26 INFO    fpl_expert.backtest.season_sim | GW18: playing triple_captain (expiring in 1 gw, best remaining 8.2)
13:58:27 INFO    fpl_expert.optimise.joint | joint+deferral: [{'n': 1, 'hits': 0.0, 'tempo': 0.0, 'advantage': 0.0}, {'n': 2, 'hits': 4.0, 'tempo': 1.0651831704502825, 'advantage': -2.9348168295497175}]
13:58:27 INFO    fpl_expert.backtest.season_sim | GW19: playing bench_boost (final chance before expiry)
13:58:27 INFO    fpl_expert.optimise.joint | joint+deferral: [{'n': 1, 'hits': 0.0, 'tempo': 0.0, 'advantage': 0.0}, {'n': 2, 'hits': 4.0, 'tempo': -0.31717828481596655, 'advantage': -4.3171782848159665}]
13:58:28 INFO    fpl_expert.optimise.joint | joint+deferral: [{'n': 1, 'hits': 0.0, 'tempo': 0.0, 'advantage': 0.0}, {'n': 2, 'hits': 4.0, 'tempo': 4.4602054933298305, 'advantage': 0.4602054933298305}]
13:58:29 INFO    fpl_expert.optimise.joint | joint+deferral: [{'n': 1, 'hits': 0.0, 'tempo': 0.0, 'advantage': 0.0}, {'n': 2, 'hits': 4.0, 'tempo': -0.16919636173433616, 'advantage': -4.169196361734336}]
13:58:30 INFO    fpl_expert.optimise.joint | joint+deferral: [{'n': 1, 'hits': 0.0, 'tempo': 0.0, 'advantage': 0.0}, {'n': 2, 'hits': 4.0, 'tempo': 0.9762844958470964, 'advantage': -3.0237155041529036}]
13:58:31 INFO    fpl_expert.optimise.joint | joint+deferral: [{'n': 1, 'hits': 0.0, 'tempo': 0.0, 'advantage': 0.0}, {'n': 2, 'hits': 4.0, 'tempo': 0.6188018350091795, 'advantage': -3.3811981649908205}]
13:58:32 INFO    fpl_expert.optimise.joint | joint+deferral: [{'n': 1, 'hits': 0.0, 'tempo': 0.0, 'advantage': 0.0}, {'n': 2, 'hits': 4.0, 'tempo': 1.4151438372886673, 'advantage': -2.5848561627113327}]
13:58:33 INFO    fpl_expert.optimise.joint | joint+deferral: [{'n': 1, 'hits': 0.0, 'tempo': 0.0, 'advantage': 0.0}, {'n': 2, 'hits': 4.0, 'tempo': 2.4315453765959916, 'advantage': -1.5684546234040084}]
13:58:34 INFO    fpl_expert.optimise.joint | joint+deferral: [{'n': 1, 'hits': 0.0, 'tempo': 0.0, 'advantage': 0.0}, {'n': 2, 'hits': 4.0, 'tempo': 0.3827550742716639, 'advantage': -3.617244925728336}]
13:58:34 INFO    fpl_expert.optimise.joint | joint+deferral: [{'n': 1, 'hits': 0.0, 'tempo': 0.0, 'advantage': 0.0}, {'n': 2, 'hits': 4.0, 'tempo': 0.053003934696263855, 'advantage': -3.946996065303736}]
13:58:35 INFO    fpl_expert.optimise.joint | joint+deferral: [{'n': 2, 'hits': 0.0, 'tempo': 0.0, 'advantage': 0.0}]
13:58:35 INFO    fpl_expert.optimise.joint | joint+deferral: [{'n': 1, 'hits': 0.0, 'tempo': 0.0, 'advantage': 0.0}, {'n': 2, 'hits': 4.0, 'tempo': 2.1643803969961226, 'advantage': -1.8356196030038774}]
13:58:36 INFO    fpl_expert.optimise.joint | joint+deferral: [{'n': 1, 'hits': 0.0, 'tempo': 0.0, 'advantage': 0.0}, {'n': 2, 'hits': 4.0, 'tempo': 1.755785565442963, 'advantage': -2.244214434557037}]
13:58:36 INFO    fpl_expert.backtest.season_sim | GW32: playing triple_captain (best available (10.0 vs 9.5 remaining))
13:58:37 INFO    fpl_expert.optimise.joint | joint+deferral: [{'n': 1, 'hits': 0.0, 'tempo': 0.0, 'advantage': 0.0}, {'n': 2, 'hits': 4.0, 'tempo': 4.653616058956786, 'advantage': 0.6536160589567857}]
13:58:37 INFO    fpl_expert.optimise.joint | joint+deferral: [{'n': 1, 'hits': 0.0, 'tempo': 0.0, 'advantage': 0.0}, {'n': 2, 'hits': 4.0, 'tempo': 2.2002928790572085, 'advantage': -1.7997071209427915}]
13:58:38 INFO    fpl_expert.optimise.joint | joint+deferral: [{'n': 1, 'hits': 0.0, 'tempo': 0.0, 'advantage': 0.0}, {'n': 2, 'hits': 4.0, 'tempo': 1.287548417870319, 'advantage': -2.712451582129681}]
13:58:38 INFO    fpl_expert.backtest.season_sim | GW35: playing bench_boost (expiring in 3 gw, best remaining 7.8)
13:58:38 INFO    fpl_expert.optimise.joint | joint+deferral: [{'n': 1, 'hits': 0.0, 'tempo': 0.0, 'advantage': 0.0}, {'n': 2, 'hits': 4.0, 'tempo': 0.5928331389945996, 'advantage': -3.4071668610054004}]
13:58:39 INFO    fpl_expert.optimise.joint | joint+deferral: [{'n': 1, 'hits': 0.0, 'tempo': 0.0, 'advantage': 0.0}, {'n': 2, 'hits': 4.0, 'tempo': -0.851482774354622, 'advantage': -4.851482774354622}]
13:58:39 INFO    fpl_expert.optimise.joint | joint+deferral: [{'n': 1, 'hits': 0.0, 'tempo': 0.0, 'advantage': 0.0}, {'n': 2, 'hits': 4.0, 'tempo': 1.6323156518655253, 'advantage': -2.3676843481344747}]
13:58:39 INFO    fpl_expert.backtest.ensemble | joint path 7: 2271
13:58:41 INFO    fpl_expert.optimise.joint | joint+deferral: [{'n': 1, 'hits': 0.0, 'tempo': 0.0, 'advantage': 0.0}, {'n': 2, 'hits': 4.0, 'tempo': 0.23546641072381647, 'advantage': -3.7645335892761835}]
13:58:42 INFO    fpl_expert.optimise.joint | joint+deferral: [{'n': 1, 'hits': 0.0, 'tempo': 0.0, 'advantage': 0.0}, {'n': 2, 'hits': 4.0, 'tempo': 1.4722164959707769, 'advantage': -2.527783504029223}]
13:58:42 INFO    fpl_expert.optimise.joint | joint+deferral: [{'n': 1, 'hits': 0.0, 'tempo': 0.0, 'advantage': 0.0}, {'n': 2, 'hits': 4.0, 'tempo': 2.478465738193904, 'advantage': -1.5215342618060959}]
13:58:43 INFO    fpl_expert.optimise.joint | joint+deferral: [{'n': 1, 'hits': 0.0, 'tempo': 0.0, 'advantage': 0.0}, {'n': 2, 'hits': 4.0, 'tempo': 1.3649103023191032, 'advantage': -2.635089697680897}]
13:58:45 INFO    fpl_expert.optimise.joint | joint+deferral: [{'n': 1, 'hits': 0.0, 'tempo': 0.0, 'advantage': 0.0}, {'n': 2, 'hits': 4.0, 'tempo': -1.2516233030680581, 'advantage': -5.251623303068058}]
13:58:46 INFO    fpl_expert.optimise.joint | joint+deferral: [{'n': 1, 'hits': 0.0, 'tempo': 0.0, 'advantage': 0.0}, {'n': 2, 'hits': 4.0, 'tempo': 0.858446332801627, 'advantage': -3.141553667198373}]
13:58:47 INFO    fpl_expert.optimise.joint | joint+deferral: [{'n': 1, 'hits': 0.0, 'tempo': 0.0, 'advantage': 0.0}, {'n': 2, 'hits': 4.0, 'tempo': 1.069419091356366, 'advantage': -2.930580908643634}]
13:58:48 INFO    fpl_expert.optimise.joint | joint+deferral: [{'n': 1, 'hits': 0.0, 'tempo': 0.0, 'advantage': 0.0}, {'n': 2, 'hits': 4.0, 'tempo': 0.0, 'advantage': -4.0}]
13:58:49 INFO    fpl_expert.optimise.joint | joint+deferral: [{'n': 1, 'hits': 0.0, 'tempo': 0.0, 'advantage': 0.0}, {'n': 2, 'hits': 4.0, 'tempo': 0.0, 'advantage': -4.0}]
13:58:50 INFO    fpl_expert.optimise.joint | joint+deferral: [{'n': 1, 'hits': 0.0, 'tempo': 0.0, 'advantage': 0.0}, {'n': 2, 'hits': 4.0, 'tempo': 1.2133687465782828, 'advantage': -2.7866312534217172}]
13:58:50 INFO    fpl_expert.optimise.joint | joint+deferral: [{'n': 1, 'hits': 0.0, 'tempo': 0.0, 'advantage': 0.0}, {'n': 2, 'hits': 4.0, 'tempo': 1.4158823486001424, 'advantage': -2.5841176513998576}]
13:58:51 INFO    fpl_expert.optimise.joint | joint+deferral: [{'n': 1, 'hits': 0.0, 'tempo': 0.0, 'advantage': 0.0}, {'n': 2, 'hits': 4.0, 'tempo': 1.172614364444648, 'advantage': -2.827385635555352}]
13:58:52 INFO    fpl_expert.optimise.joint | joint+deferral: [{'n': 1, 'hits': 0.0, 'tempo': 0.0, 'advantage': 0.0}, {'n': 2, 'hits': 4.0, 'tempo': 1.310545753654253, 'advantage': -2.689454246345747}]
13:58:53 INFO    fpl_expert.optimise.joint | joint+deferral: [{'n': 1, 'hits': 0.0, 'tempo': 0.0, 'advantage': 0.0}, {'n': 2, 'hits': 4.0, 'tempo': 2.0801178975258594, 'advantage': -1.9198821024741406}]
13:58:54 INFO    fpl_expert.optimise.joint | joint+deferral: [{'n': 1, 'hits': 0.0, 'tempo': 0.0, 'advantage': 0.0}, {'n': 2, 'hits': 4.0, 'tempo': 2.360519024959217, 'advantage': -1.639480975040783}]
13:58:54 INFO    fpl_expert.backtest.season_sim | GW16: playing bench_boost (expiring in 3 gw, best remaining 7.4)
13:58:56 INFO    fpl_expert.optimise.joint | joint+deferral: [{'n': 1, 'hits': 0.0, 'tempo': 0.0, 'advantage': 0.0}, {'n': 2, 'hits': 4.0, 'tempo': 0.6374415199723202, 'advantage': -3.3625584800276798}]
13:58:56 INFO    fpl_expert.optimise.joint | joint+deferral: [{'n': 1, 'hits': 0.0, 'tempo': 0.0, 'advantage': 0.0}, {'n': 2, 'hits': 4.0, 'tempo': 1.5888150188041834, 'advantage': -2.4111849811958166}]
13:58:56 INFO    fpl_expert.backtest.season_sim | GW18: playing triple_captain (expiring in 1 gw, best remaining 8.1)
13:58:57 INFO    fpl_expert.optimise.joint | joint+deferral: [{'n': 1, 'hits': 0.0, 'tempo': 0.0, 'advantage': 0.0}, {'n': 2, 'hits': 4.0, 'tempo': 0.7968490985330874, 'advantage': -3.2031509014669126}]
13:58:58 INFO    fpl_expert.optimise.joint | joint+deferral: [{'n': 1, 'hits': 0.0, 'tempo': 0.0, 'advantage': 0.0}, {'n': 2, 'hits': 4.0, 'tempo': 1.793007597122454, 'advantage': -2.206992402877546}]
13:58:59 INFO    fpl_expert.optimise.joint | joint+deferral: [{'n': 1, 'hits': 0.0, 'tempo': 0.0, 'advantage': 0.0}, {'n': 2, 'hits': 4.0, 'tempo': 2.76536805828907, 'advantage': -1.23463194171093}]
13:59:00 INFO    fpl_expert.optimise.joint | joint+deferral: [{'n': 1, 'hits': 0.0, 'tempo': 0.0, 'advantage': 0.0}, {'n': 2, 'hits': 4.0, 'tempo': 0.8925229977893849, 'advantage': -3.107477002210615}]
13:59:01 INFO    fpl_expert.optimise.joint | joint+deferral: [{'n': 1, 'hits': 0.0, 'tempo': 0.0, 'advantage': 0.0}, {'n': 2, 'hits': 4.0, 'tempo': 0.7164151828693548, 'advantage': -3.283584817130645}]
13:59:01 INFO    fpl_expert.optimise.joint | joint+deferral: [{'n': 1, 'hits': 0.0, 'tempo': 0.0, 'advantage': 0.0}, {'n': 2, 'hits': 4.0, 'tempo': 0.4036620096155019, 'advantage': -3.596337990384498}]
13:59:02 INFO    fpl_expert.optimise.joint | joint+deferral: [{'n': 1, 'hits': 0.0, 'tempo': 0.0, 'advantage': 0.0}, {'n': 2, 'hits': 4.0, 'tempo': 2.267161946186718, 'advantage': -1.732838053813282}]
13:59:03 INFO    fpl_expert.optimise.joint | joint+deferral: [{'n': 1, 'hits': 0.0, 'tempo': 0.0, 'advantage': 0.0}, {'n': 2, 'hits': 4.0, 'tempo': 1.5170256796941288, 'advantage': -2.482974320305871}]
13:59:03 INFO    fpl_expert.optimise.joint | joint+deferral: [{'n': 1, 'hits': 0.0, 'tempo': 0.0, 'advantage': 0.0}, {'n': 2, 'hits': 4.0, 'tempo': 0.809326811419524, 'advantage': -3.190673188580476}]
13:59:04 INFO    fpl_expert.optimise.joint | joint+deferral: [{'n': 1, 'hits': 0.0, 'tempo': 0.0, 'advantage': 0.0}, {'n': 2, 'hits': 4.0, 'tempo': 0.5755000266365329, 'advantage': -3.424499973363467}]
13:59:04 INFO    fpl_expert.optimise.joint | joint+deferral: [{'n': 1, 'hits': 0.0, 'tempo': 0.0, 'advantage': 0.0}, {'n': 2, 'hits': 4.0, 'tempo': 1.4552923601709935, 'advantage': -2.5447076398290065}]
13:59:05 INFO    fpl_expert.optimise.joint | joint+deferral: [{'n': 1, 'hits': 0.0, 'tempo': 0.0, 'advantage': 0.0}, {'n': 2, 'hits': 4.0, 'tempo': -0.34929352836049077, 'advantage': -4.349293528360491}]
13:59:06 INFO    fpl_expert.optimise.joint | joint+deferral: [{'n': 1, 'hits': 0.0, 'tempo': 0.0, 'advantage': 0.0}, {'n': 2, 'hits': 4.0, 'tempo': 2.277135866983315, 'advantage': -1.7228641330166852}]
13:59:07 INFO    fpl_expert.optimise.joint | joint+deferral: [{'n': 1, 'hits': 0.0, 'tempo': 0.0, 'advantage': 0.0}, {'n': 2, 'hits': 4.0, 'tempo': 2.950389167749023, 'advantage': -1.049610832250977}]
13:59:07 INFO    fpl_expert.optimise.joint | joint+deferral: [{'n': 1, 'hits': 0.0, 'tempo': 0.0, 'advantage': 0.0}, {'n': 2, 'hits': 4.0, 'tempo': 0.0, 'advantage': -4.0}]
13:59:07 INFO    fpl_expert.backtest.season_sim | GW33: playing triple_captain (best available (9.5 vs 9.2 remaining))
13:59:08 INFO    fpl_expert.optimise.joint | joint+deferral: [{'n': 1, 'hits': 0.0, 'tempo': 0.0, 'advantage': 0.0}, {'n': 2, 'hits': 4.0, 'tempo': 0.11782300672990687, 'advantage': -3.882176993270093}]
13:59:08 INFO    fpl_expert.optimise.joint | joint+deferral: [{'n': 1, 'hits': 0.0, 'tempo': 0.0, 'advantage': 0.0}, {'n': 2, 'hits': 4.0, 'tempo': 0.734845182011874, 'advantage': -3.265154817988126}]
13:59:09 INFO    fpl_expert.optimise.joint | joint+deferral: [{'n': 1, 'hits': 0.0, 'tempo': 0.0, 'advantage': 0.0}, {'n': 2, 'hits': 4.0, 'tempo': 2.039297980495988, 'advantage': -1.9607020195040121}]
13:59:09 INFO    fpl_expert.optimise.joint | joint+deferral: [{'n': 1, 'hits': 0.0, 'tempo': 0.0, 'advantage': 0.0}, {'n': 2, 'hits': 4.0, 'tempo': 3.099052858253721, 'advantage': -0.9009471417462791}]
13:59:09 INFO    fpl_expert.optimise.joint | joint+deferral: [{'n': 1, 'hits': 0.0, 'tempo': 0.0, 'advantage': 0.0}, {'n': 2, 'hits': 4.0, 'tempo': 1.6557966916737143, 'advantage': -2.3442033083262857}]
13:59:09 INFO    fpl_expert.backtest.season_sim | GW38: playing bench_boost (final chance before expiry)
13:59:09 INFO    fpl_expert.backtest.ensemble | joint path 8: 2385
13:59:11 INFO    fpl_expert.optimise.joint | joint+deferral: [{'n': 1, 'hits': 0.0, 'tempo': 0.0, 'advantage': 0.0}, {'n': 2, 'hits': 4.0, 'tempo': 2.5140632364643807, 'advantage': -1.4859367635356193}]
13:59:12 INFO    fpl_expert.optimise.joint | joint+deferral: [{'n': 1, 'hits': 0.0, 'tempo': 0.0, 'advantage': 0.0}, {'n': 2, 'hits': 4.0, 'tempo': 4.969377729275543, 'advantage': 0.9693777292755428}]
13:59:13 INFO    fpl_expert.optimise.joint | joint+deferral: [{'n': 1, 'hits': 0.0, 'tempo': 0.0, 'advantage': 0.0}, {'n': 2, 'hits': 4.0, 'tempo': 0.16792214497587565, 'advantage': -3.8320778550241243}]
13:59:14 INFO    fpl_expert.optimise.joint | joint+deferral: [{'n': 1, 'hits': 0.0, 'tempo': 0.0, 'advantage': 0.0}, {'n': 2, 'hits': 4.0, 'tempo': 0.11747670318231229, 'advantage': -3.8825232968176877}]
13:59:15 INFO    fpl_expert.optimise.joint | joint+deferral: [{'n': 1, 'hits': 0.0, 'tempo': 0.0, 'advantage': 0.0}, {'n': 2, 'hits': 4.0, 'tempo': 1.7218489734903102, 'advantage': -2.27815102650969}]
13:59:16 INFO    fpl_expert.optimise.joint | joint+deferral: [{'n': 1, 'hits': 0.0, 'tempo': 0.0, 'advantage': 0.0}, {'n': 2, 'hits': 4.0, 'tempo': 0.8231983356763521, 'advantage': -3.176801664323648}]
13:59:17 INFO    fpl_expert.optimise.joint | joint+deferral: [{'n': 1, 'hits': 0.0, 'tempo': 0.0, 'advantage': 0.0}, {'n': 2, 'hits': 4.0, 'tempo': 1.9752499257891714, 'advantage': -2.0247500742108286}]
13:59:19 INFO    fpl_expert.optimise.joint | joint+deferral: [{'n': 1, 'hits': 0.0, 'tempo': 0.0, 'advantage': 0.0}, {'n': 2, 'hits': 4.0, 'tempo': 0.718353264293107, 'advantage': -3.281646735706893}]
13:59:19 INFO    fpl_expert.optimise.joint | joint+deferral: [{'n': 1, 'hits': 0.0, 'tempo': 0.0, 'advantage': 0.0}, {'n': 2, 'hits': 4.0, 'tempo': 3.3769809127440453, 'advantage': -0.6230190872559547}]
13:59:20 INFO    fpl_expert.optimise.joint | joint+deferral: [{'n': 1, 'hits': 0.0, 'tempo': 0.0, 'advantage': 0.0}, {'n': 2, 'hits': 4.0, 'tempo': 2.983288826601317, 'advantage': -1.0167111733986829}]
13:59:22 INFO    fpl_expert.optimise.joint | joint+deferral: [{'n': 1, 'hits': 0.0, 'tempo': 0.0, 'advantage': 0.0}, {'n': 2, 'hits': 4.0, 'tempo': 1.206080071473771, 'advantage': -2.793919928526229}]
13:59:22 INFO    fpl_expert.optimise.joint | joint+deferral: [{'n': 1, 'hits': 0.0, 'tempo': 0.0, 'advantage': 0.0}, {'n': 2, 'hits': 4.0, 'tempo': 1.174955525377662, 'advantage': -2.825044474622338}]
13:59:23 INFO    fpl_expert.optimise.joint | joint+deferral: [{'n': 1, 'hits': 0.0, 'tempo': 0.0, 'advantage': 0.0}, {'n': 2, 'hits': 4.0, 'tempo': 2.6971696316039413, 'advantage': -1.3028303683960587}]
13:59:24 INFO    fpl_expert.optimise.joint | joint+deferral: [{'n': 1, 'hits': 0.0, 'tempo': 0.0, 'advantage': 0.0}, {'n': 2, 'hits': 4.0, 'tempo': 0.7566157145700885, 'advantage': -3.2433842854299115}]
13:59:24 INFO    fpl_expert.optimise.joint | joint+deferral: [{'n': 1, 'hits': 0.0, 'tempo': 0.0, 'advantage': 0.0}, {'n': 2, 'hits': 4.0, 'tempo': 1.7972251182973622, 'advantage': -2.202774881702638}]
13:59:26 INFO    fpl_expert.optimise.joint | joint+deferral: [{'n': 1, 'hits': 0.0, 'tempo': 0.0, 'advantage': 0.0}, {'n': 2, 'hits': 4.0, 'tempo': 0.37610319273623105, 'advantage': -3.623896807263769}]
13:59:26 INFO    fpl_expert.optimise.joint | joint+deferral: [{'n': 1, 'hits': 0.0, 'tempo': 0.0, 'advantage': 0.0}, {'n': 2, 'hits': 4.0, 'tempo': 2.0247533998905567, 'advantage': -1.9752466001094433}]
13:59:26 INFO    fpl_expert.backtest.season_sim | GW18: playing triple_captain (expiring in 1 gw, best remaining 8.2)
13:59:27 INFO    fpl_expert.optimise.joint | joint+deferral: [{'n': 1, 'hits': 0.0, 'tempo': 0.0, 'advantage': 0.0}, {'n': 2, 'hits': 4.0, 'tempo': 1.0766442940971501, 'advantage': -2.92335570590285}]
13:59:27 INFO    fpl_expert.backtest.season_sim | GW19: playing bench_boost (final chance before expiry)
13:59:28 INFO    fpl_expert.optimise.joint | joint+deferral: [{'n': 1, 'hits': 0.0, 'tempo': 0.0, 'advantage': 0.0}, {'n': 2, 'hits': 4.0, 'tempo': -0.3096150762661196, 'advantage': -4.30961507626612}]
13:59:28 INFO    fpl_expert.optimise.joint | joint+deferral: [{'n': 1, 'hits': 0.0, 'tempo': 0.0, 'advantage': 0.0}, {'n': 2, 'hits': 4.0, 'tempo': 4.445519450265671, 'advantage': 0.44551945026567097}]
13:59:30 INFO    fpl_expert.optimise.joint | joint+deferral: [{'n': 1, 'hits': 0.0, 'tempo': 0.0, 'advantage': 0.0}, {'n': 2, 'hits': 4.0, 'tempo': -0.15995733745292284, 'advantage': -4.159957337452923}]
13:59:31 INFO    fpl_expert.optimise.joint | joint+deferral: [{'n': 1, 'hits': 0.0, 'tempo': 0.0, 'advantage': 0.0}, {'n': 2, 'hits': 4.0, 'tempo': 1.002634832775918, 'advantage': -2.997365167224082}]
13:59:32 INFO    fpl_expert.optimise.joint | joint+deferral: [{'n': 1, 'hits': 0.0, 'tempo': 0.0, 'advantage': 0.0}, {'n': 2, 'hits': 4.0, 'tempo': 0.6109763426783701, 'advantage': -3.38902365732163}]
13:59:33 INFO    fpl_expert.optimise.joint | joint+deferral: [{'n': 1, 'hits': 0.0, 'tempo': 0.0, 'advantage': 0.0}, {'n': 2, 'hits': 4.0, 'tempo': 1.4200531024504528, 'advantage': -2.579946897549547}]
13:59:34 INFO    fpl_expert.optimise.joint | joint+deferral: [{'n': 1, 'hits': 0.0, 'tempo': 0.0, 'advantage': 0.0}, {'n': 2, 'hits': 4.0, 'tempo': 2.426277239755109, 'advantage': -1.573722760244891}]
13:59:35 INFO    fpl_expert.optimise.joint | joint+deferral: [{'n': 1, 'hits': 0.0, 'tempo': 0.0, 'advantage': 0.0}, {'n': 2, 'hits': 4.0, 'tempo': 0.3801121629543118, 'advantage': -3.619887837045688}]
13:59:35 INFO    fpl_expert.optimise.joint | joint+deferral: [{'n': 1, 'hits': 0.0, 'tempo': 0.0, 'advantage': 0.0}, {'n': 2, 'hits': 4.0, 'tempo': 0.05654055052842466, 'advantage': -3.9434594494715753}]
13:59:36 INFO    fpl_expert.optimise.joint | joint+deferral: [{'n': 2, 'hits': 0.0, 'tempo': 0.0, 'advantage': 0.0}]
13:59:36 INFO    fpl_expert.optimise.joint | joint+deferral: [{'n': 1, 'hits': 0.0, 'tempo': 0.0, 'advantage': 0.0}, {'n': 2, 'hits': 4.0, 'tempo': 2.167665869913691, 'advantage': -1.8323341300863092}]
13:59:37 INFO    fpl_expert.optimise.joint | joint+deferral: [{'n': 1, 'hits': 0.0, 'tempo': 0.0, 'advantage': 0.0}, {'n': 2, 'hits': 4.0, 'tempo': 1.7541054394218492, 'advantage': -2.245894560578151}]
13:59:37 INFO    fpl_expert.backtest.season_sim | GW32: playing triple_captain (best available (10.0 vs 9.5 remaining))
13:59:38 INFO    fpl_expert.optimise.joint | joint+deferral: [{'n': 1, 'hits': 0.0, 'tempo': 0.0, 'advantage': 0.0}, {'n': 2, 'hits': 4.0, 'tempo': 4.653412412152377, 'advantage': 0.6534124121523774}]
13:59:38 INFO    fpl_expert.optimise.joint | joint+deferral: [{'n': 1, 'hits': 0.0, 'tempo': 0.0, 'advantage': 0.0}, {'n': 2, 'hits': 4.0, 'tempo': 2.2058601541672473, 'advantage': -1.7941398458327527}]
13:59:39 INFO    fpl_expert.optimise.joint | joint+deferral: [{'n': 1, 'hits': 0.0, 'tempo': 0.0, 'advantage': 0.0}, {'n': 2, 'hits': 4.0, 'tempo': 1.2810126423811425, 'advantage': -2.7189873576188575}]
13:59:39 INFO    fpl_expert.backtest.season_sim | GW35: playing bench_boost (expiring in 3 gw, best remaining 7.8)
13:59:39 INFO    fpl_expert.optimise.joint | joint+deferral: [{'n': 1, 'hits': 0.0, 'tempo': 0.0, 'advantage': 0.0}, {'n': 2, 'hits': 4.0, 'tempo': 0.596017892879189, 'advantage': -3.403982107120811}]
13:59:40 INFO    fpl_expert.optimise.joint | joint+deferral: [{'n': 1, 'hits': 0.0, 'tempo': 0.0, 'advantage': 0.0}, {'n': 2, 'hits': 4.0, 'tempo': -0.8607850529461274, 'advantage': -4.860785052946127}]
13:59:40 INFO    fpl_expert.optimise.joint | joint+deferral: [{'n': 1, 'hits': 0.0, 'tempo': 0.0, 'advantage': 0.0}, {'n': 2, 'hits': 4.0, 'tempo': 1.6255855559010683, 'advantage': -2.3744144440989317}]
13:59:40 INFO    fpl_expert.backtest.ensemble | joint path 9: 2271
  2024-25 joint              mean    2284  sd  36.1
13:59:44 INFO    fpl_expert.backtest.season_sim | GW17: playing triple_captain (expiring in 2 gw, best remaining 6.8)
13:59:44 INFO    fpl_expert.backtest.season_sim | GW18: playing bench_boost (expiring in 1 gw, best remaining 13.3)
13:59:47 INFO    fpl_expert.backtest.season_sim | GW33: playing bench_boost (best available (13.3 vs 13.0 remaining))
13:59:47 INFO    fpl_expert.backtest.season_sim | GW36: playing triple_captain (expiring in 2 gw, best remaining 6.9)
13:59:48 INFO    fpl_expert.backtest.ensemble | horizon path 0: 2060
13:59:52 INFO    fpl_expert.backtest.season_sim | GW17: playing triple_captain (expiring in 2 gw, best remaining 6.8)
13:59:52 INFO    fpl_expert.backtest.season_sim | GW18: playing bench_boost (expiring in 1 gw, best remaining 13.3)
13:59:55 INFO    fpl_expert.backtest.season_sim | GW33: playing bench_boost (best available (13.3 vs 13.0 remaining))
13:59:55 INFO    fpl_expert.backtest.season_sim | GW36: playing triple_captain (expiring in 2 gw, best remaining 6.9)
13:59:55 INFO    fpl_expert.backtest.ensemble | horizon path 1: 2060
13:59:59 INFO    fpl_expert.backtest.season_sim | GW17: playing triple_captain (expiring in 2 gw, best remaining 6.8)
13:59:59 INFO    fpl_expert.backtest.season_sim | GW18: playing bench_boost (expiring in 1 gw, best remaining 13.3)
14:00:02 INFO    fpl_expert.backtest.season_sim | GW33: playing bench_boost (best available (13.3 vs 13.0 remaining))
14:00:03 INFO    fpl_expert.backtest.season_sim | GW36: playing triple_captain (expiring in 2 gw, best remaining 6.9)
14:00:03 INFO    fpl_expert.backtest.ensemble | horizon path 2: 2060
14:00:07 INFO    fpl_expert.backtest.season_sim | GW17: playing triple_captain (expiring in 2 gw, best remaining 6.8)
14:00:07 INFO    fpl_expert.backtest.season_sim | GW18: playing bench_boost (expiring in 1 gw, best remaining 13.3)
14:00:10 INFO    fpl_expert.backtest.season_sim | GW33: playing bench_boost (best available (13.3 vs 13.0 remaining))
14:00:10 INFO    fpl_expert.backtest.season_sim | GW36: playing triple_captain (expiring in 2 gw, best remaining 6.9)
14:00:10 INFO    fpl_expert.backtest.ensemble | horizon path 3: 2058
14:00:14 INFO    fpl_expert.backtest.season_sim | GW17: playing triple_captain (expiring in 2 gw, best remaining 6.8)
14:00:15 INFO    fpl_expert.backtest.season_sim | GW18: playing bench_boost (expiring in 1 gw, best remaining 13.3)
14:00:17 INFO    fpl_expert.backtest.season_sim | GW33: playing bench_boost (best available (13.3 vs 13.0 remaining))
14:00:18 INFO    fpl_expert.backtest.season_sim | GW36: playing triple_captain (expiring in 2 gw, best remaining 6.9)
14:00:18 INFO    fpl_expert.backtest.ensemble | horizon path 4: 2060
14:00:22 INFO    fpl_expert.backtest.season_sim | GW17: playing triple_captain (expiring in 2 gw, best remaining 6.8)
14:00:22 INFO    fpl_expert.backtest.season_sim | GW19: playing bench_boost (final chance before expiry)
14:00:25 INFO    fpl_expert.backtest.season_sim | GW35: playing bench_boost (expiring in 3 gw, best remaining 13.9)
14:00:25 INFO    fpl_expert.backtest.season_sim | GW36: playing triple_captain (expiring in 2 gw, best remaining 6.9)
14:00:26 INFO    fpl_expert.backtest.ensemble | horizon path 5: 2149
14:00:30 INFO    fpl_expert.backtest.season_sim | GW17: playing triple_captain (expiring in 2 gw, best remaining 6.8)
14:00:30 INFO    fpl_expert.backtest.season_sim | GW18: playing bench_boost (expiring in 1 gw, best remaining 13.3)
14:00:32 INFO    fpl_expert.backtest.season_sim | GW33: playing bench_boost (best available (13.3 vs 13.0 remaining))
14:00:33 INFO    fpl_expert.backtest.season_sim | GW36: playing triple_captain (expiring in 2 gw, best remaining 6.9)
14:00:33 INFO    fpl_expert.backtest.ensemble | horizon path 6: 2060
14:00:37 INFO    fpl_expert.backtest.season_sim | GW17: playing triple_captain (expiring in 2 gw, best remaining 6.8)
14:00:37 INFO    fpl_expert.backtest.season_sim | GW18: playing bench_boost (expiring in 1 gw, best remaining 13.3)
14:00:40 INFO    fpl_expert.backtest.season_sim | GW33: playing bench_boost (best available (13.3 vs 13.0 remaining))
14:00:40 INFO    fpl_expert.backtest.season_sim | GW36: playing triple_captain (expiring in 2 gw, best remaining 6.9)
14:00:40 INFO    fpl_expert.backtest.ensemble | horizon path 7: 2060
14:00:45 INFO    fpl_expert.backtest.season_sim | GW17: playing triple_captain (expiring in 2 gw, best remaining 6.8)
14:00:45 INFO    fpl_expert.backtest.season_sim | GW18: playing bench_boost (expiring in 1 gw, best remaining 13.3)
14:00:47 INFO    fpl_expert.backtest.season_sim | GW33: playing bench_boost (best available (13.3 vs 13.0 remaining))
14:00:48 INFO    fpl_expert.backtest.season_sim | GW36: playing triple_captain (expiring in 2 gw, best remaining 6.9)
14:00:48 INFO    fpl_expert.backtest.ensemble | horizon path 8: 2060
14:00:52 INFO    fpl_expert.backtest.season_sim | GW17: playing triple_captain (expiring in 2 gw, best remaining 6.9)
14:00:52 INFO    fpl_expert.backtest.season_sim | GW18: playing bench_boost (expiring in 1 gw, best remaining 13.3)
14:00:55 INFO    fpl_expert.backtest.season_sim | GW33: playing bench_boost (best available (13.3 vs 13.0 remaining))
14:00:55 INFO    fpl_expert.backtest.season_sim | GW36: playing triple_captain (expiring in 2 gw, best remaining 6.9)
14:00:55 INFO    fpl_expert.backtest.ensemble | horizon path 9: 2060
  2025-26 horizon            mean    2069  sd  28.2
14:00:57 INFO    fpl_expert.optimise.joint | joint+deferral: [{'n': 1, 'hits': 0.0, 'tempo': 0.0, 'advantage': 0.0}, {'n': 2, 'hits': 4.0, 'tempo': 4.802140682533889, 'advantage': 0.8021406825338886}]
14:00:58 INFO    fpl_expert.optimise.joint | joint+deferral: [{'n': 1, 'hits': 0.0, 'tempo': 0.0, 'advantage': 0.0}, {'n': 2, 'hits': 4.0, 'tempo': 4.340257663786012, 'advantage': 0.3402576637860122}]
14:00:58 INFO    fpl_expert.optimise.joint | joint+deferral: [{'n': 1, 'hits': 0.0, 'tempo': 0.0, 'advantage': 0.0}, {'n': 2, 'hits': 4.0, 'tempo': 1.08887002762944, 'advantage': -2.91112997237056}]
14:00:59 INFO    fpl_expert.optimise.joint | joint+deferral: [{'n': 1, 'hits': 0.0, 'tempo': 0.0, 'advantage': 0.0}, {'n': 2, 'hits': 4.0, 'tempo': 2.1986132294714977, 'advantage': -1.8013867705285023}]
14:01:00 INFO    fpl_expert.optimise.joint | joint+deferral: [{'n': 1, 'hits': 0.0, 'tempo': 0.0, 'advantage': 0.0}, {'n': 2, 'hits': 4.0, 'tempo': 2.9848496158653504, 'advantage': -1.0151503841346496}]
14:01:01 INFO    fpl_expert.optimise.joint | joint+deferral: [{'n': 1, 'hits': 0.0, 'tempo': 0.0, 'advantage': 0.0}, {'n': 2, 'hits': 4.0, 'tempo': -0.10700102733061811, 'advantage': -4.107001027330618}]
14:01:01 INFO    fpl_expert.optimise.joint | joint+deferral: [{'n': 1, 'hits': 0.0, 'tempo': 0.0, 'advantage': 0.0}, {'n': 2, 'hits': 4.0, 'tempo': 0.6596302162174368, 'advantage': -3.340369783782563}]
14:01:02 INFO    fpl_expert.optimise.joint | joint+deferral: [{'n': 1, 'hits': 0.0, 'tempo': 0.0, 'advantage': 0.0}, {'n': 2, 'hits': 4.0, 'tempo': -1.2827918057150427, 'advantage': -5.282791805715043}]
14:01:03 INFO    fpl_expert.optimise.joint | joint+deferral: [{'n': 1, 'hits': 0.0, 'tempo': 0.0, 'advantage': 0.0}, {'n': 2, 'hits': 4.0, 'tempo': 1.622882991034544, 'advantage': -2.377117008965456}]
14:01:05 INFO    fpl_expert.optimise.joint | joint+deferral: [{'n': 1, 'hits': 0.0, 'tempo': 0.0, 'advantage': 0.0}, {'n': 2, 'hits': 4.0, 'tempo': 1.8506862351153472, 'advantage': -2.1493137648846528}]
14:01:06 INFO    fpl_expert.optimise.joint | joint+deferral: [{'n': 1, 'hits': 0.0, 'tempo': 0.0, 'advantage': 0.0}, {'n': 2, 'hits': 4.0, 'tempo': 2.0910683651915107, 'advantage': -1.9089316348084893}]
14:01:07 INFO    fpl_expert.optimise.joint | joint+deferral: [{'n': 1, 'hits': 0.0, 'tempo': 0.0, 'advantage': 0.0}, {'n': 2, 'hits': 4.0, 'tempo': 3.2322711926940357, 'advantage': -0.7677288073059643}]
14:01:07 INFO    fpl_expert.optimise.joint | joint+deferral: [{'n': 1, 'hits': 0.0, 'tempo': 0.0, 'advantage': 0.0}, {'n': 2, 'hits': 4.0, 'tempo': 2.406280354699007, 'advantage': -1.5937196453009932}]
14:01:09 INFO    fpl_expert.optimise.joint | joint+deferral: [{'n': 1, 'hits': 0.0, 'tempo': 0.0, 'advantage': 0.0}, {'n': 2, 'hits': 4.0, 'tempo': 3.08147827374318, 'advantage': -0.9185217262568202}]
14:01:10 INFO    fpl_expert.optimise.joint | joint+deferral: [{'n': 1, 'hits': 0.0, 'tempo': 0.0, 'advantage': 0.0}, {'n': 2, 'hits': 4.0, 'tempo': 0.7122496216699261, 'advantage': -3.287750378330074}]
14:01:11 INFO    fpl_expert.optimise.joint | joint+deferral: [{'n': 1, 'hits': 0.0, 'tempo': 0.0, 'advantage': 0.0}, {'n': 2, 'hits': 4.0, 'tempo': 0.0, 'advantage': -4.0}]
14:01:11 INFO    fpl_expert.backtest.season_sim | GW17: playing triple_captain (expiring in 2 gw, best remaining 6.8)
14:01:12 INFO    fpl_expert.optimise.joint | joint+deferral: [{'n': 1, 'hits': 0.0, 'tempo': 0.0, 'advantage': 0.0}, {'n': 2, 'hits': 4.0, 'tempo': 1.805472094746321, 'advantage': -2.194527905253679}]
14:01:12 INFO    fpl_expert.backtest.season_sim | GW18: playing bench_boost (expiring in 1 gw, best remaining 8.5)
14:01:13 INFO    fpl_expert.optimise.joint | joint+deferral: [{'n': 1, 'hits': 0.0, 'tempo': 0.0, 'advantage': 0.0}, {'n': 2, 'hits': 4.0, 'tempo': 1.767468067640678, 'advantage': -2.232531932359322}]
14:01:13 INFO    fpl_expert.optimise.joint | joint+deferral: [{'n': 1, 'hits': 0.0, 'tempo': 0.0, 'advantage': 0.0}, {'n': 2, 'hits': 4.0, 'tempo': 1.1811524510047136, 'advantage': -2.8188475489952864}]
14:01:15 INFO    fpl_expert.optimise.joint | joint+deferral: [{'n': 1, 'hits': 0.0, 'tempo': 0.0, 'advantage': 0.0}, {'n': 2, 'hits': 4.0, 'tempo': 2.6348832335121273, 'advantage': -1.3651167664878727}]
14:01:16 INFO    fpl_expert.optimise.joint | joint+deferral: [{'n': 1, 'hits': 0.0, 'tempo': 0.0, 'advantage': 0.0}, {'n': 2, 'hits': 4.0, 'tempo': 1.8663583225642029, 'advantage': -2.133641677435797}]
14:01:16 INFO    fpl_expert.optimise.joint | joint+deferral: [{'n': 1, 'hits': 0.0, 'tempo': 0.0, 'advantage': 0.0}, {'n': 2, 'hits': 4.0, 'tempo': 1.8375871413343532, 'advantage': -2.162412858665647}]
14:01:17 INFO    fpl_expert.optimise.joint | joint+deferral: [{'n': 1, 'hits': 0.0, 'tempo': 0.0, 'advantage': 0.0}, {'n': 2, 'hits': 4.0, 'tempo': 0.6510468691693418, 'advantage': -3.348953130830658}]
14:01:17 INFO    fpl_expert.optimise.joint | joint+deferral: [{'n': 1, 'hits': 0.0, 'tempo': 0.0, 'advantage': 0.0}, {'n': 2, 'hits': 4.0, 'tempo': 2.0602193152942263, 'advantage': -1.9397806847057737}]
14:01:18 INFO    fpl_expert.optimise.joint | joint+deferral: [{'n': 1, 'hits': 0.0, 'tempo': 0.0, 'advantage': 0.0}, {'n': 2, 'hits': 4.0, 'tempo': 1.8075749733972515, 'advantage': -2.1924250266027485}]
14:01:19 INFO    fpl_expert.optimise.joint | joint+deferral: [{'n': 1, 'hits': 0.0, 'tempo': 0.0, 'advantage': 0.0}, {'n': 2, 'hits': 4.0, 'tempo': 0.0, 'advantage': -4.0}]
14:01:19 INFO    fpl_expert.optimise.joint | joint+deferral: [{'n': 1, 'hits': 0.0, 'tempo': 0.0, 'advantage': 0.0}, {'n': 2, 'hits': 4.0, 'tempo': 0.6081708085273618, 'advantage': -3.391829191472638}]
14:01:20 INFO    fpl_expert.optimise.joint | joint+deferral: [{'n': 1, 'hits': 0.0, 'tempo': 0.0, 'advantage': 0.0}, {'n': 2, 'hits': 4.0, 'tempo': 0.28074100540803926, 'advantage': -3.7192589945919607}]
14:01:21 INFO    fpl_expert.optimise.joint | joint+deferral: [{'n': 1, 'hits': 0.0, 'tempo': 0.0, 'advantage': 0.0}, {'n': 2, 'hits': 4.0, 'tempo': 1.032205266990232, 'advantage': -2.967794733009768}]
14:01:22 INFO    fpl_expert.optimise.joint | joint+deferral: [{'n': 1, 'hits': 0.0, 'tempo': 0.0, 'advantage': 0.0}, {'n': 2, 'hits': 4.0, 'tempo': 1.528028200638147, 'advantage': -2.471971799361853}]
14:01:22 INFO    fpl_expert.optimise.joint | joint+deferral: [{'n': 1, 'hits': 0.0, 'tempo': 0.0, 'advantage': 0.0}, {'n': 2, 'hits': 4.0, 'tempo': 1.7189252163123356, 'advantage': -2.2810747836876644}]
14:01:23 INFO    fpl_expert.optimise.joint | joint+deferral: [{'n': 1, 'hits': 0.0, 'tempo': 0.0, 'advantage': 0.0}, {'n': 2, 'hits': 4.0, 'tempo': 4.616674122869085, 'advantage': 0.6166741228690853}]
14:01:24 INFO    fpl_expert.optimise.joint | joint+deferral: [{'n': 2, 'hits': 0.0, 'tempo': 0.0, 'advantage': 0.0}]
14:01:24 INFO    fpl_expert.backtest.season_sim | GW35: playing bench_boost (expiring in 3 gw, best remaining 9.4)
14:01:24 INFO    fpl_expert.optimise.joint | joint+deferral: [{'n': 1, 'hits': 0.0, 'tempo': 0.0, 'advantage': 0.0}, {'n': 2, 'hits': 4.0, 'tempo': 4.765905204958202, 'advantage': 0.7659052049582016}]
14:01:24 INFO    fpl_expert.backtest.season_sim | GW36: playing triple_captain (expiring in 2 gw, best remaining 6.9)
14:01:24 INFO    fpl_expert.optimise.joint | joint+deferral: [{'n': 1, 'hits': 0.0, 'tempo': 0.0, 'advantage': 0.0}, {'n': 2, 'hits': 4.0, 'tempo': 1.4767531389766475, 'advantage': -2.5232468610233525}]
14:01:24 INFO    fpl_expert.optimise.joint | joint+deferral: [{'n': 1, 'hits': 0.0, 'tempo': 0.0, 'advantage': 0.0}, {'n': 2, 'hits': 4.0, 'tempo': 0.40595419967096547, 'advantage': -3.5940458003290345}]
14:01:24 INFO    fpl_expert.backtest.ensemble | joint path 0: 2179
14:01:26 INFO    fpl_expert.optimise.joint | joint+deferral: [{'n': 1, 'hits': 0.0, 'tempo': 0.0, 'advantage': 0.0}, {'n': 2, 'hits': 4.0, 'tempo': 4.800076133248702, 'advantage': 0.8000761332487016}]
14:01:27 INFO    fpl_expert.optimise.joint | joint+deferral: [{'n': 1, 'hits': 0.0, 'tempo': 0.0, 'advantage': 0.0}, {'n': 2, 'hits': 4.0, 'tempo': 4.330790038247223, 'advantage': 0.33079003824722264}]
14:01:27 INFO    fpl_expert.optimise.joint | joint+deferral: [{'n': 1, 'hits': 0.0, 'tempo': 0.0, 'advantage': 0.0}, {'n': 2, 'hits': 4.0, 'tempo': 1.0801251276658945, 'advantage': -2.9198748723341055}]
14:01:28 INFO    fpl_expert.optimise.joint | joint+deferral: [{'n': 1, 'hits': 0.0, 'tempo': 0.0, 'advantage': 0.0}, {'n': 2, 'hits': 4.0, 'tempo': 2.187896620179778, 'advantage': -1.812103379820222}]
14:01:29 INFO    fpl_expert.optimise.joint | joint+deferral: [{'n': 1, 'hits': 0.0, 'tempo': 0.0, 'advantage': 0.0}, {'n': 2, 'hits': 4.0, 'tempo': 2.993633833920285, 'advantage': -1.0063661660797152}]
14:01:29 INFO    fpl_expert.optimise.joint | joint+deferral: [{'n': 1, 'hits': 0.0, 'tempo': 0.0, 'advantage': 0.0}, {'n': 2, 'hits': 4.0, 'tempo': -0.12528551795958975, 'advantage': -4.12528551795959}]
14:01:30 INFO    fpl_expert.optimise.joint | joint+deferral: [{'n': 1, 'hits': 0.0, 'tempo': 0.0, 'advantage': 0.0}, {'n': 2, 'hits': 4.0, 'tempo': 0.658436710856229, 'advantage': -3.341563289143771}]
14:01:31 INFO    fpl_expert.optimise.joint | joint+deferral: [{'n': 1, 'hits': 0.0, 'tempo': 0.0, 'advantage': 0.0}, {'n': 2, 'hits': 4.0, 'tempo': -1.286684033706905, 'advantage': -5.286684033706905}]
14:01:32 INFO    fpl_expert.optimise.joint | joint+deferral: [{'n': 1, 'hits': 0.0, 'tempo': 0.0, 'advantage': 0.0}, {'n': 2, 'hits': 4.0, 'tempo': 1.6206902554310219, 'advantage': -2.379309744568978}]
14:01:33 INFO    fpl_expert.optimise.joint | joint+deferral: [{'n': 1, 'hits': 0.0, 'tempo': 0.0, 'advantage': 0.0}, {'n': 2, 'hits': 4.0, 'tempo': 1.8616279759537733, 'advantage': -2.1383720240462267}]
14:01:34 INFO    fpl_expert.optimise.joint | joint+deferral: [{'n': 1, 'hits': 0.0, 'tempo': 0.0, 'advantage': 0.0}, {'n': 2, 'hits': 4.0, 'tempo': 2.0864367371036536, 'advantage': -1.9135632628963464}]
14:01:35 INFO    fpl_expert.optimise.joint | joint+deferral: [{'n': 1, 'hits': 0.0, 'tempo': 0.0, 'advantage': 0.0}, {'n': 2, 'hits': 4.0, 'tempo': 3.2113409902298926, 'advantage': -0.7886590097701074}]
14:01:36 INFO    fpl_expert.optimise.joint | joint+deferral: [{'n': 1, 'hits': 0.0, 'tempo': 0.0, 'advantage': 0.0}, {'n': 2, 'hits': 4.0, 'tempo': 2.425563480144504, 'advantage': -1.574436519855496}]
14:01:37 INFO    fpl_expert.optimise.joint | joint+deferral: [{'n': 1, 'hits': 0.0, 'tempo': 0.0, 'advantage': 0.0}, {'n': 2, 'hits': 4.0, 'tempo': 3.0887440307678915, 'advantage': -0.9112559692321085}]
14:01:38 INFO    fpl_expert.optimise.joint | joint+deferral: [{'n': 1, 'hits': 0.0, 'tempo': 0.0, 'advantage': 0.0}, {'n': 2, 'hits': 4.0, 'tempo': 0.7051288807040876, 'advantage': -3.2948711192959124}]
14:01:39 INFO    fpl_expert.optimise.joint | joint+deferral: [{'n': 1, 'hits': 0.0, 'tempo': 0.0, 'advantage': 0.0}, {'n': 2, 'hits': 4.0, 'tempo': 0.0, 'advantage': -4.0}]
14:01:39 INFO    fpl_expert.backtest.season_sim | GW17: playing triple_captain (expiring in 2 gw, best remaining 6.8)
14:01:40 INFO    fpl_expert.optimise.joint | joint+deferral: [{'n': 1, 'hits': 0.0, 'tempo': 0.0, 'advantage': 0.0}, {'n': 2, 'hits': 4.0, 'tempo': 1.8083218096025675, 'advantage': -2.1916781903974325}]
14:01:40 INFO    fpl_expert.backtest.season_sim | GW18: playing bench_boost (expiring in 1 gw, best remaining 8.5)
14:01:41 INFO    fpl_expert.optimise.joint | joint+deferral: [{'n': 1, 'hits': 0.0, 'tempo': 0.0, 'advantage': 0.0}, {'n': 2, 'hits': 4.0, 'tempo': 1.7658243467872126, 'advantage': -2.2341756532127874}]
14:01:42 INFO    fpl_expert.optimise.joint | joint+deferral: [{'n': 1, 'hits': 0.0, 'tempo': 0.0, 'advantage': 0.0}, {'n': 2, 'hits': 4.0, 'tempo': 1.1868746115438142, 'advantage': -2.8131253884561858}]
14:01:43 INFO    fpl_expert.optimise.joint | joint+deferral: [{'n': 1, 'hits': 0.0, 'tempo': 0.0, 'advantage': 0.0}, {'n': 2, 'hits': 4.0, 'tempo': 3.152673420967787, 'advantage': -0.8473265790322131}]
14:01:43 INFO    fpl_expert.optimise.joint | joint+deferral: [{'n': 1, 'hits': 0.0, 'tempo': 0.0, 'advantage': 0.0}, {'n': 2, 'hits': 4.0, 'tempo': 1.8709294288907259, 'advantage': -2.129070571109274}]
14:01:44 INFO    fpl_expert.optimise.joint | joint+deferral: [{'n': 1, 'hits': 0.0, 'tempo': 0.0, 'advantage': 0.0}, {'n': 2, 'hits': 4.0, 'tempo': 1.8597026569668813, 'advantage': -2.1402973430331187}]
14:01:45 INFO    fpl_expert.optimise.joint | joint+deferral: [{'n': 1, 'hits': 0.0, 'tempo': 0.0, 'advantage': 0.0}, {'n': 2, 'hits': 4.0, 'tempo': 0.6453416092274935, 'advantage': -3.3546583907725065}]
14:01:45 INFO    fpl_expert.optimise.joint | joint+deferral: [{'n': 1, 'hits': 0.0, 'tempo': 0.0, 'advantage': 0.0}, {'n': 2, 'hits': 4.0, 'tempo': 2.0572543087834134, 'advantage': -1.9427456912165866}]
14:01:46 INFO    fpl_expert.optimise.joint | joint+deferral: [{'n': 1, 'hits': 0.0, 'tempo': 0.0, 'advantage': 0.0}, {'n': 2, 'hits': 4.0, 'tempo': 1.799962727490211, 'advantage': -2.200037272509789}]
14:01:47 INFO    fpl_expert.optimise.joint | joint+deferral: [{'n': 1, 'hits': 0.0, 'tempo': 0.0, 'advantage': 0.0}, {'n': 2, 'hits': 4.0, 'tempo': 0.0, 'advantage': -4.0}]
14:01:48 INFO    fpl_expert.optimise.joint | joint+deferral: [{'n': 1, 'hits': 0.0, 'tempo': 0.0, 'advantage': 0.0}, {'n': 2, 'hits': 4.0, 'tempo': 0.6127422142179881, 'advantage': -3.387257785782012}]
14:01:48 INFO    fpl_expert.optimise.joint | joint+deferral: [{'n': 1, 'hits': 0.0, 'tempo': 0.0, 'advantage': 0.0}, {'n': 2, 'hits': 4.0, 'tempo': 0.28401920948563486, 'advantage': -3.715980790514365}]
14:01:49 INFO    fpl_expert.optimise.joint | joint+deferral: [{'n': 1, 'hits': 0.0, 'tempo': 0.0, 'advantage': 0.0}, {'n': 2, 'hits': 4.0, 'tempo': 1.0347797068785738, 'advantage': -2.965220293121426}]
14:01:50 INFO    fpl_expert.optimise.joint | joint+deferral: [{'n': 1, 'hits': 0.0, 'tempo': 0.0, 'advantage': 0.0}, {'n': 2, 'hits': 4.0, 'tempo': 1.1037693222340792, 'advantage': -2.896230677765921}]
14:01:50 INFO    fpl_expert.optimise.joint | joint+deferral: [{'n': 1, 'hits': 0.0, 'tempo': 0.0, 'advantage': 0.0}, {'n': 2, 'hits': 4.0, 'tempo': 0.6047137489332997, 'advantage': -3.3952862510667003}]
14:01:51 INFO    fpl_expert.optimise.joint | joint+deferral: [{'n': 1, 'hits': 0.0, 'tempo': 0.0, 'advantage': 0.0}, {'n': 2, 'hits': 4.0, 'tempo': 3.925810423173786, 'advantage': -0.07418957682621397}]
14:01:51 INFO    fpl_expert.backtest.season_sim | GW33: playing bench_boost (best available (10.9 vs 9.9 remaining))
14:01:52 INFO    fpl_expert.optimise.joint | joint+deferral: [{'n': 2, 'hits': 0.0, 'tempo': 0.0, 'advantage': 0.0}]
14:01:52 INFO    fpl_expert.optimise.joint | joint+deferral: [{'n': 1, 'hits': 0.0, 'tempo': 0.0, 'advantage': 0.0}, {'n': 2, 'hits': 4.0, 'tempo': 3.5847626057189643, 'advantage': -0.4152373942810357}]
14:01:52 INFO    fpl_expert.backtest.season_sim | GW36: playing triple_captain (expiring in 2 gw, best remaining 6.9)
14:01:53 INFO    fpl_expert.optimise.joint | joint+deferral: [{'n': 1, 'hits': 0.0, 'tempo': 0.0, 'advantage': 0.0}, {'n': 2, 'hits': 4.0, 'tempo': 1.6211689794326603, 'advantage': -2.3788310205673397}]
14:01:53 INFO    fpl_expert.optimise.joint | joint+deferral: [{'n': 1, 'hits': 0.0, 'tempo': 0.0, 'advantage': 0.0}, {'n': 2, 'hits': 4.0, 'tempo': 0.5619924789309607, 'advantage': -3.4380075210690393}]
14:01:53 INFO    fpl_expert.backtest.ensemble | joint path 1: 2146
14:01:54 INFO    fpl_expert.optimise.joint | joint+deferral: [{'n': 1, 'hits': 0.0, 'tempo': 0.0, 'advantage': 0.0}, {'n': 2, 'hits': 4.0, 'tempo': 4.808340050342281, 'advantage': 0.8083400503422808}]
14:01:55 INFO    fpl_expert.optimise.joint | joint+deferral: [{'n': 1, 'hits': 0.0, 'tempo': 0.0, 'advantage': 0.0}, {'n': 2, 'hits': 4.0, 'tempo': 4.362055091151191, 'advantage': 0.3620550911511913}]
14:01:55 INFO    fpl_expert.optimise.joint | joint+deferral: [{'n': 1, 'hits': 0.0, 'tempo': 0.0, 'advantage': 0.0}, {'n': 2, 'hits': 4.0, 'tempo': 1.0919404690918384, 'advantage': -2.9080595309081616}]
14:01:56 INFO    fpl_expert.optimise.joint | joint+deferral: [{'n': 1, 'hits': 0.0, 'tempo': 0.0, 'advantage': 0.0}, {'n': 2, 'hits': 4.0, 'tempo': 2.191831373129922, 'advantage': -1.8081686268700778}]
14:01:57 INFO    fpl_expert.optimise.joint | joint+deferral: [{'n': 1, 'hits': 0.0, 'tempo': 0.0, 'advantage': 0.0}, {'n': 2, 'hits': 4.0, 'tempo': 2.9828343927159864, 'advantage': -1.0171656072840136}]
14:01:57 INFO    fpl_expert.optimise.joint | joint+deferral: [{'n': 1, 'hits': 0.0, 'tempo': 0.0, 'advantage': 0.0}, {'n': 2, 'hits': 4.0, 'tempo': -0.12422080707610661, 'advantage': -4.124220807076107}]
14:01:58 INFO    fpl_expert.optimise.joint | joint+deferral: [{'n': 1, 'hits': 0.0, 'tempo': 0.0, 'advantage': 0.0}, {'n': 2, 'hits': 4.0, 'tempo': 0.6646821202599966, 'advantage': -3.3353178797400034}]
14:01:59 INFO    fpl_expert.optimise.joint | joint+deferral: [{'n': 1, 'hits': 0.0, 'tempo': 0.0, 'advantage': 0.0}, {'n': 2, 'hits': 4.0, 'tempo': -1.2403133330557807, 'advantage': -5.240313333055781}]
14:02:00 INFO    fpl_expert.optimise.joint | joint+deferral: [{'n': 1, 'hits': 0.0, 'tempo': 0.0, 'advantage': 0.0}, {'n': 2, 'hits': 4.0, 'tempo': 1.6247495233108822, 'advantage': -2.375250476689118}]
14:02:01 INFO    fpl_expert.optimise.joint | joint+deferral: [{'n': 1, 'hits': 0.0, 'tempo': 0.0, 'advantage': 0.0}, {'n': 2, 'hits': 4.0, 'tempo': 1.8439803508665378, 'advantage': -2.1560196491334622}]
14:02:02 INFO    fpl_expert.optimise.joint | joint+deferral: [{'n': 1, 'hits': 0.0, 'tempo': 0.0, 'advantage': 0.0}, {'n': 2, 'hits': 4.0, 'tempo': 2.1084414318548923, 'advantage': -1.8915585681451077}]
14:02:03 INFO    fpl_expert.optimise.joint | joint+deferral: [{'n': 1, 'hits': 0.0, 'tempo': 0.0, 'advantage': 0.0}, {'n': 2, 'hits': 4.0, 'tempo': 3.2438741717013215, 'advantage': -0.7561258282986785}]
14:02:04 INFO    fpl_expert.optimise.joint | joint+deferral: [{'n': 1, 'hits': 0.0, 'tempo': 0.0, 'advantage': 0.0}, {'n': 2, 'hits': 4.0, 'tempo': 2.4335857418327222, 'advantage': -1.5664142581672778}]
14:02:05 INFO    fpl_expert.optimise.joint | joint+deferral: [{'n': 1, 'hits': 0.0, 'tempo': 0.0, 'advantage': 0.0}, {'n': 2, 'hits': 4.0, 'tempo': 3.0770471292538986, 'advantage': -0.9229528707461014}]
14:02:06 INFO    fpl_expert.optimise.joint | joint+deferral: [{'n': 1, 'hits': 0.0, 'tempo': 0.0, 'advantage': 0.0}, {'n': 2, 'hits': 4.0, 'tempo': -0.9324858819292459, 'advantage': -4.932485881929246}]
14:02:07 INFO    fpl_expert.optimise.joint | joint+deferral: [{'n': 1, 'hits': 0.0, 'tempo': 0.0, 'advantage': 0.0}, {'n': 2, 'hits': 4.0, 'tempo': 0.0, 'advantage': -4.0}]
14:02:07 INFO    fpl_expert.backtest.season_sim | GW17: playing triple_captain (expiring in 2 gw, best remaining 6.8)
14:02:08 INFO    fpl_expert.optimise.joint | joint+deferral: [{'n': 1, 'hits': 0.0, 'tempo': 0.0, 'advantage': 0.0}, {'n': 2, 'hits': 4.0, 'tempo': 1.7973605963729753, 'advantage': -2.2026394036270247}]
14:02:08 INFO    fpl_expert.backtest.season_sim | GW18: playing bench_boost (expiring in 1 gw, best remaining 8.5)
14:02:09 INFO    fpl_expert.optimise.joint | joint+deferral: [{'n': 1, 'hits': 0.0, 'tempo': 0.0, 'advantage': 0.0}, {'n': 2, 'hits': 4.0, 'tempo': 1.7549841713630414, 'advantage': -2.2450158286369586}]
14:02:09 INFO    fpl_expert.optimise.joint | joint+deferral: [{'n': 1, 'hits': 0.0, 'tempo': 0.0, 'advantage': 0.0}, {'n': 2, 'hits': 4.0, 'tempo': 1.1809187915224726, 'advantage': -2.8190812084775274}]
14:02:10 INFO    fpl_expert.optimise.joint | joint+deferral: [{'n': 1, 'hits': 0.0, 'tempo': 0.0, 'advantage': 0.0}, {'n': 2, 'hits': 4.0, 'tempo': 3.107539587227649, 'advantage': -0.8924604127723512}]
14:02:11 INFO    fpl_expert.optimise.joint | joint+deferral: [{'n': 1, 'hits': 0.0, 'tempo': 0.0, 'advantage': 0.0}, {'n': 2, 'hits': 4.0, 'tempo': 1.879113215882164, 'advantage': -2.120886784117836}]
14:02:12 INFO    fpl_expert.optimise.joint | joint+deferral: [{'n': 1, 'hits': 0.0, 'tempo': 0.0, 'advantage': 0.0}, {'n': 2, 'hits': 4.0, 'tempo': 1.8620384463228419, 'advantage': -2.137961553677158}]
14:02:12 INFO    fpl_expert.optimise.joint | joint+deferral: [{'n': 1, 'hits': 0.0, 'tempo': 0.0, 'advantage': 0.0}, {'n': 2, 'hits': 4.0, 'tempo': 0.6556027755308946, 'advantage': -3.3443972244691054}]
14:02:13 INFO    fpl_expert.optimise.joint | joint+deferral: [{'n': 1, 'hits': 0.0, 'tempo': 0.0, 'advantage': 0.0}, {'n': 2, 'hits': 4.0, 'tempo': 2.0695346994842367, 'advantage': -1.9304653005157633}]
14:02:14 INFO    fpl_expert.optimise.joint | joint+deferral: [{'n': 1, 'hits': 0.0, 'tempo': 0.0, 'advantage': 0.0}, {'n': 2, 'hits': 4.0, 'tempo': 1.8020039762620712, 'advantage': -2.197996023737929}]
14:02:15 INFO    fpl_expert.optimise.joint | joint+deferral: [{'n': 1, 'hits': 0.0, 'tempo': 0.0, 'advantage': 0.0}, {'n': 2, 'hits': 4.0, 'tempo': 0.0, 'advantage': -4.0}]
14:02:15 INFO    fpl_expert.optimise.joint | joint+deferral: [{'n': 1, 'hits': 0.0, 'tempo': 0.0, 'advantage': 0.0}, {'n': 2, 'hits': 4.0, 'tempo': 0.6082108113146774, 'advantage': -3.3917891886853226}]
14:02:16 INFO    fpl_expert.optimise.joint | joint+deferral: [{'n': 1, 'hits': 0.0, 'tempo': 0.0, 'advantage': 0.0}, {'n': 2, 'hits': 4.0, 'tempo': 0.28142806101218554, 'advantage': -3.7185719389878145}]
14:02:17 INFO    fpl_expert.optimise.joint | joint+deferral: [{'n': 1, 'hits': 0.0, 'tempo': 0.0, 'advantage': 0.0}, {'n': 2, 'hits': 4.0, 'tempo': 1.0350228592728996, 'advantage': -2.9649771407271004}]
14:02:17 INFO    fpl_expert.optimise.joint | joint+deferral: [{'n': 1, 'hits': 0.0, 'tempo': 0.0, 'advantage': 0.0}, {'n': 2, 'hits': 4.0, 'tempo': 1.095837966825414, 'advantage': -2.904162033174586}]
14:02:18 INFO    fpl_expert.optimise.joint | joint+deferral: [{'n': 1, 'hits': 0.0, 'tempo': 0.0, 'advantage': 0.0}, {'n': 2, 'hits': 4.0, 'tempo': 0.5933478396915461, 'advantage': -3.406652160308454}]
14:02:19 INFO    fpl_expert.optimise.joint | joint+deferral: [{'n': 1, 'hits': 0.0, 'tempo': 0.0, 'advantage': 0.0}, {'n': 2, 'hits': 4.0, 'tempo': 3.922888244754688, 'advantage': -0.077111755245312}]
14:02:19 INFO    fpl_expert.backtest.season_sim | GW33: playing bench_boost (best available (10.9 vs 9.9 remaining))
14:02:20 INFO    fpl_expert.optimise.joint | joint+deferral: [{'n': 2, 'hits': 0.0, 'tempo': 0.0, 'advantage': 0.0}]
14:02:20 INFO    fpl_expert.optimise.joint | joint+deferral: [{'n': 1, 'hits': 0.0, 'tempo': 0.0, 'advantage': 0.0}, {'n': 2, 'hits': 4.0, 'tempo': 3.5757826738080496, 'advantage': -0.4242173261919504}]
14:02:20 INFO    fpl_expert.backtest.season_sim | GW36: playing triple_captain (expiring in 2 gw, best remaining 6.9)
14:02:20 INFO    fpl_expert.optimise.joint | joint+deferral: [{'n': 1, 'hits': 0.0, 'tempo': 0.0, 'advantage': 0.0}, {'n': 2, 'hits': 4.0, 'tempo': 1.6273857649097394, 'advantage': -2.3726142350902606}]
14:02:21 INFO    fpl_expert.optimise.joint | joint+deferral: [{'n': 1, 'hits': 0.0, 'tempo': 0.0, 'advantage': 0.0}, {'n': 2, 'hits': 4.0, 'tempo': 0.5535250448494367, 'advantage': -3.4464749551505633}]
14:02:21 INFO    fpl_expert.backtest.ensemble | joint path 2: 2156
14:02:22 INFO    fpl_expert.optimise.joint | joint+deferral: [{'n': 1, 'hits': 0.0, 'tempo': 0.0, 'advantage': 0.0}, {'n': 2, 'hits': 4.0, 'tempo': 4.807280332890343, 'advantage': 0.8072803328903433}]
14:02:23 INFO    fpl_expert.optimise.joint | joint+deferral: [{'n': 1, 'hits': 0.0, 'tempo': 0.0, 'advantage': 0.0}, {'n': 2, 'hits': 4.0, 'tempo': 4.3757692777742605, 'advantage': 0.3757692777742605}]
14:02:23 INFO    fpl_expert.optimise.joint | joint+deferral: [{'n': 1, 'hits': 0.0, 'tempo': 0.0, 'advantage': 0.0}, {'n': 2, 'hits': 4.0, 'tempo': 1.0823357701873988, 'advantage': -2.917664229812601}]
14:02:24 INFO    fpl_expert.optimise.joint | joint+deferral: [{'n': 1, 'hits': 0.0, 'tempo': 0.0, 'advantage': 0.0}, {'n': 2, 'hits': 4.0, 'tempo': 2.1942533859051494, 'advantage': -1.8057466140948506}]
14:02:25 INFO    fpl_expert.optimise.joint | joint+deferral: [{'n': 1, 'hits': 0.0, 'tempo': 0.0, 'advantage': 0.0}, {'n': 2, 'hits': 4.0, 'tempo': 2.9841826009373236, 'advantage': -1.0158173990626764}]
14:02:26 INFO    fpl_expert.optimise.joint | joint+deferral: [{'n': 1, 'hits': 0.0, 'tempo': 0.0, 'advantage': 0.0}, {'n': 2, 'hits': 4.0, 'tempo': -0.12425052359952105, 'advantage': -4.124250523599521}]
14:02:27 INFO    fpl_expert.optimise.joint | joint+deferral: [{'n': 1, 'hits': 0.0, 'tempo': 0.0, 'advantage': 0.0}, {'n': 2, 'hits': 4.0, 'tempo': 0.6740385969314175, 'advantage': -3.3259614030685825}]
14:02:28 INFO    fpl_expert.optimise.joint | joint+deferral: [{'n': 1, 'hits': 0.0, 'tempo': 0.0, 'advantage': 0.0}, {'n': 2, 'hits': 4.0, 'tempo': -1.2637344169618672, 'advantage': -5.263734416961867}]
14:02:29 INFO    fpl_expert.optimise.joint | joint+deferral: [{'n': 1, 'hits': 0.0, 'tempo': 0.0, 'advantage': 0.0}, {'n': 2, 'hits': 4.0, 'tempo': 1.6151308286914627, 'advantage': -2.3848691713085373}]
14:02:30 INFO    fpl_expert.optimise.joint | joint+deferral: [{'n': 1, 'hits': 0.0, 'tempo': 0.0, 'advantage': 0.0}, {'n': 2, 'hits': 4.0, 'tempo': 1.8476592201612476, 'advantage': -2.1523407798387524}]
14:02:31 INFO    fpl_expert.optimise.joint | joint+deferral: [{'n': 1, 'hits': 0.0, 'tempo': 0.0, 'advantage': 0.0}, {'n': 2, 'hits': 4.0, 'tempo': 2.1001904214341067, 'advantage': -1.8998095785658933}]
14:02:32 INFO    fpl_expert.optimise.joint | joint+deferral: [{'n': 1, 'hits': 0.0, 'tempo': 0.0, 'advantage': 0.0}, {'n': 2, 'hits': 4.0, 'tempo': 3.2350731608400665, 'advantage': -0.7649268391599335}]
14:02:33 INFO    fpl_expert.optimise.joint | joint+deferral: [{'n': 1, 'hits': 0.0, 'tempo': 0.0, 'advantage': 0.0}, {'n': 2, 'hits': 4.0, 'tempo': 2.435119505532718, 'advantage': -1.5648804944672818}]
14:02:34 INFO    fpl_expert.optimise.joint | joint+deferral: [{'n': 1, 'hits': 0.0, 'tempo': 0.0, 'advantage': 0.0}, {'n': 2, 'hits': 4.0, 'tempo': 3.0904776527121527, 'advantage': -0.9095223472878473}]
14:02:35 INFO    fpl_expert.optimise.joint | joint+deferral: [{'n': 1, 'hits': 0.0, 'tempo': 0.0, 'advantage': 0.0}, {'n': 2, 'hits': 4.0, 'tempo': -0.9399492927517201, 'advantage': -4.93994929275172}]
14:02:38 INFO    fpl_expert.optimise.joint | joint+deferral: [{'n': 1, 'hits': 0.0, 'tempo': 0.0, 'advantage': 0.0}, {'n': 2, 'hits': 4.0, 'tempo': 0.0, 'advantage': -4.0}]
14:02:38 INFO    fpl_expert.backtest.season_sim | GW17: playing triple_captain (expiring in 2 gw, best remaining 6.8)
14:02:38 INFO    fpl_expert.optimise.joint | joint+deferral: [{'n': 1, 'hits': 0.0, 'tempo': 0.0, 'advantage': 0.0}, {'n': 2, 'hits': 4.0, 'tempo': 1.8122351386001867, 'advantage': -2.1877648613998133}]
14:02:38 INFO    fpl_expert.backtest.season_sim | GW18: playing bench_boost (expiring in 1 gw, best remaining 8.5)
14:02:39 INFO    fpl_expert.optimise.joint | joint+deferral: [{'n': 1, 'hits': 0.0, 'tempo': 0.0, 'advantage': 0.0}, {'n': 2, 'hits': 4.0, 'tempo': 1.7760115896323114, 'advantage': -2.2239884103676886}]
14:02:40 INFO    fpl_expert.optimise.joint | joint+deferral: [{'n': 1, 'hits': 0.0, 'tempo': 0.0, 'advantage': 0.0}, {'n': 2, 'hits': 4.0, 'tempo': 1.1738438482518845, 'advantage': -2.8261561517481155}]
14:02:41 INFO    fpl_expert.optimise.joint | joint+deferral: [{'n': 1, 'hits': 0.0, 'tempo': 0.0, 'advantage': 0.0}, {'n': 2, 'hits': 4.0, 'tempo': 2.6245346770854994, 'advantage': -1.3754653229145006}]
14:02:42 INFO    fpl_expert.optimise.joint | joint+deferral: [{'n': 1, 'hits': 0.0, 'tempo': 0.0, 'advantage': 0.0}, {'n': 2, 'hits': 4.0, 'tempo': 1.8330067249087776, 'advantage': -2.1669932750912224}]
14:02:42 INFO    fpl_expert.optimise.joint | joint+deferral: [{'n': 1, 'hits': 0.0, 'tempo': 0.0, 'advantage': 0.0}, {'n': 2, 'hits': 4.0, 'tempo': 1.8512242837503337, 'advantage': -2.1487757162496663}]
14:02:43 INFO    fpl_expert.optimise.joint | joint+deferral: [{'n': 1, 'hits': 0.0, 'tempo': 0.0, 'advantage': 0.0}, {'n': 2, 'hits': 4.0, 'tempo': 0.6453655513711851, 'advantage': -3.354634448628815}]
14:02:43 INFO    fpl_expert.optimise.joint | joint+deferral: [{'n': 1, 'hits': 0.0, 'tempo': 0.0, 'advantage': 0.0}, {'n': 2, 'hits': 4.0, 'tempo': 2.0684907384126987, 'advantage': -1.9315092615873013}]
14:02:45 INFO    fpl_expert.optimise.joint | joint+deferral: [{'n': 1, 'hits': 0.0, 'tempo': 0.0, 'advantage': 0.0}, {'n': 2, 'hits': 4.0, 'tempo': 1.8031130214761646, 'advantage': -2.1968869785238354}]
14:02:45 INFO    fpl_expert.optimise.joint | joint+deferral: [{'n': 1, 'hits': 0.0, 'tempo': 0.0, 'advantage': 0.0}, {'n': 2, 'hits': 4.0, 'tempo': 0.0, 'advantage': -4.0}]
14:02:46 INFO    fpl_expert.optimise.joint | joint+deferral: [{'n': 1, 'hits': 0.0, 'tempo': 0.0, 'advantage': 0.0}, {'n': 2, 'hits': 4.0, 'tempo': 0.6110451013844695, 'advantage': -3.3889548986155305}]
14:02:47 INFO    fpl_expert.optimise.joint | joint+deferral: [{'n': 1, 'hits': 0.0, 'tempo': 0.0, 'advantage': 0.0}, {'n': 2, 'hits': 4.0, 'tempo': 0.2826513176119576, 'advantage': -3.7173486823880424}]
14:02:47 INFO    fpl_expert.optimise.joint | joint+deferral: [{'n': 1, 'hits': 0.0, 'tempo': 0.0, 'advantage': 0.0}, {'n': 2, 'hits': 4.0, 'tempo': 1.0331874743589395, 'advantage': -2.9668125256410605}]
14:02:48 INFO    fpl_expert.optimise.joint | joint+deferral: [{'n': 1, 'hits': 0.0, 'tempo': 0.0, 'advantage': 0.0}, {'n': 2, 'hits': 4.0, 'tempo': 1.5113887300378863, 'advantage': -2.4886112699621137}]
14:02:49 INFO    fpl_expert.optimise.joint | joint+deferral: [{'n': 1, 'hits': 0.0, 'tempo': 0.0, 'advantage': 0.0}, {'n': 2, 'hits': 4.0, 'tempo': 1.7266817380964454, 'advantage': -2.2733182619035546}]
14:02:50 INFO    fpl_expert.optimise.joint | joint+deferral: [{'n': 1, 'hits': 0.0, 'tempo': 0.0, 'advantage': 0.0}, {'n': 2, 'hits': 4.0, 'tempo': 4.614534978193589, 'advantage': 0.6145349781935892}]
14:02:50 INFO    fpl_expert.optimise.joint | joint+deferral: [{'n': 2, 'hits': 0.0, 'tempo': 0.0, 'advantage': 0.0}]
14:02:50 INFO    fpl_expert.backtest.season_sim | GW35: playing bench_boost (expiring in 3 gw, best remaining 9.4)
14:02:51 INFO    fpl_expert.optimise.joint | joint+deferral: [{'n': 1, 'hits': 0.0, 'tempo': 0.0, 'advantage': 0.0}, {'n': 2, 'hits': 4.0, 'tempo': 4.816375669489105, 'advantage': 0.8163756694891049}]
14:02:51 INFO    fpl_expert.backtest.season_sim | GW36: playing triple_captain (expiring in 2 gw, best remaining 6.9)
14:02:51 INFO    fpl_expert.optimise.joint | joint+deferral: [{'n': 1, 'hits': 0.0, 'tempo': 0.0, 'advantage': 0.0}, {'n': 2, 'hits': 4.0, 'tempo': 1.632861344321256, 'advantage': -2.367138655678744}]
14:02:52 INFO    fpl_expert.optimise.joint | joint+deferral: [{'n': 1, 'hits': 0.0, 'tempo': 0.0, 'advantage': 0.0}, {'n': 2, 'hits': 4.0, 'tempo': 0.1729372548837631, 'advantage': -3.827062745116237}]
14:02:52 INFO    fpl_expert.backtest.ensemble | joint path 3: 2197
14:02:53 INFO    fpl_expert.optimise.joint | joint+deferral: [{'n': 1, 'hits': 0.0, 'tempo': 0.0, 'advantage': 0.0}, {'n': 2, 'hits': 4.0, 'tempo': 4.805511984343362, 'advantage': 0.8055119843433616}]
14:02:54 INFO    fpl_expert.optimise.joint | joint+deferral: [{'n': 1, 'hits': 0.0, 'tempo': 0.0, 'advantage': 0.0}, {'n': 2, 'hits': 4.0, 'tempo': 4.336189017541095, 'advantage': 0.33618901754109487}]
14:02:55 INFO    fpl_expert.optimise.joint | joint+deferral: [{'n': 1, 'hits': 0.0, 'tempo': 0.0, 'advantage': 0.0}, {'n': 2, 'hits': 4.0, 'tempo': 1.077317936488626, 'advantage': -2.922682063511374}]
14:02:55 INFO    fpl_expert.optimise.joint | joint+deferral: [{'n': 1, 'hits': 0.0, 'tempo': 0.0, 'advantage': 0.0}, {'n': 2, 'hits': 4.0, 'tempo': 2.191346634863507, 'advantage': -1.808653365136493}]
14:02:56 INFO    fpl_expert.optimise.joint | joint+deferral: [{'n': 1, 'hits': 0.0, 'tempo': 0.0, 'advantage': 0.0}, {'n': 2, 'hits': 4.0, 'tempo': 2.970155260222448, 'advantage': -1.0298447397775519}]
14:02:57 INFO    fpl_expert.optimise.joint | joint+deferral: [{'n': 1, 'hits': 0.0, 'tempo': 0.0, 'advantage': 0.0}, {'n': 2, 'hits': 4.0, 'tempo': -0.11240076296200385, 'advantage': -4.112400762962004}]
14:02:58 INFO    fpl_expert.optimise.joint | joint+deferral: [{'n': 1, 'hits': 0.0, 'tempo': 0.0, 'advantage': 0.0}, {'n': 2, 'hits': 4.0, 'tempo': 0.6595919910865149, 'advantage': -3.340408008913485}]
14:02:58 INFO    fpl_expert.optimise.joint | joint+deferral: [{'n': 1, 'hits': 0.0, 'tempo': 0.0, 'advantage': 0.0}, {'n': 2, 'hits': 4.0, 'tempo': -1.2647345793970786, 'advantage': -5.264734579397079}]
14:02:59 INFO    fpl_expert.optimise.joint | joint+deferral: [{'n': 1, 'hits': 0.0, 'tempo': 0.0, 'advantage': 0.0}, {'n': 2, 'hits': 4.0, 'tempo': 1.6141504155166828, 'advantage': -2.385849584483317}]
14:03:00 INFO    fpl_expert.optimise.joint | joint+deferral: [{'n': 1, 'hits': 0.0, 'tempo': 0.0, 'advantage': 0.0}, {'n': 2, 'hits': 4.0, 'tempo': 1.852532572196921, 'advantage': -2.147467427803079}]
14:03:01 INFO    fpl_expert.optimise.joint | joint+deferral: [{'n': 1, 'hits': 0.0, 'tempo': 0.0, 'advantage': 0.0}, {'n': 2, 'hits': 4.0, 'tempo': 2.099664274655389, 'advantage': -1.9003357253446111}]
14:03:02 INFO    fpl_expert.optimise.joint | joint+deferral: [{'n': 1, 'hits': 0.0, 'tempo': 0.0, 'advantage': 0.0}, {'n': 2, 'hits': 4.0, 'tempo': 3.2343472446322323, 'advantage': -0.7656527553677677}]
14:03:03 INFO    fpl_expert.optimise.joint | joint+deferral: [{'n': 1, 'hits': 0.0, 'tempo': 0.0, 'advantage': 0.0}, {'n': 2, 'hits': 4.0, 'tempo': 2.424373921540628, 'advantage': -1.575626078459372}]
14:03:04 INFO    fpl_expert.optimise.joint | joint+deferral: [{'n': 1, 'hits': 0.0, 'tempo': 0.0, 'advantage': 0.0}, {'n': 2, 'hits': 4.0, 'tempo': 3.089189998477522, 'advantage': -0.9108100015224778}]
14:03:05 INFO    fpl_expert.optimise.joint | joint+deferral: [{'n': 1, 'hits': 0.0, 'tempo': 0.0, 'advantage': 0.0}, {'n': 2, 'hits': 4.0, 'tempo': 0.7116774428323112, 'advantage': -3.288322557167689}]
14:03:07 INFO    fpl_expert.optimise.joint | joint+deferral: [{'n': 1, 'hits': 0.0, 'tempo': 0.0, 'advantage': 0.0}, {'n': 2, 'hits': 4.0, 'tempo': 0.0, 'advantage': -4.0}]
14:03:07 INFO    fpl_expert.optimise.joint | joint+deferral: [{'n': 1, 'hits': 0.0, 'tempo': 0.0, 'advantage': 0.0}, {'n': 2, 'hits': 4.0, 'tempo': 1.7802441177244432, 'advantage': -2.2197558822755568}]
14:03:07 INFO    fpl_expert.backtest.season_sim | GW18: playing bench_boost (expiring in 1 gw, best remaining 8.5)
14:03:08 INFO    fpl_expert.optimise.joint | joint+deferral: [{'n': 1, 'hits': 0.0, 'tempo': 0.0, 'advantage': 0.0}, {'n': 2, 'hits': 4.0, 'tempo': 1.7929632126116246, 'advantage': -2.2070367873883754}]
14:03:08 INFO    fpl_expert.backtest.season_sim | GW19: playing triple_captain (final chance before expiry)
14:03:09 INFO    fpl_expert.optimise.joint | joint+deferral: [{'n': 1, 'hits': 0.0, 'tempo': 0.0, 'advantage': 0.0}, {'n': 2, 'hits': 4.0, 'tempo': 1.1793205758587177, 'advantage': -2.8206794241412823}]
14:03:10 INFO    fpl_expert.optimise.joint | joint+deferral: [{'n': 1, 'hits': 0.0, 'tempo': 0.0, 'advantage': 0.0}, {'n': 2, 'hits': 4.0, 'tempo': 3.1225137531092244, 'advantage': -0.8774862468907756}]
14:03:10 INFO    fpl_expert.optimise.joint | joint+deferral: [{'n': 1, 'hits': 0.0, 'tempo': 0.0, 'advantage': 0.0}, {'n': 2, 'hits': 4.0, 'tempo': 1.8835194454255628, 'advantage': -2.116480554574437}]
14:03:11 INFO    fpl_expert.optimise.joint | joint+deferral: [{'n': 1, 'hits': 0.0, 'tempo': 0.0, 'advantage': 0.0}, {'n': 2, 'hits': 4.0, 'tempo': 1.8609232889069531, 'advantage': -2.139076711093047}]
14:03:12 INFO    fpl_expert.optimise.joint | joint+deferral: [{'n': 1, 'hits': 0.0, 'tempo': 0.0, 'advantage': 0.0}, {'n': 2, 'hits': 4.0, 'tempo': 0.6499439276400025, 'advantage': -3.3500560723599975}]
14:03:12 INFO    fpl_expert.optimise.joint | joint+deferral: [{'n': 1, 'hits': 0.0, 'tempo': 0.0, 'advantage': 0.0}, {'n': 2, 'hits': 4.0, 'tempo': 2.0543108440484303, 'advantage': -1.9456891559515697}]
14:03:13 INFO    fpl_expert.optimise.joint | joint+deferral: [{'n': 1, 'hits': 0.0, 'tempo': 0.0, 'advantage': 0.0}, {'n': 2, 'hits': 4.0, 'tempo': 1.8007270956917836, 'advantage': -2.1992729043082164}]
14:03:14 INFO    fpl_expert.optimise.joint | joint+deferral: [{'n': 1, 'hits': 0.0, 'tempo': 0.0, 'advantage': 0.0}, {'n': 2, 'hits': 4.0, 'tempo': 0.0, 'advantage': -4.0}]
14:03:14 INFO    fpl_expert.optimise.joint | joint+deferral: [{'n': 1, 'hits': 0.0, 'tempo': 0.0, 'advantage': 0.0}, {'n': 2, 'hits': 4.0, 'tempo': 0.6046237871129279, 'advantage': -3.395376212887072}]
14:03:15 INFO    fpl_expert.optimise.joint | joint+deferral: [{'n': 1, 'hits': 0.0, 'tempo': 0.0, 'advantage': 0.0}, {'n': 2, 'hits': 4.0, 'tempo': 0.2886868782803802, 'advantage': -3.71131312171962}]
14:03:16 INFO    fpl_expert.optimise.joint | joint+deferral: [{'n': 1, 'hits': 0.0, 'tempo': 0.0, 'advantage': 0.0}, {'n': 2, 'hits': 4.0, 'tempo': 1.0255188740333665, 'advantage': -2.9744811259666335}]
14:03:16 INFO    fpl_expert.optimise.joint | joint+deferral: [{'n': 1, 'hits': 0.0, 'tempo': 0.0, 'advantage': 0.0}, {'n': 2, 'hits': 4.0, 'tempo': 1.0961670147452836, 'advantage': -2.9038329852547164}]
14:03:17 INFO    fpl_expert.optimise.joint | joint+deferral: [{'n': 1, 'hits': 0.0, 'tempo': 0.0, 'advantage': 0.0}, {'n': 2, 'hits': 4.0, 'tempo': 0.6088486680614267, 'advantage': -3.3911513319385733}]
14:03:18 INFO    fpl_expert.optimise.joint | joint+deferral: [{'n': 1, 'hits': 0.0, 'tempo': 0.0, 'advantage': 0.0}, {'n': 2, 'hits': 4.0, 'tempo': 3.937910153897306, 'advantage': -0.06208984610269397}]
14:03:18 INFO    fpl_expert.backtest.season_sim | GW33: playing bench_boost (best available (10.9 vs 9.8 remaining))
14:03:18 INFO    fpl_expert.optimise.joint | joint+deferral: [{'n': 2, 'hits': 0.0, 'tempo': 0.0, 'advantage': 0.0}]
14:03:19 INFO    fpl_expert.optimise.joint | joint+deferral: [{'n': 1, 'hits': 0.0, 'tempo': 0.0, 'advantage': 0.0}, {'n': 2, 'hits': 4.0, 'tempo': 3.578993615817126, 'advantage': -0.42100638418287417}]
14:03:19 INFO    fpl_expert.backtest.season_sim | GW36: playing triple_captain (expiring in 2 gw, best remaining 6.9)
14:03:19 INFO    fpl_expert.optimise.joint | joint+deferral: [{'n': 1, 'hits': 0.0, 'tempo': 0.0, 'advantage': 0.0}, {'n': 2, 'hits': 4.0, 'tempo': 1.630539741627416, 'advantage': -2.369460258372584}]
14:03:20 INFO    fpl_expert.optimise.joint | joint+deferral: [{'n': 1, 'hits': 0.0, 'tempo': 0.0, 'advantage': 0.0}, {'n': 2, 'hits': 4.0, 'tempo': 0.5723916244304093, 'advantage': -3.4276083755695907}]
14:03:20 INFO    fpl_expert.backtest.ensemble | joint path 4: 2165
14:03:21 INFO    fpl_expert.optimise.joint | joint+deferral: [{'n': 1, 'hits': 0.0, 'tempo': 0.0, 'advantage': 0.0}, {'n': 2, 'hits': 4.0, 'tempo': 4.809386691332456, 'advantage': 0.8093866913324561}]
14:03:22 INFO    fpl_expert.optimise.joint | joint+deferral: [{'n': 1, 'hits': 0.0, 'tempo': 0.0, 'advantage': 0.0}, {'n': 2, 'hits': 4.0, 'tempo': 4.3728464400318146, 'advantage': 0.37284644003181455}]
14:03:23 INFO    fpl_expert.optimise.joint | joint+deferral: [{'n': 1, 'hits': 0.0, 'tempo': 0.0, 'advantage': 0.0}, {'n': 2, 'hits': 4.0, 'tempo': 1.0802070367077619, 'advantage': -2.919792963292238}]
14:03:23 INFO    fpl_expert.optimise.joint | joint+deferral: [{'n': 1, 'hits': 0.0, 'tempo': 0.0, 'advantage': 0.0}, {'n': 2, 'hits': 4.0, 'tempo': 2.2019335110852367, 'advantage': -1.7980664889147633}]
14:03:24 INFO    fpl_expert.optimise.joint | joint+deferral: [{'n': 1, 'hits': 0.0, 'tempo': 0.0, 'advantage': 0.0}, {'n': 2, 'hits': 4.0, 'tempo': 2.9754717744368335, 'advantage': -1.0245282255631665}]
14:03:25 INFO    fpl_expert.optimise.joint | joint+deferral: [{'n': 1, 'hits': 0.0, 'tempo': 0.0, 'advantage': 0.0}, {'n': 2, 'hits': 4.0, 'tempo': -0.12208750245800815, 'advantage': -4.122087502458008}]
14:03:25 INFO    fpl_expert.optimise.joint | joint+deferral: [{'n': 1, 'hits': 0.0, 'tempo': 0.0, 'advantage': 0.0}, {'n': 2, 'hits': 4.0, 'tempo': 0.718764282674762, 'advantage': -3.281235717325238}]
14:03:26 INFO    fpl_expert.optimise.joint | joint+deferral: [{'n': 1, 'hits': 0.0, 'tempo': 0.0, 'advantage': 0.0}, {'n': 2, 'hits': 4.0, 'tempo': -1.2681325385363564, 'advantage': -5.268132538536356}]
14:03:27 INFO    fpl_expert.optimise.joint | joint+deferral: [{'n': 1, 'hits': 0.0, 'tempo': 0.0, 'advantage': 0.0}, {'n': 2, 'hits': 4.0, 'tempo': 1.617013217989232, 'advantage': -2.382986782010768}]
14:03:28 INFO    fpl_expert.optimise.joint | joint+deferral: [{'n': 1, 'hits': 0.0, 'tempo': 0.0, 'advantage': 0.0}, {'n': 2, 'hits': 4.0, 'tempo': 1.8518663206058363, 'advantage': -2.1481336793941637}]
14:03:30 INFO    fpl_expert.optimise.joint | joint+deferral: [{'n': 1, 'hits': 0.0, 'tempo': 0.0, 'advantage': 0.0}, {'n': 2, 'hits': 4.0, 'tempo': 2.102338546096682, 'advantage': -1.8976614539033179}]
14:03:30 INFO    fpl_expert.optimise.joint | joint+deferral: [{'n': 1, 'hits': 0.0, 'tempo': 0.0, 'advantage': 0.0}, {'n': 2, 'hits': 4.0, 'tempo': 3.212241340962265, 'advantage': -0.7877586590377348}]
14:03:31 INFO    fpl_expert.optimise.joint | joint+deferral: [{'n': 1, 'hits': 0.0, 'tempo': 0.0, 'advantage': 0.0}, {'n': 2, 'hits': 4.0, 'tempo': 2.4249743229499927, 'advantage': -1.5750256770500073}]
14:03:32 INFO    fpl_expert.optimise.joint | joint+deferral: [{'n': 1, 'hits': 0.0, 'tempo': 0.0, 'advantage': 0.0}, {'n': 2, 'hits': 4.0, 'tempo': 3.061809462609844, 'advantage': -0.938190537390156}]
14:03:33 INFO    fpl_expert.optimise.joint | joint+deferral: [{'n': 1, 'hits': 0.0, 'tempo': 0.0, 'advantage': 0.0}, {'n': 2, 'hits': 4.0, 'tempo': -0.9318318285662812, 'advantage': -4.931831828566281}]
14:03:34 INFO    fpl_expert.optimise.joint | joint+deferral: [{'n': 1, 'hits': 0.0, 'tempo': 0.0, 'advantage': 0.0}, {'n': 2, 'hits': 4.0, 'tempo': 0.0, 'advantage': -4.0}]
14:03:34 INFO    fpl_expert.backtest.season_sim | GW17: playing triple_captain (expiring in 2 gw, best remaining 6.8)
14:03:35 INFO    fpl_expert.optimise.joint | joint+deferral: [{'n': 1, 'hits': 0.0, 'tempo': 0.0, 'advantage': 0.0}, {'n': 2, 'hits': 4.0, 'tempo': 1.7803169419035996, 'advantage': -2.2196830580964004}]
14:03:35 INFO    fpl_expert.backtest.season_sim | GW18: playing bench_boost (expiring in 1 gw, best remaining 8.5)
14:03:36 INFO    fpl_expert.optimise.joint | joint+deferral: [{'n': 1, 'hits': 0.0, 'tempo': 0.0, 'advantage': 0.0}, {'n': 2, 'hits': 4.0, 'tempo': 1.7745329515273482, 'advantage': -2.2254670484726518}]
14:03:37 INFO    fpl_expert.optimise.joint | joint+deferral: [{'n': 1, 'hits': 0.0, 'tempo': 0.0, 'advantage': 0.0}, {'n': 2, 'hits': 4.0, 'tempo': 1.1869291858081823, 'advantage': -2.8130708141918177}]
14:03:38 INFO    fpl_expert.optimise.joint | joint+deferral: [{'n': 1, 'hits': 0.0, 'tempo': 0.0, 'advantage': 0.0}, {'n': 2, 'hits': 4.0, 'tempo': 3.1498187323998366, 'advantage': -0.8501812676001634}]
14:03:38 INFO    fpl_expert.optimise.joint | joint+deferral: [{'n': 1, 'hits': 0.0, 'tempo': 0.0, 'advantage': 0.0}, {'n': 2, 'hits': 4.0, 'tempo': 1.8931403621773768, 'advantage': -2.106859637822623}]
14:03:39 INFO    fpl_expert.optimise.joint | joint+deferral: [{'n': 1, 'hits': 0.0, 'tempo': 0.0, 'advantage': 0.0}, {'n': 2, 'hits': 4.0, 'tempo': 1.85719621506248, 'advantage': -2.14280378493752}]
14:03:39 INFO    fpl_expert.optimise.joint | joint+deferral: [{'n': 1, 'hits': 0.0, 'tempo': 0.0, 'advantage': 0.0}, {'n': 2, 'hits': 4.0, 'tempo': 0.649779708445017, 'advantage': -3.350220291554983}]
14:03:40 INFO    fpl_expert.optimise.joint | joint+deferral: [{'n': 1, 'hits': 0.0, 'tempo': 0.0, 'advantage': 0.0}, {'n': 2, 'hits': 4.0, 'tempo': 2.065129994467135, 'advantage': -1.934870005532865}]
14:03:41 INFO    fpl_expert.optimise.joint | joint+deferral: [{'n': 1, 'hits': 0.0, 'tempo': 0.0, 'advantage': 0.0}, {'n': 2, 'hits': 4.0, 'tempo': 1.7921497204788324, 'advantage': -2.2078502795211676}]
14:03:42 INFO    fpl_expert.optimise.joint | joint+deferral: [{'n': 1, 'hits': 0.0, 'tempo': 0.0, 'advantage': 0.0}, {'n': 2, 'hits': 4.0, 'tempo': 0.0, 'advantage': -4.0}]
14:03:42 INFO    fpl_expert.optimise.joint | joint+deferral: [{'n': 1, 'hits': 0.0, 'tempo': 0.0, 'advantage': 0.0}, {'n': 2, 'hits': 4.0, 'tempo': 0.6051701697279555, 'advantage': -3.3948298302720445}]
14:03:43 INFO    fpl_expert.optimise.joint | joint+deferral: [{'n': 1, 'hits': 0.0, 'tempo': 0.0, 'advantage': 0.0}, {'n': 2, 'hits': 4.0, 'tempo': 0.27706173913766463, 'advantage': -3.7229382608623354}]
14:03:44 INFO    fpl_expert.optimise.joint | joint+deferral: [{'n': 1, 'hits': 0.0, 'tempo': 0.0, 'advantage': 0.0}, {'n': 2, 'hits': 4.0, 'tempo': 1.0243921395731235, 'advantage': -2.9756078604268765}]
14:03:45 INFO    fpl_expert.optimise.joint | joint+deferral: [{'n': 1, 'hits': 0.0, 'tempo': 0.0, 'advantage': 0.0}, {'n': 2, 'hits': 4.0, 'tempo': 1.104501528349715, 'advantage': -2.895498471650285}]
14:03:46 INFO    fpl_expert.optimise.joint | joint+deferral: [{'n': 1, 'hits': 0.0, 'tempo': 0.0, 'advantage': 0.0}, {'n': 2, 'hits': 4.0, 'tempo': 0.6142348493267846, 'advantage': -3.3857651506732154}]
14:03:46 INFO    fpl_expert.optimise.joint | joint+deferral: [{'n': 1, 'hits': 0.0, 'tempo': 0.0, 'advantage': 0.0}, {'n': 2, 'hits': 4.0, 'tempo': 3.9428509875382503, 'advantage': -0.05714901246174975}]
14:03:46 INFO    fpl_expert.backtest.season_sim | GW33: playing bench_boost (best available (10.9 vs 9.8 remaining))
14:03:47 INFO    fpl_expert.optimise.joint | joint+deferral: [{'n': 2, 'hits': 0.0, 'tempo': 0.0, 'advantage': 0.0}]
14:03:48 INFO    fpl_expert.optimise.joint | joint+deferral: [{'n': 1, 'hits': 0.0, 'tempo': 0.0, 'advantage': 0.0}, {'n': 2, 'hits': 4.0, 'tempo': 3.59307173453756, 'advantage': -0.4069282654624402}]
14:03:48 INFO    fpl_expert.backtest.season_sim | GW36: playing triple_captain (expiring in 2 gw, best remaining 6.9)
14:03:48 INFO    fpl_expert.optimise.joint | joint+deferral: [{'n': 1, 'hits': 0.0, 'tempo': 0.0, 'advantage': 0.0}, {'n': 2, 'hits': 4.0, 'tempo': 1.6269244100788285, 'advantage': -2.3730755899211715}]
14:03:48 INFO    fpl_expert.optimise.joint | joint+deferral: [{'n': 1, 'hits': 0.0, 'tempo': 0.0, 'advantage': 0.0}, {'n': 2, 'hits': 4.0, 'tempo': 0.5548740879659988, 'advantage': -3.445125912034001}]
14:03:48 INFO    fpl_expert.backtest.ensemble | joint path 5: 2165
14:03:50 INFO    fpl_expert.optimise.joint | joint+deferral: [{'n': 1, 'hits': 0.0, 'tempo': 0.0, 'advantage': 0.0}, {'n': 2, 'hits': 4.0, 'tempo': 4.799852081651387, 'advantage': 0.7998520816513874}]
14:03:50 INFO    fpl_expert.optimise.joint | joint+deferral: [{'n': 1, 'hits': 0.0, 'tempo': 0.0, 'advantage': 0.0}, {'n': 2, 'hits': 4.0, 'tempo': 4.356375515635797, 'advantage': 0.35637551563579706}]
14:03:51 INFO    fpl_expert.optimise.joint | joint+deferral: [{'n': 1, 'hits': 0.0, 'tempo': 0.0, 'advantage': 0.0}, {'n': 2, 'hits': 4.0, 'tempo': 1.084573827082643, 'advantage': -2.915426172917357}]
14:03:52 INFO    fpl_expert.optimise.joint | joint+deferral: [{'n': 1, 'hits': 0.0, 'tempo': 0.0, 'advantage': 0.0}, {'n': 2, 'hits': 4.0, 'tempo': 2.1989978687603013, 'advantage': -1.8010021312396987}]
14:03:53 INFO    fpl_expert.optimise.joint | joint+deferral: [{'n': 1, 'hits': 0.0, 'tempo': 0.0, 'advantage': 0.0}, {'n': 2, 'hits': 4.0, 'tempo': 2.9824119323975893, 'advantage': -1.0175880676024107}]
14:03:54 INFO    fpl_expert.optimise.joint | joint+deferral: [{'n': 1, 'hits': 0.0, 'tempo': 0.0, 'advantage': 0.0}, {'n': 2, 'hits': 4.0, 'tempo': -0.13068974006892375, 'advantage': -4.130689740068924}]
14:03:54 INFO    fpl_expert.optimise.joint | joint+deferral: [{'n': 1, 'hits': 0.0, 'tempo': 0.0, 'advantage': 0.0}, {'n': 2, 'hits': 4.0, 'tempo': 0.6718972548775213, 'advantage': -3.3281027451224787}]
14:03:55 INFO    fpl_expert.optimise.joint | joint+deferral: [{'n': 1, 'hits': 0.0, 'tempo': 0.0, 'advantage': 0.0}, {'n': 2, 'hits': 4.0, 'tempo': -1.2244398865085984, 'advantage': -5.224439886508598}]
14:03:56 INFO    fpl_expert.optimise.joint | joint+deferral: [{'n': 1, 'hits': 0.0, 'tempo': 0.0, 'advantage': 0.0}, {'n': 2, 'hits': 4.0, 'tempo': 1.6212946802087274, 'advantage': -2.3787053197912726}]
14:03:57 INFO    fpl_expert.optimise.joint | joint+deferral: [{'n': 1, 'hits': 0.0, 'tempo': 0.0, 'advantage': 0.0}, {'n': 2, 'hits': 4.0, 'tempo': 1.8499673115988458, 'advantage': -2.1500326884011542}]
14:03:59 INFO    fpl_expert.optimise.joint | joint+deferral: [{'n': 1, 'hits': 0.0, 'tempo': 0.0, 'advantage': 0.0}, {'n': 2, 'hits': 4.0, 'tempo': 2.112374774120248, 'advantage': -1.8876252258797521}]
14:04:00 INFO    fpl_expert.optimise.joint | joint+deferral: [{'n': 1, 'hits': 0.0, 'tempo': 0.0, 'advantage': 0.0}, {'n': 2, 'hits': 4.0, 'tempo': 3.2202792565497944, 'advantage': -0.7797207434502056}]
14:04:00 INFO    fpl_expert.optimise.joint | joint+deferral: [{'n': 1, 'hits': 0.0, 'tempo': 0.0, 'advantage': 0.0}, {'n': 2, 'hits': 4.0, 'tempo': 2.4051657794942756, 'advantage': -1.5948342205057244}]
14:04:02 INFO    fpl_expert.optimise.joint | joint+deferral: [{'n': 1, 'hits': 0.0, 'tempo': 0.0, 'advantage': 0.0}, {'n': 2, 'hits': 4.0, 'tempo': 3.09791675374521, 'advantage': -0.9020832462547901}]
14:04:03 INFO    fpl_expert.optimise.joint | joint+deferral: [{'n': 1, 'hits': 0.0, 'tempo': 0.0, 'advantage': 0.0}, {'n': 2, 'hits': 4.0, 'tempo': 0.7040896946155257, 'advantage': -3.2959103053844743}]
14:04:05 INFO    fpl_expert.optimise.joint | joint+deferral: [{'n': 1, 'hits': 0.0, 'tempo': 0.0, 'advantage': 0.0}, {'n': 2, 'hits': 4.0, 'tempo': 0.0, 'advantage': -4.0}]
14:04:05 INFO    fpl_expert.backtest.season_sim | GW17: playing triple_captain (expiring in 2 gw, best remaining 6.8)
14:04:05 INFO    fpl_expert.optimise.joint | joint+deferral: [{'n': 1, 'hits': 0.0, 'tempo': 0.0, 'advantage': 0.0}, {'n': 2, 'hits': 4.0, 'tempo': 1.809892418747694, 'advantage': -2.190107581252306}]
14:04:05 INFO    fpl_expert.backtest.season_sim | GW18: playing bench_boost (expiring in 1 gw, best remaining 8.5)
14:04:06 INFO    fpl_expert.optimise.joint | joint+deferral: [{'n': 1, 'hits': 0.0, 'tempo': 0.0, 'advantage': 0.0}, {'n': 2, 'hits': 4.0, 'tempo': 1.773727254197297, 'advantage': -2.226272745802703}]
14:04:07 INFO    fpl_expert.optimise.joint | joint+deferral: [{'n': 1, 'hits': 0.0, 'tempo': 0.0, 'advantage': 0.0}, {'n': 2, 'hits': 4.0, 'tempo': 1.1571350035149095, 'advantage': -2.8428649964850905}]
14:04:07 INFO    fpl_expert.optimise.joint | joint+deferral: [{'n': 1, 'hits': 0.0, 'tempo': 0.0, 'advantage': 0.0}, {'n': 2, 'hits': 4.0, 'tempo': 2.622086637954908, 'advantage': -1.377913362045092}]
14:04:08 INFO    fpl_expert.optimise.joint | joint+deferral: [{'n': 1, 'hits': 0.0, 'tempo': 0.0, 'advantage': 0.0}, {'n': 2, 'hits': 4.0, 'tempo': 1.8761178160336414, 'advantage': -2.1238821839663586}]
14:04:09 INFO    fpl_expert.optimise.joint | joint+deferral: [{'n': 1, 'hits': 0.0, 'tempo': 0.0, 'advantage': 0.0}, {'n': 2, 'hits': 4.0, 'tempo': 1.8593943201290344, 'advantage': -2.1406056798709656}]
14:04:09 INFO    fpl_expert.optimise.joint | joint+deferral: [{'n': 1, 'hits': 0.0, 'tempo': 0.0, 'advantage': 0.0}, {'n': 2, 'hits': 4.0, 'tempo': 0.6559005350671612, 'advantage': -3.344099464932839}]
14:04:10 INFO    fpl_expert.optimise.joint | joint+deferral: [{'n': 1, 'hits': 0.0, 'tempo': 0.0, 'advantage': 0.0}, {'n': 2, 'hits': 4.0, 'tempo': 2.0598061470360776, 'advantage': -1.9401938529639224}]
14:04:11 INFO    fpl_expert.optimise.joint | joint+deferral: [{'n': 1, 'hits': 0.0, 'tempo': 0.0, 'advantage': 0.0}, {'n': 2, 'hits': 4.0, 'tempo': 1.802516636773376, 'advantage': -2.197483363226624}]
14:04:11 INFO    fpl_expert.optimise.joint | joint+deferral: [{'n': 1, 'hits': 0.0, 'tempo': 0.0, 'advantage': 0.0}, {'n': 2, 'hits': 4.0, 'tempo': 0.0, 'advantage': -4.0}]
14:04:12 INFO    fpl_expert.optimise.joint | joint+deferral: [{'n': 1, 'hits': 0.0, 'tempo': 0.0, 'advantage': 0.0}, {'n': 2, 'hits': 4.0, 'tempo': 0.5998035352877125, 'advantage': -3.4001964647122875}]
14:04:13 INFO    fpl_expert.optimise.joint | joint+deferral: [{'n': 1, 'hits': 0.0, 'tempo': 0.0, 'advantage': 0.0}, {'n': 2, 'hits': 4.0, 'tempo': 0.27371492223613814, 'advantage': -3.726285077763862}]
14:04:13 INFO    fpl_expert.optimise.joint | joint+deferral: [{'n': 1, 'hits': 0.0, 'tempo': 0.0, 'advantage': 0.0}, {'n': 2, 'hits': 4.0, 'tempo': 1.0241161592378916, 'advantage': -2.9758838407621084}]
14:04:14 INFO    fpl_expert.optimise.joint | joint+deferral: [{'n': 1, 'hits': 0.0, 'tempo': 0.0, 'advantage': 0.0}, {'n': 2, 'hits': 4.0, 'tempo': 1.5320011866827699, 'advantage': -2.46799881331723}]
14:04:15 INFO    fpl_expert.optimise.joint | joint+deferral: [{'n': 1, 'hits': 0.0, 'tempo': 0.0, 'advantage': 0.0}, {'n': 2, 'hits': 4.0, 'tempo': 1.7299586402618985, 'advantage': -2.2700413597381015}]
14:04:16 INFO    fpl_expert.optimise.joint | joint+deferral: [{'n': 1, 'hits': 0.0, 'tempo': 0.0, 'advantage': 0.0}, {'n': 2, 'hits': 4.0, 'tempo': 4.597652009564314, 'advantage': 0.5976520095643139}]
14:04:16 INFO    fpl_expert.optimise.joint | joint+deferral: [{'n': 2, 'hits': 0.0, 'tempo': 0.0, 'advantage': 0.0}]
14:04:16 INFO    fpl_expert.backtest.season_sim | GW35: playing bench_boost (expiring in 3 gw, best remaining 9.4)
14:04:17 INFO    fpl_expert.optimise.joint | joint+deferral: [{'n': 1, 'hits': 0.0, 'tempo': 0.0, 'advantage': 0.0}, {'n': 2, 'hits': 4.0, 'tempo': 4.780839246651524, 'advantage': 0.7808392466515244}]
14:04:17 INFO    fpl_expert.backtest.season_sim | GW36: playing triple_captain (expiring in 2 gw, best remaining 6.9)
14:04:17 INFO    fpl_expert.optimise.joint | joint+deferral: [{'n': 1, 'hits': 0.0, 'tempo': 0.0, 'advantage': 0.0}, {'n': 2, 'hits': 4.0, 'tempo': 1.4854985855717828, 'advantage': -2.514501414428217}]
14:04:17 INFO    fpl_expert.optimise.joint | joint+deferral: [{'n': 1, 'hits': 0.0, 'tempo': 0.0, 'advantage': 0.0}, {'n': 2, 'hits': 4.0, 'tempo': 0.41395586361903725, 'advantage': -3.5860441363809628}]
14:04:17 INFO    fpl_expert.backtest.ensemble | joint path 6: 2179
14:04:18 INFO    fpl_expert.optimise.joint | joint+deferral: [{'n': 1, 'hits': 0.0, 'tempo': 0.0, 'advantage': 0.0}, {'n': 2, 'hits': 4.0, 'tempo': 4.805211855310958, 'advantage': 0.805211855310958}]
14:04:19 INFO    fpl_expert.optimise.joint | joint+deferral: [{'n': 1, 'hits': 0.0, 'tempo': 0.0, 'advantage': 0.0}, {'n': 2, 'hits': 4.0, 'tempo': 4.3369160995857925, 'advantage': 0.3369160995857925}]
14:04:20 INFO    fpl_expert.optimise.joint | joint+deferral: [{'n': 1, 'hits': 0.0, 'tempo': 0.0, 'advantage': 0.0}, {'n': 2, 'hits': 4.0, 'tempo': 1.0761147923121328, 'advantage': -2.923885207687867}]
14:04:20 INFO    fpl_expert.optimise.joint | joint+deferral: [{'n': 1, 'hits': 0.0, 'tempo': 0.0, 'advantage': 0.0}, {'n': 2, 'hits': 4.0, 'tempo': 2.1898410222670748, 'advantage': -1.8101589777329252}]
14:04:21 INFO    fpl_expert.optimise.joint | joint+deferral: [{'n': 1, 'hits': 0.0, 'tempo': 0.0, 'advantage': 0.0}, {'n': 2, 'hits': 4.0, 'tempo': 2.975105095885503, 'advantage': -1.0248949041144968}]
14:04:22 INFO    fpl_expert.optimise.joint | joint+deferral: [{'n': 1, 'hits': 0.0, 'tempo': 0.0, 'advantage': 0.0}, {'n': 2, 'hits': 4.0, 'tempo': -0.11726849998211009, 'advantage': -4.11726849998211}]
14:04:23 INFO    fpl_expert.optimise.joint | joint+deferral: [{'n': 1, 'hits': 0.0, 'tempo': 0.0, 'advantage': 0.0}, {'n': 2, 'hits': 4.0, 'tempo': 0.6636950386733389, 'advantage': -3.336304961326661}]
14:04:24 INFO    fpl_expert.optimise.joint | joint+deferral: [{'n': 1, 'hits': 0.0, 'tempo': 0.0, 'advantage': 0.0}, {'n': 2, 'hits': 4.0, 'tempo': -1.2518527984081516, 'advantage': -5.251852798408152}]
14:04:24 INFO    fpl_expert.optimise.joint | joint+deferral: [{'n': 1, 'hits': 0.0, 'tempo': 0.0, 'advantage': 0.0}, {'n': 2, 'hits': 4.0, 'tempo': 1.6198009927672388, 'advantage': -2.3801990072327612}]
14:04:25 INFO    fpl_expert.optimise.joint | joint+deferral: [{'n': 1, 'hits': 0.0, 'tempo': 0.0, 'advantage': 0.0}, {'n': 2, 'hits': 4.0, 'tempo': 1.8592415769886799, 'advantage': -2.14075842301132}]
14:04:27 INFO    fpl_expert.optimise.joint | joint+deferral: [{'n': 1, 'hits': 0.0, 'tempo': 0.0, 'advantage': 0.0}, {'n': 2, 'hits': 4.0, 'tempo': 2.0998485631328663, 'advantage': -1.9001514368671337}]
14:04:28 INFO    fpl_expert.optimise.joint | joint+deferral: [{'n': 1, 'hits': 0.0, 'tempo': 0.0, 'advantage': 0.0}, {'n': 2, 'hits': 4.0, 'tempo': 3.2137795300162253, 'advantage': -0.7862204699837747}]
14:04:28 INFO    fpl_expert.optimise.joint | joint+deferral: [{'n': 1, 'hits': 0.0, 'tempo': 0.0, 'advantage': 0.0}, {'n': 2, 'hits': 4.0, 'tempo': 2.4085012122781677, 'advantage': -1.5914987877218323}]
14:04:30 INFO    fpl_expert.optimise.joint | joint+deferral: [{'n': 1, 'hits': 0.0, 'tempo': 0.0, 'advantage': 0.0}, {'n': 2, 'hits': 4.0, 'tempo': 3.093227835719155, 'advantage': -0.9067721642808451}]
14:04:31 INFO    fpl_expert.optimise.joint | joint+deferral: [{'n': 1, 'hits': 0.0, 'tempo': 0.0, 'advantage': 0.0}, {'n': 2, 'hits': 4.0, 'tempo': 0.700432484858851, 'advantage': -3.299567515141149}]
14:04:32 INFO    fpl_expert.optimise.joint | joint+deferral: [{'n': 1, 'hits': 0.0, 'tempo': 0.0, 'advantage': 0.0}, {'n': 2, 'hits': 4.0, 'tempo': 0.0, 'advantage': -4.0}]
14:04:32 INFO    fpl_expert.backtest.season_sim | GW17: playing triple_captain (expiring in 2 gw, best remaining 6.8)
14:04:32 INFO    fpl_expert.optimise.joint | joint+deferral: [{'n': 1, 'hits': 0.0, 'tempo': 0.0, 'advantage': 0.0}, {'n': 2, 'hits': 4.0, 'tempo': 1.7993880882077846, 'advantage': -2.2006119117922154}]
14:04:33 INFO    fpl_expert.backtest.season_sim | GW18: playing bench_boost (expiring in 1 gw, best remaining 8.5)
14:04:33 INFO    fpl_expert.optimise.joint | joint+deferral: [{'n': 1, 'hits': 0.0, 'tempo': 0.0, 'advantage': 0.0}, {'n': 2, 'hits': 4.0, 'tempo': 1.7777446463420574, 'advantage': -2.2222553536579426}]
14:04:34 INFO    fpl_expert.optimise.joint | joint+deferral: [{'n': 1, 'hits': 0.0, 'tempo': 0.0, 'advantage': 0.0}, {'n': 2, 'hits': 4.0, 'tempo': 1.168596301030469, 'advantage': -2.831403698969531}]
14:04:35 INFO    fpl_expert.optimise.joint | joint+deferral: [{'n': 1, 'hits': 0.0, 'tempo': 0.0, 'advantage': 0.0}, {'n': 2, 'hits': 4.0, 'tempo': 2.650432634908725, 'advantage': -1.349567365091275}]
14:04:36 INFO    fpl_expert.optimise.joint | joint+deferral: [{'n': 1, 'hits': 0.0, 'tempo': 0.0, 'advantage': 0.0}, {'n': 2, 'hits': 4.0, 'tempo': 1.8856426092429004, 'advantage': -2.1143573907570996}]
14:04:36 INFO    fpl_expert.optimise.joint | joint+deferral: [{'n': 1, 'hits': 0.0, 'tempo': 0.0, 'advantage': 0.0}, {'n': 2, 'hits': 4.0, 'tempo': 1.8560598634403362, 'advantage': -2.1439401365596638}]
14:04:37 INFO    fpl_expert.optimise.joint | joint+deferral: [{'n': 1, 'hits': 0.0, 'tempo': 0.0, 'advantage': 0.0}, {'n': 2, 'hits': 4.0, 'tempo': 0.6544063571510605, 'advantage': -3.3455936428489395}]
14:04:37 INFO    fpl_expert.optimise.joint | joint+deferral: [{'n': 1, 'hits': 0.0, 'tempo': 0.0, 'advantage': 0.0}, {'n': 2, 'hits': 4.0, 'tempo': 2.0588915056654713, 'advantage': -1.9411084943345287}]
14:04:39 INFO    fpl_expert.optimise.joint | joint+deferral: [{'n': 1, 'hits': 0.0, 'tempo': 0.0, 'advantage': 0.0}, {'n': 2, 'hits': 4.0, 'tempo': 1.793550903354813, 'advantage': -2.206449096645187}]
14:04:39 INFO    fpl_expert.optimise.joint | joint+deferral: [{'n': 1, 'hits': 0.0, 'tempo': 0.0, 'advantage': 0.0}, {'n': 2, 'hits': 4.0, 'tempo': 0.0, 'advantage': -4.0}]
14:04:40 INFO    fpl_expert.optimise.joint | joint+deferral: [{'n': 1, 'hits': 0.0, 'tempo': 0.0, 'advantage': 0.0}, {'n': 2, 'hits': 4.0, 'tempo': 0.6049885149229368, 'advantage': -3.395011485077063}]
14:04:41 INFO    fpl_expert.optimise.joint | joint+deferral: [{'n': 1, 'hits': 0.0, 'tempo': 0.0, 'advantage': 0.0}, {'n': 2, 'hits': 4.0, 'tempo': 0.27100935523379377, 'advantage': -3.7289906447662062}]
14:04:42 INFO    fpl_expert.optimise.joint | joint+deferral: [{'n': 1, 'hits': 0.0, 'tempo': 0.0, 'advantage': 0.0}, {'n': 2, 'hits': 4.0, 'tempo': 1.0301045248548206, 'advantage': -2.9698954751451794}]
14:04:42 INFO    fpl_expert.optimise.joint | joint+deferral: [{'n': 1, 'hits': 0.0, 'tempo': 0.0, 'advantage': 0.0}, {'n': 2, 'hits': 4.0, 'tempo': 1.5094109340431316, 'advantage': -2.4905890659568684}]
14:04:43 INFO    fpl_expert.optimise.joint | joint+deferral: [{'n': 1, 'hits': 0.0, 'tempo': 0.0, 'advantage': 0.0}, {'n': 2, 'hits': 4.0, 'tempo': 1.7119917723472753, 'advantage': -2.2880082276527247}]
14:04:44 INFO    fpl_expert.optimise.joint | joint+deferral: [{'n': 1, 'hits': 0.0, 'tempo': 0.0, 'advantage': 0.0}, {'n': 2, 'hits': 4.0, 'tempo': 4.623227617879621, 'advantage': 0.6232276178796212}]
14:04:44 INFO    fpl_expert.optimise.joint | joint+deferral: [{'n': 2, 'hits': 0.0, 'tempo': 0.0, 'advantage': 0.0}]
14:04:44 INFO    fpl_expert.backtest.season_sim | GW35: playing bench_boost (expiring in 3 gw, best remaining 9.4)
14:04:45 INFO    fpl_expert.optimise.joint | joint+deferral: [{'n': 1, 'hits': 0.0, 'tempo': 0.0, 'advantage': 0.0}, {'n': 2, 'hits': 4.0, 'tempo': 4.719764658402397, 'advantage': 0.7197646584023971}]
14:04:45 INFO    fpl_expert.backtest.season_sim | GW36: playing triple_captain (expiring in 2 gw, best remaining 6.9)
14:04:45 INFO    fpl_expert.optimise.joint | joint+deferral: [{'n': 1, 'hits': 0.0, 'tempo': 0.0, 'advantage': 0.0}, {'n': 2, 'hits': 4.0, 'tempo': 1.6161135415500851, 'advantage': -2.383886458449915}]
14:04:45 INFO    fpl_expert.optimise.joint | joint+deferral: [{'n': 1, 'hits': 0.0, 'tempo': 0.0, 'advantage': 0.0}, {'n': 2, 'hits': 4.0, 'tempo': 0.1784775095885749, 'advantage': -3.821522490411425}]
14:04:45 INFO    fpl_expert.backtest.ensemble | joint path 7: 2191
14:04:47 INFO    fpl_expert.optimise.joint | joint+deferral: [{'n': 1, 'hits': 0.0, 'tempo': 0.0, 'advantage': 0.0}, {'n': 2, 'hits': 4.0, 'tempo': 4.810255631165255, 'advantage': 0.8102556311652549}]
14:04:47 INFO    fpl_expert.optimise.joint | joint+deferral: [{'n': 1, 'hits': 0.0, 'tempo': 0.0, 'advantage': 0.0}, {'n': 2, 'hits': 4.0, 'tempo': 4.354023534986034, 'advantage': 0.3540235349860339}]
14:04:48 INFO    fpl_expert.optimise.joint | joint+deferral: [{'n': 1, 'hits': 0.0, 'tempo': 0.0, 'advantage': 0.0}, {'n': 2, 'hits': 4.0, 'tempo': 1.0825712011998831, 'advantage': -2.917428798800117}]
14:04:49 INFO    fpl_expert.optimise.joint | joint+deferral: [{'n': 1, 'hits': 0.0, 'tempo': 0.0, 'advantage': 0.0}, {'n': 2, 'hits': 4.0, 'tempo': 2.194693808124434, 'advantage': -1.805306191875566}]
14:04:49 INFO    fpl_expert.optimise.joint | joint+deferral: [{'n': 1, 'hits': 0.0, 'tempo': 0.0, 'advantage': 0.0}, {'n': 2, 'hits': 4.0, 'tempo': 2.968429817866493, 'advantage': -1.0315701821335068}]
14:04:50 INFO    fpl_expert.optimise.joint | joint+deferral: [{'n': 1, 'hits': 0.0, 'tempo': 0.0, 'advantage': 0.0}, {'n': 2, 'hits': 4.0, 'tempo': -0.12001382340162081, 'advantage': -4.120013823401621}]
14:04:51 INFO    fpl_expert.optimise.joint | joint+deferral: [{'n': 1, 'hits': 0.0, 'tempo': 0.0, 'advantage': 0.0}, {'n': 2, 'hits': 4.0, 'tempo': 0.6706009538476252, 'advantage': -3.329399046152375}]
14:04:52 INFO    fpl_expert.optimise.joint | joint+deferral: [{'n': 1, 'hits': 0.0, 'tempo': 0.0, 'advantage': 0.0}, {'n': 2, 'hits': 4.0, 'tempo': -1.2763323219685105, 'advantage': -5.2763323219685105}]
14:04:53 INFO    fpl_expert.optimise.joint | joint+deferral: [{'n': 1, 'hits': 0.0, 'tempo': 0.0, 'advantage': 0.0}, {'n': 2, 'hits': 4.0, 'tempo': 1.6168899028001533, 'advantage': -2.3831100971998467}]
14:04:54 INFO    fpl_expert.optimise.joint | joint+deferral: [{'n': 1, 'hits': 0.0, 'tempo': 0.0, 'advantage': 0.0}, {'n': 2, 'hits': 4.0, 'tempo': 1.8431194499660108, 'advantage': -2.156880550033989}]
14:04:55 INFO    fpl_expert.optimise.joint | joint+deferral: [{'n': 1, 'hits': 0.0, 'tempo': 0.0, 'advantage': 0.0}, {'n': 2, 'hits': 4.0, 'tempo': 2.1090036011450053, 'advantage': -1.8909963988549947}]
14:04:56 INFO    fpl_expert.optimise.joint | joint+deferral: [{'n': 1, 'hits': 0.0, 'tempo': 0.0, 'advantage': 0.0}, {'n': 2, 'hits': 4.0, 'tempo': 3.2404452378437085, 'advantage': -0.7595547621562915}]
14:04:56 INFO    fpl_expert.optimise.joint | joint+deferral: [{'n': 1, 'hits': 0.0, 'tempo': 0.0, 'advantage': 0.0}, {'n': 2, 'hits': 4.0, 'tempo': 2.3839005337896992, 'advantage': -1.6160994662103008}]
14:04:57 INFO    fpl_expert.optimise.joint | joint+deferral: [{'n': 1, 'hits': 0.0, 'tempo': 0.0, 'advantage': 0.0}, {'n': 2, 'hits': 4.0, 'tempo': 3.058838013678752, 'advantage': -0.9411619863212479}]
14:04:58 INFO    fpl_expert.optimise.joint | joint+deferral: [{'n': 1, 'hits': 0.0, 'tempo': 0.0, 'advantage': 0.0}, {'n': 2, 'hits': 4.0, 'tempo': 0.7035069251891315, 'advantage': -3.2964930748108685}]
14:05:00 INFO    fpl_expert.optimise.joint | joint+deferral: [{'n': 1, 'hits': 0.0, 'tempo': 0.0, 'advantage': 0.0}, {'n': 2, 'hits': 4.0, 'tempo': 0.0, 'advantage': -4.0}]
14:05:00 INFO    fpl_expert.backtest.season_sim | GW17: playing triple_captain (expiring in 2 gw, best remaining 6.8)
14:05:00 INFO    fpl_expert.optimise.joint | joint+deferral: [{'n': 1, 'hits': 0.0, 'tempo': 0.0, 'advantage': 0.0}, {'n': 2, 'hits': 4.0, 'tempo': 1.801284776606856, 'advantage': -2.198715223393144}]
14:05:00 INFO    fpl_expert.backtest.season_sim | GW18: playing bench_boost (expiring in 1 gw, best remaining 8.5)
14:05:01 INFO    fpl_expert.optimise.joint | joint+deferral: [{'n': 1, 'hits': 0.0, 'tempo': 0.0, 'advantage': 0.0}, {'n': 2, 'hits': 4.0, 'tempo': 1.7714438020048036, 'advantage': -2.2285561979951964}]
14:05:02 INFO    fpl_expert.optimise.joint | joint+deferral: [{'n': 1, 'hits': 0.0, 'tempo': 0.0, 'advantage': 0.0}, {'n': 2, 'hits': 4.0, 'tempo': 1.1673566362866623, 'advantage': -2.8326433637133377}]
14:05:03 INFO    fpl_expert.optimise.joint | joint+deferral: [{'n': 1, 'hits': 0.0, 'tempo': 0.0, 'advantage': 0.0}, {'n': 2, 'hits': 4.0, 'tempo': 3.1303914111869986, 'advantage': -0.8696085888130014}]
14:05:04 INFO    fpl_expert.optimise.joint | joint+deferral: [{'n': 1, 'hits': 0.0, 'tempo': 0.0, 'advantage': 0.0}, {'n': 2, 'hits': 4.0, 'tempo': 1.847018281384365, 'advantage': -2.152981718615635}]
14:05:04 INFO    fpl_expert.optimise.joint | joint+deferral: [{'n': 1, 'hits': 0.0, 'tempo': 0.0, 'advantage': 0.0}, {'n': 2, 'hits': 4.0, 'tempo': 1.8487023413855042, 'advantage': -2.151297658614496}]
14:05:05 INFO    fpl_expert.optimise.joint | joint+deferral: [{'n': 1, 'hits': 0.0, 'tempo': 0.0, 'advantage': 0.0}, {'n': 2, 'hits': 4.0, 'tempo': 0.655642434286932, 'advantage': -3.344357565713068}]
14:05:05 INFO    fpl_expert.optimise.joint | joint+deferral: [{'n': 1, 'hits': 0.0, 'tempo': 0.0, 'advantage': 0.0}, {'n': 2, 'hits': 4.0, 'tempo': 2.0646096770433644, 'advantage': -1.9353903229566356}]
14:05:06 INFO    fpl_expert.optimise.joint | joint+deferral: [{'n': 1, 'hits': 0.0, 'tempo': 0.0, 'advantage': 0.0}, {'n': 2, 'hits': 4.0, 'tempo': 1.809931687485843, 'advantage': -2.190068312514157}]
14:05:07 INFO    fpl_expert.optimise.joint | joint+deferral: [{'n': 1, 'hits': 0.0, 'tempo': 0.0, 'advantage': 0.0}, {'n': 2, 'hits': 4.0, 'tempo': 0.0, 'advantage': -4.0}]
14:05:08 INFO    fpl_expert.optimise.joint | joint+deferral: [{'n': 1, 'hits': 0.0, 'tempo': 0.0, 'advantage': 0.0}, {'n': 2, 'hits': 4.0, 'tempo': 0.6025825695824594, 'advantage': -3.3974174304175406}]
14:05:08 INFO    fpl_expert.optimise.joint | joint+deferral: [{'n': 1, 'hits': 0.0, 'tempo': 0.0, 'advantage': 0.0}, {'n': 2, 'hits': 4.0, 'tempo': 0.2830275211278064, 'advantage': -3.7169724788721936}]
14:05:09 INFO    fpl_expert.optimise.joint | joint+deferral: [{'n': 1, 'hits': 0.0, 'tempo': 0.0, 'advantage': 0.0}, {'n': 2, 'hits': 4.0, 'tempo': 1.0271046222275686, 'advantage': -2.9728953777724314}]
14:05:10 INFO    fpl_expert.optimise.joint | joint+deferral: [{'n': 1, 'hits': 0.0, 'tempo': 0.0, 'advantage': 0.0}, {'n': 2, 'hits': 4.0, 'tempo': 1.1079300217279524, 'advantage': -2.8920699782720476}]
14:05:10 INFO    fpl_expert.optimise.joint | joint+deferral: [{'n': 1, 'hits': 0.0, 'tempo': 0.0, 'advantage': 0.0}, {'n': 2, 'hits': 4.0, 'tempo': 0.608046421985847, 'advantage': -3.391953578014153}]
14:05:11 INFO    fpl_expert.optimise.joint | joint+deferral: [{'n': 1, 'hits': 0.0, 'tempo': 0.0, 'advantage': 0.0}, {'n': 2, 'hits': 4.0, 'tempo': 3.503035309947691, 'advantage': -0.4969646900523088}]
14:05:11 INFO    fpl_expert.optimise.joint | joint+deferral: [{'n': 2, 'hits': 0.0, 'tempo': 0.0, 'advantage': 0.0}]
14:05:12 INFO    fpl_expert.optimise.joint | joint+deferral: [{'n': 1, 'hits': 0.0, 'tempo': 0.0, 'advantage': 0.0}, {'n': 2, 'hits': 4.0, 'tempo': 5.0280510076382114, 'advantage': 1.0280510076382114}]
14:05:12 INFO    fpl_expert.backtest.season_sim | GW36: playing bench_boost (expiring in 2 gw, best remaining 11.2)
14:05:12 INFO    fpl_expert.optimise.joint | joint+deferral: [{'n': 1, 'hits': 0.0, 'tempo': 0.0, 'advantage': 0.0}, {'n': 2, 'hits': 4.0, 'tempo': 0.9435814893744805, 'advantage': -3.0564185106255195}]
14:05:12 INFO    fpl_expert.backtest.season_sim | GW37: playing triple_captain (expiring in 1 gw, best remaining 4.9)
14:05:13 INFO    fpl_expert.optimise.joint | joint+deferral: [{'n': 1, 'hits': 0.0, 'tempo': 0.0, 'advantage': 0.0}, {'n': 2, 'hits': 4.0, 'tempo': 0.3787107986813325, 'advantage': -3.6212892013186675}]
14:05:13 INFO    fpl_expert.backtest.ensemble | joint path 8: 2202
14:05:14 INFO    fpl_expert.optimise.joint | joint+deferral: [{'n': 1, 'hits': 0.0, 'tempo': 0.0, 'advantage': 0.0}, {'n': 2, 'hits': 4.0, 'tempo': 4.808498964574341, 'advantage': 0.8084989645743406}]
14:05:15 INFO    fpl_expert.optimise.joint | joint+deferral: [{'n': 1, 'hits': 0.0, 'tempo': 0.0, 'advantage': 0.0}, {'n': 2, 'hits': 4.0, 'tempo': 4.36815276211513, 'advantage': 0.36815276211513037}]
14:05:15 INFO    fpl_expert.optimise.joint | joint+deferral: [{'n': 1, 'hits': 0.0, 'tempo': 0.0, 'advantage': 0.0}, {'n': 2, 'hits': 4.0, 'tempo': 1.07247278147819, 'advantage': -2.92752721852181}]
14:05:16 INFO    fpl_expert.optimise.joint | joint+deferral: [{'n': 1, 'hits': 0.0, 'tempo': 0.0, 'advantage': 0.0}, {'n': 2, 'hits': 4.0, 'tempo': 2.1986579430419155, 'advantage': -1.8013420569580845}]
14:05:17 INFO    fpl_expert.optimise.joint | joint+deferral: [{'n': 1, 'hits': 0.0, 'tempo': 0.0, 'advantage': 0.0}, {'n': 2, 'hits': 4.0, 'tempo': 2.9752836525790727, 'advantage': -1.0247163474209273}]
14:05:17 INFO    fpl_expert.optimise.joint | joint+deferral: [{'n': 1, 'hits': 0.0, 'tempo': 0.0, 'advantage': 0.0}, {'n': 2, 'hits': 4.0, 'tempo': -0.10556718042761304, 'advantage': -4.105567180427613}]
14:05:18 INFO    fpl_expert.optimise.joint | joint+deferral: [{'n': 1, 'hits': 0.0, 'tempo': 0.0, 'advantage': 0.0}, {'n': 2, 'hits': 4.0, 'tempo': 0.6440132577886786, 'advantage': -3.3559867422113214}]
14:05:19 INFO    fpl_expert.optimise.joint | joint+deferral: [{'n': 1, 'hits': 0.0, 'tempo': 0.0, 'advantage': 0.0}, {'n': 2, 'hits': 4.0, 'tempo': -1.2719257827574282, 'advantage': -5.271925782757428}]
14:05:20 INFO    fpl_expert.optimise.joint | joint+deferral: [{'n': 1, 'hits': 0.0, 'tempo': 0.0, 'advantage': 0.0}, {'n': 2, 'hits': 4.0, 'tempo': 1.6152188534745235, 'advantage': -2.3847811465254765}]
14:05:21 INFO    fpl_expert.optimise.joint | joint+deferral: [{'n': 1, 'hits': 0.0, 'tempo': 0.0, 'advantage': 0.0}, {'n': 2, 'hits': 4.0, 'tempo': 1.8517538169390377, 'advantage': -2.1482461830609623}]
14:05:23 INFO    fpl_expert.optimise.joint | joint+deferral: [{'n': 1, 'hits': 0.0, 'tempo': 0.0, 'advantage': 0.0}, {'n': 2, 'hits': 4.0, 'tempo': 2.086270529634305, 'advantage': -1.9137294703656949}]
14:05:24 INFO    fpl_expert.optimise.joint | joint+deferral: [{'n': 1, 'hits': 0.0, 'tempo': 0.0, 'advantage': 0.0}, {'n': 2, 'hits': 4.0, 'tempo': 3.2438990527159746, 'advantage': -0.7561009472840254}]
14:05:24 INFO    fpl_expert.optimise.joint | joint+deferral: [{'n': 1, 'hits': 0.0, 'tempo': 0.0, 'advantage': 0.0}, {'n': 2, 'hits': 4.0, 'tempo': 2.463410298104293, 'advantage': -1.536589701895707}]
14:05:25 INFO    fpl_expert.optimise.joint | joint+deferral: [{'n': 1, 'hits': 0.0, 'tempo': 0.0, 'advantage': 0.0}, {'n': 2, 'hits': 4.0, 'tempo': 3.064314532574258, 'advantage': -0.935685467425742}]
14:05:26 INFO    fpl_expert.optimise.joint | joint+deferral: [{'n': 1, 'hits': 0.0, 'tempo': 0.0, 'advantage': 0.0}, {'n': 2, 'hits': 4.0, 'tempo': 0.7046336713884855, 'advantage': -3.2953663286115145}]
14:05:27 INFO    fpl_expert.optimise.joint | joint+deferral: [{'n': 1, 'hits': 0.0, 'tempo': 0.0, 'advantage': 0.0}, {'n': 2, 'hits': 4.0, 'tempo': 0.0, 'advantage': -4.0}]
14:05:28 INFO    fpl_expert.optimise.joint | joint+deferral: [{'n': 1, 'hits': 0.0, 'tempo': 0.0, 'advantage': 0.0}, {'n': 2, 'hits': 4.0, 'tempo': 1.8025097990563594, 'advantage': -2.1974902009436406}]
14:05:28 INFO    fpl_expert.backtest.season_sim | GW18: playing bench_boost (expiring in 1 gw, best remaining 8.5)
14:05:29 INFO    fpl_expert.optimise.joint | joint+deferral: [{'n': 1, 'hits': 0.0, 'tempo': 0.0, 'advantage': 0.0}, {'n': 2, 'hits': 4.0, 'tempo': 1.7783772267259508, 'advantage': -2.2216227732740492}]
14:05:29 INFO    fpl_expert.backtest.season_sim | GW19: playing triple_captain (final chance before expiry)
14:05:29 INFO    fpl_expert.optimise.joint | joint+deferral: [{'n': 1, 'hits': 0.0, 'tempo': 0.0, 'advantage': 0.0}, {'n': 2, 'hits': 4.0, 'tempo': 1.1864828950786048, 'advantage': -2.813517104921395}]
14:05:30 INFO    fpl_expert.optimise.joint | joint+deferral: [{'n': 1, 'hits': 0.0, 'tempo': 0.0, 'advantage': 0.0}, {'n': 2, 'hits': 4.0, 'tempo': 2.6333420732618933, 'advantage': -1.3666579267381067}]
14:05:31 INFO    fpl_expert.optimise.joint | joint+deferral: [{'n': 1, 'hits': 0.0, 'tempo': 0.0, 'advantage': 0.0}, {'n': 2, 'hits': 4.0, 'tempo': 1.8702642429938692, 'advantage': -2.129735757006131}]
14:05:32 INFO    fpl_expert.optimise.joint | joint+deferral: [{'n': 1, 'hits': 0.0, 'tempo': 0.0, 'advantage': 0.0}, {'n': 2, 'hits': 4.0, 'tempo': 1.846531837788426, 'advantage': -2.153468162211574}]
14:05:32 INFO    fpl_expert.optimise.joint | joint+deferral: [{'n': 1, 'hits': 0.0, 'tempo': 0.0, 'advantage': 0.0}, {'n': 2, 'hits': 4.0, 'tempo': 0.6500913269630573, 'advantage': -3.3499086730369427}]
14:05:33 INFO    fpl_expert.optimise.joint | joint+deferral: [{'n': 1, 'hits': 0.0, 'tempo': 0.0, 'advantage': 0.0}, {'n': 2, 'hits': 4.0, 'tempo': 2.070889634889191, 'advantage': -1.9291103651108088}]
14:05:34 INFO    fpl_expert.optimise.joint | joint+deferral: [{'n': 1, 'hits': 0.0, 'tempo': 0.0, 'advantage': 0.0}, {'n': 2, 'hits': 4.0, 'tempo': 1.819335037074822, 'advantage': -2.180664962925178}]
14:05:34 INFO    fpl_expert.optimise.joint | joint+deferral: [{'n': 1, 'hits': 0.0, 'tempo': 0.0, 'advantage': 0.0}, {'n': 2, 'hits': 4.0, 'tempo': 0.0, 'advantage': -4.0}]
14:05:35 INFO    fpl_expert.optimise.joint | joint+deferral: [{'n': 1, 'hits': 0.0, 'tempo': 0.0, 'advantage': 0.0}, {'n': 2, 'hits': 4.0, 'tempo': 0.5988802902822172, 'advantage': -3.4011197097177828}]
14:05:36 INFO    fpl_expert.optimise.joint | joint+deferral: [{'n': 1, 'hits': 0.0, 'tempo': 0.0, 'advantage': 0.0}, {'n': 2, 'hits': 4.0, 'tempo': 0.2722004257527786, 'advantage': -3.7277995742472214}]
14:05:36 INFO    fpl_expert.optimise.joint | joint+deferral: [{'n': 1, 'hits': 0.0, 'tempo': 0.0, 'advantage': 0.0}, {'n': 2, 'hits': 4.0, 'tempo': 1.01411986532883, 'advantage': -2.98588013467117}]
14:05:37 INFO    fpl_expert.optimise.joint | joint+deferral: [{'n': 1, 'hits': 0.0, 'tempo': 0.0, 'advantage': 0.0}, {'n': 2, 'hits': 4.0, 'tempo': 1.5398044497054286, 'advantage': -2.4601955502945714}]
14:05:38 INFO    fpl_expert.optimise.joint | joint+deferral: [{'n': 1, 'hits': 0.0, 'tempo': 0.0, 'advantage': 0.0}, {'n': 2, 'hits': 4.0, 'tempo': 1.7031456801032974, 'advantage': -2.2968543198967026}]
14:05:39 INFO    fpl_expert.optimise.joint | joint+deferral: [{'n': 1, 'hits': 0.0, 'tempo': 0.0, 'advantage': 0.0}, {'n': 2, 'hits': 4.0, 'tempo': 4.618305336908634, 'advantage': 0.6183053369086338}]
14:05:39 INFO    fpl_expert.optimise.joint | joint+deferral: [{'n': 2, 'hits': 0.0, 'tempo': 0.0, 'advantage': 0.0}]
14:05:39 INFO    fpl_expert.backtest.season_sim | GW35: playing bench_boost (expiring in 3 gw, best remaining 9.4)
14:05:40 INFO    fpl_expert.optimise.joint | joint+deferral: [{'n': 1, 'hits': 0.0, 'tempo': 0.0, 'advantage': 0.0}, {'n': 2, 'hits': 4.0, 'tempo': 4.7825900283769585, 'advantage': 0.7825900283769585}]
14:05:40 INFO    fpl_expert.backtest.season_sim | GW36: playing triple_captain (expiring in 2 gw, best remaining 6.9)
14:05:40 INFO    fpl_expert.optimise.joint | joint+deferral: [{'n': 1, 'hits': 0.0, 'tempo': 0.0, 'advantage': 0.0}, {'n': 2, 'hits': 4.0, 'tempo': 1.4789787974171986, 'advantage': -2.5210212025828014}]
14:05:40 INFO    fpl_expert.optimise.joint | joint+deferral: [{'n': 1, 'hits': 0.0, 'tempo': 0.0, 'advantage': 0.0}, {'n': 2, 'hits': 4.0, 'tempo': 0.40914405440040724, 'advantage': -3.5908559455995928}]
14:05:40 INFO    fpl_expert.backtest.ensemble | joint path 9: 2182
  2025-26 joint              mean    2176  sd  18.1

per-path totals written to `ensemble_runs` (60 rows)

PAIRED against 'horizon', differenced within each shared path
variant   mean    sd  mean_diff   se  ci_low  ci_high  wins  paths  excludes_zero  seasons_agree  adoptable  sign_2023-24  sign_2024-25  sign_2025-26
  joint 2225.3  65.6       35.7 24.4   -12.0     83.5  0.67     30          False          False      False          -1.0           1.0           1.0
horizon 2189.6 124.0        0.0  0.0     0.0      0.0  0.00     30          False          False      False           0.0           0.0           0.0

PER SEASON, paired within each shared path
 season variant   mean   sd  mean_diff   se  ci_low  ci_high  wins  paths
2023-24 horizon 2351.2  5.8        0.0  0.0     0.0      0.0   0.0     10
2023-24   joint 2216.1 75.5     -135.1 24.3  -182.8    -87.4   0.0     10
2024-25   joint 2283.6 36.1      134.8 10.3   114.6    155.0   1.0     10
2024-25 horizon 2148.8 40.3        0.0  0.0     0.0      0.0   0.0     10
2025-26   joint 2176.2 18.1      107.5 11.6    84.7    130.3   1.0     10
2025-26 horizon 2068.7 28.2        0.0  0.0     0.0      0.0   0.0     10

`adoptable` needs BOTH: a paired interval excluding zero (the effect is real across
these seasons) AND the sign agreeing in every season (ground rule 2). Path averaging
sharpens the first; it cannot substitute for the second.
