21:52:08 INFO    fpl_expert.backtest.season_sim | GW15: playing triple_captain (best available (9.1 vs 8.2 remaining))
21:52:08 INFO    fpl_expert.backtest.season_sim | GW18: playing bench_boost (expiring in 1 gw, best remaining 3.8)
21:52:12 INFO    fpl_expert.backtest.season_sim | GW33: playing bench_boost (best available (14.2 vs 13.9 remaining))
21:52:12 INFO    fpl_expert.backtest.season_sim | GW34: playing triple_captain (best available (12.9 vs 11.9 remaining))
21:52:13 INFO    fpl_expert.backtest.ensemble | horizon path 0: 2349
21:52:17 INFO    fpl_expert.backtest.season_sim | GW15: playing triple_captain (best available (9.1 vs 8.2 remaining))
21:52:17 INFO    fpl_expert.backtest.season_sim | GW18: playing bench_boost (expiring in 1 gw, best remaining 3.8)
21:52:20 INFO    fpl_expert.backtest.season_sim | GW33: playing bench_boost (best available (14.2 vs 13.9 remaining))
21:52:21 INFO    fpl_expert.backtest.season_sim | GW34: playing triple_captain (best available (12.9 vs 11.9 remaining))
21:52:21 INFO    fpl_expert.backtest.ensemble | horizon path 1: 2349
21:52:26 INFO    fpl_expert.backtest.season_sim | GW15: playing triple_captain (best available (9.1 vs 8.2 remaining))
21:52:26 INFO    fpl_expert.backtest.season_sim | GW18: playing bench_boost (expiring in 1 gw, best remaining 3.8)
21:52:29 INFO    fpl_expert.backtest.season_sim | GW33: playing bench_boost (best available (13.5 vs 13.5 remaining))
21:52:30 INFO    fpl_expert.backtest.season_sim | GW34: playing triple_captain (best available (12.9 vs 11.9 remaining))
21:52:30 INFO    fpl_expert.backtest.ensemble | horizon path 2: 2362
21:52:35 INFO    fpl_expert.backtest.season_sim | GW15: playing triple_captain (best available (9.1 vs 8.2 remaining))
21:52:35 INFO    fpl_expert.backtest.season_sim | GW18: playing bench_boost (expiring in 1 gw, best remaining 3.8)
21:52:39 INFO    fpl_expert.backtest.season_sim | GW33: playing bench_boost (best available (14.2 vs 13.9 remaining))
21:52:39 INFO    fpl_expert.backtest.season_sim | GW34: playing triple_captain (best available (12.9 vs 11.9 remaining))
21:52:39 INFO    fpl_expert.backtest.ensemble | horizon path 3: 2349
21:52:44 INFO    fpl_expert.backtest.season_sim | GW15: playing triple_captain (best available (9.1 vs 8.2 remaining))
21:52:45 INFO    fpl_expert.backtest.season_sim | GW18: playing bench_boost (expiring in 1 gw, best remaining 3.8)
21:52:48 INFO    fpl_expert.backtest.season_sim | GW33: playing bench_boost (best available (14.2 vs 13.9 remaining))
21:52:48 INFO    fpl_expert.backtest.season_sim | GW34: playing triple_captain (best available (12.9 vs 11.9 remaining))
21:52:48 INFO    fpl_expert.backtest.ensemble | horizon path 4: 2349
21:52:54 INFO    fpl_expert.backtest.season_sim | GW15: playing triple_captain (best available (9.1 vs 8.2 remaining))
21:52:54 INFO    fpl_expert.backtest.season_sim | GW18: playing bench_boost (expiring in 1 gw, best remaining 3.8)
21:52:57 INFO    fpl_expert.backtest.season_sim | GW33: playing bench_boost (best available (14.2 vs 13.9 remaining))
21:52:58 INFO    fpl_expert.backtest.season_sim | GW34: playing triple_captain (best available (12.9 vs 11.9 remaining))
21:52:58 INFO    fpl_expert.backtest.ensemble | horizon path 5: 2349
21:53:03 INFO    fpl_expert.backtest.season_sim | GW15: playing triple_captain (best available (9.1 vs 8.2 remaining))
21:53:03 INFO    fpl_expert.backtest.season_sim | GW18: playing bench_boost (expiring in 1 gw, best remaining 3.8)
21:53:07 INFO    fpl_expert.backtest.season_sim | GW33: playing bench_boost (best available (13.5 vs 13.4 remaining))
21:53:07 INFO    fpl_expert.backtest.season_sim | GW34: playing triple_captain (best available (12.9 vs 11.9 remaining))
21:53:08 INFO    fpl_expert.backtest.ensemble | horizon path 6: 2362
21:53:13 INFO    fpl_expert.backtest.season_sim | GW15: playing triple_captain (best available (9.1 vs 8.2 remaining))
21:53:14 INFO    fpl_expert.backtest.season_sim | GW18: playing bench_boost (expiring in 1 gw, best remaining 3.8)
21:53:17 INFO    fpl_expert.backtest.season_sim | GW33: playing bench_boost (best available (14.2 vs 13.9 remaining))
21:53:18 INFO    fpl_expert.backtest.season_sim | GW34: playing triple_captain (best available (12.9 vs 11.9 remaining))
21:53:18 INFO    fpl_expert.backtest.ensemble | horizon path 7: 2349
21:53:22 INFO    fpl_expert.backtest.season_sim | GW15: playing triple_captain (best available (9.1 vs 8.2 remaining))
21:53:23 INFO    fpl_expert.backtest.season_sim | GW18: playing bench_boost (expiring in 1 gw, best remaining 3.8)
21:53:25 INFO    fpl_expert.backtest.season_sim | GW33: playing bench_boost (best available (14.2 vs 13.9 remaining))
21:53:26 INFO    fpl_expert.backtest.season_sim | GW34: playing triple_captain (best available (12.9 vs 11.9 remaining))
21:53:26 INFO    fpl_expert.backtest.ensemble | horizon path 8: 2349
21:53:30 INFO    fpl_expert.backtest.season_sim | GW15: playing triple_captain (best available (9.1 vs 8.2 remaining))
21:53:31 INFO    fpl_expert.backtest.season_sim | GW18: playing bench_boost (expiring in 1 gw, best remaining 3.8)
21:53:34 INFO    fpl_expert.backtest.season_sim | GW33: playing bench_boost (best available (14.2 vs 13.9 remaining))
21:53:34 INFO    fpl_expert.backtest.season_sim | GW34: playing triple_captain (best available (12.9 vs 11.9 remaining))
21:53:34 INFO    fpl_expert.backtest.ensemble | horizon path 9: 2345
  2023-24 horizon            mean    2351  sd   5.8
21:53:36 INFO    fpl_expert.optimise.transfers | defer-aware: [{'n': 1, 'hits': 0.0, 'immediate_edge': 0.0, 'advantage': 0.0}, {'n': 2, 'hits': 4.0, 'immediate_edge': 0.0, 'advantage': -4.0}]
21:53:36 INFO    fpl_expert.optimise.transfers | defer-aware: [{'n': 1, 'hits': 0.0, 'immediate_edge': 0.0, 'advantage': 0.0}, {'n': 2, 'hits': 4.0, 'immediate_edge': 4.534142334831394, 'advantage': 0.5341423348313938}]
21:53:36 INFO    fpl_expert.optimise.transfers | defer-aware: [{'n': 1, 'hits': 0.0, 'immediate_edge': 0.0, 'advantage': 0.0}, {'n': 2, 'hits': 4.0, 'immediate_edge': 7.5173789011288505, 'advantage': 3.5173789011288505}]
21:53:37 INFO    fpl_expert.optimise.transfers | defer-aware: [{'n': 1, 'hits': 0.0, 'immediate_edge': 0.0, 'advantage': 0.0}, {'n': 2, 'hits': 4.0, 'immediate_edge': 0.01860189759994313, 'advantage': -3.981398102400057}]
21:53:37 INFO    fpl_expert.optimise.transfers | defer-aware: [{'n': 1, 'hits': 0.0, 'immediate_edge': 0.0, 'advantage': 0.0}, {'n': 2, 'hits': 4.0, 'immediate_edge': 0.0, 'advantage': -4.0}]
21:53:37 INFO    fpl_expert.optimise.transfers | defer-aware: [{'n': 1, 'hits': 0.0, 'immediate_edge': 0.0, 'advantage': 0.0}, {'n': 2, 'hits': 4.0, 'immediate_edge': 0.7564343746309206, 'advantage': -3.2435656253690794}]
21:53:38 INFO    fpl_expert.optimise.transfers | defer-aware: [{'n': 1, 'hits': 0.0, 'immediate_edge': 0.0, 'advantage': 0.0}, {'n': 2, 'hits': 4.0, 'immediate_edge': 2.46553131166786, 'advantage': -1.5344686883321401}]
21:53:38 INFO    fpl_expert.optimise.transfers | defer-aware: [{'n': 1, 'hits': 0.0, 'immediate_edge': 0.0, 'advantage': 0.0}, {'n': 2, 'hits': 4.0, 'immediate_edge': 0.0, 'advantage': -4.0}]
21:53:38 INFO    fpl_expert.optimise.transfers | defer-aware: [{'n': 1, 'hits': 0.0, 'immediate_edge': 0.0, 'advantage': 0.0}, {'n': 2, 'hits': 4.0, 'immediate_edge': 0.17769066912597964, 'advantage': -3.8223093308740204}]
21:53:39 INFO    fpl_expert.optimise.transfers | defer-aware: [{'n': 1, 'hits': 0.0, 'immediate_edge': 0.0, 'advantage': 0.0}, {'n': 2, 'hits': 4.0, 'immediate_edge': 1.6506943081464556, 'advantage': -2.3493056918535444}]
21:53:39 INFO    fpl_expert.optimise.transfers | defer-aware: [{'n': 1, 'hits': 0.0, 'immediate_edge': 0.0, 'advantage': 0.0}, {'n': 2, 'hits': 4.0, 'immediate_edge': -0.19855361726772713, 'advantage': -4.198553617267727}]
21:53:40 INFO    fpl_expert.optimise.transfers | defer-aware: [{'n': 1, 'hits': 0.0, 'immediate_edge': 0.0, 'advantage': 0.0}, {'n': 2, 'hits': 4.0, 'immediate_edge': -0.13588650592124907, 'advantage': -4.135886505921249}]
21:53:40 INFO    fpl_expert.optimise.transfers | defer-aware: [{'n': 1, 'hits': 0.0, 'immediate_edge': 0.0, 'advantage': 0.0}, {'n': 2, 'hits': 4.0, 'immediate_edge': 1.131412770960324, 'advantage': -2.868587229039676}]
21:53:40 INFO    fpl_expert.backtest.season_sim | GW14: playing bench_boost (best available (12.6 vs 11.0 remaining))
21:53:40 INFO    fpl_expert.optimise.transfers | defer-aware: [{'n': 1, 'hits': 0.0, 'immediate_edge': 0.0, 'advantage': 0.0}, {'n': 2, 'hits': 4.0, 'immediate_edge': 1.4119610066486104, 'advantage': -2.5880389933513896}]
21:53:40 INFO    fpl_expert.backtest.season_sim | GW15: playing triple_captain (best available (9.1 vs 8.2 remaining))
21:53:41 INFO    fpl_expert.optimise.transfers | defer-aware: [{'n': 1, 'hits': 0.0, 'immediate_edge': 0.0, 'advantage': 0.0}, {'n': 2, 'hits': 4.0, 'immediate_edge': 0.35611899580511164, 'advantage': -3.6438810041948884}]
21:53:41 INFO    fpl_expert.optimise.transfers | defer-aware: [{'n': 1, 'hits': 0.0, 'immediate_edge': 0.0, 'advantage': 0.0}, {'n': 2, 'hits': 4.0, 'immediate_edge': 2.714176771277913, 'advantage': -1.2858232287220872}]
21:53:41 INFO    fpl_expert.optimise.transfers | defer-aware: [{'n': 1, 'hits': 0.0, 'immediate_edge': 0.0, 'advantage': 0.0}, {'n': 2, 'hits': 4.0, 'immediate_edge': 0.139136129344692, 'advantage': -3.860863870655308}]
21:53:41 INFO    fpl_expert.optimise.transfers | defer-aware: [{'n': 1, 'hits': 0.0, 'immediate_edge': 0.0, 'advantage': 0.0}, {'n': 2, 'hits': 4.0, 'immediate_edge': 1.202788438702889, 'advantage': -2.797211561297111}]
21:53:42 INFO    fpl_expert.optimise.transfers | defer-aware: [{'n': 1, 'hits': 0.0, 'immediate_edge': 0.0, 'advantage': 0.0}, {'n': 2, 'hits': 4.0, 'immediate_edge': 0.0, 'advantage': -4.0}]
21:53:42 INFO    fpl_expert.optimise.transfers | defer-aware: [{'n': 1, 'hits': 0.0, 'immediate_edge': 0.0, 'advantage': 0.0}, {'n': 2, 'hits': 4.0, 'immediate_edge': 0.006264945988888826, 'advantage': -3.993735054011111}]
21:53:43 INFO    fpl_expert.optimise.transfers | defer-aware: [{'n': 1, 'hits': 0.0, 'immediate_edge': 0.0, 'advantage': 0.0}, {'n': 2, 'hits': 4.0, 'immediate_edge': 0.04566110726506167, 'advantage': -3.9543388927349383}]
21:53:43 INFO    fpl_expert.optimise.transfers | defer-aware: [{'n': 1, 'hits': 0.0, 'immediate_edge': 0.0, 'advantage': 0.0}, {'n': 2, 'hits': 4.0, 'immediate_edge': 1.0920544810219468, 'advantage': -2.907945518978053}]
21:53:44 INFO    fpl_expert.optimise.transfers | defer-aware: [{'n': 1, 'hits': 0.0, 'immediate_edge': 0.0, 'advantage': 0.0}, {'n': 2, 'hits': 4.0, 'immediate_edge': 2.3086658746138724, 'advantage': -1.6913341253861276}]
21:53:44 INFO    fpl_expert.optimise.transfers | defer-aware: [{'n': 1, 'hits': 0.0, 'immediate_edge': 0.0, 'advantage': 0.0}, {'n': 2, 'hits': 4.0, 'immediate_edge': 1.791760307601436, 'advantage': -2.208239692398564}]
21:53:44 INFO    fpl_expert.optimise.transfers | defer-aware: [{'n': 1, 'hits': 0.0, 'immediate_edge': 0.0, 'advantage': 0.0}, {'n': 2, 'hits': 4.0, 'immediate_edge': 0.3734499517485048, 'advantage': -3.626550048251495}]
21:53:45 INFO    fpl_expert.optimise.transfers | defer-aware: [{'n': 1, 'hits': 0.0, 'immediate_edge': 0.0, 'advantage': 0.0}, {'n': 2, 'hits': 4.0, 'immediate_edge': 0.0, 'advantage': -4.0}]
21:53:45 INFO    fpl_expert.optimise.transfers | defer-aware: [{'n': 1, 'hits': 0.0, 'immediate_edge': 0.0, 'advantage': 0.0}, {'n': 2, 'hits': 4.0, 'immediate_edge': 0.5228694729167955, 'advantage': -3.4771305270832045}]
21:53:46 INFO    fpl_expert.optimise.transfers | defer-aware: [{'n': 1, 'hits': 0.0, 'immediate_edge': 0.0, 'advantage': 0.0}, {'n': 2, 'hits': 4.0, 'immediate_edge': 0.09061454703959981, 'advantage': -3.9093854529604}]
21:53:46 INFO    fpl_expert.optimise.transfers | defer-aware: [{'n': 1, 'hits': 0.0, 'immediate_edge': 0.0, 'advantage': 0.0}, {'n': 2, 'hits': 4.0, 'immediate_edge': 0.6949238414087944, 'advantage': -3.3050761585912056}]
21:53:46 INFO    fpl_expert.optimise.transfers | defer-aware: [{'n': 1, 'hits': 0.0, 'immediate_edge': 0.0, 'advantage': 0.0}, {'n': 2, 'hits': 4.0, 'immediate_edge': 6.990151741978323, 'advantage': 2.9901517419783232}]
21:53:47 INFO    fpl_expert.optimise.transfers | defer-aware: [{'n': 1, 'hits': 0.0, 'immediate_edge': 0.0, 'advantage': 0.0}, {'n': 2, 'hits': 4.0, 'immediate_edge': 0.3726788406657633, 'advantage': -3.6273211593342367}]
21:53:47 INFO    fpl_expert.backtest.season_sim | GW32: playing bench_boost (best available (11.8 vs 11.6 remaining))
21:53:47 INFO    fpl_expert.optimise.transfers | defer-aware: [{'n': 1, 'hits': 0.0, 'immediate_edge': 0.0, 'advantage': 0.0}, {'n': 2, 'hits': 4.0, 'immediate_edge': 0.83925186663906, 'advantage': -3.16074813336094}]
21:53:48 INFO    fpl_expert.optimise.transfers | defer-aware: [{'n': 1, 'hits': 0.0, 'immediate_edge': 0.0, 'advantage': 0.0}, {'n': 2, 'hits': 4.0, 'immediate_edge': 0.0, 'advantage': -4.0}]
21:53:48 INFO    fpl_expert.backtest.season_sim | GW34: playing triple_captain (best available (12.9 vs 11.9 remaining))
21:53:48 INFO    fpl_expert.optimise.transfers | defer-aware: [{'n': 1, 'hits': 0.0, 'immediate_edge': 0.0, 'advantage': 0.0}, {'n': 2, 'hits': 4.0, 'immediate_edge': 2.1360790750737024, 'advantage': -1.8639209249262976}]
21:53:49 INFO    fpl_expert.optimise.transfers | defer-aware: [{'n': 1, 'hits': 0.0, 'immediate_edge': 0.0, 'advantage': 0.0}, {'n': 2, 'hits': 4.0, 'immediate_edge': 0.6625901418248361, 'advantage': -3.337409858175164}]
21:53:49 INFO    fpl_expert.optimise.transfers | defer-aware: [{'n': 1, 'hits': 0.0, 'immediate_edge': 0.0, 'advantage': 0.0}, {'n': 2, 'hits': 4.0, 'immediate_edge': 5.869509363424896, 'advantage': 1.8695093634248963}]
21:53:49 INFO    fpl_expert.optimise.transfers | defer-aware: [{'n': 1, 'hits': 0.0, 'immediate_edge': 0.0, 'advantage': 0.0}, {'n': 2, 'hits': 4.0, 'immediate_edge': 1.3085841596080456, 'advantage': -2.6914158403919544}]
21:53:49 INFO    fpl_expert.backtest.ensemble | defer_aware path 0: 2310
21:53:51 INFO    fpl_expert.optimise.transfers | defer-aware: [{'n': 1, 'hits': 0.0, 'immediate_edge': 0.0, 'advantage': 0.0}, {'n': 2, 'hits': 4.0, 'immediate_edge': 0.0, 'advantage': -4.0}]
21:53:52 INFO    fpl_expert.optimise.transfers | defer-aware: [{'n': 1, 'hits': 0.0, 'immediate_edge': 0.0, 'advantage': 0.0}, {'n': 2, 'hits': 4.0, 'immediate_edge': 4.5366668631275004, 'advantage': 0.5366668631275004}]
21:53:52 INFO    fpl_expert.optimise.transfers | defer-aware: [{'n': 1, 'hits': 0.0, 'immediate_edge': 0.0, 'advantage': 0.0}, {'n': 2, 'hits': 4.0, 'immediate_edge': 7.501933453864915, 'advantage': 3.5019334538649147}]
21:53:53 INFO    fpl_expert.optimise.transfers | defer-aware: [{'n': 1, 'hits': 0.0, 'immediate_edge': 0.0, 'advantage': 0.0}, {'n': 2, 'hits': 4.0, 'immediate_edge': 0.00595841962350363, 'advantage': -3.9940415803764964}]
21:53:53 INFO    fpl_expert.optimise.transfers | defer-aware: [{'n': 1, 'hits': 0.0, 'immediate_edge': 0.0, 'advantage': 0.0}, {'n': 2, 'hits': 4.0, 'immediate_edge': 0.0, 'advantage': -4.0}]
21:53:54 INFO    fpl_expert.optimise.transfers | defer-aware: [{'n': 1, 'hits': 0.0, 'immediate_edge': 0.0, 'advantage': 0.0}, {'n': 2, 'hits': 4.0, 'immediate_edge': 0.7524035211226376, 'advantage': -3.2475964788773624}]
21:53:54 INFO    fpl_expert.optimise.transfers | defer-aware: [{'n': 1, 'hits': 0.0, 'immediate_edge': 0.0, 'advantage': 0.0}, {'n': 2, 'hits': 4.0, 'immediate_edge': 2.4579399457272757, 'advantage': -1.5420600542727243}]
21:53:55 INFO    fpl_expert.optimise.transfers | defer-aware: [{'n': 1, 'hits': 0.0, 'immediate_edge': 0.0, 'advantage': 0.0}, {'n': 2, 'hits': 4.0, 'immediate_edge': 0.0, 'advantage': -4.0}]
21:53:55 INFO    fpl_expert.optimise.transfers | defer-aware: [{'n': 1, 'hits': 0.0, 'immediate_edge': 0.0, 'advantage': 0.0}, {'n': 2, 'hits': 4.0, 'immediate_edge': 0.1610678290553409, 'advantage': -3.838932170944659}]
21:53:55 INFO    fpl_expert.optimise.transfers | defer-aware: [{'n': 1, 'hits': 0.0, 'immediate_edge': 0.0, 'advantage': 0.0}, {'n': 2, 'hits': 4.0, 'immediate_edge': 1.6378703209399248, 'advantage': -2.362129679060075}]
21:53:56 INFO    fpl_expert.optimise.transfers | defer-aware: [{'n': 1, 'hits': 0.0, 'immediate_edge': 0.0, 'advantage': 0.0}, {'n': 2, 'hits': 4.0, 'immediate_edge': 0.3744245766843406, 'advantage': -3.6255754233156594}]
21:53:56 INFO    fpl_expert.optimise.transfers | defer-aware: [{'n': 1, 'hits': 0.0, 'immediate_edge': 0.0, 'advantage': 0.0}, {'n': 2, 'hits': 4.0, 'immediate_edge': -0.13868522783621984, 'advantage': -4.13868522783622}]
21:53:57 INFO    fpl_expert.optimise.transfers | defer-aware: [{'n': 1, 'hits': 0.0, 'immediate_edge': 0.0, 'advantage': 0.0}, {'n': 2, 'hits': 4.0, 'immediate_edge': 1.1171090634873622, 'advantage': -2.882890936512638}]
21:53:57 INFO    fpl_expert.backtest.season_sim | GW14: playing bench_boost (best available (12.6 vs 11.0 remaining))
21:53:57 INFO    fpl_expert.optimise.transfers | defer-aware: [{'n': 1, 'hits': 0.0, 'immediate_edge': 0.0, 'advantage': 0.0}, {'n': 2, 'hits': 4.0, 'immediate_edge': 1.408529954763786, 'advantage': -2.591470045236214}]
21:53:57 INFO    fpl_expert.backtest.season_sim | GW15: playing triple_captain (best available (9.1 vs 8.2 remaining))
21:53:58 INFO    fpl_expert.optimise.transfers | defer-aware: [{'n': 1, 'hits': 0.0, 'immediate_edge': 0.0, 'advantage': 0.0}, {'n': 2, 'hits': 4.0, 'immediate_edge': 0.33151787792577636, 'advantage': -3.6684821220742236}]
21:53:58 INFO    fpl_expert.optimise.transfers | defer-aware: [{'n': 1, 'hits': 0.0, 'immediate_edge': 0.0, 'advantage': 0.0}, {'n': 2, 'hits': 4.0, 'immediate_edge': 2.731889698383597, 'advantage': -1.268110301616403}]
21:53:58 INFO    fpl_expert.optimise.transfers | defer-aware: [{'n': 1, 'hits': 0.0, 'immediate_edge': 0.0, 'advantage': 0.0}, {'n': 2, 'hits': 4.0, 'immediate_edge': 0.1437196406931065, 'advantage': -3.8562803593068935}]
21:53:59 INFO    fpl_expert.optimise.transfers | defer-aware: [{'n': 1, 'hits': 0.0, 'immediate_edge': 0.0, 'advantage': 0.0}, {'n': 2, 'hits': 4.0, 'immediate_edge': 1.203848057961423, 'advantage': -2.796151942038577}]
21:53:59 INFO    fpl_expert.optimise.transfers | defer-aware: [{'n': 1, 'hits': 0.0, 'immediate_edge': 0.0, 'advantage': 0.0}, {'n': 2, 'hits': 4.0, 'immediate_edge': 0.0, 'advantage': -4.0}]
21:53:59 INFO    fpl_expert.optimise.transfers | defer-aware: [{'n': 1, 'hits': 0.0, 'immediate_edge': 0.0, 'advantage': 0.0}, {'n': 2, 'hits': 4.0, 'immediate_edge': 0.0, 'advantage': -4.0}]
21:54:00 INFO    fpl_expert.optimise.transfers | defer-aware: [{'n': 1, 'hits': 0.0, 'immediate_edge': 0.0, 'advantage': 0.0}, {'n': 2, 'hits': 4.0, 'immediate_edge': 0.044756091858729974, 'advantage': -3.95524390814127}]
21:54:00 INFO    fpl_expert.optimise.transfers | defer-aware: [{'n': 1, 'hits': 0.0, 'immediate_edge': 0.0, 'advantage': 0.0}, {'n': 2, 'hits': 4.0, 'immediate_edge': 1.0987182446926838, 'advantage': -2.9012817553073162}]
21:54:01 INFO    fpl_expert.optimise.transfers | defer-aware: [{'n': 1, 'hits': 0.0, 'immediate_edge': 0.0, 'advantage': 0.0}, {'n': 2, 'hits': 4.0, 'immediate_edge': 2.3091346393134984, 'advantage': -1.6908653606865016}]
21:54:01 INFO    fpl_expert.optimise.transfers | defer-aware: [{'n': 1, 'hits': 0.0, 'immediate_edge': 0.0, 'advantage': 0.0}, {'n': 2, 'hits': 4.0, 'immediate_edge': 1.7240240090271328, 'advantage': -2.275975990972867}]
21:54:01 INFO    fpl_expert.optimise.transfers | defer-aware: [{'n': 1, 'hits': 0.0, 'immediate_edge': 0.0, 'advantage': 0.0}, {'n': 2, 'hits': 4.0, 'immediate_edge': 0.35971250596649185, 'advantage': -3.640287494033508}]
21:54:02 INFO    fpl_expert.optimise.transfers | defer-aware: [{'n': 1, 'hits': 0.0, 'immediate_edge': 0.0, 'advantage': 0.0}, {'n': 2, 'hits': 4.0, 'immediate_edge': 0.0, 'advantage': -4.0}]
21:54:03 INFO    fpl_expert.optimise.transfers | defer-aware: [{'n': 1, 'hits': 0.0, 'immediate_edge': 0.0, 'advantage': 0.0}, {'n': 2, 'hits': 4.0, 'immediate_edge': 0.5154742605806604, 'advantage': -3.4845257394193396}]
21:54:03 INFO    fpl_expert.optimise.transfers | defer-aware: [{'n': 1, 'hits': 0.0, 'immediate_edge': 0.0, 'advantage': 0.0}, {'n': 2, 'hits': 4.0, 'immediate_edge': 0.09612156769335911, 'advantage': -3.903878432306641}]
21:54:04 INFO    fpl_expert.optimise.transfers | defer-aware: [{'n': 1, 'hits': 0.0, 'immediate_edge': 0.0, 'advantage': 0.0}, {'n': 2, 'hits': 4.0, 'immediate_edge': 0.7066010484860215, 'advantage': -3.2933989515139785}]
21:54:04 INFO    fpl_expert.optimise.transfers | defer-aware: [{'n': 1, 'hits': 0.0, 'immediate_edge': 0.0, 'advantage': 0.0}, {'n': 2, 'hits': 4.0, 'immediate_edge': 6.986651123398488, 'advantage': 2.986651123398488}]
21:54:05 INFO    fpl_expert.optimise.transfers | defer-aware: [{'n': 1, 'hits': 0.0, 'immediate_edge': 0.0, 'advantage': 0.0}, {'n': 2, 'hits': 4.0, 'immediate_edge': 0.3850800754305723, 'advantage': -3.6149199245694277}]
21:54:05 INFO    fpl_expert.backtest.season_sim | GW32: playing bench_boost (best available (11.8 vs 11.6 remaining))
21:54:06 INFO    fpl_expert.optimise.transfers | defer-aware: [{'n': 1, 'hits': 0.0, 'immediate_edge': 0.0, 'advantage': 0.0}, {'n': 2, 'hits': 4.0, 'immediate_edge': 0.84764527903085, 'advantage': -3.15235472096915}]
21:54:06 INFO    fpl_expert.optimise.transfers | defer-aware: [{'n': 1, 'hits': 0.0, 'immediate_edge': 0.0, 'advantage': 0.0}, {'n': 2, 'hits': 4.0, 'immediate_edge': 0.0, 'advantage': -4.0}]
21:54:06 INFO    fpl_expert.backtest.season_sim | GW34: playing triple_captain (best available (12.9 vs 11.9 remaining))
21:54:07 INFO    fpl_expert.optimise.transfers | defer-aware: [{'n': 1, 'hits': 0.0, 'immediate_edge': 0.0, 'advantage': 0.0}, {'n': 2, 'hits': 4.0, 'immediate_edge': 2.1416777143365735, 'advantage': -1.8583222856634265}]
21:54:07 INFO    fpl_expert.optimise.transfers | defer-aware: [{'n': 1, 'hits': 0.0, 'immediate_edge': 0.0, 'advantage': 0.0}, {'n': 2, 'hits': 4.0, 'immediate_edge': 0.6697149333079295, 'advantage': -3.3302850666920705}]
21:54:07 INFO    fpl_expert.optimise.transfers | defer-aware: [{'n': 1, 'hits': 0.0, 'immediate_edge': 0.0, 'advantage': 0.0}, {'n': 2, 'hits': 4.0, 'immediate_edge': 5.818559077953424, 'advantage': 1.8185590779534238}]
21:54:08 INFO    fpl_expert.optimise.transfers | defer-aware: [{'n': 1, 'hits': 0.0, 'immediate_edge': 0.0, 'advantage': 0.0}, {'n': 2, 'hits': 4.0, 'immediate_edge': 1.3063237061330142, 'advantage': -2.693676293866986}]
21:54:08 INFO    fpl_expert.backtest.ensemble | defer_aware path 1: 2310
21:54:09 INFO    fpl_expert.optimise.transfers | defer-aware: [{'n': 1, 'hits': 0.0, 'immediate_edge': 0.0, 'advantage': 0.0}, {'n': 2, 'hits': 4.0, 'immediate_edge': 0.0, 'advantage': -4.0}]
21:54:10 INFO    fpl_expert.optimise.transfers | defer-aware: [{'n': 1, 'hits': 0.0, 'immediate_edge': 0.0, 'advantage': 0.0}, {'n': 2, 'hits': 4.0, 'immediate_edge': 4.537883742108768, 'advantage': 0.5378837421087681}]
21:54:10 INFO    fpl_expert.optimise.transfers | defer-aware: [{'n': 1, 'hits': 0.0, 'immediate_edge': 0.0, 'advantage': 0.0}, {'n': 2, 'hits': 4.0, 'immediate_edge': 7.501146319366441, 'advantage': 3.501146319366441}]
21:54:11 INFO    fpl_expert.optimise.transfers | defer-aware: [{'n': 1, 'hits': 0.0, 'immediate_edge': 0.0, 'advantage': 0.0}, {'n': 2, 'hits': 4.0, 'immediate_edge': 0.006787711227289606, 'advantage': -3.9932122887727104}]
21:54:11 INFO    fpl_expert.optimise.transfers | defer-aware: [{'n': 1, 'hits': 0.0, 'immediate_edge': 0.0, 'advantage': 0.0}, {'n': 2, 'hits': 4.0, 'immediate_edge': 0.0, 'advantage': -4.0}]
21:54:11 INFO    fpl_expert.optimise.transfers | defer-aware: [{'n': 1, 'hits': 0.0, 'immediate_edge': 0.0, 'advantage': 0.0}, {'n': 2, 'hits': 4.0, 'immediate_edge': 0.7490957991655236, 'advantage': -3.2509042008344764}]
21:54:12 INFO    fpl_expert.optimise.transfers | defer-aware: [{'n': 1, 'hits': 0.0, 'immediate_edge': 0.0, 'advantage': 0.0}, {'n': 2, 'hits': 4.0, 'immediate_edge': 2.462087685564022, 'advantage': -1.537912314435978}]
21:54:12 INFO    fpl_expert.optimise.transfers | defer-aware: [{'n': 1, 'hits': 0.0, 'immediate_edge': 0.0, 'advantage': 0.0}, {'n': 2, 'hits': 4.0, 'immediate_edge': 0.0, 'advantage': -4.0}]
21:54:13 INFO    fpl_expert.optimise.transfers | defer-aware: [{'n': 1, 'hits': 0.0, 'immediate_edge': 0.0, 'advantage': 0.0}, {'n': 2, 'hits': 4.0, 'immediate_edge': 0.17539776587068445, 'advantage': -3.8246022341293155}]
21:54:13 INFO    fpl_expert.optimise.transfers | defer-aware: [{'n': 1, 'hits': 0.0, 'immediate_edge': 0.0, 'advantage': 0.0}, {'n': 2, 'hits': 4.0, 'immediate_edge': 1.6208959098046307, 'advantage': -2.3791040901953693}]
21:54:14 INFO    fpl_expert.optimise.transfers | defer-aware: [{'n': 1, 'hits': 0.0, 'immediate_edge': 0.0, 'advantage': 0.0}, {'n': 2, 'hits': 4.0, 'immediate_edge': -0.19625212064794795, 'advantage': -4.196252120647948}]
21:54:14 INFO    fpl_expert.optimise.transfers | defer-aware: [{'n': 1, 'hits': 0.0, 'immediate_edge': 0.0, 'advantage': 0.0}, {'n': 2, 'hits': 4.0, 'immediate_edge': -0.1545350959320757, 'advantage': -4.154535095932076}]
21:54:15 INFO    fpl_expert.optimise.transfers | defer-aware: [{'n': 1, 'hits': 0.0, 'immediate_edge': 0.0, 'advantage': 0.0}, {'n': 2, 'hits': 4.0, 'immediate_edge': 1.1229050265861105, 'advantage': -2.8770949734138895}]
21:54:15 INFO    fpl_expert.backtest.season_sim | GW14: playing bench_boost (best available (12.6 vs 11.1 remaining))
21:54:15 INFO    fpl_expert.optimise.transfers | defer-aware: [{'n': 1, 'hits': 0.0, 'immediate_edge': 0.0, 'advantage': 0.0}, {'n': 2, 'hits': 4.0, 'immediate_edge': 1.4136326727232102, 'advantage': -2.5863673272767898}]
21:54:15 INFO    fpl_expert.backtest.season_sim | GW15: playing triple_captain (best available (9.1 vs 8.2 remaining))
21:54:16 INFO    fpl_expert.optimise.transfers | defer-aware: [{'n': 1, 'hits': 0.0, 'immediate_edge': 0.0, 'advantage': 0.0}, {'n': 2, 'hits': 4.0, 'immediate_edge': 0.3325020758120303, 'advantage': -3.6674979241879697}]
21:54:16 INFO    fpl_expert.optimise.transfers | defer-aware: [{'n': 1, 'hits': 0.0, 'immediate_edge': 0.0, 'advantage': 0.0}, {'n': 2, 'hits': 4.0, 'immediate_edge': 2.722253163363206, 'advantage': -1.2777468366367941}]
21:54:17 INFO    fpl_expert.optimise.transfers | defer-aware: [{'n': 1, 'hits': 0.0, 'immediate_edge': 0.0, 'advantage': 0.0}, {'n': 2, 'hits': 4.0, 'immediate_edge': 0.1389855412694203, 'advantage': -3.8610144587305797}]
21:54:17 INFO    fpl_expert.optimise.transfers | defer-aware: [{'n': 1, 'hits': 0.0, 'immediate_edge': 0.0, 'advantage': 0.0}, {'n': 2, 'hits': 4.0, 'immediate_edge': 1.193529960538939, 'advantage': -2.806470039461061}]
21:54:18 INFO    fpl_expert.optimise.transfers | defer-aware: [{'n': 1, 'hits': 0.0, 'immediate_edge': 0.0, 'advantage': 0.0}, {'n': 2, 'hits': 4.0, 'immediate_edge': 0.0, 'advantage': -4.0}]
21:54:18 INFO    fpl_expert.optimise.transfers | defer-aware: [{'n': 1, 'hits': 0.0, 'immediate_edge': 0.0, 'advantage': 0.0}, {'n': 2, 'hits': 4.0, 'immediate_edge': 0.010220552963758678, 'advantage': -3.9897794470362413}]
21:54:19 INFO    fpl_expert.optimise.transfers | defer-aware: [{'n': 1, 'hits': 0.0, 'immediate_edge': 0.0, 'advantage': 0.0}, {'n': 2, 'hits': 4.0, 'immediate_edge': 0.04468598441007998, 'advantage': -3.95531401558992}]
21:54:19 INFO    fpl_expert.optimise.transfers | defer-aware: [{'n': 1, 'hits': 0.0, 'immediate_edge': 0.0, 'advantage': 0.0}, {'n': 2, 'hits': 4.0, 'immediate_edge': 1.0923208309798653, 'advantage': -2.9076791690201347}]
21:54:20 INFO    fpl_expert.optimise.transfers | defer-aware: [{'n': 1, 'hits': 0.0, 'immediate_edge': 0.0, 'advantage': 0.0}, {'n': 2, 'hits': 4.0, 'immediate_edge': 2.2887131027150716, 'advantage': -1.7112868972849284}]
21:54:20 INFO    fpl_expert.optimise.transfers | defer-aware: [{'n': 1, 'hits': 0.0, 'immediate_edge': 0.0, 'advantage': 0.0}, {'n': 2, 'hits': 4.0, 'immediate_edge': 1.8112120721090008, 'advantage': -2.188787927890999}]
21:54:20 INFO    fpl_expert.optimise.transfers | defer-aware: [{'n': 1, 'hits': 0.0, 'immediate_edge': 0.0, 'advantage': 0.0}, {'n': 2, 'hits': 4.0, 'immediate_edge': 0.39089007636080453, 'advantage': -3.6091099236391955}]
21:54:21 INFO    fpl_expert.optimise.transfers | defer-aware: [{'n': 1, 'hits': 0.0, 'immediate_edge': 0.0, 'advantage': 0.0}, {'n': 2, 'hits': 4.0, 'immediate_edge': 0.0, 'advantage': -4.0}]
21:54:21 INFO    fpl_expert.optimise.transfers | defer-aware: [{'n': 1, 'hits': 0.0, 'immediate_edge': 0.0, 'advantage': 0.0}, {'n': 2, 'hits': 4.0, 'immediate_edge': 0.5124599461528021, 'advantage': -3.487540053847198}]
21:54:22 INFO    fpl_expert.optimise.transfers | defer-aware: [{'n': 1, 'hits': 0.0, 'immediate_edge': 0.0, 'advantage': 0.0}, {'n': 2, 'hits': 4.0, 'immediate_edge': 0.09528786694919589, 'advantage': -3.904712133050804}]
21:54:22 INFO    fpl_expert.optimise.transfers | defer-aware: [{'n': 1, 'hits': 0.0, 'immediate_edge': 0.0, 'advantage': 0.0}, {'n': 2, 'hits': 4.0, 'immediate_edge': 0.7078293515680443, 'advantage': -3.2921706484319557}]
21:54:22 INFO    fpl_expert.optimise.transfers | defer-aware: [{'n': 1, 'hits': 0.0, 'immediate_edge': 0.0, 'advantage': 0.0}, {'n': 2, 'hits': 4.0, 'immediate_edge': 6.979310417883497, 'advantage': 2.9793104178834966}]
21:54:23 INFO    fpl_expert.optimise.transfers | defer-aware: [{'n': 1, 'hits': 0.0, 'immediate_edge': 0.0, 'advantage': 0.0}, {'n': 2, 'hits': 4.0, 'immediate_edge': 0.3829555486375682, 'advantage': -3.617044451362432}]
21:54:23 INFO    fpl_expert.backtest.season_sim | GW32: playing bench_boost (best available (11.8 vs 11.6 remaining))
21:54:23 INFO    fpl_expert.optimise.transfers | defer-aware: [{'n': 1, 'hits': 0.0, 'immediate_edge': 0.0, 'advantage': 0.0}, {'n': 2, 'hits': 4.0, 'immediate_edge': 0.857572790979205, 'advantage': -3.142427209020795}]
21:54:24 INFO    fpl_expert.optimise.transfers | defer-aware: [{'n': 1, 'hits': 0.0, 'immediate_edge': 0.0, 'advantage': 0.0}, {'n': 2, 'hits': 4.0, 'immediate_edge': 0.0, 'advantage': -4.0}]
21:54:24 INFO    fpl_expert.backtest.season_sim | GW34: playing triple_captain (best available (12.9 vs 11.9 remaining))
21:54:24 INFO    fpl_expert.optimise.transfers | defer-aware: [{'n': 1, 'hits': 0.0, 'immediate_edge': 0.0, 'advantage': 0.0}, {'n': 2, 'hits': 4.0, 'immediate_edge': 2.1501015424860483, 'advantage': -1.8498984575139517}]
21:54:24 INFO    fpl_expert.optimise.transfers | defer-aware: [{'n': 1, 'hits': 0.0, 'immediate_edge': 0.0, 'advantage': 0.0}, {'n': 2, 'hits': 4.0, 'immediate_edge': 0.6680998953016086, 'advantage': -3.3319001046983914}]
21:54:25 INFO    fpl_expert.optimise.transfers | defer-aware: [{'n': 1, 'hits': 0.0, 'immediate_edge': 0.0, 'advantage': 0.0}, {'n': 2, 'hits': 4.0, 'immediate_edge': 5.820084324547679, 'advantage': 1.820084324547679}]
21:54:25 INFO    fpl_expert.optimise.transfers | defer-aware: [{'n': 1, 'hits': 0.0, 'immediate_edge': 0.0, 'advantage': 0.0}, {'n': 2, 'hits': 4.0, 'immediate_edge': 1.3198252460814501, 'advantage': -2.68017475391855}]
21:54:25 INFO    fpl_expert.backtest.ensemble | defer_aware path 2: 2310
21:54:27 INFO    fpl_expert.optimise.transfers | defer-aware: [{'n': 1, 'hits': 0.0, 'immediate_edge': 0.0, 'advantage': 0.0}, {'n': 2, 'hits': 4.0, 'immediate_edge': 0.0, 'advantage': -4.0}]
21:54:27 INFO    fpl_expert.optimise.transfers | defer-aware: [{'n': 1, 'hits': 0.0, 'immediate_edge': 0.0, 'advantage': 0.0}, {'n': 2, 'hits': 4.0, 'immediate_edge': 4.534738765511634, 'advantage': 0.5347387655116336}]
21:54:28 INFO    fpl_expert.optimise.transfers | defer-aware: [{'n': 1, 'hits': 0.0, 'immediate_edge': 0.0, 'advantage': 0.0}, {'n': 2, 'hits': 4.0, 'immediate_edge': 7.526091991581026, 'advantage': 3.5260919915810263}]
21:54:28 INFO    fpl_expert.optimise.transfers | defer-aware: [{'n': 1, 'hits': 0.0, 'immediate_edge': 0.0, 'advantage': 0.0}, {'n': 2, 'hits': 4.0, 'immediate_edge': 0.013481157735043325, 'advantage': -3.9865188422649567}]
21:54:28 INFO    fpl_expert.optimise.transfers | defer-aware: [{'n': 1, 'hits': 0.0, 'immediate_edge': 0.0, 'advantage': 0.0}, {'n': 2, 'hits': 4.0, 'immediate_edge': 0.0, 'advantage': -4.0}]
21:54:29 INFO    fpl_expert.optimise.transfers | defer-aware: [{'n': 1, 'hits': 0.0, 'immediate_edge': 0.0, 'advantage': 0.0}, {'n': 2, 'hits': 4.0, 'immediate_edge': 0.7614244194392228, 'advantage': -3.238575580560777}]
21:54:29 INFO    fpl_expert.optimise.transfers | defer-aware: [{'n': 1, 'hits': 0.0, 'immediate_edge': 0.0, 'advantage': 0.0}, {'n': 2, 'hits': 4.0, 'immediate_edge': 2.4650558802349423, 'advantage': -1.5349441197650577}]
21:54:30 INFO    fpl_expert.optimise.transfers | defer-aware: [{'n': 1, 'hits': 0.0, 'immediate_edge': 0.0, 'advantage': 0.0}, {'n': 2, 'hits': 4.0, 'immediate_edge': 0.0, 'advantage': -4.0}]
21:54:30 INFO    fpl_expert.optimise.transfers | defer-aware: [{'n': 1, 'hits': 0.0, 'immediate_edge': 0.0, 'advantage': 0.0}, {'n': 2, 'hits': 4.0, 'immediate_edge': 0.17992745063152427, 'advantage': -3.8200725493684757}]
21:54:30 INFO    fpl_expert.optimise.transfers | defer-aware: [{'n': 1, 'hits': 0.0, 'immediate_edge': 0.0, 'advantage': 0.0}, {'n': 2, 'hits': 4.0, 'immediate_edge': 1.6334746392254402, 'advantage': -2.3665253607745598}]
21:54:31 INFO    fpl_expert.optimise.transfers | defer-aware: [{'n': 1, 'hits': 0.0, 'immediate_edge': 0.0, 'advantage': 0.0}, {'n': 2, 'hits': 4.0, 'immediate_edge': -0.18199459987730648, 'advantage': -4.1819945998773065}]
21:54:31 INFO    fpl_expert.optimise.transfers | defer-aware: [{'n': 1, 'hits': 0.0, 'immediate_edge': 0.0, 'advantage': 0.0}, {'n': 2, 'hits': 4.0, 'immediate_edge': -0.1373170770409473, 'advantage': -4.137317077040947}]
21:54:31 INFO    fpl_expert.optimise.transfers | defer-aware: [{'n': 1, 'hits': 0.0, 'immediate_edge': 0.0, 'advantage': 0.0}, {'n': 2, 'hits': 4.0, 'immediate_edge': 1.1302246336178428, 'advantage': -2.8697753663821572}]
21:54:32 INFO    fpl_expert.backtest.season_sim | GW14: playing bench_boost (best available (12.6 vs 11.0 remaining))
21:54:32 INFO    fpl_expert.optimise.transfers | defer-aware: [{'n': 1, 'hits': 0.0, 'immediate_edge': 0.0, 'advantage': 0.0}, {'n': 2, 'hits': 4.0, 'immediate_edge': 1.4101640729884508, 'advantage': -2.589835927011549}]
21:54:32 INFO    fpl_expert.backtest.season_sim | GW15: playing triple_captain (best available (9.1 vs 8.2 remaining))
21:54:32 INFO    fpl_expert.optimise.transfers | defer-aware: [{'n': 1, 'hits': 0.0, 'immediate_edge': 0.0, 'advantage': 0.0}, {'n': 2, 'hits': 4.0, 'immediate_edge': 0.35126435686672863, 'advantage': -3.6487356431332714}]
21:54:32 INFO    fpl_expert.optimise.transfers | defer-aware: [{'n': 1, 'hits': 0.0, 'immediate_edge': 0.0, 'advantage': 0.0}, {'n': 2, 'hits': 4.0, 'immediate_edge': 2.715540628300552, 'advantage': -1.2844593716994481}]
21:54:33 INFO    fpl_expert.optimise.transfers | defer-aware: [{'n': 1, 'hits': 0.0, 'immediate_edge': 0.0, 'advantage': 0.0}, {'n': 2, 'hits': 4.0, 'immediate_edge': 0.14264118816280558, 'advantage': -3.8573588118371944}]
21:54:33 INFO    fpl_expert.optimise.transfers | defer-aware: [{'n': 1, 'hits': 0.0, 'immediate_edge': 0.0, 'advantage': 0.0}, {'n': 2, 'hits': 4.0, 'immediate_edge': 1.200093401438707, 'advantage': -2.799906598561293}]
21:54:33 INFO    fpl_expert.optimise.transfers | defer-aware: [{'n': 1, 'hits': 0.0, 'immediate_edge': 0.0, 'advantage': 0.0}, {'n': 2, 'hits': 4.0, 'immediate_edge': 0.0, 'advantage': -4.0}]
21:54:34 INFO    fpl_expert.optimise.transfers | defer-aware: [{'n': 1, 'hits': 0.0, 'immediate_edge': 0.0, 'advantage': 0.0}, {'n': 2, 'hits': 4.0, 'immediate_edge': 0.0, 'advantage': -4.0}]
21:54:34 INFO    fpl_expert.optimise.transfers | defer-aware: [{'n': 1, 'hits': 0.0, 'immediate_edge': 0.0, 'advantage': 0.0}, {'n': 2, 'hits': 4.0, 'immediate_edge': 0.04302993459690185, 'advantage': -3.956970065403098}]
21:54:34 INFO    fpl_expert.optimise.transfers | defer-aware: [{'n': 1, 'hits': 0.0, 'immediate_edge': 0.0, 'advantage': 0.0}, {'n': 2, 'hits': 4.0, 'immediate_edge': 1.0895138944114535, 'advantage': -2.9104861055885465}]
21:54:35 INFO    fpl_expert.optimise.transfers | defer-aware: [{'n': 1, 'hits': 0.0, 'immediate_edge': 0.0, 'advantage': 0.0}, {'n': 2, 'hits': 4.0, 'immediate_edge': 2.3080483422562708, 'advantage': -1.6919516577437292}]
21:54:35 INFO    fpl_expert.optimise.transfers | defer-aware: [{'n': 1, 'hits': 0.0, 'immediate_edge': 0.0, 'advantage': 0.0}, {'n': 2, 'hits': 4.0, 'immediate_edge': 1.7533028628002825, 'advantage': -2.2466971371997175}]
21:54:36 INFO    fpl_expert.optimise.transfers | defer-aware: [{'n': 1, 'hits': 0.0, 'immediate_edge': 0.0, 'advantage': 0.0}, {'n': 2, 'hits': 4.0, 'immediate_edge': 0.37959190058041514, 'advantage': -3.620408099419585}]
21:54:36 INFO    fpl_expert.optimise.transfers | defer-aware: [{'n': 1, 'hits': 0.0, 'immediate_edge': 0.0, 'advantage': 0.0}, {'n': 2, 'hits': 4.0, 'immediate_edge': 0.0, 'advantage': -4.0}]
21:54:37 INFO    fpl_expert.optimise.transfers | defer-aware: [{'n': 1, 'hits': 0.0, 'immediate_edge': 0.0, 'advantage': 0.0}, {'n': 2, 'hits': 4.0, 'immediate_edge': 0.5141923908582413, 'advantage': -3.4858076091417587}]
21:54:37 INFO    fpl_expert.optimise.transfers | defer-aware: [{'n': 1, 'hits': 0.0, 'immediate_edge': 0.0, 'advantage': 0.0}, {'n': 2, 'hits': 4.0, 'immediate_edge': 0.09892841311193479, 'advantage': -3.901071586888065}]
21:54:37 INFO    fpl_expert.optimise.transfers | defer-aware: [{'n': 1, 'hits': 0.0, 'immediate_edge': 0.0, 'advantage': 0.0}, {'n': 2, 'hits': 4.0, 'immediate_edge': 0.701712953762943, 'advantage': -3.298287046237057}]
21:54:38 INFO    fpl_expert.optimise.transfers | defer-aware: [{'n': 1, 'hits': 0.0, 'immediate_edge': 0.0, 'advantage': 0.0}, {'n': 2, 'hits': 4.0, 'immediate_edge': 6.993651991376183, 'advantage': 2.9936519913761828}]
21:54:39 INFO    fpl_expert.optimise.transfers | defer-aware: [{'n': 1, 'hits': 0.0, 'immediate_edge': 0.0, 'advantage': 0.0}, {'n': 2, 'hits': 4.0, 'immediate_edge': 0.38367306212727215, 'advantage': -3.616326937872728}]
21:54:39 INFO    fpl_expert.backtest.season_sim | GW32: playing bench_boost (best available (11.8 vs 11.6 remaining))
21:54:39 INFO    fpl_expert.optimise.transfers | defer-aware: [{'n': 1, 'hits': 0.0, 'immediate_edge': 0.0, 'advantage': 0.0}, {'n': 2, 'hits': 4.0, 'immediate_edge': 0.837613700710186, 'advantage': -3.162386299289814}]
21:54:40 INFO    fpl_expert.optimise.transfers | defer-aware: [{'n': 1, 'hits': 0.0, 'immediate_edge': 0.0, 'advantage': 0.0}, {'n': 2, 'hits': 4.0, 'immediate_edge': 0.0, 'advantage': -4.0}]
21:54:40 INFO    fpl_expert.backtest.season_sim | GW34: playing triple_captain (best available (12.9 vs 11.9 remaining))
21:54:40 INFO    fpl_expert.optimise.transfers | defer-aware: [{'n': 1, 'hits': 0.0, 'immediate_edge': 0.0, 'advantage': 0.0}, {'n': 2, 'hits': 4.0, 'immediate_edge': 2.1347388669224188, 'advantage': -1.8652611330775812}]
21:54:41 INFO    fpl_expert.optimise.transfers | defer-aware: [{'n': 1, 'hits': 0.0, 'immediate_edge': 0.0, 'advantage': 0.0}, {'n': 2, 'hits': 4.0, 'immediate_edge': 0.6651692218576315, 'advantage': -3.3348307781423685}]
21:54:41 INFO    fpl_expert.optimise.transfers | defer-aware: [{'n': 1, 'hits': 0.0, 'immediate_edge': 0.0, 'advantage': 0.0}, {'n': 2, 'hits': 4.0, 'immediate_edge': 5.776172048276706, 'advantage': 1.776172048276706}]
21:54:41 INFO    fpl_expert.optimise.transfers | defer-aware: [{'n': 1, 'hits': 0.0, 'immediate_edge': 0.0, 'advantage': 0.0}, {'n': 2, 'hits': 4.0, 'immediate_edge': 1.3035773634928631, 'advantage': -2.696422636507137}]
21:54:41 INFO    fpl_expert.backtest.ensemble | defer_aware path 3: 2310
21:54:43 INFO    fpl_expert.optimise.transfers | defer-aware: [{'n': 1, 'hits': 0.0, 'immediate_edge': 0.0, 'advantage': 0.0}, {'n': 2, 'hits': 4.0, 'immediate_edge': 0.0, 'advantage': -4.0}]
21:54:44 INFO    fpl_expert.optimise.transfers | defer-aware: [{'n': 1, 'hits': 0.0, 'immediate_edge': 0.0, 'advantage': 0.0}, {'n': 2, 'hits': 4.0, 'immediate_edge': 4.54007304728907, 'advantage': 0.54007304728907}]
21:54:44 INFO    fpl_expert.optimise.transfers | defer-aware: [{'n': 1, 'hits': 0.0, 'immediate_edge': 0.0, 'advantage': 0.0}, {'n': 2, 'hits': 4.0, 'immediate_edge': 7.514836999508184, 'advantage': 3.5148369995081836}]
21:54:45 INFO    fpl_expert.optimise.transfers | defer-aware: [{'n': 1, 'hits': 0.0, 'immediate_edge': 0.0, 'advantage': 0.0}, {'n': 2, 'hits': 4.0, 'immediate_edge': 0.013001225277207595, 'advantage': -3.9869987747227924}]
21:54:45 INFO    fpl_expert.optimise.transfers | defer-aware: [{'n': 1, 'hits': 0.0, 'immediate_edge': 0.0, 'advantage': 0.0}, {'n': 2, 'hits': 4.0, 'immediate_edge': 0.0, 'advantage': -4.0}]
21:54:46 INFO    fpl_expert.optimise.transfers | defer-aware: [{'n': 1, 'hits': 0.0, 'immediate_edge': 0.0, 'advantage': 0.0}, {'n': 2, 'hits': 4.0, 'immediate_edge': 0.761173679003079, 'advantage': -3.238826320996921}]
21:54:46 INFO    fpl_expert.optimise.transfers | defer-aware: [{'n': 1, 'hits': 0.0, 'immediate_edge': 0.0, 'advantage': 0.0}, {'n': 2, 'hits': 4.0, 'immediate_edge': 2.458862089369944, 'advantage': -1.5411379106300558}]
21:54:47 INFO    fpl_expert.optimise.transfers | defer-aware: [{'n': 1, 'hits': 0.0, 'immediate_edge': 0.0, 'advantage': 0.0}, {'n': 2, 'hits': 4.0, 'immediate_edge': 0.0, 'advantage': -4.0}]
21:54:47 INFO    fpl_expert.optimise.transfers | defer-aware: [{'n': 1, 'hits': 0.0, 'immediate_edge': 0.0, 'advantage': 0.0}, {'n': 2, 'hits': 4.0, 'immediate_edge': 0.16529362445155016, 'advantage': -3.83470637554845}]
21:54:47 INFO    fpl_expert.optimise.transfers | defer-aware: [{'n': 1, 'hits': 0.0, 'immediate_edge': 0.0, 'advantage': 0.0}, {'n': 2, 'hits': 4.0, 'immediate_edge': 1.6351091742794495, 'advantage': -2.3648908257205505}]
21:54:48 INFO    fpl_expert.optimise.transfers | defer-aware: [{'n': 1, 'hits': 0.0, 'immediate_edge': 0.0, 'advantage': 0.0}, {'n': 2, 'hits': 4.0, 'immediate_edge': -0.19502117010275555, 'advantage': -4.1950211701027555}]
21:54:48 INFO    fpl_expert.optimise.transfers | defer-aware: [{'n': 1, 'hits': 0.0, 'immediate_edge': 0.0, 'advantage': 0.0}, {'n': 2, 'hits': 4.0, 'immediate_edge': -0.14633928755397108, 'advantage': -4.146339287553971}]
21:54:49 INFO    fpl_expert.optimise.transfers | defer-aware: [{'n': 1, 'hits': 0.0, 'immediate_edge': 0.0, 'advantage': 0.0}, {'n': 2, 'hits': 4.0, 'immediate_edge': 1.1082330508865965, 'advantage': -2.8917669491134035}]
21:54:49 INFO    fpl_expert.backtest.season_sim | GW14: playing bench_boost (best available (12.6 vs 11.0 remaining))
21:54:49 INFO    fpl_expert.optimise.transfers | defer-aware: [{'n': 1, 'hits': 0.0, 'immediate_edge': 0.0, 'advantage': 0.0}, {'n': 2, 'hits': 4.0, 'immediate_edge': 1.4166549479372748, 'advantage': -2.5833450520627252}]
21:54:49 INFO    fpl_expert.backtest.season_sim | GW15: playing triple_captain (best available (9.1 vs 8.2 remaining))
21:54:49 INFO    fpl_expert.optimise.transfers | defer-aware: [{'n': 1, 'hits': 0.0, 'immediate_edge': 0.0, 'advantage': 0.0}, {'n': 2, 'hits': 4.0, 'immediate_edge': 0.32066384959512106, 'advantage': -3.679336150404879}]
21:54:50 INFO    fpl_expert.optimise.transfers | defer-aware: [{'n': 1, 'hits': 0.0, 'immediate_edge': 0.0, 'advantage': 0.0}, {'n': 2, 'hits': 4.0, 'immediate_edge': 2.712817983461747, 'advantage': -1.287182016538253}]
21:54:50 INFO    fpl_expert.optimise.transfers | defer-aware: [{'n': 1, 'hits': 0.0, 'immediate_edge': 0.0, 'advantage': 0.0}, {'n': 2, 'hits': 4.0, 'immediate_edge': 0.14312599618258304, 'advantage': -3.856874003817417}]
21:54:50 INFO    fpl_expert.optimise.transfers | defer-aware: [{'n': 1, 'hits': 0.0, 'immediate_edge': 0.0, 'advantage': 0.0}, {'n': 2, 'hits': 4.0, 'immediate_edge': 1.208208839050812, 'advantage': -2.791791160949188}]
21:54:51 INFO    fpl_expert.optimise.transfers | defer-aware: [{'n': 1, 'hits': 0.0, 'immediate_edge': 0.0, 'advantage': 0.0}, {'n': 2, 'hits': 4.0, 'immediate_edge': 0.0, 'advantage': -4.0}]
21:54:51 INFO    fpl_expert.optimise.transfers | defer-aware: [{'n': 1, 'hits': 0.0, 'immediate_edge': 0.0, 'advantage': 0.0}, {'n': 2, 'hits': 4.0, 'immediate_edge': 0.0, 'advantage': -4.0}]
21:54:51 INFO    fpl_expert.optimise.transfers | defer-aware: [{'n': 1, 'hits': 0.0, 'immediate_edge': 0.0, 'advantage': 0.0}, {'n': 2, 'hits': 4.0, 'immediate_edge': 0.0491603913966685, 'advantage': -3.9508396086033315}]
21:54:52 INFO    fpl_expert.optimise.transfers | defer-aware: [{'n': 1, 'hits': 0.0, 'immediate_edge': 0.0, 'advantage': 0.0}, {'n': 2, 'hits': 4.0, 'immediate_edge': 1.1032862315213379, 'advantage': -2.896713768478662}]
21:54:52 INFO    fpl_expert.optimise.transfers | defer-aware: [{'n': 1, 'hits': 0.0, 'immediate_edge': 0.0, 'advantage': 0.0}, {'n': 2, 'hits': 4.0, 'immediate_edge': 2.2951585310022438, 'advantage': -1.7048414689977562}]
21:54:53 INFO    fpl_expert.optimise.transfers | defer-aware: [{'n': 1, 'hits': 0.0, 'immediate_edge': 0.0, 'advantage': 0.0}, {'n': 2, 'hits': 4.0, 'immediate_edge': 1.7138736488245314, 'advantage': -2.2861263511754686}]
21:54:53 INFO    fpl_expert.optimise.transfers | defer-aware: [{'n': 1, 'hits': 0.0, 'immediate_edge': 0.0, 'advantage': 0.0}, {'n': 2, 'hits': 4.0, 'immediate_edge': 0.38829166121089287, 'advantage': -3.611708338789107}]
21:54:53 INFO    fpl_expert.optimise.transfers | defer-aware: [{'n': 1, 'hits': 0.0, 'immediate_edge': 0.0, 'advantage': 0.0}, {'n': 2, 'hits': 4.0, 'immediate_edge': 0.0, 'advantage': -4.0}]
21:54:54 INFO    fpl_expert.optimise.transfers | defer-aware: [{'n': 1, 'hits': 0.0, 'immediate_edge': 0.0, 'advantage': 0.0}, {'n': 2, 'hits': 4.0, 'immediate_edge': 0.5164274070744739, 'advantage': -3.483572592925526}]
21:54:54 INFO    fpl_expert.optimise.transfers | defer-aware: [{'n': 1, 'hits': 0.0, 'immediate_edge': 0.0, 'advantage': 0.0}, {'n': 2, 'hits': 4.0, 'immediate_edge': 0.09129606527574907, 'advantage': -3.908703934724251}]
21:54:55 INFO    fpl_expert.optimise.transfers | defer-aware: [{'n': 1, 'hits': 0.0, 'immediate_edge': 0.0, 'advantage': 0.0}, {'n': 2, 'hits': 4.0, 'immediate_edge': 0.6992143062875229, 'advantage': -3.300785693712477}]
21:54:55 INFO    fpl_expert.optimise.transfers | defer-aware: [{'n': 1, 'hits': 0.0, 'immediate_edge': 0.0, 'advantage': 0.0}, {'n': 2, 'hits': 4.0, 'immediate_edge': 6.968312289965311, 'advantage': 2.9683122899653114}]
21:54:56 INFO    fpl_expert.optimise.transfers | defer-aware: [{'n': 1, 'hits': 0.0, 'immediate_edge': 0.0, 'advantage': 0.0}, {'n': 2, 'hits': 4.0, 'immediate_edge': 0.3725556662460008, 'advantage': -3.627444333753999}]
21:54:56 INFO    fpl_expert.backtest.season_sim | GW32: playing bench_boost (best available (11.8 vs 11.6 remaining))
21:54:56 INFO    fpl_expert.optimise.transfers | defer-aware: [{'n': 1, 'hits': 0.0, 'immediate_edge': 0.0, 'advantage': 0.0}, {'n': 2, 'hits': 4.0, 'immediate_edge': 0.8417981721416155, 'advantage': -3.1582018278583845}]
21:54:57 INFO    fpl_expert.optimise.transfers | defer-aware: [{'n': 1, 'hits': 0.0, 'immediate_edge': 0.0, 'advantage': 0.0}, {'n': 2, 'hits': 4.0, 'immediate_edge': 0.0, 'advantage': -4.0}]
21:54:57 INFO    fpl_expert.backtest.season_sim | GW34: playing triple_captain (best available (12.9 vs 11.9 remaining))
21:54:57 INFO    fpl_expert.optimise.transfers | defer-aware: [{'n': 1, 'hits': 0.0, 'immediate_edge': 0.0, 'advantage': 0.0}, {'n': 2, 'hits': 4.0, 'immediate_edge': 2.1441346815795583, 'advantage': -1.8558653184204417}]
21:54:57 INFO    fpl_expert.optimise.transfers | defer-aware: [{'n': 1, 'hits': 0.0, 'immediate_edge': 0.0, 'advantage': 0.0}, {'n': 2, 'hits': 4.0, 'immediate_edge': 0.6671402114342868, 'advantage': -3.332859788565713}]
21:54:58 INFO    fpl_expert.optimise.transfers | defer-aware: [{'n': 1, 'hits': 0.0, 'immediate_edge': 0.0, 'advantage': 0.0}, {'n': 2, 'hits': 4.0, 'immediate_edge': 5.86058969306707, 'advantage': 1.8605896930670696}]
21:54:58 INFO    fpl_expert.optimise.transfers | defer-aware: [{'n': 1, 'hits': 0.0, 'immediate_edge': 0.0, 'advantage': 0.0}, {'n': 2, 'hits': 4.0, 'immediate_edge': 1.3105760971004088, 'advantage': -2.689423902899591}]
21:54:58 INFO    fpl_expert.backtest.ensemble | defer_aware path 4: 2310
21:55:00 INFO    fpl_expert.optimise.transfers | defer-aware: [{'n': 1, 'hits': 0.0, 'immediate_edge': 0.0, 'advantage': 0.0}, {'n': 2, 'hits': 4.0, 'immediate_edge': 0.0, 'advantage': -4.0}]
21:55:00 INFO    fpl_expert.optimise.transfers | defer-aware: [{'n': 1, 'hits': 0.0, 'immediate_edge': 0.0, 'advantage': 0.0}, {'n': 2, 'hits': 4.0, 'immediate_edge': 4.5407546532177605, 'advantage': 0.5407546532177605}]
21:55:01 INFO    fpl_expert.optimise.transfers | defer-aware: [{'n': 1, 'hits': 0.0, 'immediate_edge': 0.0, 'advantage': 0.0}, {'n': 2, 'hits': 4.0, 'immediate_edge': 7.518235245745288, 'advantage': 3.518235245745288}]
21:55:01 INFO    fpl_expert.optimise.transfers | defer-aware: [{'n': 1, 'hits': 0.0, 'immediate_edge': 0.0, 'advantage': 0.0}, {'n': 2, 'hits': 4.0, 'immediate_edge': 0.006557911315432818, 'advantage': -3.993442088684567}]
21:55:02 INFO    fpl_expert.optimise.transfers | defer-aware: [{'n': 1, 'hits': 0.0, 'immediate_edge': 0.0, 'advantage': 0.0}, {'n': 2, 'hits': 4.0, 'immediate_edge': 0.0, 'advantage': -4.0}]
21:55:02 INFO    fpl_expert.optimise.transfers | defer-aware: [{'n': 1, 'hits': 0.0, 'immediate_edge': 0.0, 'advantage': 0.0}, {'n': 2, 'hits': 4.0, 'immediate_edge': 0.7531871474118503, 'advantage': -3.2468128525881497}]
21:55:03 INFO    fpl_expert.optimise.transfers | defer-aware: [{'n': 1, 'hits': 0.0, 'immediate_edge': 0.0, 'advantage': 0.0}, {'n': 2, 'hits': 4.0, 'immediate_edge': 2.4600435211140095, 'advantage': -1.5399564788859905}]
21:55:03 INFO    fpl_expert.optimise.transfers | defer-aware: [{'n': 1, 'hits': 0.0, 'immediate_edge': 0.0, 'advantage': 0.0}, {'n': 2, 'hits': 4.0, 'immediate_edge': 0.0, 'advantage': -4.0}]
21:55:03 INFO    fpl_expert.optimise.transfers | defer-aware: [{'n': 1, 'hits': 0.0, 'immediate_edge': 0.0, 'advantage': 0.0}, {'n': 2, 'hits': 4.0, 'immediate_edge': 0.17179728847254694, 'advantage': -3.828202711527453}]
21:55:04 INFO    fpl_expert.optimise.transfers | defer-aware: [{'n': 1, 'hits': 0.0, 'immediate_edge': 0.0, 'advantage': 0.0}, {'n': 2, 'hits': 4.0, 'immediate_edge': 1.6381721037782029, 'advantage': -2.361827896221797}]
21:55:04 INFO    fpl_expert.optimise.transfers | defer-aware: [{'n': 1, 'hits': 0.0, 'immediate_edge': 0.0, 'advantage': 0.0}, {'n': 2, 'hits': 4.0, 'immediate_edge': -0.1903670922849372, 'advantage': -4.190367092284937}]
21:55:05 INFO    fpl_expert.optimise.transfers | defer-aware: [{'n': 1, 'hits': 0.0, 'immediate_edge': 0.0, 'advantage': 0.0}, {'n': 2, 'hits': 4.0, 'immediate_edge': -0.14308727872817428, 'advantage': -4.143087278728174}]
21:55:05 INFO    fpl_expert.optimise.transfers | defer-aware: [{'n': 1, 'hits': 0.0, 'immediate_edge': 0.0, 'advantage': 0.0}, {'n': 2, 'hits': 4.0, 'immediate_edge': 1.1157718267674142, 'advantage': -2.884228173232586}]
21:55:05 INFO    fpl_expert.backtest.season_sim | GW14: playing bench_boost (best available (12.6 vs 11.0 remaining))
21:55:06 INFO    fpl_expert.optimise.transfers | defer-aware: [{'n': 1, 'hits': 0.0, 'immediate_edge': 0.0, 'advantage': 0.0}, {'n': 2, 'hits': 4.0, 'immediate_edge': 1.3999601134570128, 'advantage': -2.6000398865429872}]
21:55:06 INFO    fpl_expert.backtest.season_sim | GW15: playing triple_captain (best available (9.1 vs 8.2 remaining))
21:55:07 INFO    fpl_expert.optimise.transfers | defer-aware: [{'n': 1, 'hits': 0.0, 'immediate_edge': 0.0, 'advantage': 0.0}, {'n': 2, 'hits': 4.0, 'immediate_edge': 0.345169664311598, 'advantage': -3.654830335688402}]
21:55:07 INFO    fpl_expert.optimise.transfers | defer-aware: [{'n': 1, 'hits': 0.0, 'immediate_edge': 0.0, 'advantage': 0.0}, {'n': 2, 'hits': 4.0, 'immediate_edge': 2.7196468859825202, 'advantage': -1.2803531140174798}]
21:55:07 INFO    fpl_expert.optimise.transfers | defer-aware: [{'n': 1, 'hits': 0.0, 'immediate_edge': 0.0, 'advantage': 0.0}, {'n': 2, 'hits': 4.0, 'immediate_edge': 0.15366680601300686, 'advantage': -3.846333193986993}]
21:55:08 INFO    fpl_expert.optimise.transfers | defer-aware: [{'n': 1, 'hits': 0.0, 'immediate_edge': 0.0, 'advantage': 0.0}, {'n': 2, 'hits': 4.0, 'immediate_edge': 1.2087195966028048, 'advantage': -2.791280403397195}]
21:55:08 INFO    fpl_expert.optimise.transfers | defer-aware: [{'n': 1, 'hits': 0.0, 'immediate_edge': 0.0, 'advantage': 0.0}, {'n': 2, 'hits': 4.0, 'immediate_edge': 0.0, 'advantage': -4.0}]
21:55:08 INFO    fpl_expert.optimise.transfers | defer-aware: [{'n': 1, 'hits': 0.0, 'immediate_edge': 0.0, 'advantage': 0.0}, {'n': 2, 'hits': 4.0, 'immediate_edge': 0.0, 'advantage': -4.0}]
21:55:09 INFO    fpl_expert.optimise.transfers | defer-aware: [{'n': 1, 'hits': 0.0, 'immediate_edge': 0.0, 'advantage': 0.0}, {'n': 2, 'hits': 4.0, 'immediate_edge': 0.04699543062615419, 'advantage': -3.953004569373846}]
21:55:10 INFO    fpl_expert.optimise.transfers | defer-aware: [{'n': 1, 'hits': 0.0, 'immediate_edge': 0.0, 'advantage': 0.0}, {'n': 2, 'hits': 4.0, 'immediate_edge': 1.0984481276696698, 'advantage': -2.90155187233033}]
21:55:10 INFO    fpl_expert.optimise.transfers | defer-aware: [{'n': 1, 'hits': 0.0, 'immediate_edge': 0.0, 'advantage': 0.0}, {'n': 2, 'hits': 4.0, 'immediate_edge': 2.2997033710667907, 'advantage': -1.7002966289332093}]
21:55:11 INFO    fpl_expert.optimise.transfers | defer-aware: [{'n': 1, 'hits': 0.0, 'immediate_edge': 0.0, 'advantage': 0.0}, {'n': 2, 'hits': 4.0, 'immediate_edge': 1.7605886270527122, 'advantage': -2.2394113729472878}]
21:55:12 INFO    fpl_expert.optimise.transfers | defer-aware: [{'n': 1, 'hits': 0.0, 'immediate_edge': 0.0, 'advantage': 0.0}, {'n': 2, 'hits': 4.0, 'immediate_edge': 0.38773063252642004, 'advantage': -3.61226936747358}]
21:55:12 INFO    fpl_expert.optimise.transfers | defer-aware: [{'n': 1, 'hits': 0.0, 'immediate_edge': 0.0, 'advantage': 0.0}, {'n': 2, 'hits': 4.0, 'immediate_edge': 0.0, 'advantage': -4.0}]
21:55:13 INFO    fpl_expert.optimise.transfers | defer-aware: [{'n': 1, 'hits': 0.0, 'immediate_edge': 0.0, 'advantage': 0.0}, {'n': 2, 'hits': 4.0, 'immediate_edge': 0.5232661983766889, 'advantage': -3.476733801623311}]
21:55:13 INFO    fpl_expert.optimise.transfers | defer-aware: [{'n': 1, 'hits': 0.0, 'immediate_edge': 0.0, 'advantage': 0.0}, {'n': 2, 'hits': 4.0, 'immediate_edge': 0.09260521039455227, 'advantage': -3.9073947896054477}]
21:55:14 INFO    fpl_expert.optimise.transfers | defer-aware: [{'n': 1, 'hits': 0.0, 'immediate_edge': 0.0, 'advantage': 0.0}, {'n': 2, 'hits': 4.0, 'immediate_edge': 0.7111950191624814, 'advantage': -3.2888049808375186}]
21:55:14 INFO    fpl_expert.optimise.transfers | defer-aware: [{'n': 1, 'hits': 0.0, 'immediate_edge': 0.0, 'advantage': 0.0}, {'n': 2, 'hits': 4.0, 'immediate_edge': 6.979250491212198, 'advantage': 2.9792504912121984}]
21:55:15 INFO    fpl_expert.optimise.transfers | defer-aware: [{'n': 1, 'hits': 0.0, 'immediate_edge': 0.0, 'advantage': 0.0}, {'n': 2, 'hits': 4.0, 'immediate_edge': 0.37546185734689885, 'advantage': -3.624538142653101}]
21:55:15 INFO    fpl_expert.backtest.season_sim | GW32: playing bench_boost (best available (11.8 vs 11.6 remaining))
21:55:15 INFO    fpl_expert.optimise.transfers | defer-aware: [{'n': 1, 'hits': 0.0, 'immediate_edge': 0.0, 'advantage': 0.0}, {'n': 2, 'hits': 4.0, 'immediate_edge': 0.8576105540518668, 'advantage': -3.142389445948133}]
21:55:16 INFO    fpl_expert.optimise.transfers | defer-aware: [{'n': 1, 'hits': 0.0, 'immediate_edge': 0.0, 'advantage': 0.0}, {'n': 2, 'hits': 4.0, 'immediate_edge': 0.0, 'advantage': -4.0}]
21:55:16 INFO    fpl_expert.backtest.season_sim | GW34: playing triple_captain (best available (12.9 vs 11.9 remaining))
21:55:16 INFO    fpl_expert.optimise.transfers | defer-aware: [{'n': 1, 'hits': 0.0, 'immediate_edge': 0.0, 'advantage': 0.0}, {'n': 2, 'hits': 4.0, 'immediate_edge': 2.147099114538989, 'advantage': -1.8529008854610112}]
21:55:17 INFO    fpl_expert.optimise.transfers | defer-aware: [{'n': 1, 'hits': 0.0, 'immediate_edge': 0.0, 'advantage': 0.0}, {'n': 2, 'hits': 4.0, 'immediate_edge': 0.6611598243881502, 'advantage': -3.3388401756118498}]
21:55:17 INFO    fpl_expert.optimise.transfers | defer-aware: [{'n': 1, 'hits': 0.0, 'immediate_edge': 0.0, 'advantage': 0.0}, {'n': 2, 'hits': 4.0, 'immediate_edge': 5.894002716942836, 'advantage': 1.8940027169428362}]
21:55:18 INFO    fpl_expert.optimise.transfers | defer-aware: [{'n': 1, 'hits': 0.0, 'immediate_edge': 0.0, 'advantage': 0.0}, {'n': 2, 'hits': 4.0, 'immediate_edge': 1.3166473796517266, 'advantage': -2.6833526203482734}]
21:55:18 INFO    fpl_expert.backtest.ensemble | defer_aware path 5: 2310
21:55:19 INFO    fpl_expert.optimise.transfers | defer-aware: [{'n': 1, 'hits': 0.0, 'immediate_edge': 0.0, 'advantage': 0.0}, {'n': 2, 'hits': 4.0, 'immediate_edge': 0.0, 'advantage': -4.0}]
21:55:20 INFO    fpl_expert.optimise.transfers | defer-aware: [{'n': 1, 'hits': 0.0, 'immediate_edge': 0.0, 'advantage': 0.0}, {'n': 2, 'hits': 4.0, 'immediate_edge': 4.534273403836096, 'advantage': 0.5342734038360959}]
21:55:21 INFO    fpl_expert.optimise.transfers | defer-aware: [{'n': 1, 'hits': 0.0, 'immediate_edge': 0.0, 'advantage': 0.0}, {'n': 2, 'hits': 4.0, 'immediate_edge': 7.524714710897015, 'advantage': 3.5247147108970154}]
21:55:21 INFO    fpl_expert.optimise.transfers | defer-aware: [{'n': 1, 'hits': 0.0, 'immediate_edge': 0.0, 'advantage': 0.0}, {'n': 2, 'hits': 4.0, 'immediate_edge': 0.008912013158067111, 'advantage': -3.991087986841933}]
21:55:22 INFO    fpl_expert.optimise.transfers | defer-aware: [{'n': 1, 'hits': 0.0, 'immediate_edge': 0.0, 'advantage': 0.0}, {'n': 2, 'hits': 4.0, 'immediate_edge': 0.0, 'advantage': -4.0}]
21:55:22 INFO    fpl_expert.optimise.transfers | defer-aware: [{'n': 1, 'hits': 0.0, 'immediate_edge': 0.0, 'advantage': 0.0}, {'n': 2, 'hits': 4.0, 'immediate_edge': 0.757430447688499, 'advantage': -3.242569552311501}]
21:55:22 INFO    fpl_expert.optimise.transfers | defer-aware: [{'n': 1, 'hits': 0.0, 'immediate_edge': 0.0, 'advantage': 0.0}, {'n': 2, 'hits': 4.0, 'immediate_edge': 2.4621415555786825, 'advantage': -1.5378584444213175}]
21:55:23 INFO    fpl_expert.optimise.transfers | defer-aware: [{'n': 1, 'hits': 0.0, 'immediate_edge': 0.0, 'advantage': 0.0}, {'n': 2, 'hits': 4.0, 'immediate_edge': 0.0, 'advantage': -4.0}]
21:55:23 INFO    fpl_expert.optimise.transfers | defer-aware: [{'n': 1, 'hits': 0.0, 'immediate_edge': 0.0, 'advantage': 0.0}, {'n': 2, 'hits': 4.0, 'immediate_edge': 0.17400145576681325, 'advantage': -3.8259985442331867}]
21:55:24 INFO    fpl_expert.optimise.transfers | defer-aware: [{'n': 1, 'hits': 0.0, 'immediate_edge': 0.0, 'advantage': 0.0}, {'n': 2, 'hits': 4.0, 'immediate_edge': 1.6316944849758102, 'advantage': -2.36830551502419}]
21:55:24 INFO    fpl_expert.optimise.transfers | defer-aware: [{'n': 1, 'hits': 0.0, 'immediate_edge': 0.0, 'advantage': 0.0}, {'n': 2, 'hits': 4.0, 'immediate_edge': -0.18699733014565112, 'advantage': -4.186997330145651}]
21:55:25 INFO    fpl_expert.optimise.transfers | defer-aware: [{'n': 1, 'hits': 0.0, 'immediate_edge': 0.0, 'advantage': 0.0}, {'n': 2, 'hits': 4.0, 'immediate_edge': -0.1473176801250986, 'advantage': -4.147317680125099}]
21:55:25 INFO    fpl_expert.optimise.transfers | defer-aware: [{'n': 1, 'hits': 0.0, 'immediate_edge': 0.0, 'advantage': 0.0}, {'n': 2, 'hits': 4.0, 'immediate_edge': 1.117859667057104, 'advantage': -2.882140332942896}]
21:55:25 INFO    fpl_expert.backtest.season_sim | GW14: playing bench_boost (best available (12.6 vs 11.0 remaining))
21:55:25 INFO    fpl_expert.optimise.transfers | defer-aware: [{'n': 1, 'hits': 0.0, 'immediate_edge': 0.0, 'advantage': 0.0}, {'n': 2, 'hits': 4.0, 'immediate_edge': 1.4153739563283736, 'advantage': -2.5846260436716264}]
21:55:25 INFO    fpl_expert.backtest.season_sim | GW15: playing triple_captain (best available (9.1 vs 8.2 remaining))
21:55:26 INFO    fpl_expert.optimise.transfers | defer-aware: [{'n': 1, 'hits': 0.0, 'immediate_edge': 0.0, 'advantage': 0.0}, {'n': 2, 'hits': 4.0, 'immediate_edge': 0.34042252927167027, 'advantage': -3.6595774707283297}]
21:55:26 INFO    fpl_expert.optimise.transfers | defer-aware: [{'n': 1, 'hits': 0.0, 'immediate_edge': 0.0, 'advantage': 0.0}, {'n': 2, 'hits': 4.0, 'immediate_edge': 2.721913121028031, 'advantage': -1.278086878971969}]
21:55:26 INFO    fpl_expert.optimise.transfers | defer-aware: [{'n': 1, 'hits': 0.0, 'immediate_edge': 0.0, 'advantage': 0.0}, {'n': 2, 'hits': 4.0, 'immediate_edge': 0.14134589484573468, 'advantage': -3.8586541051542653}]
21:55:27 INFO    fpl_expert.optimise.transfers | defer-aware: [{'n': 1, 'hits': 0.0, 'immediate_edge': 0.0, 'advantage': 0.0}, {'n': 2, 'hits': 4.0, 'immediate_edge': 1.206779430378056, 'advantage': -2.793220569621944}]
21:55:27 INFO    fpl_expert.optimise.transfers | defer-aware: [{'n': 1, 'hits': 0.0, 'immediate_edge': 0.0, 'advantage': 0.0}, {'n': 2, 'hits': 4.0, 'immediate_edge': 0.0, 'advantage': -4.0}]
21:55:28 INFO    fpl_expert.optimise.transfers | defer-aware: [{'n': 1, 'hits': 0.0, 'immediate_edge': 0.0, 'advantage': 0.0}, {'n': 2, 'hits': 4.0, 'immediate_edge': 0.0, 'advantage': -4.0}]
21:55:28 INFO    fpl_expert.optimise.transfers | defer-aware: [{'n': 1, 'hits': 0.0, 'immediate_edge': 0.0, 'advantage': 0.0}, {'n': 2, 'hits': 4.0, 'immediate_edge': 0.045463184796233236, 'advantage': -3.9545368152037668}]
21:55:28 INFO    fpl_expert.optimise.transfers | defer-aware: [{'n': 1, 'hits': 0.0, 'immediate_edge': 0.0, 'advantage': 0.0}, {'n': 2, 'hits': 4.0, 'immediate_edge': 1.1000827201621632, 'advantage': -2.8999172798378368}]
21:55:29 INFO    fpl_expert.optimise.transfers | defer-aware: [{'n': 1, 'hits': 0.0, 'immediate_edge': 0.0, 'advantage': 0.0}, {'n': 2, 'hits': 4.0, 'immediate_edge': 2.3029955855354345, 'advantage': -1.6970044144645655}]
21:55:29 INFO    fpl_expert.optimise.transfers | defer-aware: [{'n': 1, 'hits': 0.0, 'immediate_edge': 0.0, 'advantage': 0.0}, {'n': 2, 'hits': 4.0, 'immediate_edge': 1.7065557162647593, 'advantage': -2.2934442837352407}]
21:55:30 INFO    fpl_expert.optimise.transfers | defer-aware: [{'n': 1, 'hits': 0.0, 'immediate_edge': 0.0, 'advantage': 0.0}, {'n': 2, 'hits': 4.0, 'immediate_edge': 0.37167193493443307, 'advantage': -3.628328065065567}]
21:55:30 INFO    fpl_expert.optimise.transfers | defer-aware: [{'n': 1, 'hits': 0.0, 'immediate_edge': 0.0, 'advantage': 0.0}, {'n': 2, 'hits': 4.0, 'immediate_edge': 0.0, 'advantage': -4.0}]
21:55:31 INFO    fpl_expert.optimise.transfers | defer-aware: [{'n': 1, 'hits': 0.0, 'immediate_edge': 0.0, 'advantage': 0.0}, {'n': 2, 'hits': 4.0, 'immediate_edge': 0.5300967684705711, 'advantage': -3.469903231529429}]
21:55:31 INFO    fpl_expert.optimise.transfers | defer-aware: [{'n': 1, 'hits': 0.0, 'immediate_edge': 0.0, 'advantage': 0.0}, {'n': 2, 'hits': 4.0, 'immediate_edge': 0.09651405352535392, 'advantage': -3.903485946474646}]
21:55:31 INFO    fpl_expert.optimise.transfers | defer-aware: [{'n': 1, 'hits': 0.0, 'immediate_edge': 0.0, 'advantage': 0.0}, {'n': 2, 'hits': 4.0, 'immediate_edge': 0.6956680136418925, 'advantage': -3.3043319863581075}]
21:55:32 INFO    fpl_expert.optimise.transfers | defer-aware: [{'n': 1, 'hits': 0.0, 'immediate_edge': 0.0, 'advantage': 0.0}, {'n': 2, 'hits': 4.0, 'immediate_edge': 6.981579345638558, 'advantage': 2.9815793456385578}]
21:55:32 INFO    fpl_expert.optimise.transfers | defer-aware: [{'n': 1, 'hits': 0.0, 'immediate_edge': 0.0, 'advantage': 0.0}, {'n': 2, 'hits': 4.0, 'immediate_edge': 0.3788069622776078, 'advantage': -3.621193037722392}]
21:55:32 INFO    fpl_expert.backtest.season_sim | GW32: playing bench_boost (best available (11.8 vs 11.6 remaining))
21:55:33 INFO    fpl_expert.optimise.transfers | defer-aware: [{'n': 1, 'hits': 0.0, 'immediate_edge': 0.0, 'advantage': 0.0}, {'n': 2, 'hits': 4.0, 'immediate_edge': 0.8538809487704953, 'advantage': -3.1461190512295047}]
21:55:33 INFO    fpl_expert.optimise.transfers | defer-aware: [{'n': 1, 'hits': 0.0, 'immediate_edge': 0.0, 'advantage': 0.0}, {'n': 2, 'hits': 4.0, 'immediate_edge': 0.0, 'advantage': -4.0}]
21:55:33 INFO    fpl_expert.backtest.season_sim | GW34: playing triple_captain (best available (12.9 vs 11.9 remaining))
21:55:33 INFO    fpl_expert.optimise.transfers | defer-aware: [{'n': 1, 'hits': 0.0, 'immediate_edge': 0.0, 'advantage': 0.0}, {'n': 2, 'hits': 4.0, 'immediate_edge': 2.1380887645241984, 'advantage': -1.8619112354758016}]
21:55:34 INFO    fpl_expert.optimise.transfers | defer-aware: [{'n': 1, 'hits': 0.0, 'immediate_edge': 0.0, 'advantage': 0.0}, {'n': 2, 'hits': 4.0, 'immediate_edge': 0.6621937132109892, 'advantage': -3.337806286789011}]
21:55:34 INFO    fpl_expert.optimise.transfers | defer-aware: [{'n': 1, 'hits': 0.0, 'immediate_edge': 0.0, 'advantage': 0.0}, {'n': 2, 'hits': 4.0, 'immediate_edge': 5.849987068314917, 'advantage': 1.8499870683149169}]
21:55:34 INFO    fpl_expert.optimise.transfers | defer-aware: [{'n': 1, 'hits': 0.0, 'immediate_edge': 0.0, 'advantage': 0.0}, {'n': 2, 'hits': 4.0, 'immediate_edge': 1.3139214165476432, 'advantage': -2.686078583452357}]
21:55:34 INFO    fpl_expert.backtest.ensemble | defer_aware path 6: 2310
21:55:36 INFO    fpl_expert.optimise.transfers | defer-aware: [{'n': 1, 'hits': 0.0, 'immediate_edge': 0.0, 'advantage': 0.0}, {'n': 2, 'hits': 4.0, 'immediate_edge': 0.0, 'advantage': -4.0}]
21:55:37 INFO    fpl_expert.optimise.transfers | defer-aware: [{'n': 1, 'hits': 0.0, 'immediate_edge': 0.0, 'advantage': 0.0}, {'n': 2, 'hits': 4.0, 'immediate_edge': 4.544296965358697, 'advantage': 0.5442969653586971}]
21:55:37 INFO    fpl_expert.optimise.transfers | defer-aware: [{'n': 1, 'hits': 0.0, 'immediate_edge': 0.0, 'advantage': 0.0}, {'n': 2, 'hits': 4.0, 'immediate_edge': 7.52318817397839, 'advantage': 3.52318817397839}]
21:55:38 INFO    fpl_expert.optimise.transfers | defer-aware: [{'n': 1, 'hits': 0.0, 'immediate_edge': 0.0, 'advantage': 0.0}, {'n': 2, 'hits': 4.0, 'immediate_edge': 0.011323388754675534, 'advantage': -3.9886766112453245}]
21:55:38 INFO    fpl_expert.optimise.transfers | defer-aware: [{'n': 1, 'hits': 0.0, 'immediate_edge': 0.0, 'advantage': 0.0}, {'n': 2, 'hits': 4.0, 'immediate_edge': 0.0, 'advantage': -4.0}]
21:55:38 INFO    fpl_expert.optimise.transfers | defer-aware: [{'n': 1, 'hits': 0.0, 'immediate_edge': 0.0, 'advantage': 0.0}, {'n': 2, 'hits': 4.0, 'immediate_edge': 0.7646493803491623, 'advantage': -3.2353506196508377}]
21:55:39 INFO    fpl_expert.optimise.transfers | defer-aware: [{'n': 1, 'hits': 0.0, 'immediate_edge': 0.0, 'advantage': 0.0}, {'n': 2, 'hits': 4.0, 'immediate_edge': 2.4671138817316205, 'advantage': -1.5328861182683795}]
21:55:39 INFO    fpl_expert.optimise.transfers | defer-aware: [{'n': 1, 'hits': 0.0, 'immediate_edge': 0.0, 'advantage': 0.0}, {'n': 2, 'hits': 4.0, 'immediate_edge': 0.0, 'advantage': -4.0}]
21:55:40 INFO    fpl_expert.optimise.transfers | defer-aware: [{'n': 1, 'hits': 0.0, 'immediate_edge': 0.0, 'advantage': 0.0}, {'n': 2, 'hits': 4.0, 'immediate_edge': 0.15934197019046792, 'advantage': -3.840658029809532}]
21:55:40 INFO    fpl_expert.optimise.transfers | defer-aware: [{'n': 1, 'hits': 0.0, 'immediate_edge': 0.0, 'advantage': 0.0}, {'n': 2, 'hits': 4.0, 'immediate_edge': 1.6440101149022155, 'advantage': -2.3559898850977845}]
21:55:41 INFO    fpl_expert.optimise.transfers | defer-aware: [{'n': 1, 'hits': 0.0, 'immediate_edge': 0.0, 'advantage': 0.0}, {'n': 2, 'hits': 4.0, 'immediate_edge': -0.18618291797616848, 'advantage': -4.1861829179761685}]
21:55:42 INFO    fpl_expert.optimise.transfers | defer-aware: [{'n': 1, 'hits': 0.0, 'immediate_edge': 0.0, 'advantage': 0.0}, {'n': 2, 'hits': 4.0, 'immediate_edge': -0.145685949567941, 'advantage': -4.145685949567941}]
21:55:42 INFO    fpl_expert.optimise.transfers | defer-aware: [{'n': 1, 'hits': 0.0, 'immediate_edge': 0.0, 'advantage': 0.0}, {'n': 2, 'hits': 4.0, 'immediate_edge': 1.1181749699243682, 'advantage': -2.881825030075632}]
21:55:42 INFO    fpl_expert.backtest.season_sim | GW14: playing bench_boost (best available (12.6 vs 11.0 remaining))
21:55:43 INFO    fpl_expert.optimise.transfers | defer-aware: [{'n': 1, 'hits': 0.0, 'immediate_edge': 0.0, 'advantage': 0.0}, {'n': 2, 'hits': 4.0, 'immediate_edge': 1.4182252282883994, 'advantage': -2.5817747717116006}]
21:55:43 INFO    fpl_expert.backtest.season_sim | GW15: playing triple_captain (best available (9.1 vs 8.2 remaining))
21:55:43 INFO    fpl_expert.optimise.transfers | defer-aware: [{'n': 1, 'hits': 0.0, 'immediate_edge': 0.0, 'advantage': 0.0}, {'n': 2, 'hits': 4.0, 'immediate_edge': 0.33733109100907654, 'advantage': -3.6626689089909235}]
21:55:44 INFO    fpl_expert.optimise.transfers | defer-aware: [{'n': 1, 'hits': 0.0, 'immediate_edge': 0.0, 'advantage': 0.0}, {'n': 2, 'hits': 4.0, 'immediate_edge': 2.7209325142450353, 'advantage': -1.2790674857549647}]
21:55:44 INFO    fpl_expert.optimise.transfers | defer-aware: [{'n': 1, 'hits': 0.0, 'immediate_edge': 0.0, 'advantage': 0.0}, {'n': 2, 'hits': 4.0, 'immediate_edge': 0.1391589194782057, 'advantage': -3.8608410805217943}]
21:55:44 INFO    fpl_expert.optimise.transfers | defer-aware: [{'n': 1, 'hits': 0.0, 'immediate_edge': 0.0, 'advantage': 0.0}, {'n': 2, 'hits': 4.0, 'immediate_edge': 1.2077417897352234, 'advantage': -2.7922582102647766}]
21:55:45 INFO    fpl_expert.optimise.transfers | defer-aware: [{'n': 1, 'hits': 0.0, 'immediate_edge': 0.0, 'advantage': 0.0}, {'n': 2, 'hits': 4.0, 'immediate_edge': 0.0, 'advantage': -4.0}]
21:55:45 INFO    fpl_expert.optimise.transfers | defer-aware: [{'n': 1, 'hits': 0.0, 'immediate_edge': 0.0, 'advantage': 0.0}, {'n': 2, 'hits': 4.0, 'immediate_edge': 0.0, 'advantage': -4.0}]
21:55:46 INFO    fpl_expert.optimise.transfers | defer-aware: [{'n': 1, 'hits': 0.0, 'immediate_edge': 0.0, 'advantage': 0.0}, {'n': 2, 'hits': 4.0, 'immediate_edge': 0.044809250639552545, 'advantage': -3.9551907493604475}]
21:55:46 INFO    fpl_expert.optimise.transfers | defer-aware: [{'n': 1, 'hits': 0.0, 'immediate_edge': 0.0, 'advantage': 0.0}, {'n': 2, 'hits': 4.0, 'immediate_edge': 1.0918609143338571, 'advantage': -2.908139085666143}]
21:55:46 INFO    fpl_expert.optimise.transfers | defer-aware: [{'n': 1, 'hits': 0.0, 'immediate_edge': 0.0, 'advantage': 0.0}, {'n': 2, 'hits': 4.0, 'immediate_edge': 2.3081780838924786, 'advantage': -1.6918219161075214}]
21:55:47 INFO    fpl_expert.optimise.transfers | defer-aware: [{'n': 1, 'hits': 0.0, 'immediate_edge': 0.0, 'advantage': 0.0}, {'n': 2, 'hits': 4.0, 'immediate_edge': 1.78295581951609, 'advantage': -2.21704418048391}]
21:55:47 INFO    fpl_expert.optimise.transfers | defer-aware: [{'n': 1, 'hits': 0.0, 'immediate_edge': 0.0, 'advantage': 0.0}, {'n': 2, 'hits': 4.0, 'immediate_edge': 0.3814953528043574, 'advantage': -3.6185046471956426}]
21:55:48 INFO    fpl_expert.optimise.transfers | defer-aware: [{'n': 1, 'hits': 0.0, 'immediate_edge': 0.0, 'advantage': 0.0}, {'n': 2, 'hits': 4.0, 'immediate_edge': 0.0, 'advantage': -4.0}]
21:55:48 INFO    fpl_expert.optimise.transfers | defer-aware: [{'n': 1, 'hits': 0.0, 'immediate_edge': 0.0, 'advantage': 0.0}, {'n': 2, 'hits': 4.0, 'immediate_edge': 0.5244878678279292, 'advantage': -3.475512132172071}]
21:55:48 INFO    fpl_expert.optimise.transfers | defer-aware: [{'n': 1, 'hits': 0.0, 'immediate_edge': 0.0, 'advantage': 0.0}, {'n': 2, 'hits': 4.0, 'immediate_edge': 0.09577196648052322, 'advantage': -3.904228033519477}]
21:55:49 INFO    fpl_expert.optimise.transfers | defer-aware: [{'n': 1, 'hits': 0.0, 'immediate_edge': 0.0, 'advantage': 0.0}, {'n': 2, 'hits': 4.0, 'immediate_edge': 0.6997051658983224, 'advantage': -3.3002948341016776}]
21:55:49 INFO    fpl_expert.optimise.transfers | defer-aware: [{'n': 1, 'hits': 0.0, 'immediate_edge': 0.0, 'advantage': 0.0}, {'n': 2, 'hits': 4.0, 'immediate_edge': 7.004401067319385, 'advantage': 3.0044010673193853}]
21:55:50 INFO    fpl_expert.optimise.transfers | defer-aware: [{'n': 1, 'hits': 0.0, 'immediate_edge': 0.0, 'advantage': 0.0}, {'n': 2, 'hits': 4.0, 'immediate_edge': 0.38810432608660506, 'advantage': -3.611895673913395}]
21:55:50 INFO    fpl_expert.backtest.season_sim | GW32: playing bench_boost (best available (11.8 vs 11.6 remaining))
21:55:50 INFO    fpl_expert.optimise.transfers | defer-aware: [{'n': 1, 'hits': 0.0, 'immediate_edge': 0.0, 'advantage': 0.0}, {'n': 2, 'hits': 4.0, 'immediate_edge': 0.8459545424195696, 'advantage': -3.1540454575804304}]
21:55:50 INFO    fpl_expert.optimise.transfers | defer-aware: [{'n': 1, 'hits': 0.0, 'immediate_edge': 0.0, 'advantage': 0.0}, {'n': 2, 'hits': 4.0, 'immediate_edge': 0.0, 'advantage': -4.0}]
21:55:50 INFO    fpl_expert.backtest.season_sim | GW34: playing triple_captain (best available (12.9 vs 11.9 remaining))
21:55:51 INFO    fpl_expert.optimise.transfers | defer-aware: [{'n': 1, 'hits': 0.0, 'immediate_edge': 0.0, 'advantage': 0.0}, {'n': 2, 'hits': 4.0, 'immediate_edge': 2.1329479463065013, 'advantage': -1.8670520536934987}]
21:55:51 INFO    fpl_expert.optimise.transfers | defer-aware: [{'n': 1, 'hits': 0.0, 'immediate_edge': 0.0, 'advantage': 0.0}, {'n': 2, 'hits': 4.0, 'immediate_edge': 0.655874467747509, 'advantage': -3.344125532252491}]
21:55:51 INFO    fpl_expert.optimise.transfers | defer-aware: [{'n': 1, 'hits': 0.0, 'immediate_edge': 0.0, 'advantage': 0.0}, {'n': 2, 'hits': 4.0, 'immediate_edge': 5.839096310177922, 'advantage': 1.839096310177922}]
21:55:52 INFO    fpl_expert.optimise.transfers | defer-aware: [{'n': 1, 'hits': 0.0, 'immediate_edge': 0.0, 'advantage': 0.0}, {'n': 2, 'hits': 4.0, 'immediate_edge': 1.3069777840103711, 'advantage': -2.693022215989629}]
21:55:52 INFO    fpl_expert.backtest.ensemble | defer_aware path 7: 2310
21:55:54 INFO    fpl_expert.optimise.transfers | defer-aware: [{'n': 1, 'hits': 0.0, 'immediate_edge': 0.0, 'advantage': 0.0}, {'n': 2, 'hits': 4.0, 'immediate_edge': 0.0, 'advantage': -4.0}]
21:55:54 INFO    fpl_expert.optimise.transfers | defer-aware: [{'n': 1, 'hits': 0.0, 'immediate_edge': 0.0, 'advantage': 0.0}, {'n': 2, 'hits': 4.0, 'immediate_edge': 4.535647546654019, 'advantage': 0.5356475466540189}]
21:55:55 INFO    fpl_expert.optimise.transfers | defer-aware: [{'n': 1, 'hits': 0.0, 'immediate_edge': 0.0, 'advantage': 0.0}, {'n': 2, 'hits': 4.0, 'immediate_edge': 7.55553847096003, 'advantage': 3.5555384709600304}]
21:55:55 INFO    fpl_expert.optimise.transfers | defer-aware: [{'n': 1, 'hits': 0.0, 'immediate_edge': 0.0, 'advantage': 0.0}, {'n': 2, 'hits': 4.0, 'immediate_edge': 0.012867774706997182, 'advantage': -3.987132225293003}]
21:55:55 INFO    fpl_expert.optimise.transfers | defer-aware: [{'n': 1, 'hits': 0.0, 'immediate_edge': 0.0, 'advantage': 0.0}, {'n': 2, 'hits': 4.0, 'immediate_edge': 0.0, 'advantage': -4.0}]
21:55:56 INFO    fpl_expert.optimise.transfers | defer-aware: [{'n': 1, 'hits': 0.0, 'immediate_edge': 0.0, 'advantage': 0.0}, {'n': 2, 'hits': 4.0, 'immediate_edge': 0.7586214803516924, 'advantage': -3.2413785196483076}]
21:55:56 INFO    fpl_expert.optimise.transfers | defer-aware: [{'n': 1, 'hits': 0.0, 'immediate_edge': 0.0, 'advantage': 0.0}, {'n': 2, 'hits': 4.0, 'immediate_edge': 2.4557656422998093, 'advantage': -1.5442343577001907}]
21:55:57 INFO    fpl_expert.optimise.transfers | defer-aware: [{'n': 1, 'hits': 0.0, 'immediate_edge': 0.0, 'advantage': 0.0}, {'n': 2, 'hits': 4.0, 'immediate_edge': 0.0, 'advantage': -4.0}]
21:55:57 INFO    fpl_expert.optimise.transfers | defer-aware: [{'n': 1, 'hits': 0.0, 'immediate_edge': 0.0, 'advantage': 0.0}, {'n': 2, 'hits': 4.0, 'immediate_edge': 0.17311938064217713, 'advantage': -3.826880619357823}]
21:55:58 INFO    fpl_expert.optimise.transfers | defer-aware: [{'n': 1, 'hits': 0.0, 'immediate_edge': 0.0, 'advantage': 0.0}, {'n': 2, 'hits': 4.0, 'immediate_edge': 1.6524302827726842, 'advantage': -2.3475697172273158}]
21:55:58 INFO    fpl_expert.optimise.transfers | defer-aware: [{'n': 1, 'hits': 0.0, 'immediate_edge': 0.0, 'advantage': 0.0}, {'n': 2, 'hits': 4.0, 'immediate_edge': -0.1859104815647612, 'advantage': -4.185910481564761}]
21:55:59 INFO    fpl_expert.optimise.transfers | defer-aware: [{'n': 1, 'hits': 0.0, 'immediate_edge': 0.0, 'advantage': 0.0}, {'n': 2, 'hits': 4.0, 'immediate_edge': -0.14309540605044901, 'advantage': -4.143095406050449}]
21:55:59 INFO    fpl_expert.optimise.transfers | defer-aware: [{'n': 1, 'hits': 0.0, 'immediate_edge': 0.0, 'advantage': 0.0}, {'n': 2, 'hits': 4.0, 'immediate_edge': 1.1262459568050645, 'advantage': -2.8737540431949355}]
21:55:59 INFO    fpl_expert.backtest.season_sim | GW14: playing bench_boost (best available (12.6 vs 11.1 remaining))
21:55:59 INFO    fpl_expert.optimise.transfers | defer-aware: [{'n': 1, 'hits': 0.0, 'immediate_edge': 0.0, 'advantage': 0.0}, {'n': 2, 'hits': 4.0, 'immediate_edge': 1.4063100897743226, 'advantage': -2.5936899102256774}]
21:56:00 INFO    fpl_expert.backtest.season_sim | GW15: playing triple_captain (best available (9.1 vs 8.2 remaining))
21:56:00 INFO    fpl_expert.optimise.transfers | defer-aware: [{'n': 1, 'hits': 0.0, 'immediate_edge': 0.0, 'advantage': 0.0}, {'n': 2, 'hits': 4.0, 'immediate_edge': 0.33733941403384193, 'advantage': -3.662660585966158}]
21:56:00 INFO    fpl_expert.optimise.transfers | defer-aware: [{'n': 1, 'hits': 0.0, 'immediate_edge': 0.0, 'advantage': 0.0}, {'n': 2, 'hits': 4.0, 'immediate_edge': 2.7123673097977488, 'advantage': -1.2876326902022512}]
21:56:00 INFO    fpl_expert.optimise.transfers | defer-aware: [{'n': 1, 'hits': 0.0, 'immediate_edge': 0.0, 'advantage': 0.0}, {'n': 2, 'hits': 4.0, 'immediate_edge': 0.14354288554120131, 'advantage': -3.8564571144587987}]
21:56:01 INFO    fpl_expert.optimise.transfers | defer-aware: [{'n': 1, 'hits': 0.0, 'immediate_edge': 0.0, 'advantage': 0.0}, {'n': 2, 'hits': 4.0, 'immediate_edge': 1.2036568272189925, 'advantage': -2.7963431727810075}]
21:56:01 INFO    fpl_expert.optimise.transfers | defer-aware: [{'n': 1, 'hits': 0.0, 'immediate_edge': 0.0, 'advantage': 0.0}, {'n': 2, 'hits': 4.0, 'immediate_edge': 0.0, 'advantage': -4.0}]
21:56:02 INFO    fpl_expert.optimise.transfers | defer-aware: [{'n': 1, 'hits': 0.0, 'immediate_edge': 0.0, 'advantage': 0.0}, {'n': 2, 'hits': 4.0, 'immediate_edge': 0.0, 'advantage': -4.0}]
21:56:02 INFO    fpl_expert.optimise.transfers | defer-aware: [{'n': 1, 'hits': 0.0, 'immediate_edge': 0.0, 'advantage': 0.0}, {'n': 2, 'hits': 4.0, 'immediate_edge': 0.045289998188948744, 'advantage': -3.9547100018110513}]
21:56:03 INFO    fpl_expert.optimise.transfers | defer-aware: [{'n': 1, 'hits': 0.0, 'immediate_edge': 0.0, 'advantage': 0.0}, {'n': 2, 'hits': 4.0, 'immediate_edge': 1.0899977106059566, 'advantage': -2.9100022893940434}]
21:56:03 INFO    fpl_expert.optimise.transfers | defer-aware: [{'n': 1, 'hits': 0.0, 'immediate_edge': 0.0, 'advantage': 0.0}, {'n': 2, 'hits': 4.0, 'immediate_edge': 2.305850286944292, 'advantage': -1.6941497130557082}]
21:56:04 INFO    fpl_expert.optimise.transfers | defer-aware: [{'n': 1, 'hits': 0.0, 'immediate_edge': 0.0, 'advantage': 0.0}, {'n': 2, 'hits': 4.0, 'immediate_edge': 1.7234787511680452, 'advantage': -2.276521248831955}]
21:56:04 INFO    fpl_expert.optimise.transfers | defer-aware: [{'n': 1, 'hits': 0.0, 'immediate_edge': 0.0, 'advantage': 0.0}, {'n': 2, 'hits': 4.0, 'immediate_edge': 0.3775166624840409, 'advantage': -3.622483337515959}]
21:56:04 INFO    fpl_expert.optimise.transfers | defer-aware: [{'n': 1, 'hits': 0.0, 'immediate_edge': 0.0, 'advantage': 0.0}, {'n': 2, 'hits': 4.0, 'immediate_edge': 0.0, 'advantage': -4.0}]
21:56:05 INFO    fpl_expert.optimise.transfers | defer-aware: [{'n': 1, 'hits': 0.0, 'immediate_edge': 0.0, 'advantage': 0.0}, {'n': 2, 'hits': 4.0, 'immediate_edge': 0.5140439133613484, 'advantage': -3.4859560866386516}]
21:56:05 INFO    fpl_expert.optimise.transfers | defer-aware: [{'n': 1, 'hits': 0.0, 'immediate_edge': 0.0, 'advantage': 0.0}, {'n': 2, 'hits': 4.0, 'immediate_edge': 0.09469342095698607, 'advantage': -3.905306579043014}]
21:56:05 INFO    fpl_expert.optimise.transfers | defer-aware: [{'n': 1, 'hits': 0.0, 'immediate_edge': 0.0, 'advantage': 0.0}, {'n': 2, 'hits': 4.0, 'immediate_edge': 0.7043963428197344, 'advantage': -3.2956036571802656}]
21:56:06 INFO    fpl_expert.optimise.transfers | defer-aware: [{'n': 1, 'hits': 0.0, 'immediate_edge': 0.0, 'advantage': 0.0}, {'n': 2, 'hits': 4.0, 'immediate_edge': 7.00815004541748, 'advantage': 3.00815004541748}]
21:56:06 INFO    fpl_expert.optimise.transfers | defer-aware: [{'n': 1, 'hits': 0.0, 'immediate_edge': 0.0, 'advantage': 0.0}, {'n': 2, 'hits': 4.0, 'immediate_edge': 0.3748266697735616, 'advantage': -3.6251733302264384}]
21:56:06 INFO    fpl_expert.backtest.season_sim | GW32: playing bench_boost (best available (11.8 vs 11.6 remaining))
21:56:07 INFO    fpl_expert.optimise.transfers | defer-aware: [{'n': 1, 'hits': 0.0, 'immediate_edge': 0.0, 'advantage': 0.0}, {'n': 2, 'hits': 4.0, 'immediate_edge': 0.8513398806002499, 'advantage': -3.14866011939975}]
21:56:07 INFO    fpl_expert.optimise.transfers | defer-aware: [{'n': 1, 'hits': 0.0, 'immediate_edge': 0.0, 'advantage': 0.0}, {'n': 2, 'hits': 4.0, 'immediate_edge': 0.0, 'advantage': -4.0}]
21:56:07 INFO    fpl_expert.backtest.season_sim | GW34: playing triple_captain (best available (12.9 vs 11.9 remaining))
21:56:08 INFO    fpl_expert.optimise.transfers | defer-aware: [{'n': 1, 'hits': 0.0, 'immediate_edge': 0.0, 'advantage': 0.0}, {'n': 2, 'hits': 4.0, 'immediate_edge': 2.1492421741826604, 'advantage': -1.8507578258173396}]
21:56:08 INFO    fpl_expert.optimise.transfers | defer-aware: [{'n': 1, 'hits': 0.0, 'immediate_edge': 0.0, 'advantage': 0.0}, {'n': 2, 'hits': 4.0, 'immediate_edge': 0.6613602345880736, 'advantage': -3.3386397654119264}]
21:56:08 INFO    fpl_expert.optimise.transfers | defer-aware: [{'n': 1, 'hits': 0.0, 'immediate_edge': 0.0, 'advantage': 0.0}, {'n': 2, 'hits': 4.0, 'immediate_edge': 5.911019545875845, 'advantage': 1.9110195458758454}]
21:56:09 INFO    fpl_expert.optimise.transfers | defer-aware: [{'n': 1, 'hits': 0.0, 'immediate_edge': 0.0, 'advantage': 0.0}, {'n': 2, 'hits': 4.0, 'immediate_edge': 1.3117221449945475, 'advantage': -2.6882778550054525}]
21:56:09 INFO    fpl_expert.backtest.ensemble | defer_aware path 8: 2310
21:56:11 INFO    fpl_expert.optimise.transfers | defer-aware: [{'n': 1, 'hits': 0.0, 'immediate_edge': 0.0, 'advantage': 0.0}, {'n': 2, 'hits': 4.0, 'immediate_edge': 0.0, 'advantage': -4.0}]
21:56:11 INFO    fpl_expert.optimise.transfers | defer-aware: [{'n': 1, 'hits': 0.0, 'immediate_edge': 0.0, 'advantage': 0.0}, {'n': 2, 'hits': 4.0, 'immediate_edge': 4.531147936577895, 'advantage': 0.531147936577895}]
21:56:12 INFO    fpl_expert.optimise.transfers | defer-aware: [{'n': 1, 'hits': 0.0, 'immediate_edge': 0.0, 'advantage': 0.0}, {'n': 2, 'hits': 4.0, 'immediate_edge': 7.5304747545146, 'advantage': 3.5304747545146}]
21:56:12 INFO    fpl_expert.optimise.transfers | defer-aware: [{'n': 1, 'hits': 0.0, 'immediate_edge': 0.0, 'advantage': 0.0}, {'n': 2, 'hits': 4.0, 'immediate_edge': 0.021285190024073586, 'advantage': -3.9787148099759264}]
21:56:12 INFO    fpl_expert.optimise.transfers | defer-aware: [{'n': 1, 'hits': 0.0, 'immediate_edge': 0.0, 'advantage': 0.0}, {'n': 2, 'hits': 4.0, 'immediate_edge': 0.0, 'advantage': -4.0}]
21:56:13 INFO    fpl_expert.optimise.transfers | defer-aware: [{'n': 1, 'hits': 0.0, 'immediate_edge': 0.0, 'advantage': 0.0}, {'n': 2, 'hits': 4.0, 'immediate_edge': 0.7500967896609723, 'advantage': -3.2499032103390277}]
21:56:13 INFO    fpl_expert.optimise.transfers | defer-aware: [{'n': 1, 'hits': 0.0, 'immediate_edge': 0.0, 'advantage': 0.0}, {'n': 2, 'hits': 4.0, 'immediate_edge': 2.4755557661515013, 'advantage': -1.5244442338484987}]
21:56:14 INFO    fpl_expert.optimise.transfers | defer-aware: [{'n': 1, 'hits': 0.0, 'immediate_edge': 0.0, 'advantage': 0.0}, {'n': 2, 'hits': 4.0, 'immediate_edge': 0.0, 'advantage': -4.0}]
21:56:14 INFO    fpl_expert.optimise.transfers | defer-aware: [{'n': 1, 'hits': 0.0, 'immediate_edge': 0.0, 'advantage': 0.0}, {'n': 2, 'hits': 4.0, 'immediate_edge': 0.15709828991917618, 'advantage': -3.842901710080824}]
21:56:15 INFO    fpl_expert.optimise.transfers | defer-aware: [{'n': 1, 'hits': 0.0, 'immediate_edge': 0.0, 'advantage': 0.0}, {'n': 2, 'hits': 4.0, 'immediate_edge': 1.6392946814305276, 'advantage': -2.3607053185694724}]
21:56:15 INFO    fpl_expert.optimise.transfers | defer-aware: [{'n': 1, 'hits': 0.0, 'immediate_edge': 0.0, 'advantage': 0.0}, {'n': 2, 'hits': 4.0, 'immediate_edge': -0.18676128031420092, 'advantage': -4.186761280314201}]
21:56:16 INFO    fpl_expert.optimise.transfers | defer-aware: [{'n': 1, 'hits': 0.0, 'immediate_edge': 0.0, 'advantage': 0.0}, {'n': 2, 'hits': 4.0, 'immediate_edge': -0.15974722833924204, 'advantage': -4.159747228339242}]
21:56:16 INFO    fpl_expert.optimise.transfers | defer-aware: [{'n': 1, 'hits': 0.0, 'immediate_edge': 0.0, 'advantage': 0.0}, {'n': 2, 'hits': 4.0, 'immediate_edge': 1.1201679398067341, 'advantage': -2.879832060193266}]
21:56:16 INFO    fpl_expert.backtest.season_sim | GW14: playing bench_boost (best available (12.6 vs 11.0 remaining))
21:56:17 INFO    fpl_expert.optimise.transfers | defer-aware: [{'n': 1, 'hits': 0.0, 'immediate_edge': 0.0, 'advantage': 0.0}, {'n': 2, 'hits': 4.0, 'immediate_edge': 1.410337173847509, 'advantage': -2.589662826152491}]
21:56:17 INFO    fpl_expert.backtest.season_sim | GW15: playing triple_captain (best available (9.1 vs 8.2 remaining))
21:56:17 INFO    fpl_expert.optimise.transfers | defer-aware: [{'n': 1, 'hits': 0.0, 'immediate_edge': 0.0, 'advantage': 0.0}, {'n': 2, 'hits': 4.0, 'immediate_edge': 0.33768079054468103, 'advantage': -3.662319209455319}]
21:56:17 INFO    fpl_expert.optimise.transfers | defer-aware: [{'n': 1, 'hits': 0.0, 'immediate_edge': 0.0, 'advantage': 0.0}, {'n': 2, 'hits': 4.0, 'immediate_edge': 2.721664160021639, 'advantage': -1.2783358399783609}]
21:56:18 INFO    fpl_expert.optimise.transfers | defer-aware: [{'n': 1, 'hits': 0.0, 'immediate_edge': 0.0, 'advantage': 0.0}, {'n': 2, 'hits': 4.0, 'immediate_edge': 0.14014637427257526, 'advantage': -3.8598536257274247}]
21:56:18 INFO    fpl_expert.optimise.transfers | defer-aware: [{'n': 1, 'hits': 0.0, 'immediate_edge': 0.0, 'advantage': 0.0}, {'n': 2, 'hits': 4.0, 'immediate_edge': 1.1964838803780253, 'advantage': -2.8035161196219747}]
21:56:18 INFO    fpl_expert.optimise.transfers | defer-aware: [{'n': 1, 'hits': 0.0, 'immediate_edge': 0.0, 'advantage': 0.0}, {'n': 2, 'hits': 4.0, 'immediate_edge': 0.0, 'advantage': -4.0}]
21:56:19 INFO    fpl_expert.optimise.transfers | defer-aware: [{'n': 1, 'hits': 0.0, 'immediate_edge': 0.0, 'advantage': 0.0}, {'n': 2, 'hits': 4.0, 'immediate_edge': 0.0, 'advantage': -4.0}]
21:56:19 INFO    fpl_expert.optimise.transfers | defer-aware: [{'n': 1, 'hits': 0.0, 'immediate_edge': 0.0, 'advantage': 0.0}, {'n': 2, 'hits': 4.0, 'immediate_edge': 0.04286304683141395, 'advantage': -3.957136953168586}]
21:56:19 INFO    fpl_expert.optimise.transfers | defer-aware: [{'n': 1, 'hits': 0.0, 'immediate_edge': 0.0, 'advantage': 0.0}, {'n': 2, 'hits': 4.0, 'immediate_edge': 1.0995800526360782, 'advantage': -2.900419947363922}]
21:56:20 INFO    fpl_expert.optimise.transfers | defer-aware: [{'n': 1, 'hits': 0.0, 'immediate_edge': 0.0, 'advantage': 0.0}, {'n': 2, 'hits': 4.0, 'immediate_edge': 2.3001386079399637, 'advantage': -1.6998613920600363}]
21:56:20 INFO    fpl_expert.optimise.transfers | defer-aware: [{'n': 1, 'hits': 0.0, 'immediate_edge': 0.0, 'advantage': 0.0}, {'n': 2, 'hits': 4.0, 'immediate_edge': 1.789251328771499, 'advantage': -2.210748671228501}]
21:56:21 INFO    fpl_expert.optimise.transfers | defer-aware: [{'n': 1, 'hits': 0.0, 'immediate_edge': 0.0, 'advantage': 0.0}, {'n': 2, 'hits': 4.0, 'immediate_edge': 0.3924407236174403, 'advantage': -3.6075592763825597}]
21:56:21 INFO    fpl_expert.optimise.transfers | defer-aware: [{'n': 1, 'hits': 0.0, 'immediate_edge': 0.0, 'advantage': 0.0}, {'n': 2, 'hits': 4.0, 'immediate_edge': 0.0, 'advantage': -4.0}]
21:56:22 INFO    fpl_expert.optimise.transfers | defer-aware: [{'n': 1, 'hits': 0.0, 'immediate_edge': 0.0, 'advantage': 0.0}, {'n': 2, 'hits': 4.0, 'immediate_edge': 0.510710100823033, 'advantage': -3.489289899176967}]
21:56:22 INFO    fpl_expert.optimise.transfers | defer-aware: [{'n': 1, 'hits': 0.0, 'immediate_edge': 0.0, 'advantage': 0.0}, {'n': 2, 'hits': 4.0, 'immediate_edge': 0.10616851881163569, 'advantage': -3.8938314811883643}]
21:56:22 INFO    fpl_expert.optimise.transfers | defer-aware: [{'n': 1, 'hits': 0.0, 'immediate_edge': 0.0, 'advantage': 0.0}, {'n': 2, 'hits': 4.0, 'immediate_edge': 0.6948052791025106, 'advantage': -3.3051947208974894}]
21:56:23 INFO    fpl_expert.optimise.transfers | defer-aware: [{'n': 1, 'hits': 0.0, 'immediate_edge': 0.0, 'advantage': 0.0}, {'n': 2, 'hits': 4.0, 'immediate_edge': 6.99529203989033, 'advantage': 2.99529203989033}]
21:56:23 INFO    fpl_expert.optimise.transfers | defer-aware: [{'n': 1, 'hits': 0.0, 'immediate_edge': 0.0, 'advantage': 0.0}, {'n': 2, 'hits': 4.0, 'immediate_edge': 0.3733993357391796, 'advantage': -3.6266006642608204}]
21:56:23 INFO    fpl_expert.backtest.season_sim | GW32: playing bench_boost (best available (11.8 vs 11.6 remaining))
21:56:24 INFO    fpl_expert.optimise.transfers | defer-aware: [{'n': 1, 'hits': 0.0, 'immediate_edge': 0.0, 'advantage': 0.0}, {'n': 2, 'hits': 4.0, 'immediate_edge': 0.8524521976712052, 'advantage': -3.147547802328795}]
21:56:24 INFO    fpl_expert.optimise.transfers | defer-aware: [{'n': 1, 'hits': 0.0, 'immediate_edge': 0.0, 'advantage': 0.0}, {'n': 2, 'hits': 4.0, 'immediate_edge': 0.0, 'advantage': -4.0}]
21:56:24 INFO    fpl_expert.backtest.season_sim | GW34: playing triple_captain (best available (12.9 vs 11.9 remaining))
21:56:24 INFO    fpl_expert.optimise.transfers | defer-aware: [{'n': 1, 'hits': 0.0, 'immediate_edge': 0.0, 'advantage': 0.0}, {'n': 2, 'hits': 4.0, 'immediate_edge': 2.1542804194992584, 'advantage': -1.8457195805007416}]
21:56:25 INFO    fpl_expert.optimise.transfers | defer-aware: [{'n': 1, 'hits': 0.0, 'immediate_edge': 0.0, 'advantage': 0.0}, {'n': 2, 'hits': 4.0, 'immediate_edge': 0.66821450749093, 'advantage': -3.33178549250907}]
21:56:25 INFO    fpl_expert.optimise.transfers | defer-aware: [{'n': 1, 'hits': 0.0, 'immediate_edge': 0.0, 'advantage': 0.0}, {'n': 2, 'hits': 4.0, 'immediate_edge': 5.852940439876278, 'advantage': 1.8529404398762779}]
21:56:26 INFO    fpl_expert.optimise.transfers | defer-aware: [{'n': 1, 'hits': 0.0, 'immediate_edge': 0.0, 'advantage': 0.0}, {'n': 2, 'hits': 4.0, 'immediate_edge': 1.307277711437706, 'advantage': -2.692722288562294}]
21:56:26 INFO    fpl_expert.backtest.ensemble | defer_aware path 9: 2310
  2023-24 defer_aware        mean    2310  sd   0.0
21:56:31 INFO    fpl_expert.backtest.season_sim | GW14: playing bench_boost (best available (11.4 vs 9.9 remaining))
21:56:32 INFO    fpl_expert.backtest.season_sim | GW18: playing triple_captain (expiring in 1 gw, best remaining 8.1)
21:56:35 INFO    fpl_expert.backtest.season_sim | GW32: playing triple_captain (best available (10.0 vs 10.0 remaining))
21:56:35 INFO    fpl_expert.backtest.season_sim | GW33: playing bench_boost (best available (13.5 vs 12.1 remaining))
21:56:36 INFO    fpl_expert.backtest.ensemble | horizon path 0: 2128
21:56:41 INFO    fpl_expert.backtest.season_sim | GW14: playing bench_boost (best available (11.4 vs 9.9 remaining))
21:56:42 INFO    fpl_expert.backtest.season_sim | GW18: playing triple_captain (expiring in 1 gw, best remaining 8.1)
21:56:46 INFO    fpl_expert.backtest.season_sim | GW32: playing triple_captain (best available (10.0 vs 9.9 remaining))
21:56:46 INFO    fpl_expert.backtest.season_sim | GW33: playing bench_boost (best available (13.5 vs 12.1 remaining))
21:56:47 INFO    fpl_expert.backtest.ensemble | horizon path 1: 2128
21:56:52 INFO    fpl_expert.backtest.season_sim | GW14: playing bench_boost (best available (11.4 vs 9.9 remaining))
21:56:53 INFO    fpl_expert.backtest.season_sim | GW18: playing triple_captain (expiring in 1 gw, best remaining 8.1)
21:56:56 INFO    fpl_expert.backtest.season_sim | GW32: playing triple_captain (best available (10.0 vs 10.0 remaining))
21:56:57 INFO    fpl_expert.backtest.season_sim | GW33: playing bench_boost (best available (13.5 vs 12.1 remaining))
21:56:57 INFO    fpl_expert.backtest.ensemble | horizon path 2: 2128
21:57:03 INFO    fpl_expert.backtest.season_sim | GW14: playing bench_boost (best available (11.4 vs 9.9 remaining))
21:57:03 INFO    fpl_expert.backtest.season_sim | GW18: playing triple_captain (expiring in 1 gw, best remaining 8.1)
21:57:07 INFO    fpl_expert.backtest.season_sim | GW32: playing bench_boost (best available (11.3 vs 10.5 remaining))
21:57:07 INFO    fpl_expert.backtest.season_sim | GW33: playing triple_captain (best available (9.5 vs 9.2 remaining))
21:57:08 INFO    fpl_expert.backtest.ensemble | horizon path 3: 2103
21:57:15 INFO    fpl_expert.backtest.season_sim | GW14: playing bench_boost (best available (12.9 vs 12.0 remaining))
21:57:15 INFO    fpl_expert.backtest.season_sim | GW18: playing triple_captain (expiring in 1 gw, best remaining 8.1)
21:57:19 INFO    fpl_expert.backtest.season_sim | GW32: playing triple_captain (best available (10.0 vs 10.0 remaining))
21:57:20 INFO    fpl_expert.backtest.season_sim | GW38: playing bench_boost (final chance before expiry)
21:57:20 INFO    fpl_expert.backtest.ensemble | horizon path 4: 2212
21:57:26 INFO    fpl_expert.backtest.season_sim | GW14: playing bench_boost (best available (11.4 vs 9.9 remaining))
21:57:28 INFO    fpl_expert.backtest.season_sim | GW18: playing triple_captain (expiring in 1 gw, best remaining 8.2)
21:57:31 INFO    fpl_expert.backtest.season_sim | GW32: playing triple_captain (best available (10.0 vs 10.0 remaining))
21:57:31 INFO    fpl_expert.backtest.season_sim | GW33: playing bench_boost (best available (13.5 vs 12.1 remaining))
21:57:32 INFO    fpl_expert.backtest.ensemble | horizon path 5: 2128
21:57:37 INFO    fpl_expert.backtest.season_sim | GW14: playing bench_boost (best available (11.4 vs 9.9 remaining))
21:57:38 INFO    fpl_expert.backtest.season_sim | GW18: playing triple_captain (expiring in 1 gw, best remaining 8.2)
21:57:42 INFO    fpl_expert.backtest.season_sim | GW32: playing triple_captain (best available (10.0 vs 10.0 remaining))
21:57:42 INFO    fpl_expert.backtest.season_sim | GW33: playing bench_boost (best available (13.5 vs 12.1 remaining))
21:57:43 INFO    fpl_expert.backtest.ensemble | horizon path 6: 2128
21:57:48 INFO    fpl_expert.backtest.season_sim | GW14: playing bench_boost (best available (12.1 vs 11.3 remaining))
21:57:49 INFO    fpl_expert.backtest.season_sim | GW18: playing triple_captain (expiring in 1 gw, best remaining 8.2)
21:57:52 INFO    fpl_expert.backtest.season_sim | GW32: playing triple_captain (best available (10.0 vs 10.0 remaining))
21:57:54 INFO    fpl_expert.backtest.season_sim | GW38: playing bench_boost (final chance before expiry)
21:57:54 INFO    fpl_expert.backtest.ensemble | horizon path 7: 2193
21:57:59 INFO    fpl_expert.backtest.season_sim | GW14: playing bench_boost (best available (12.9 vs 12.0 remaining))
21:57:59 INFO    fpl_expert.backtest.season_sim | GW18: playing triple_captain (expiring in 1 gw, best remaining 8.1)
21:58:03 INFO    fpl_expert.backtest.season_sim | GW32: playing triple_captain (best available (10.0 vs 10.0 remaining))
21:58:04 INFO    fpl_expert.backtest.season_sim | GW38: playing bench_boost (final chance before expiry)
21:58:04 INFO    fpl_expert.backtest.ensemble | horizon path 8: 2212
21:58:09 INFO    fpl_expert.backtest.season_sim | GW14: playing bench_boost (best available (11.4 vs 10.0 remaining))
21:58:10 INFO    fpl_expert.backtest.season_sim | GW18: playing triple_captain (expiring in 1 gw, best remaining 8.2)
21:58:14 INFO    fpl_expert.backtest.season_sim | GW32: playing triple_captain (best available (10.0 vs 10.0 remaining))
21:58:14 INFO    fpl_expert.backtest.season_sim | GW33: playing bench_boost (best available (13.5 vs 12.1 remaining))
21:58:15 INFO    fpl_expert.backtest.ensemble | horizon path 9: 2128
  2024-25 horizon            mean    2149  sd  40.3
21:58:17 INFO    fpl_expert.optimise.transfers | defer-aware: [{'n': 1, 'hits': 0.0, 'immediate_edge': 0.0, 'advantage': 0.0}, {'n': 2, 'hits': 4.0, 'immediate_edge': 2.511358506247099, 'advantage': -1.4886414937529011}]
21:58:18 INFO    fpl_expert.optimise.transfers | defer-aware: [{'n': 1, 'hits': 0.0, 'immediate_edge': 0.0, 'advantage': 0.0}, {'n': 2, 'hits': 4.0, 'immediate_edge': 4.92371218236709, 'advantage': 0.9237121823670904}]
21:58:18 INFO    fpl_expert.optimise.transfers | defer-aware: [{'n': 1, 'hits': 0.0, 'immediate_edge': 0.0, 'advantage': 0.0}, {'n': 2, 'hits': 4.0, 'immediate_edge': 0.1737007884562516, 'advantage': -3.8262992115437484}]
21:58:18 INFO    fpl_expert.optimise.transfers | defer-aware: [{'n': 1, 'hits': 0.0, 'immediate_edge': 0.0, 'advantage': 0.0}, {'n': 2, 'hits': 4.0, 'immediate_edge': 0.8383349874577206, 'advantage': -3.1616650125422794}]
21:58:19 INFO    fpl_expert.optimise.transfers | defer-aware: [{'n': 1, 'hits': 0.0, 'immediate_edge': 0.0, 'advantage': 0.0}, {'n': 2, 'hits': 4.0, 'immediate_edge': -1.4773800597446964, 'advantage': -5.477380059744696}]
21:58:19 INFO    fpl_expert.optimise.transfers | defer-aware: [{'n': 1, 'hits': 0.0, 'immediate_edge': 0.0, 'advantage': 0.0}, {'n': 2, 'hits': 4.0, 'immediate_edge': 0.8698901427259216, 'advantage': -3.1301098572740784}]
21:58:20 INFO    fpl_expert.optimise.transfers | defer-aware: [{'n': 1, 'hits': 0.0, 'immediate_edge': 0.0, 'advantage': 0.0}, {'n': 2, 'hits': 4.0, 'immediate_edge': 1.2568903932415054, 'advantage': -2.7431096067584946}]
21:58:20 INFO    fpl_expert.optimise.transfers | defer-aware: [{'n': 1, 'hits': 0.0, 'immediate_edge': 0.0, 'advantage': 0.0}, {'n': 2, 'hits': 4.0, 'immediate_edge': 2.290138894147347, 'advantage': -1.709861105852653}]
21:58:21 INFO    fpl_expert.optimise.transfers | defer-aware: [{'n': 1, 'hits': 0.0, 'immediate_edge': 0.0, 'advantage': 0.0}, {'n': 2, 'hits': 4.0, 'immediate_edge': 0.8190806643109312, 'advantage': -3.180919335689069}]
21:58:21 INFO    fpl_expert.backtest.season_sim | GW10: playing bench_boost (best available (9.4 vs 9.2 remaining))
21:58:21 INFO    fpl_expert.optimise.transfers | defer-aware: [{'n': 1, 'hits': 0.0, 'immediate_edge': 0.0, 'advantage': 0.0}, {'n': 2, 'hits': 4.0, 'immediate_edge': 0.8936197940317712, 'advantage': -3.106380205968229}]
21:58:22 INFO    fpl_expert.optimise.transfers | defer-aware: [{'n': 1, 'hits': 0.0, 'immediate_edge': 0.0, 'advantage': 0.0}, {'n': 2, 'hits': 4.0, 'immediate_edge': 1.3069037442526366, 'advantage': -2.6930962557473634}]
21:58:22 INFO    fpl_expert.optimise.transfers | defer-aware: [{'n': 1, 'hits': 0.0, 'immediate_edge': 0.0, 'advantage': 0.0}, {'n': 2, 'hits': 4.0, 'immediate_edge': 1.1551896849852454, 'advantage': -2.8448103150147546}]
21:58:22 INFO    fpl_expert.optimise.transfers | defer-aware: [{'n': 1, 'hits': 0.0, 'immediate_edge': 0.0, 'advantage': 0.0}, {'n': 2, 'hits': 4.0, 'immediate_edge': 1.0201181441056093, 'advantage': -2.9798818558943907}]
21:58:23 INFO    fpl_expert.optimise.transfers | defer-aware: [{'n': 1, 'hits': 0.0, 'immediate_edge': 0.0, 'advantage': 0.0}, {'n': 2, 'hits': 4.0, 'immediate_edge': -1.2958559879654246, 'advantage': -5.295855987965425}]
21:58:23 INFO    fpl_expert.optimise.transfers | defer-aware: [{'n': 1, 'hits': 0.0, 'immediate_edge': 0.0, 'advantage': 0.0}, {'n': 2, 'hits': 4.0, 'immediate_edge': 2.5633245360985413, 'advantage': -1.4366754639014587}]
21:58:23 INFO    fpl_expert.optimise.transfers | defer-aware: [{'n': 1, 'hits': 0.0, 'immediate_edge': 0.0, 'advantage': 0.0}, {'n': 2, 'hits': 4.0, 'immediate_edge': 1.142523740105112, 'advantage': -2.857476259894888}]
21:58:24 INFO    fpl_expert.optimise.transfers | defer-aware: [{'n': 1, 'hits': 0.0, 'immediate_edge': 0.0, 'advantage': 0.0}, {'n': 2, 'hits': 4.0, 'immediate_edge': 2.620323071669219, 'advantage': -1.379676928330781}]
21:58:24 INFO    fpl_expert.backtest.season_sim | GW18: playing triple_captain (expiring in 1 gw, best remaining 8.1)
21:58:24 INFO    fpl_expert.optimise.transfers | defer-aware: [{'n': 1, 'hits': 0.0, 'immediate_edge': 0.0, 'advantage': 0.0}, {'n': 2, 'hits': 4.0, 'immediate_edge': 0.2990749409965048, 'advantage': -3.700925059003495}]
21:58:24 INFO    fpl_expert.optimise.transfers | defer-aware: [{'n': 1, 'hits': 0.0, 'immediate_edge': 0.0, 'advantage': 0.0}, {'n': 2, 'hits': 4.0, 'immediate_edge': 2.181353095679299, 'advantage': -1.8186469043207012}]
21:58:25 INFO    fpl_expert.optimise.transfers | defer-aware: [{'n': 1, 'hits': 0.0, 'immediate_edge': 0.0, 'advantage': 0.0}, {'n': 2, 'hits': 4.0, 'immediate_edge': 0.06430960722560997, 'advantage': -3.93569039277439}]
21:58:25 INFO    fpl_expert.optimise.transfers | defer-aware: [{'n': 1, 'hits': 0.0, 'immediate_edge': 0.0, 'advantage': 0.0}, {'n': 2, 'hits': 4.0, 'immediate_edge': 1.7895758287920316, 'advantage': -2.2104241712079684}]
21:58:26 INFO    fpl_expert.optimise.transfers | defer-aware: [{'n': 1, 'hits': 0.0, 'immediate_edge': 0.0, 'advantage': 0.0}, {'n': 2, 'hits': 4.0, 'immediate_edge': 1.6591511592042707, 'advantage': -2.3408488407957293}]
21:58:26 INFO    fpl_expert.optimise.transfers | defer-aware: [{'n': 1, 'hits': 0.0, 'immediate_edge': 0.0, 'advantage': 0.0}, {'n': 2, 'hits': 4.0, 'immediate_edge': 0.8025567608220854, 'advantage': -3.1974432391779146}]
21:58:27 INFO    fpl_expert.optimise.transfers | defer-aware: [{'n': 1, 'hits': 0.0, 'immediate_edge': 0.0, 'advantage': 0.0}, {'n': 2, 'hits': 4.0, 'immediate_edge': 1.26518524479512, 'advantage': -2.73481475520488}]
21:58:27 INFO    fpl_expert.optimise.transfers | defer-aware: [{'n': 1, 'hits': 0.0, 'immediate_edge': 0.0, 'advantage': 0.0}, {'n': 2, 'hits': 4.0, 'immediate_edge': -0.8485503790491364, 'advantage': -4.848550379049136}]
21:58:28 INFO    fpl_expert.optimise.transfers | defer-aware: [{'n': 1, 'hits': 0.0, 'immediate_edge': 0.0, 'advantage': 0.0}, {'n': 2, 'hits': 4.0, 'immediate_edge': 0.24131003631511305, 'advantage': -3.758689963684887}]
21:58:28 INFO    fpl_expert.optimise.transfers | defer-aware: [{'n': 1, 'hits': 0.0, 'immediate_edge': 0.0, 'advantage': 0.0}, {'n': 2, 'hits': 4.0, 'immediate_edge': 1.6161877311819666, 'advantage': -2.3838122688180334}]
21:58:29 INFO    fpl_expert.optimise.transfers | defer-aware: [{'n': 1, 'hits': 0.0, 'immediate_edge': 0.0, 'advantage': 0.0}, {'n': 2, 'hits': 4.0, 'immediate_edge': -0.7262076516184237, 'advantage': -4.726207651618424}]
21:58:29 INFO    fpl_expert.optimise.transfers | defer-aware: [{'n': 1, 'hits': 0.0, 'immediate_edge': 0.0, 'advantage': 0.0}, {'n': 2, 'hits': 4.0, 'immediate_edge': 0.4398339155418043, 'advantage': -3.5601660844581957}]
21:58:29 INFO    fpl_expert.optimise.transfers | defer-aware: [{'n': 1, 'hits': 0.0, 'immediate_edge': 0.0, 'advantage': 0.0}, {'n': 2, 'hits': 4.0, 'immediate_edge': 1.7474264093867262, 'advantage': -2.252573590613274}]
21:58:30 INFO    fpl_expert.optimise.transfers | defer-aware: [{'n': 1, 'hits': 0.0, 'immediate_edge': 0.0, 'advantage': 0.0}, {'n': 2, 'hits': 4.0, 'immediate_edge': 9.740500639762374, 'advantage': 5.740500639762374}]
21:58:30 INFO    fpl_expert.backtest.season_sim | GW32: playing triple_captain (best available (10.0 vs 9.5 remaining))
21:58:30 INFO    fpl_expert.optimise.transfers | defer-aware: [{'n': 1, 'hits': 0.0, 'immediate_edge': 0.0, 'advantage': 0.0}, {'n': 2, 'hits': 4.0, 'immediate_edge': 5.949717892893318, 'advantage': 1.949717892893318}]
21:58:31 INFO    fpl_expert.optimise.transfers | defer-aware: [{'n': 1, 'hits': 0.0, 'immediate_edge': 0.0, 'advantage': 0.0}, {'n': 2, 'hits': 4.0, 'immediate_edge': 2.6633348593400825, 'advantage': -1.3366651406599175}]
21:58:31 INFO    fpl_expert.optimise.transfers | defer-aware: [{'n': 1, 'hits': 0.0, 'immediate_edge': 0.0, 'advantage': 0.0}, {'n': 2, 'hits': 4.0, 'immediate_edge': 0.4735577493225378, 'advantage': -3.526442250677462}]
21:58:32 INFO    fpl_expert.optimise.transfers | defer-aware: [{'n': 1, 'hits': 0.0, 'immediate_edge': 0.0, 'advantage': 0.0}, {'n': 2, 'hits': 4.0, 'immediate_edge': 1.6160531869259884, 'advantage': -2.3839468130740116}]
21:58:32 INFO    fpl_expert.optimise.transfers | defer-aware: [{'n': 1, 'hits': 0.0, 'immediate_edge': 0.0, 'advantage': 0.0}, {'n': 2, 'hits': 4.0, 'immediate_edge': 2.025122489900461, 'advantage': -1.9748775100995388}]
21:58:32 INFO    fpl_expert.optimise.transfers | defer-aware: [{'n': 1, 'hits': 0.0, 'immediate_edge': 0.0, 'advantage': 0.0}, {'n': 2, 'hits': 4.0, 'immediate_edge': 0.0589787392613772, 'advantage': -3.941021260738623}]
21:58:32 INFO    fpl_expert.backtest.season_sim | GW38: playing bench_boost (final chance before expiry)
21:58:32 INFO    fpl_expert.backtest.ensemble | defer_aware path 0: 2362
21:58:34 INFO    fpl_expert.optimise.transfers | defer-aware: [{'n': 1, 'hits': 0.0, 'immediate_edge': 0.0, 'advantage': 0.0}, {'n': 2, 'hits': 4.0, 'immediate_edge': 2.5113871572792448, 'advantage': -1.4886128427207552}]
21:58:35 INFO    fpl_expert.optimise.transfers | defer-aware: [{'n': 1, 'hits': 0.0, 'immediate_edge': 0.0, 'advantage': 0.0}, {'n': 2, 'hits': 4.0, 'immediate_edge': 4.967796928371662, 'advantage': 0.9677969283716621}]
21:58:35 INFO    fpl_expert.optimise.transfers | defer-aware: [{'n': 1, 'hits': 0.0, 'immediate_edge': 0.0, 'advantage': 0.0}, {'n': 2, 'hits': 4.0, 'immediate_edge': 0.16936001463831474, 'advantage': -3.8306399853616853}]
21:58:36 INFO    fpl_expert.optimise.transfers | defer-aware: [{'n': 1, 'hits': 0.0, 'immediate_edge': 0.0, 'advantage': 0.0}, {'n': 2, 'hits': 4.0, 'immediate_edge': 0.8513892105160323, 'advantage': -3.1486107894839677}]
21:58:36 INFO    fpl_expert.optimise.transfers | defer-aware: [{'n': 1, 'hits': 0.0, 'immediate_edge': 0.0, 'advantage': 0.0}, {'n': 2, 'hits': 4.0, 'immediate_edge': 0.0, 'advantage': -4.0}]
21:58:36 INFO    fpl_expert.optimise.transfers | defer-aware: [{'n': 1, 'hits': 0.0, 'immediate_edge': 0.0, 'advantage': 0.0}, {'n': 2, 'hits': 4.0, 'immediate_edge': 0.8629719834509757, 'advantage': -3.1370280165490243}]
21:58:37 INFO    fpl_expert.optimise.transfers | defer-aware: [{'n': 1, 'hits': 0.0, 'immediate_edge': 0.0, 'advantage': 0.0}, {'n': 2, 'hits': 4.0, 'immediate_edge': 1.2595172026313222, 'advantage': -2.740482797368678}]
21:58:37 INFO    fpl_expert.optimise.transfers | defer-aware: [{'n': 1, 'hits': 0.0, 'immediate_edge': 0.0, 'advantage': 0.0}, {'n': 2, 'hits': 4.0, 'immediate_edge': 2.2837783368349633, 'advantage': -1.7162216631650367}]
21:58:38 INFO    fpl_expert.optimise.transfers | defer-aware: [{'n': 1, 'hits': 0.0, 'immediate_edge': 0.0, 'advantage': 0.0}, {'n': 2, 'hits': 4.0, 'immediate_edge': 0.818331759195722, 'advantage': -3.181668240804278}]
21:58:38 INFO    fpl_expert.backtest.season_sim | GW10: playing bench_boost (best available (9.4 vs 9.2 remaining))
21:58:38 INFO    fpl_expert.optimise.transfers | defer-aware: [{'n': 1, 'hits': 0.0, 'immediate_edge': 0.0, 'advantage': 0.0}, {'n': 2, 'hits': 4.0, 'immediate_edge': 0.9093590323995357, 'advantage': -3.0906409676004643}]
21:58:39 INFO    fpl_expert.optimise.transfers | defer-aware: [{'n': 1, 'hits': 0.0, 'immediate_edge': 0.0, 'advantage': 0.0}, {'n': 2, 'hits': 4.0, 'immediate_edge': 1.300688424536105, 'advantage': -2.699311575463895}]
21:58:39 INFO    fpl_expert.optimise.transfers | defer-aware: [{'n': 1, 'hits': 0.0, 'immediate_edge': 0.0, 'advantage': 0.0}, {'n': 2, 'hits': 4.0, 'immediate_edge': 1.1587961497976025, 'advantage': -2.8412038502023975}]
21:58:39 INFO    fpl_expert.optimise.transfers | defer-aware: [{'n': 1, 'hits': 0.0, 'immediate_edge': 0.0, 'advantage': 0.0}, {'n': 2, 'hits': 4.0, 'immediate_edge': 1.0250941297364946, 'advantage': -2.9749058702635054}]
21:58:40 INFO    fpl_expert.optimise.transfers | defer-aware: [{'n': 1, 'hits': 0.0, 'immediate_edge': 0.0, 'advantage': 0.0}, {'n': 2, 'hits': 4.0, 'immediate_edge': -1.2938387165214351, 'advantage': -5.293838716521435}]
21:58:40 INFO    fpl_expert.optimise.transfers | defer-aware: [{'n': 1, 'hits': 0.0, 'immediate_edge': 0.0, 'advantage': 0.0}, {'n': 2, 'hits': 4.0, 'immediate_edge': 2.5546759932720704, 'advantage': -1.4453240067279296}]
21:58:40 INFO    fpl_expert.optimise.transfers | defer-aware: [{'n': 1, 'hits': 0.0, 'immediate_edge': 0.0, 'advantage': 0.0}, {'n': 2, 'hits': 4.0, 'immediate_edge': 1.140498494561598, 'advantage': -2.859501505438402}]
21:58:41 INFO    fpl_expert.optimise.transfers | defer-aware: [{'n': 1, 'hits': 0.0, 'immediate_edge': 0.0, 'advantage': 0.0}, {'n': 2, 'hits': 4.0, 'immediate_edge': 2.63257317801866, 'advantage': -1.36742682198134}]
21:58:41 INFO    fpl_expert.backtest.season_sim | GW18: playing triple_captain (expiring in 1 gw, best remaining 8.1)
21:58:41 INFO    fpl_expert.optimise.transfers | defer-aware: [{'n': 1, 'hits': 0.0, 'immediate_edge': 0.0, 'advantage': 0.0}, {'n': 2, 'hits': 4.0, 'immediate_edge': 0.30999941190010105, 'advantage': -3.690000588099899}]
21:58:41 INFO    fpl_expert.optimise.transfers | defer-aware: [{'n': 1, 'hits': 0.0, 'immediate_edge': 0.0, 'advantage': 0.0}, {'n': 2, 'hits': 4.0, 'immediate_edge': 2.1756704438518852, 'advantage': -1.8243295561481148}]
21:58:42 INFO    fpl_expert.optimise.transfers | defer-aware: [{'n': 1, 'hits': 0.0, 'immediate_edge': 0.0, 'advantage': 0.0}, {'n': 2, 'hits': 4.0, 'immediate_edge': 0.06829931374795706, 'advantage': -3.931700686252043}]
21:58:42 INFO    fpl_expert.optimise.transfers | defer-aware: [{'n': 1, 'hits': 0.0, 'immediate_edge': 0.0, 'advantage': 0.0}, {'n': 2, 'hits': 4.0, 'immediate_edge': 1.7846048195224, 'advantage': -2.2153951804776}]
21:58:43 INFO    fpl_expert.optimise.transfers | defer-aware: [{'n': 1, 'hits': 0.0, 'immediate_edge': 0.0, 'advantage': 0.0}, {'n': 2, 'hits': 4.0, 'immediate_edge': 1.6611837210698752, 'advantage': -2.338816278930125}]
21:58:43 INFO    fpl_expert.optimise.transfers | defer-aware: [{'n': 1, 'hits': 0.0, 'immediate_edge': 0.0, 'advantage': 0.0}, {'n': 2, 'hits': 4.0, 'immediate_edge': 0.8027842635573137, 'advantage': -3.1972157364426863}]
21:58:44 INFO    fpl_expert.optimise.transfers | defer-aware: [{'n': 1, 'hits': 0.0, 'immediate_edge': 0.0, 'advantage': 0.0}, {'n': 2, 'hits': 4.0, 'immediate_edge': 1.26327613449196, 'advantage': -2.73672386550804}]
21:58:44 INFO    fpl_expert.optimise.transfers | defer-aware: [{'n': 1, 'hits': 0.0, 'immediate_edge': 0.0, 'advantage': 0.0}, {'n': 2, 'hits': 4.0, 'immediate_edge': -0.8490659513772201, 'advantage': -4.84906595137722}]
21:58:44 INFO    fpl_expert.optimise.transfers | defer-aware: [{'n': 1, 'hits': 0.0, 'immediate_edge': 0.0, 'advantage': 0.0}, {'n': 2, 'hits': 4.0, 'immediate_edge': 0.2357401706860145, 'advantage': -3.7642598293139855}]
21:58:45 INFO    fpl_expert.optimise.transfers | defer-aware: [{'n': 1, 'hits': 0.0, 'immediate_edge': 0.0, 'advantage': 0.0}, {'n': 2, 'hits': 4.0, 'immediate_edge': 1.599198003811324, 'advantage': -2.400801996188676}]
21:58:45 INFO    fpl_expert.optimise.transfers | defer-aware: [{'n': 1, 'hits': 0.0, 'immediate_edge': 0.0, 'advantage': 0.0}, {'n': 2, 'hits': 4.0, 'immediate_edge': -0.7765892265686603, 'advantage': -4.77658922656866}]
21:58:46 INFO    fpl_expert.optimise.transfers | defer-aware: [{'n': 1, 'hits': 0.0, 'immediate_edge': 0.0, 'advantage': 0.0}, {'n': 2, 'hits': 4.0, 'immediate_edge': 0.4490930796753787, 'advantage': -3.5509069203246213}]
21:58:46 INFO    fpl_expert.optimise.transfers | defer-aware: [{'n': 1, 'hits': 0.0, 'immediate_edge': 0.0, 'advantage': 0.0}, {'n': 2, 'hits': 4.0, 'immediate_edge': 1.7649428824995823, 'advantage': -2.2350571175004177}]
21:58:47 INFO    fpl_expert.optimise.transfers | defer-aware: [{'n': 1, 'hits': 0.0, 'immediate_edge': 0.0, 'advantage': 0.0}, {'n': 2, 'hits': 4.0, 'immediate_edge': 9.727681726793747, 'advantage': 5.727681726793747}]
21:58:47 INFO    fpl_expert.backtest.season_sim | GW32: playing triple_captain (best available (10.0 vs 9.5 remaining))
21:58:47 INFO    fpl_expert.optimise.transfers | defer-aware: [{'n': 1, 'hits': 0.0, 'immediate_edge': 0.0, 'advantage': 0.0}, {'n': 2, 'hits': 4.0, 'immediate_edge': 5.911206765033526, 'advantage': 1.9112067650335263}]
21:58:47 INFO    fpl_expert.optimise.transfers | defer-aware: [{'n': 1, 'hits': 0.0, 'immediate_edge': 0.0, 'advantage': 0.0}, {'n': 2, 'hits': 4.0, 'immediate_edge': 2.6822712270064457, 'advantage': -1.3177287729935543}]
21:58:48 INFO    fpl_expert.optimise.transfers | defer-aware: [{'n': 1, 'hits': 0.0, 'immediate_edge': 0.0, 'advantage': 0.0}, {'n': 2, 'hits': 4.0, 'immediate_edge': 0.4682587239499796, 'advantage': -3.5317412760500204}]
21:58:48 INFO    fpl_expert.optimise.transfers | defer-aware: [{'n': 1, 'hits': 0.0, 'immediate_edge': 0.0, 'advantage': 0.0}, {'n': 2, 'hits': 4.0, 'immediate_edge': 1.6073056495521243, 'advantage': -2.3926943504478757}]
21:58:49 INFO    fpl_expert.optimise.transfers | defer-aware: [{'n': 1, 'hits': 0.0, 'immediate_edge': 0.0, 'advantage': 0.0}, {'n': 2, 'hits': 4.0, 'immediate_edge': 2.008125653849696, 'advantage': -1.9918743461503041}]
21:58:49 INFO    fpl_expert.optimise.transfers | defer-aware: [{'n': 1, 'hits': 0.0, 'immediate_edge': 0.0, 'advantage': 0.0}, {'n': 2, 'hits': 4.0, 'immediate_edge': 0.05685538347855612, 'advantage': -3.943144616521444}]
21:58:49 INFO    fpl_expert.backtest.season_sim | GW38: playing bench_boost (final chance before expiry)
21:58:49 INFO    fpl_expert.backtest.ensemble | defer_aware path 1: 2362
21:58:51 INFO    fpl_expert.optimise.transfers | defer-aware: [{'n': 1, 'hits': 0.0, 'immediate_edge': 0.0, 'advantage': 0.0}, {'n': 2, 'hits': 4.0, 'immediate_edge': 2.507614085971028, 'advantage': -1.4923859140289721}]
21:58:51 INFO    fpl_expert.optimise.transfers | defer-aware: [{'n': 1, 'hits': 0.0, 'immediate_edge': 0.0, 'advantage': 0.0}, {'n': 2, 'hits': 4.0, 'immediate_edge': 4.964918358684265, 'advantage': 0.9649183586842653}]
21:58:52 INFO    fpl_expert.optimise.transfers | defer-aware: [{'n': 1, 'hits': 0.0, 'immediate_edge': 0.0, 'advantage': 0.0}, {'n': 2, 'hits': 4.0, 'immediate_edge': 0.17355898962838268, 'advantage': -3.8264410103716173}]
21:58:52 INFO    fpl_expert.optimise.transfers | defer-aware: [{'n': 1, 'hits': 0.0, 'immediate_edge': 0.0, 'advantage': 0.0}, {'n': 2, 'hits': 4.0, 'immediate_edge': 0.85109169722449, 'advantage': -3.14890830277551}]
21:58:53 INFO    fpl_expert.optimise.transfers | defer-aware: [{'n': 1, 'hits': 0.0, 'immediate_edge': 0.0, 'advantage': 0.0}, {'n': 2, 'hits': 4.0, 'immediate_edge': -1.5002739224063149, 'advantage': -5.500273922406315}]
21:58:53 INFO    fpl_expert.optimise.transfers | defer-aware: [{'n': 1, 'hits': 0.0, 'immediate_edge': 0.0, 'advantage': 0.0}, {'n': 2, 'hits': 4.0, 'immediate_edge': 0.8612050477917919, 'advantage': -3.138794952208208}]
21:58:54 INFO    fpl_expert.optimise.transfers | defer-aware: [{'n': 1, 'hits': 0.0, 'immediate_edge': 0.0, 'advantage': 0.0}, {'n': 2, 'hits': 4.0, 'immediate_edge': 1.250767655374048, 'advantage': -2.749232344625952}]
21:58:54 INFO    fpl_expert.optimise.transfers | defer-aware: [{'n': 1, 'hits': 0.0, 'immediate_edge': 0.0, 'advantage': 0.0}, {'n': 2, 'hits': 4.0, 'immediate_edge': 2.284108887814689, 'advantage': -1.7158911121853109}]
21:58:54 INFO    fpl_expert.optimise.transfers | defer-aware: [{'n': 1, 'hits': 0.0, 'immediate_edge': 0.0, 'advantage': 0.0}, {'n': 2, 'hits': 4.0, 'immediate_edge': 0.8194479806173334, 'advantage': -3.1805520193826666}]
21:58:55 INFO    fpl_expert.backtest.season_sim | GW10: playing bench_boost (best available (9.4 vs 9.2 remaining))
21:58:55 INFO    fpl_expert.optimise.transfers | defer-aware: [{'n': 1, 'hits': 0.0, 'immediate_edge': 0.0, 'advantage': 0.0}, {'n': 2, 'hits': 4.0, 'immediate_edge': 0.8959518328154275, 'advantage': -3.1040481671845725}]
21:58:55 INFO    fpl_expert.optimise.transfers | defer-aware: [{'n': 1, 'hits': 0.0, 'immediate_edge': 0.0, 'advantage': 0.0}, {'n': 2, 'hits': 4.0, 'immediate_edge': 1.3104017528483425, 'advantage': -2.6895982471516575}]
21:58:56 INFO    fpl_expert.optimise.transfers | defer-aware: [{'n': 1, 'hits': 0.0, 'immediate_edge': 0.0, 'advantage': 0.0}, {'n': 2, 'hits': 4.0, 'immediate_edge': 1.1551806913200267, 'advantage': -2.8448193086799733}]
21:58:56 INFO    fpl_expert.optimise.transfers | defer-aware: [{'n': 1, 'hits': 0.0, 'immediate_edge': 0.0, 'advantage': 0.0}, {'n': 2, 'hits': 4.0, 'immediate_edge': 1.0147322672505226, 'advantage': -2.9852677327494774}]
21:58:57 INFO    fpl_expert.optimise.transfers | defer-aware: [{'n': 1, 'hits': 0.0, 'immediate_edge': 0.0, 'advantage': 0.0}, {'n': 2, 'hits': 4.0, 'immediate_edge': -1.2839021965341715, 'advantage': -5.2839021965341715}]
21:58:57 INFO    fpl_expert.optimise.transfers | defer-aware: [{'n': 1, 'hits': 0.0, 'immediate_edge': 0.0, 'advantage': 0.0}, {'n': 2, 'hits': 4.0, 'immediate_edge': 2.5612265620420516, 'advantage': -1.4387734379579484}]
21:58:57 INFO    fpl_expert.optimise.transfers | defer-aware: [{'n': 1, 'hits': 0.0, 'immediate_edge': 0.0, 'advantage': 0.0}, {'n': 2, 'hits': 4.0, 'immediate_edge': 1.1384146894412766, 'advantage': -2.8615853105587234}]
21:58:58 INFO    fpl_expert.optimise.transfers | defer-aware: [{'n': 1, 'hits': 0.0, 'immediate_edge': 0.0, 'advantage': 0.0}, {'n': 2, 'hits': 4.0, 'immediate_edge': 2.616353561352298, 'advantage': -1.3836464386477019}]
21:58:58 INFO    fpl_expert.backtest.season_sim | GW18: playing triple_captain (expiring in 1 gw, best remaining 8.1)
21:58:58 INFO    fpl_expert.optimise.transfers | defer-aware: [{'n': 1, 'hits': 0.0, 'immediate_edge': 0.0, 'advantage': 0.0}, {'n': 2, 'hits': 4.0, 'immediate_edge': 0.30031696138554764, 'advantage': -3.6996830386144524}]
21:58:58 INFO    fpl_expert.optimise.transfers | defer-aware: [{'n': 1, 'hits': 0.0, 'immediate_edge': 0.0, 'advantage': 0.0}, {'n': 2, 'hits': 4.0, 'immediate_edge': 2.1892345006250764, 'advantage': -1.8107654993749236}]
21:58:59 INFO    fpl_expert.optimise.transfers | defer-aware: [{'n': 1, 'hits': 0.0, 'immediate_edge': 0.0, 'advantage': 0.0}, {'n': 2, 'hits': 4.0, 'immediate_edge': 0.0668617874991071, 'advantage': -3.933138212500893}]
21:58:59 INFO    fpl_expert.optimise.transfers | defer-aware: [{'n': 1, 'hits': 0.0, 'immediate_edge': 0.0, 'advantage': 0.0}, {'n': 2, 'hits': 4.0, 'immediate_edge': 1.7805345348760966, 'advantage': -2.2194654651239034}]
21:58:59 INFO    fpl_expert.optimise.transfers | defer-aware: [{'n': 1, 'hits': 0.0, 'immediate_edge': 0.0, 'advantage': 0.0}, {'n': 2, 'hits': 4.0, 'immediate_edge': 1.6651117439135774, 'advantage': -2.3348882560864226}]
21:59:00 INFO    fpl_expert.optimise.transfers | defer-aware: [{'n': 1, 'hits': 0.0, 'immediate_edge': 0.0, 'advantage': 0.0}, {'n': 2, 'hits': 4.0, 'immediate_edge': 0.7814345515972434, 'advantage': -3.2185654484027566}]
21:59:00 INFO    fpl_expert.optimise.transfers | defer-aware: [{'n': 1, 'hits': 0.0, 'immediate_edge': 0.0, 'advantage': 0.0}, {'n': 2, 'hits': 4.0, 'immediate_edge': 1.2686519769862343, 'advantage': -2.7313480230137657}]
21:59:01 INFO    fpl_expert.optimise.transfers | defer-aware: [{'n': 1, 'hits': 0.0, 'immediate_edge': 0.0, 'advantage': 0.0}, {'n': 2, 'hits': 4.0, 'immediate_edge': -0.8577062936502031, 'advantage': -4.857706293650203}]
21:59:01 INFO    fpl_expert.optimise.transfers | defer-aware: [{'n': 1, 'hits': 0.0, 'immediate_edge': 0.0, 'advantage': 0.0}, {'n': 2, 'hits': 4.0, 'immediate_edge': 0.23728258835201643, 'advantage': -3.7627174116479836}]
21:59:02 INFO    fpl_expert.optimise.transfers | defer-aware: [{'n': 1, 'hits': 0.0, 'immediate_edge': 0.0, 'advantage': 0.0}, {'n': 2, 'hits': 4.0, 'immediate_edge': 1.598779901856446, 'advantage': -2.401220098143554}]
21:59:02 INFO    fpl_expert.optimise.transfers | defer-aware: [{'n': 1, 'hits': 0.0, 'immediate_edge': 0.0, 'advantage': 0.0}, {'n': 2, 'hits': 4.0, 'immediate_edge': -0.7407354377753776, 'advantage': -4.740735437775378}]
21:59:03 INFO    fpl_expert.optimise.transfers | defer-aware: [{'n': 1, 'hits': 0.0, 'immediate_edge': 0.0, 'advantage': 0.0}, {'n': 2, 'hits': 4.0, 'immediate_edge': 0.4485343975616729, 'advantage': -3.551465602438327}]
21:59:03 INFO    fpl_expert.optimise.transfers | defer-aware: [{'n': 1, 'hits': 0.0, 'immediate_edge': 0.0, 'advantage': 0.0}, {'n': 2, 'hits': 4.0, 'immediate_edge': 1.753197640973731, 'advantage': -2.246802359026269}]
21:59:03 INFO    fpl_expert.optimise.transfers | defer-aware: [{'n': 1, 'hits': 0.0, 'immediate_edge': 0.0, 'advantage': 0.0}, {'n': 2, 'hits': 4.0, 'immediate_edge': 9.698086312115535, 'advantage': 5.698086312115535}]
21:59:04 INFO    fpl_expert.backtest.season_sim | GW32: playing triple_captain (best available (10.0 vs 9.5 remaining))
21:59:04 INFO    fpl_expert.optimise.transfers | defer-aware: [{'n': 1, 'hits': 0.0, 'immediate_edge': 0.0, 'advantage': 0.0}, {'n': 2, 'hits': 4.0, 'immediate_edge': 5.950445801852865, 'advantage': 1.9504458018528652}]
21:59:04 INFO    fpl_expert.optimise.transfers | defer-aware: [{'n': 1, 'hits': 0.0, 'immediate_edge': 0.0, 'advantage': 0.0}, {'n': 2, 'hits': 4.0, 'immediate_edge': 2.6561234146531305, 'advantage': -1.3438765853468695}]
21:59:05 INFO    fpl_expert.optimise.transfers | defer-aware: [{'n': 1, 'hits': 0.0, 'immediate_edge': 0.0, 'advantage': 0.0}, {'n': 2, 'hits': 4.0, 'immediate_edge': 0.4724667930155704, 'advantage': -3.5275332069844296}]
21:59:05 INFO    fpl_expert.optimise.transfers | defer-aware: [{'n': 1, 'hits': 0.0, 'immediate_edge': 0.0, 'advantage': 0.0}, {'n': 2, 'hits': 4.0, 'immediate_edge': 1.6084961097501562, 'advantage': -2.3915038902498438}]
21:59:05 INFO    fpl_expert.optimise.transfers | defer-aware: [{'n': 1, 'hits': 0.0, 'immediate_edge': 0.0, 'advantage': 0.0}, {'n': 2, 'hits': 4.0, 'immediate_edge': 1.4789510748487658, 'advantage': -2.5210489251512342}]
21:59:06 INFO    fpl_expert.optimise.transfers | defer-aware: [{'n': 1, 'hits': 0.0, 'immediate_edge': 0.0, 'advantage': 0.0}, {'n': 2, 'hits': 4.0, 'immediate_edge': 0.060886527021587256, 'advantage': -3.9391134729784127}]
21:59:06 INFO    fpl_expert.backtest.season_sim | GW38: playing bench_boost (final chance before expiry)
21:59:06 INFO    fpl_expert.backtest.ensemble | defer_aware path 2: 2362
21:59:08 INFO    fpl_expert.optimise.transfers | defer-aware: [{'n': 1, 'hits': 0.0, 'immediate_edge': 0.0, 'advantage': 0.0}, {'n': 2, 'hits': 4.0, 'immediate_edge': 2.5060371957095313, 'advantage': -1.4939628042904687}]
21:59:08 INFO    fpl_expert.optimise.transfers | defer-aware: [{'n': 1, 'hits': 0.0, 'immediate_edge': 0.0, 'advantage': 0.0}, {'n': 2, 'hits': 4.0, 'immediate_edge': 4.927375320555356, 'advantage': 0.9273753205553561}]
21:59:09 INFO    fpl_expert.optimise.transfers | defer-aware: [{'n': 1, 'hits': 0.0, 'immediate_edge': 0.0, 'advantage': 0.0}, {'n': 2, 'hits': 4.0, 'immediate_edge': 0.17445300842148015, 'advantage': -3.82554699157852}]
21:59:09 INFO    fpl_expert.optimise.transfers | defer-aware: [{'n': 1, 'hits': 0.0, 'immediate_edge': 0.0, 'advantage': 0.0}, {'n': 2, 'hits': 4.0, 'immediate_edge': 0.8404349428147668, 'advantage': -3.159565057185233}]
21:59:10 INFO    fpl_expert.optimise.transfers | defer-aware: [{'n': 1, 'hits': 0.0, 'immediate_edge': 0.0, 'advantage': 0.0}, {'n': 2, 'hits': 4.0, 'immediate_edge': 0.0, 'advantage': -4.0}]
21:59:10 INFO    fpl_expert.optimise.transfers | defer-aware: [{'n': 1, 'hits': 0.0, 'immediate_edge': 0.0, 'advantage': 0.0}, {'n': 2, 'hits': 4.0, 'immediate_edge': 0.837556044139113, 'advantage': -3.162443955860887}]
21:59:11 INFO    fpl_expert.optimise.transfers | defer-aware: [{'n': 1, 'hits': 0.0, 'immediate_edge': 0.0, 'advantage': 0.0}, {'n': 2, 'hits': 4.0, 'immediate_edge': 1.2489251123493972, 'advantage': -2.751074887650603}]
21:59:11 INFO    fpl_expert.optimise.transfers | defer-aware: [{'n': 1, 'hits': 0.0, 'immediate_edge': 0.0, 'advantage': 0.0}, {'n': 2, 'hits': 4.0, 'immediate_edge': 2.2877565959959796, 'advantage': -1.7122434040040204}]
21:59:11 INFO    fpl_expert.optimise.transfers | defer-aware: [{'n': 1, 'hits': 0.0, 'immediate_edge': 0.0, 'advantage': 0.0}, {'n': 2, 'hits': 4.0, 'immediate_edge': 0.8165400662702069, 'advantage': -3.183459933729793}]
21:59:12 INFO    fpl_expert.backtest.season_sim | GW10: playing bench_boost (best available (9.4 vs 9.2 remaining))
21:59:12 INFO    fpl_expert.optimise.transfers | defer-aware: [{'n': 1, 'hits': 0.0, 'immediate_edge': 0.0, 'advantage': 0.0}, {'n': 2, 'hits': 4.0, 'immediate_edge': 0.9132192434927617, 'advantage': -3.0867807565072383}]
21:59:12 INFO    fpl_expert.optimise.transfers | defer-aware: [{'n': 1, 'hits': 0.0, 'immediate_edge': 0.0, 'advantage': 0.0}, {'n': 2, 'hits': 4.0, 'immediate_edge': 1.3180581969724585, 'advantage': -2.6819418030275415}]
21:59:13 INFO    fpl_expert.optimise.transfers | defer-aware: [{'n': 1, 'hits': 0.0, 'immediate_edge': 0.0, 'advantage': 0.0}, {'n': 2, 'hits': 4.0, 'immediate_edge': 1.1610725044854178, 'advantage': -2.8389274955145822}]
21:59:13 INFO    fpl_expert.optimise.transfers | defer-aware: [{'n': 1, 'hits': 0.0, 'immediate_edge': 0.0, 'advantage': 0.0}, {'n': 2, 'hits': 4.0, 'immediate_edge': 1.0078688840762382, 'advantage': -2.992131115923762}]
21:59:14 INFO    fpl_expert.optimise.transfers | defer-aware: [{'n': 1, 'hits': 0.0, 'immediate_edge': 0.0, 'advantage': 0.0}, {'n': 2, 'hits': 4.0, 'immediate_edge': -1.301133200284447, 'advantage': -5.301133200284447}]
21:59:14 INFO    fpl_expert.optimise.transfers | defer-aware: [{'n': 1, 'hits': 0.0, 'immediate_edge': 0.0, 'advantage': 0.0}, {'n': 2, 'hits': 4.0, 'immediate_edge': 2.554172601705446, 'advantage': -1.4458273982945542}]
21:59:14 INFO    fpl_expert.optimise.transfers | defer-aware: [{'n': 1, 'hits': 0.0, 'immediate_edge': 0.0, 'advantage': 0.0}, {'n': 2, 'hits': 4.0, 'immediate_edge': 1.1356845028453861, 'advantage': -2.864315497154614}]
21:59:15 INFO    fpl_expert.optimise.transfers | defer-aware: [{'n': 1, 'hits': 0.0, 'immediate_edge': 0.0, 'advantage': 0.0}, {'n': 2, 'hits': 4.0, 'immediate_edge': 2.6383084588573666, 'advantage': -1.3616915411426334}]
21:59:15 INFO    fpl_expert.backtest.season_sim | GW18: playing triple_captain (expiring in 1 gw, best remaining 8.1)
21:59:15 INFO    fpl_expert.optimise.transfers | defer-aware: [{'n': 1, 'hits': 0.0, 'immediate_edge': 0.0, 'advantage': 0.0}, {'n': 2, 'hits': 4.0, 'immediate_edge': 0.2960032220037192, 'advantage': -3.703996777996281}]
21:59:15 INFO    fpl_expert.optimise.transfers | defer-aware: [{'n': 1, 'hits': 0.0, 'immediate_edge': 0.0, 'advantage': 0.0}, {'n': 2, 'hits': 4.0, 'immediate_edge': 2.176328673725962, 'advantage': -1.823671326274038}]
21:59:16 INFO    fpl_expert.optimise.transfers | defer-aware: [{'n': 1, 'hits': 0.0, 'immediate_edge': 0.0, 'advantage': 0.0}, {'n': 2, 'hits': 4.0, 'immediate_edge': 0.07017422081545988, 'advantage': -3.92982577918454}]
21:59:16 INFO    fpl_expert.optimise.transfers | defer-aware: [{'n': 1, 'hits': 0.0, 'immediate_edge': 0.0, 'advantage': 0.0}, {'n': 2, 'hits': 4.0, 'immediate_edge': 1.7843758715870166, 'advantage': -2.2156241284129834}]
21:59:17 INFO    fpl_expert.optimise.transfers | defer-aware: [{'n': 1, 'hits': 0.0, 'immediate_edge': 0.0, 'advantage': 0.0}, {'n': 2, 'hits': 4.0, 'immediate_edge': 1.6615499017163344, 'advantage': -2.3384500982836656}]
21:59:17 INFO    fpl_expert.optimise.transfers | defer-aware: [{'n': 1, 'hits': 0.0, 'immediate_edge': 0.0, 'advantage': 0.0}, {'n': 2, 'hits': 4.0, 'immediate_edge': 0.7693251649622823, 'advantage': -3.2306748350377177}]
21:59:18 INFO    fpl_expert.optimise.transfers | defer-aware: [{'n': 1, 'hits': 0.0, 'immediate_edge': 0.0, 'advantage': 0.0}, {'n': 2, 'hits': 4.0, 'immediate_edge': 1.270838515541584, 'advantage': -2.729161484458416}]
21:59:18 INFO    fpl_expert.optimise.transfers | defer-aware: [{'n': 1, 'hits': 0.0, 'immediate_edge': 0.0, 'advantage': 0.0}, {'n': 2, 'hits': 4.0, 'immediate_edge': -0.8312505963502304, 'advantage': -4.83125059635023}]
21:59:18 INFO    fpl_expert.optimise.transfers | defer-aware: [{'n': 1, 'hits': 0.0, 'immediate_edge': 0.0, 'advantage': 0.0}, {'n': 2, 'hits': 4.0, 'immediate_edge': 0.23567681970536114, 'advantage': -3.764323180294639}]
21:59:19 INFO    fpl_expert.optimise.transfers | defer-aware: [{'n': 1, 'hits': 0.0, 'immediate_edge': 0.0, 'advantage': 0.0}, {'n': 2, 'hits': 4.0, 'immediate_edge': 1.607455361071473, 'advantage': -2.392544638928527}]
21:59:19 INFO    fpl_expert.optimise.transfers | defer-aware: [{'n': 1, 'hits': 0.0, 'immediate_edge': 0.0, 'advantage': 0.0}, {'n': 2, 'hits': 4.0, 'immediate_edge': -0.7780602767868174, 'advantage': -4.778060276786817}]
21:59:20 INFO    fpl_expert.optimise.transfers | defer-aware: [{'n': 1, 'hits': 0.0, 'immediate_edge': 0.0, 'advantage': 0.0}, {'n': 2, 'hits': 4.0, 'immediate_edge': 0.4475852143178969, 'advantage': -3.552414785682103}]
21:59:20 INFO    fpl_expert.optimise.transfers | defer-aware: [{'n': 1, 'hits': 0.0, 'immediate_edge': 0.0, 'advantage': 0.0}, {'n': 2, 'hits': 4.0, 'immediate_edge': 1.7463216696496318, 'advantage': -2.2536783303503682}]
21:59:21 INFO    fpl_expert.optimise.transfers | defer-aware: [{'n': 1, 'hits': 0.0, 'immediate_edge': 0.0, 'advantage': 0.0}, {'n': 2, 'hits': 4.0, 'immediate_edge': 9.719314263695694, 'advantage': 5.7193142636956935}]
21:59:21 INFO    fpl_expert.backtest.season_sim | GW32: playing triple_captain (best available (10.0 vs 9.5 remaining))
21:59:21 INFO    fpl_expert.optimise.transfers | defer-aware: [{'n': 1, 'hits': 0.0, 'immediate_edge': 0.0, 'advantage': 0.0}, {'n': 2, 'hits': 4.0, 'immediate_edge': 5.9588809690873745, 'advantage': 1.9588809690873745}]
21:59:21 INFO    fpl_expert.optimise.transfers | defer-aware: [{'n': 1, 'hits': 0.0, 'immediate_edge': 0.0, 'advantage': 0.0}, {'n': 2, 'hits': 4.0, 'immediate_edge': 2.6686939669277194, 'advantage': -1.3313060330722806}]
21:59:22 INFO    fpl_expert.optimise.transfers | defer-aware: [{'n': 1, 'hits': 0.0, 'immediate_edge': 0.0, 'advantage': 0.0}, {'n': 2, 'hits': 4.0, 'immediate_edge': 0.46398190545521345, 'advantage': -3.5360180945447865}]
21:59:22 INFO    fpl_expert.optimise.transfers | defer-aware: [{'n': 1, 'hits': 0.0, 'immediate_edge': 0.0, 'advantage': 0.0}, {'n': 2, 'hits': 4.0, 'immediate_edge': 1.6054853444021404, 'advantage': -2.3945146555978596}]
21:59:23 INFO    fpl_expert.optimise.transfers | defer-aware: [{'n': 1, 'hits': 0.0, 'immediate_edge': 0.0, 'advantage': 0.0}, {'n': 2, 'hits': 4.0, 'immediate_edge': 1.9966861504782258, 'advantage': -2.003313849521774}]
21:59:23 INFO    fpl_expert.optimise.transfers | defer-aware: [{'n': 1, 'hits': 0.0, 'immediate_edge': 0.0, 'advantage': 0.0}, {'n': 2, 'hits': 4.0, 'immediate_edge': 0.06843467938831793, 'advantage': -3.931565320611682}]
21:59:23 INFO    fpl_expert.backtest.season_sim | GW38: playing bench_boost (final chance before expiry)
21:59:23 INFO    fpl_expert.backtest.ensemble | defer_aware path 3: 2362
21:59:25 INFO    fpl_expert.optimise.transfers | defer-aware: [{'n': 1, 'hits': 0.0, 'immediate_edge': 0.0, 'advantage': 0.0}, {'n': 2, 'hits': 4.0, 'immediate_edge': 0.0, 'advantage': -4.0}]
21:59:25 INFO    fpl_expert.optimise.transfers | defer-aware: [{'n': 1, 'hits': 0.0, 'immediate_edge': 0.0, 'advantage': 0.0}, {'n': 2, 'hits': 4.0, 'immediate_edge': 1.4860456188338773, 'advantage': -2.5139543811661227}]
21:59:26 INFO    fpl_expert.optimise.transfers | defer-aware: [{'n': 1, 'hits': 0.0, 'immediate_edge': 0.0, 'advantage': 0.0}, {'n': 2, 'hits': 4.0, 'immediate_edge': 2.474864959992793, 'advantage': -1.525135040007207}]
21:59:26 INFO    fpl_expert.optimise.transfers | defer-aware: [{'n': 1, 'hits': 0.0, 'immediate_edge': 0.0, 'advantage': 0.0}, {'n': 2, 'hits': 4.0, 'immediate_edge': 0.352609180108054, 'advantage': -3.647390819891946}]
21:59:27 INFO    fpl_expert.optimise.transfers | defer-aware: [{'n': 1, 'hits': 0.0, 'immediate_edge': 0.0, 'advantage': 0.0}, {'n': 2, 'hits': 4.0, 'immediate_edge': 1.2023590260367456, 'advantage': -2.7976409739632544}]
21:59:27 INFO    fpl_expert.optimise.transfers | defer-aware: [{'n': 1, 'hits': 0.0, 'immediate_edge': 0.0, 'advantage': 0.0}, {'n': 2, 'hits': 4.0, 'immediate_edge': 0.8637332702988658, 'advantage': -3.136266729701134}]
21:59:28 INFO    fpl_expert.optimise.transfers | defer-aware: [{'n': 1, 'hits': 0.0, 'immediate_edge': 0.0, 'advantage': 0.0}, {'n': 2, 'hits': 4.0, 'immediate_edge': 1.1568830995978203, 'advantage': -2.8431169004021797}]
21:59:28 INFO    fpl_expert.optimise.transfers | defer-aware: [{'n': 1, 'hits': 0.0, 'immediate_edge': 0.0, 'advantage': 0.0}, {'n': 2, 'hits': 4.0, 'immediate_edge': 2.5903340950966793, 'advantage': -1.4096659049033207}]
21:59:29 INFO    fpl_expert.optimise.transfers | defer-aware: [{'n': 1, 'hits': 0.0, 'immediate_edge': 0.0, 'advantage': 0.0}, {'n': 2, 'hits': 4.0, 'immediate_edge': -0.018166374186165513, 'advantage': -4.0181663741861655}]
21:59:29 INFO    fpl_expert.optimise.transfers | defer-aware: [{'n': 1, 'hits': 0.0, 'immediate_edge': 0.0, 'advantage': 0.0}, {'n': 2, 'hits': 4.0, 'immediate_edge': 0.8614708795973343, 'advantage': -3.1385291204026657}]
21:59:29 INFO    fpl_expert.optimise.transfers | defer-aware: [{'n': 1, 'hits': 0.0, 'immediate_edge': 0.0, 'advantage': 0.0}, {'n': 2, 'hits': 4.0, 'immediate_edge': 1.52411139526221, 'advantage': -2.47588860473779}]
21:59:30 INFO    fpl_expert.optimise.transfers | defer-aware: [{'n': 1, 'hits': 0.0, 'immediate_edge': 0.0, 'advantage': 0.0}, {'n': 2, 'hits': 4.0, 'immediate_edge': 1.5412229475895671, 'advantage': -2.458777052410433}]
21:59:30 INFO    fpl_expert.optimise.transfers | defer-aware: [{'n': 1, 'hits': 0.0, 'immediate_edge': 0.0, 'advantage': 0.0}, {'n': 2, 'hits': 4.0, 'immediate_edge': 1.8443471627003234, 'advantage': -2.1556528372996766}]
21:59:31 INFO    fpl_expert.optimise.transfers | defer-aware: [{'n': 1, 'hits': 0.0, 'immediate_edge': 0.0, 'advantage': 0.0}, {'n': 2, 'hits': 4.0, 'immediate_edge': 0.9942278131405118, 'advantage': -3.005772186859488}]
21:59:31 INFO    fpl_expert.optimise.transfers | defer-aware: [{'n': 1, 'hits': 0.0, 'immediate_edge': 0.0, 'advantage': 0.0}, {'n': 2, 'hits': 4.0, 'immediate_edge': 0.0, 'advantage': -4.0}]
21:59:31 INFO    fpl_expert.backtest.season_sim | GW16: playing bench_boost (expiring in 3 gw, best remaining 11.5)
21:59:32 INFO    fpl_expert.optimise.transfers | defer-aware: [{'n': 1, 'hits': 0.0, 'immediate_edge': 0.0, 'advantage': 0.0}, {'n': 2, 'hits': 4.0, 'immediate_edge': -0.8827490730134571, 'advantage': -4.882749073013457}]
21:59:32 INFO    fpl_expert.optimise.transfers | defer-aware: [{'n': 1, 'hits': 0.0, 'immediate_edge': 0.0, 'advantage': 0.0}, {'n': 2, 'hits': 4.0, 'immediate_edge': -0.04211680699211229, 'advantage': -4.042116806992112}]
21:59:32 INFO    fpl_expert.backtest.season_sim | GW18: playing triple_captain (expiring in 1 gw, best remaining 8.1)
21:59:32 INFO    fpl_expert.optimise.transfers | defer-aware: [{'n': 1, 'hits': 0.0, 'immediate_edge': 0.0, 'advantage': 0.0}, {'n': 2, 'hits': 4.0, 'immediate_edge': 0.0, 'advantage': -4.0}]
21:59:33 INFO    fpl_expert.optimise.transfers | defer-aware: [{'n': 1, 'hits': 0.0, 'immediate_edge': 0.0, 'advantage': 0.0}, {'n': 2, 'hits': 4.0, 'immediate_edge': -0.5055553717860164, 'advantage': -4.505555371786016}]
21:59:33 INFO    fpl_expert.optimise.transfers | defer-aware: [{'n': 1, 'hits': 0.0, 'immediate_edge': 0.0, 'advantage': 0.0}, {'n': 2, 'hits': 4.0, 'immediate_edge': 0.12674400243776063, 'advantage': -3.8732559975622394}]
21:59:33 INFO    fpl_expert.optimise.transfers | defer-aware: [{'n': 1, 'hits': 0.0, 'immediate_edge': 0.0, 'advantage': 0.0}, {'n': 2, 'hits': 4.0, 'immediate_edge': -0.2801544245180594, 'advantage': -4.280154424518059}]
21:59:34 INFO    fpl_expert.optimise.transfers | defer-aware: [{'n': 1, 'hits': 0.0, 'immediate_edge': 0.0, 'advantage': 0.0}, {'n': 2, 'hits': 4.0, 'immediate_edge': 1.8686649649787626, 'advantage': -2.1313350350212374}]
21:59:34 INFO    fpl_expert.optimise.transfers | defer-aware: [{'n': 1, 'hits': 0.0, 'immediate_edge': 0.0, 'advantage': 0.0}, {'n': 2, 'hits': 4.0, 'immediate_edge': 0.23044284194115505, 'advantage': -3.769557158058845}]
21:59:35 INFO    fpl_expert.optimise.transfers | defer-aware: [{'n': 1, 'hits': 0.0, 'immediate_edge': 0.0, 'advantage': 0.0}, {'n': 2, 'hits': 4.0, 'immediate_edge': -1.4658990035157586, 'advantage': -5.465899003515759}]
21:59:35 INFO    fpl_expert.optimise.transfers | defer-aware: [{'n': 1, 'hits': 0.0, 'immediate_edge': 0.0, 'advantage': 0.0}, {'n': 2, 'hits': 4.0, 'immediate_edge': 1.6312419394931368, 'advantage': -2.368758060506863}]
21:59:36 INFO    fpl_expert.optimise.transfers | defer-aware: [{'n': 1, 'hits': 0.0, 'immediate_edge': 0.0, 'advantage': 0.0}, {'n': 2, 'hits': 4.0, 'immediate_edge': 0.5134139758872891, 'advantage': -3.486586024112711}]
21:59:36 INFO    fpl_expert.optimise.transfers | defer-aware: [{'n': 1, 'hits': 0.0, 'immediate_edge': 0.0, 'advantage': 0.0}, {'n': 2, 'hits': 4.0, 'immediate_edge': 0.4936586408733916, 'advantage': -3.5063413591266084}]
21:59:36 INFO    fpl_expert.optimise.transfers | defer-aware: [{'n': 1, 'hits': 0.0, 'immediate_edge': 0.0, 'advantage': 0.0}, {'n': 2, 'hits': 4.0, 'immediate_edge': 1.9910690928850414, 'advantage': -2.0089309071149586}]
21:59:37 INFO    fpl_expert.optimise.transfers | defer-aware: [{'n': 1, 'hits': 0.0, 'immediate_edge': 0.0, 'advantage': 0.0}, {'n': 2, 'hits': 4.0, 'immediate_edge': 1.8158970524820361, 'advantage': -2.184102947517964}]
21:59:37 INFO    fpl_expert.optimise.transfers | defer-aware: [{'n': 1, 'hits': 0.0, 'immediate_edge': 0.0, 'advantage': 0.0}, {'n': 2, 'hits': 4.0, 'immediate_edge': 2.022659453252558, 'advantage': -1.9773405467474419}]
21:59:38 INFO    fpl_expert.optimise.transfers | defer-aware: [{'n': 1, 'hits': 0.0, 'immediate_edge': 0.0, 'advantage': 0.0}, {'n': 2, 'hits': 4.0, 'immediate_edge': 9.202187902385539, 'advantage': 5.202187902385539}]
21:59:38 INFO    fpl_expert.backtest.season_sim | GW32: playing bench_boost (best available (10.8 vs 10.5 remaining))
21:59:38 INFO    fpl_expert.optimise.transfers | defer-aware: [{'n': 1, 'hits': 0.0, 'immediate_edge': 0.0, 'advantage': 0.0}, {'n': 2, 'hits': 4.0, 'immediate_edge': 1.4037110990377357, 'advantage': -2.5962889009622643}]
21:59:38 INFO    fpl_expert.backtest.season_sim | GW33: playing triple_captain (best available (9.5 vs 9.2 remaining))
21:59:39 INFO    fpl_expert.optimise.transfers | defer-aware: [{'n': 1, 'hits': 0.0, 'immediate_edge': 0.0, 'advantage': 0.0}, {'n': 2, 'hits': 4.0, 'immediate_edge': 0.9904035408822693, 'advantage': -3.0095964591177307}]
21:59:39 INFO    fpl_expert.optimise.transfers | defer-aware: [{'n': 1, 'hits': 0.0, 'immediate_edge': 0.0, 'advantage': 0.0}, {'n': 2, 'hits': 4.0, 'immediate_edge': 2.8334343430906372, 'advantage': -1.1665656569093628}]
21:59:39 INFO    fpl_expert.optimise.transfers | defer-aware: [{'n': 1, 'hits': 0.0, 'immediate_edge': 0.0, 'advantage': 0.0}, {'n': 2, 'hits': 4.0, 'immediate_edge': 0.6114387926626392, 'advantage': -3.3885612073373608}]
21:59:40 INFO    fpl_expert.optimise.transfers | defer-aware: [{'n': 1, 'hits': 0.0, 'immediate_edge': 0.0, 'advantage': 0.0}, {'n': 2, 'hits': 4.0, 'immediate_edge': 1.7093390240041586, 'advantage': -2.2906609759958414}]
21:59:40 INFO    fpl_expert.optimise.transfers | defer-aware: [{'n': 1, 'hits': 0.0, 'immediate_edge': 0.0, 'advantage': 0.0}, {'n': 2, 'hits': 4.0, 'immediate_edge': 1.2728602691522184, 'advantage': -2.7271397308477816}]
21:59:40 INFO    fpl_expert.backtest.ensemble | defer_aware path 4: 2282
21:59:42 INFO    fpl_expert.optimise.transfers | defer-aware: [{'n': 1, 'hits': 0.0, 'immediate_edge': 0.0, 'advantage': 0.0}, {'n': 2, 'hits': 4.0, 'immediate_edge': 2.5139546002016573, 'advantage': -1.4860453997983427}]
21:59:42 INFO    fpl_expert.optimise.transfers | defer-aware: [{'n': 1, 'hits': 0.0, 'immediate_edge': 0.0, 'advantage': 0.0}, {'n': 2, 'hits': 4.0, 'immediate_edge': 4.945928648577265, 'advantage': 0.9459286485772651}]
21:59:43 INFO    fpl_expert.optimise.transfers | defer-aware: [{'n': 1, 'hits': 0.0, 'immediate_edge': 0.0, 'advantage': 0.0}, {'n': 2, 'hits': 4.0, 'immediate_edge': 0.1728847522083541, 'advantage': -3.827115247791646}]
21:59:43 INFO    fpl_expert.optimise.transfers | defer-aware: [{'n': 1, 'hits': 0.0, 'immediate_edge': 0.0, 'advantage': 0.0}, {'n': 2, 'hits': 4.0, 'immediate_edge': 0.8570547785496387, 'advantage': -3.1429452214503613}]
21:59:44 INFO    fpl_expert.optimise.transfers | defer-aware: [{'n': 1, 'hits': 0.0, 'immediate_edge': 0.0, 'advantage': 0.0}, {'n': 2, 'hits': 4.0, 'immediate_edge': -1.455022867900567, 'advantage': -5.455022867900567}]
21:59:44 INFO    fpl_expert.optimise.transfers | defer-aware: [{'n': 1, 'hits': 0.0, 'immediate_edge': 0.0, 'advantage': 0.0}, {'n': 2, 'hits': 4.0, 'immediate_edge': 0.856542828633593, 'advantage': -3.143457171366407}]
21:59:45 INFO    fpl_expert.optimise.transfers | defer-aware: [{'n': 1, 'hits': 0.0, 'immediate_edge': 0.0, 'advantage': 0.0}, {'n': 2, 'hits': 4.0, 'immediate_edge': 1.2526642235759624, 'advantage': -2.7473357764240376}]
21:59:45 INFO    fpl_expert.optimise.transfers | defer-aware: [{'n': 1, 'hits': 0.0, 'immediate_edge': 0.0, 'advantage': 0.0}, {'n': 2, 'hits': 4.0, 'immediate_edge': 2.287275119223075, 'advantage': -1.7127248807769249}]
21:59:45 INFO    fpl_expert.optimise.transfers | defer-aware: [{'n': 1, 'hits': 0.0, 'immediate_edge': 0.0, 'advantage': 0.0}, {'n': 2, 'hits': 4.0, 'immediate_edge': 0.8216265342843911, 'advantage': -3.178373465715609}]
21:59:46 INFO    fpl_expert.backtest.season_sim | GW10: playing bench_boost (best available (9.5 vs 9.2 remaining))
21:59:46 INFO    fpl_expert.optimise.transfers | defer-aware: [{'n': 1, 'hits': 0.0, 'immediate_edge': 0.0, 'advantage': 0.0}, {'n': 2, 'hits': 4.0, 'immediate_edge': 0.9127136201506545, 'advantage': -3.0872863798493455}]
21:59:46 INFO    fpl_expert.optimise.transfers | defer-aware: [{'n': 1, 'hits': 0.0, 'immediate_edge': 0.0, 'advantage': 0.0}, {'n': 2, 'hits': 4.0, 'immediate_edge': 1.3199126050417505, 'advantage': -2.6800873949582495}]
21:59:47 INFO    fpl_expert.optimise.transfers | defer-aware: [{'n': 1, 'hits': 0.0, 'immediate_edge': 0.0, 'advantage': 0.0}, {'n': 2, 'hits': 4.0, 'immediate_edge': 1.1607944502463283, 'advantage': -2.8392055497536717}]
21:59:47 INFO    fpl_expert.optimise.transfers | defer-aware: [{'n': 1, 'hits': 0.0, 'immediate_edge': 0.0, 'advantage': 0.0}, {'n': 2, 'hits': 4.0, 'immediate_edge': 1.0097145645235628, 'advantage': -2.990285435476437}]
21:59:47 INFO    fpl_expert.optimise.transfers | defer-aware: [{'n': 1, 'hits': 0.0, 'immediate_edge': 0.0, 'advantage': 0.0}, {'n': 2, 'hits': 4.0, 'immediate_edge': -1.293736519348741, 'advantage': -5.293736519348741}]
21:59:48 INFO    fpl_expert.optimise.transfers | defer-aware: [{'n': 1, 'hits': 0.0, 'immediate_edge': 0.0, 'advantage': 0.0}, {'n': 2, 'hits': 4.0, 'immediate_edge': 2.543648262451981, 'advantage': -1.4563517375480188}]
21:59:48 INFO    fpl_expert.optimise.transfers | defer-aware: [{'n': 1, 'hits': 0.0, 'immediate_edge': 0.0, 'advantage': 0.0}, {'n': 2, 'hits': 4.0, 'immediate_edge': 1.1371838468911193, 'advantage': -2.8628161531088807}]
21:59:48 INFO    fpl_expert.optimise.transfers | defer-aware: [{'n': 1, 'hits': 0.0, 'immediate_edge': 0.0, 'advantage': 0.0}, {'n': 2, 'hits': 4.0, 'immediate_edge': 2.6344819416782315, 'advantage': -1.3655180583217685}]
21:59:48 INFO    fpl_expert.backtest.season_sim | GW18: playing triple_captain (expiring in 1 gw, best remaining 8.2)
21:59:49 INFO    fpl_expert.optimise.transfers | defer-aware: [{'n': 1, 'hits': 0.0, 'immediate_edge': 0.0, 'advantage': 0.0}, {'n': 2, 'hits': 4.0, 'immediate_edge': 0.30335739474407575, 'advantage': -3.6966426052559243}]
21:59:49 INFO    fpl_expert.optimise.transfers | defer-aware: [{'n': 1, 'hits': 0.0, 'immediate_edge': 0.0, 'advantage': 0.0}, {'n': 2, 'hits': 4.0, 'immediate_edge': 2.1922310790536983, 'advantage': -1.8077689209463017}]
21:59:49 INFO    fpl_expert.optimise.transfers | defer-aware: [{'n': 1, 'hits': 0.0, 'immediate_edge': 0.0, 'advantage': 0.0}, {'n': 2, 'hits': 4.0, 'immediate_edge': 0.06870038181227045, 'advantage': -3.9312996181877295}]
21:59:50 INFO    fpl_expert.optimise.transfers | defer-aware: [{'n': 1, 'hits': 0.0, 'immediate_edge': 0.0, 'advantage': 0.0}, {'n': 2, 'hits': 4.0, 'immediate_edge': 1.7807752036277265, 'advantage': -2.2192247963722735}]
21:59:50 INFO    fpl_expert.optimise.transfers | defer-aware: [{'n': 1, 'hits': 0.0, 'immediate_edge': 0.0, 'advantage': 0.0}, {'n': 2, 'hits': 4.0, 'immediate_edge': 1.670725613836126, 'advantage': -2.329274386163874}]
21:59:51 INFO    fpl_expert.optimise.transfers | defer-aware: [{'n': 1, 'hits': 0.0, 'immediate_edge': 0.0, 'advantage': 0.0}, {'n': 2, 'hits': 4.0, 'immediate_edge': 0.7835294222257261, 'advantage': -3.216470577774274}]
21:59:51 INFO    fpl_expert.optimise.transfers | defer-aware: [{'n': 1, 'hits': 0.0, 'immediate_edge': 0.0, 'advantage': 0.0}, {'n': 2, 'hits': 4.0, 'immediate_edge': 1.27455469091052, 'advantage': -2.72544530908948}]
21:59:52 INFO    fpl_expert.optimise.transfers | defer-aware: [{'n': 1, 'hits': 0.0, 'immediate_edge': 0.0, 'advantage': 0.0}, {'n': 2, 'hits': 4.0, 'immediate_edge': -0.8259285496814854, 'advantage': -4.825928549681485}]
21:59:52 INFO    fpl_expert.optimise.transfers | defer-aware: [{'n': 1, 'hits': 0.0, 'immediate_edge': 0.0, 'advantage': 0.0}, {'n': 2, 'hits': 4.0, 'immediate_edge': 0.23341038874774256, 'advantage': -3.7665896112522574}]
21:59:53 INFO    fpl_expert.optimise.transfers | defer-aware: [{'n': 1, 'hits': 0.0, 'immediate_edge': 0.0, 'advantage': 0.0}, {'n': 2, 'hits': 4.0, 'immediate_edge': 1.6117174102817842, 'advantage': -2.388282589718216}]
21:59:53 INFO    fpl_expert.optimise.transfers | defer-aware: [{'n': 1, 'hits': 0.0, 'immediate_edge': 0.0, 'advantage': 0.0}, {'n': 2, 'hits': 4.0, 'immediate_edge': -0.7542778696157413, 'advantage': -4.754277869615741}]
21:59:53 INFO    fpl_expert.optimise.transfers | defer-aware: [{'n': 1, 'hits': 0.0, 'immediate_edge': 0.0, 'advantage': 0.0}, {'n': 2, 'hits': 4.0, 'immediate_edge': 0.45496555923317317, 'advantage': -3.545034440766827}]
21:59:54 INFO    fpl_expert.optimise.transfers | defer-aware: [{'n': 1, 'hits': 0.0, 'immediate_edge': 0.0, 'advantage': 0.0}, {'n': 2, 'hits': 4.0, 'immediate_edge': 1.75414617583467, 'advantage': -2.24585382416533}]
21:59:54 INFO    fpl_expert.optimise.transfers | defer-aware: [{'n': 1, 'hits': 0.0, 'immediate_edge': 0.0, 'advantage': 0.0}, {'n': 2, 'hits': 4.0, 'immediate_edge': 9.69054273539048, 'advantage': 5.69054273539048}]
21:59:55 INFO    fpl_expert.backtest.season_sim | GW32: playing triple_captain (best available (10.0 vs 9.5 remaining))
21:59:55 INFO    fpl_expert.optimise.transfers | defer-aware: [{'n': 1, 'hits': 0.0, 'immediate_edge': 0.0, 'advantage': 0.0}, {'n': 2, 'hits': 4.0, 'immediate_edge': 5.951015561555906, 'advantage': 1.9510155615559057}]
21:59:55 INFO    fpl_expert.optimise.transfers | defer-aware: [{'n': 1, 'hits': 0.0, 'immediate_edge': 0.0, 'advantage': 0.0}, {'n': 2, 'hits': 4.0, 'immediate_edge': 2.6763701983356682, 'advantage': -1.3236298016643318}]
21:59:56 INFO    fpl_expert.optimise.transfers | defer-aware: [{'n': 1, 'hits': 0.0, 'immediate_edge': 0.0, 'advantage': 0.0}, {'n': 2, 'hits': 4.0, 'immediate_edge': 0.47559413068765366, 'advantage': -3.5244058693123463}]
21:59:56 INFO    fpl_expert.optimise.transfers | defer-aware: [{'n': 1, 'hits': 0.0, 'immediate_edge': 0.0, 'advantage': 0.0}, {'n': 2, 'hits': 4.0, 'immediate_edge': 1.6204298597786035, 'advantage': -2.3795701402213965}]
21:59:56 INFO    fpl_expert.optimise.transfers | defer-aware: [{'n': 1, 'hits': 0.0, 'immediate_edge': 0.0, 'advantage': 0.0}, {'n': 2, 'hits': 4.0, 'immediate_edge': 1.4881880103978062, 'advantage': -2.5118119896021938}]
21:59:57 INFO    fpl_expert.optimise.transfers | defer-aware: [{'n': 1, 'hits': 0.0, 'immediate_edge': 0.0, 'advantage': 0.0}, {'n': 2, 'hits': 4.0, 'immediate_edge': 0.05717225946692395, 'advantage': -3.942827740533076}]
21:59:57 INFO    fpl_expert.backtest.season_sim | GW38: playing bench_boost (final chance before expiry)
21:59:57 INFO    fpl_expert.backtest.ensemble | defer_aware path 5: 2362
21:59:59 INFO    fpl_expert.optimise.transfers | defer-aware: [{'n': 1, 'hits': 0.0, 'immediate_edge': 0.0, 'advantage': 0.0}, {'n': 2, 'hits': 4.0, 'immediate_edge': 2.506441501579019, 'advantage': -1.493558498420981}]
21:59:59 INFO    fpl_expert.optimise.transfers | defer-aware: [{'n': 1, 'hits': 0.0, 'immediate_edge': 0.0, 'advantage': 0.0}, {'n': 2, 'hits': 4.0, 'immediate_edge': 4.941632967220251, 'advantage': 0.9416329672202508}]
22:00:00 INFO    fpl_expert.optimise.transfers | defer-aware: [{'n': 1, 'hits': 0.0, 'immediate_edge': 0.0, 'advantage': 0.0}, {'n': 2, 'hits': 4.0, 'immediate_edge': 0.17409189672444825, 'advantage': -3.8259081032755518}]
22:00:00 INFO    fpl_expert.optimise.transfers | defer-aware: [{'n': 1, 'hits': 0.0, 'immediate_edge': 0.0, 'advantage': 0.0}, {'n': 2, 'hits': 4.0, 'immediate_edge': 0.8492831000314709, 'advantage': -3.150716899968529}]
22:00:01 INFO    fpl_expert.optimise.transfers | defer-aware: [{'n': 1, 'hits': 0.0, 'immediate_edge': 0.0, 'advantage': 0.0}, {'n': 2, 'hits': 4.0, 'immediate_edge': 0.0, 'advantage': -4.0}]
22:00:01 INFO    fpl_expert.optimise.transfers | defer-aware: [{'n': 1, 'hits': 0.0, 'immediate_edge': 0.0, 'advantage': 0.0}, {'n': 2, 'hits': 4.0, 'immediate_edge': 0.849520441324195, 'advantage': -3.150479558675805}]
22:00:02 INFO    fpl_expert.optimise.transfers | defer-aware: [{'n': 1, 'hits': 0.0, 'immediate_edge': 0.0, 'advantage': 0.0}, {'n': 2, 'hits': 4.0, 'immediate_edge': 1.2559358251575787, 'advantage': -2.7440641748424213}]
22:00:02 INFO    fpl_expert.optimise.transfers | defer-aware: [{'n': 1, 'hits': 0.0, 'immediate_edge': 0.0, 'advantage': 0.0}, {'n': 2, 'hits': 4.0, 'immediate_edge': 2.29247349043618, 'advantage': -1.7075265095638201}]
22:00:03 INFO    fpl_expert.optimise.transfers | defer-aware: [{'n': 1, 'hits': 0.0, 'immediate_edge': 0.0, 'advantage': 0.0}, {'n': 2, 'hits': 4.0, 'immediate_edge': 0.8188997927012522, 'advantage': -3.1811002072987478}]
22:00:03 INFO    fpl_expert.backtest.season_sim | GW10: playing bench_boost (best available (9.4 vs 9.2 remaining))
22:00:03 INFO    fpl_expert.optimise.transfers | defer-aware: [{'n': 1, 'hits': 0.0, 'immediate_edge': 0.0, 'advantage': 0.0}, {'n': 2, 'hits': 4.0, 'immediate_edge': 0.8953298414811286, 'advantage': -3.1046701585188714}]
22:00:03 INFO    fpl_expert.optimise.transfers | defer-aware: [{'n': 1, 'hits': 0.0, 'immediate_edge': 0.0, 'advantage': 0.0}, {'n': 2, 'hits': 4.0, 'immediate_edge': 1.3068357970724875, 'advantage': -2.6931642029275125}]
22:00:04 INFO    fpl_expert.optimise.transfers | defer-aware: [{'n': 1, 'hits': 0.0, 'immediate_edge': 0.0, 'advantage': 0.0}, {'n': 2, 'hits': 4.0, 'immediate_edge': 1.144800023433568, 'advantage': -2.855199976566432}]
22:00:04 INFO    fpl_expert.optimise.transfers | defer-aware: [{'n': 1, 'hits': 0.0, 'immediate_edge': 0.0, 'advantage': 0.0}, {'n': 2, 'hits': 4.0, 'immediate_edge': 1.0000862603277056, 'advantage': -2.9999137396722944}]
22:00:05 INFO    fpl_expert.optimise.transfers | defer-aware: [{'n': 1, 'hits': 0.0, 'immediate_edge': 0.0, 'advantage': 0.0}, {'n': 2, 'hits': 4.0, 'immediate_edge': -1.2928905342177472, 'advantage': -5.292890534217747}]
22:00:05 INFO    fpl_expert.optimise.transfers | defer-aware: [{'n': 1, 'hits': 0.0, 'immediate_edge': 0.0, 'advantage': 0.0}, {'n': 2, 'hits': 4.0, 'immediate_edge': 2.5593125961882635, 'advantage': -1.4406874038117365}]
22:00:06 INFO    fpl_expert.optimise.transfers | defer-aware: [{'n': 1, 'hits': 0.0, 'immediate_edge': 0.0, 'advantage': 0.0}, {'n': 2, 'hits': 4.0, 'immediate_edge': 1.1332275699426617, 'advantage': -2.8667724300573383}]
22:00:06 INFO    fpl_expert.optimise.transfers | defer-aware: [{'n': 1, 'hits': 0.0, 'immediate_edge': 0.0, 'advantage': 0.0}, {'n': 2, 'hits': 4.0, 'immediate_edge': 2.6474497512183888, 'advantage': -1.3525502487816112}]
22:00:06 INFO    fpl_expert.backtest.season_sim | GW18: playing triple_captain (expiring in 1 gw, best remaining 8.2)
22:00:07 INFO    fpl_expert.optimise.transfers | defer-aware: [{'n': 1, 'hits': 0.0, 'immediate_edge': 0.0, 'advantage': 0.0}, {'n': 2, 'hits': 4.0, 'immediate_edge': 0.3021078712510459, 'advantage': -3.697892128748954}]
22:00:07 INFO    fpl_expert.optimise.transfers | defer-aware: [{'n': 1, 'hits': 0.0, 'immediate_edge': 0.0, 'advantage': 0.0}, {'n': 2, 'hits': 4.0, 'immediate_edge': 2.184021533244092, 'advantage': -1.815978466755908}]
22:00:08 INFO    fpl_expert.optimise.transfers | defer-aware: [{'n': 1, 'hits': 0.0, 'immediate_edge': 0.0, 'advantage': 0.0}, {'n': 2, 'hits': 4.0, 'immediate_edge': 0.07157815249519217, 'advantage': -3.928421847504808}]
22:00:08 INFO    fpl_expert.optimise.transfers | defer-aware: [{'n': 1, 'hits': 0.0, 'immediate_edge': 0.0, 'advantage': 0.0}, {'n': 2, 'hits': 4.0, 'immediate_edge': 1.7804487347601707, 'advantage': -2.2195512652398293}]
22:00:09 INFO    fpl_expert.optimise.transfers | defer-aware: [{'n': 1, 'hits': 0.0, 'immediate_edge': 0.0, 'advantage': 0.0}, {'n': 2, 'hits': 4.0, 'immediate_edge': 1.683321106735093, 'advantage': -2.316678893264907}]
22:00:10 INFO    fpl_expert.optimise.transfers | defer-aware: [{'n': 1, 'hits': 0.0, 'immediate_edge': 0.0, 'advantage': 0.0}, {'n': 2, 'hits': 4.0, 'immediate_edge': 0.7872025122815387, 'advantage': -3.2127974877184613}]
22:00:10 INFO    fpl_expert.optimise.transfers | defer-aware: [{'n': 1, 'hits': 0.0, 'immediate_edge': 0.0, 'advantage': 0.0}, {'n': 2, 'hits': 4.0, 'immediate_edge': 1.2690813412178272, 'advantage': -2.7309186587821728}]
22:00:11 INFO    fpl_expert.optimise.transfers | defer-aware: [{'n': 1, 'hits': 0.0, 'immediate_edge': 0.0, 'advantage': 0.0}, {'n': 2, 'hits': 4.0, 'immediate_edge': -0.8625862648148725, 'advantage': -4.8625862648148725}]
22:00:11 INFO    fpl_expert.optimise.transfers | defer-aware: [{'n': 1, 'hits': 0.0, 'immediate_edge': 0.0, 'advantage': 0.0}, {'n': 2, 'hits': 4.0, 'immediate_edge': 0.23581683363315165, 'advantage': -3.7641831663668484}]
22:00:12 INFO    fpl_expert.optimise.transfers | defer-aware: [{'n': 1, 'hits': 0.0, 'immediate_edge': 0.0, 'advantage': 0.0}, {'n': 2, 'hits': 4.0, 'immediate_edge': 1.6242681908308043, 'advantage': -2.3757318091691957}]
22:00:12 INFO    fpl_expert.optimise.transfers | defer-aware: [{'n': 1, 'hits': 0.0, 'immediate_edge': 0.0, 'advantage': 0.0}, {'n': 2, 'hits': 4.0, 'immediate_edge': -0.7554351742041447, 'advantage': -4.755435174204145}]
22:00:12 INFO    fpl_expert.optimise.transfers | defer-aware: [{'n': 1, 'hits': 0.0, 'immediate_edge': 0.0, 'advantage': 0.0}, {'n': 2, 'hits': 4.0, 'immediate_edge': 0.4480851685044769, 'advantage': -3.551914831495523}]
22:00:13 INFO    fpl_expert.optimise.transfers | defer-aware: [{'n': 1, 'hits': 0.0, 'immediate_edge': 0.0, 'advantage': 0.0}, {'n': 2, 'hits': 4.0, 'immediate_edge': 1.7438618001832964, 'advantage': -2.2561381998167036}]
22:00:14 INFO    fpl_expert.optimise.transfers | defer-aware: [{'n': 1, 'hits': 0.0, 'immediate_edge': 0.0, 'advantage': 0.0}, {'n': 2, 'hits': 4.0, 'immediate_edge': 9.706293473462154, 'advantage': 5.7062934734621535}]
22:00:14 INFO    fpl_expert.backtest.season_sim | GW32: playing triple_captain (best available (10.0 vs 9.5 remaining))
22:00:14 INFO    fpl_expert.optimise.transfers | defer-aware: [{'n': 1, 'hits': 0.0, 'immediate_edge': 0.0, 'advantage': 0.0}, {'n': 2, 'hits': 4.0, 'immediate_edge': 5.981495250381059, 'advantage': 1.9814952503810588}]
22:00:15 INFO    fpl_expert.optimise.transfers | defer-aware: [{'n': 1, 'hits': 0.0, 'immediate_edge': 0.0, 'advantage': 0.0}, {'n': 2, 'hits': 4.0, 'immediate_edge': 2.696078047267406, 'advantage': -1.303921952732594}]
22:00:15 INFO    fpl_expert.optimise.transfers | defer-aware: [{'n': 1, 'hits': 0.0, 'immediate_edge': 0.0, 'advantage': 0.0}, {'n': 2, 'hits': 4.0, 'immediate_edge': 0.4623701010160204, 'advantage': -3.5376298989839796}]
22:00:16 INFO    fpl_expert.optimise.transfers | defer-aware: [{'n': 1, 'hits': 0.0, 'immediate_edge': 0.0, 'advantage': 0.0}, {'n': 2, 'hits': 4.0, 'immediate_edge': 1.6107028987129794, 'advantage': -2.3892971012870206}]
22:00:16 INFO    fpl_expert.optimise.transfers | defer-aware: [{'n': 1, 'hits': 0.0, 'immediate_edge': 0.0, 'advantage': 0.0}, {'n': 2, 'hits': 4.0, 'immediate_edge': 1.9978235432819744, 'advantage': -2.0021764567180256}]
22:00:17 INFO    fpl_expert.optimise.transfers | defer-aware: [{'n': 1, 'hits': 0.0, 'immediate_edge': 0.0, 'advantage': 0.0}, {'n': 2, 'hits': 4.0, 'immediate_edge': 0.07077278235051665, 'advantage': -3.9292272176494834}]
22:00:17 INFO    fpl_expert.backtest.season_sim | GW38: playing bench_boost (final chance before expiry)
22:00:17 INFO    fpl_expert.backtest.ensemble | defer_aware path 6: 2362
22:00:19 INFO    fpl_expert.optimise.transfers | defer-aware: [{'n': 1, 'hits': 0.0, 'immediate_edge': 0.0, 'advantage': 0.0}, {'n': 2, 'hits': 4.0, 'immediate_edge': 2.509995964300053, 'advantage': -1.4900040356999469}]
22:00:19 INFO    fpl_expert.optimise.transfers | defer-aware: [{'n': 1, 'hits': 0.0, 'immediate_edge': 0.0, 'advantage': 0.0}, {'n': 2, 'hits': 4.0, 'immediate_edge': 4.9396749862103775, 'advantage': 0.9396749862103775}]
22:00:20 INFO    fpl_expert.optimise.transfers | defer-aware: [{'n': 1, 'hits': 0.0, 'immediate_edge': 0.0, 'advantage': 0.0}, {'n': 2, 'hits': 4.0, 'immediate_edge': 0.17327125748010985, 'advantage': -3.82672874251989}]
22:00:20 INFO    fpl_expert.optimise.transfers | defer-aware: [{'n': 1, 'hits': 0.0, 'immediate_edge': 0.0, 'advantage': 0.0}, {'n': 2, 'hits': 4.0, 'immediate_edge': 0.8467721414401908, 'advantage': -3.1532278585598092}]
22:00:21 INFO    fpl_expert.optimise.transfers | defer-aware: [{'n': 1, 'hits': 0.0, 'immediate_edge': 0.0, 'advantage': 0.0}, {'n': 2, 'hits': 4.0, 'immediate_edge': -1.4970844313021558, 'advantage': -5.497084431302156}]
22:00:21 INFO    fpl_expert.optimise.transfers | defer-aware: [{'n': 1, 'hits': 0.0, 'immediate_edge': 0.0, 'advantage': 0.0}, {'n': 2, 'hits': 4.0, 'immediate_edge': 0.8786601230327165, 'advantage': -3.1213398769672835}]
22:00:22 INFO    fpl_expert.optimise.transfers | defer-aware: [{'n': 1, 'hits': 0.0, 'immediate_edge': 0.0, 'advantage': 0.0}, {'n': 2, 'hits': 4.0, 'immediate_edge': 1.257136067465197, 'advantage': -2.742863932534803}]
22:00:22 INFO    fpl_expert.optimise.transfers | defer-aware: [{'n': 1, 'hits': 0.0, 'immediate_edge': 0.0, 'advantage': 0.0}, {'n': 2, 'hits': 4.0, 'immediate_edge': 2.2898546308801286, 'advantage': -1.7101453691198714}]
22:00:23 INFO    fpl_expert.optimise.transfers | defer-aware: [{'n': 1, 'hits': 0.0, 'immediate_edge': 0.0, 'advantage': 0.0}, {'n': 2, 'hits': 4.0, 'immediate_edge': 0.8126650347938025, 'advantage': -3.1873349652061975}]
22:00:23 INFO    fpl_expert.backtest.season_sim | GW10: playing bench_boost (best available (9.4 vs 9.2 remaining))
22:00:23 INFO    fpl_expert.optimise.transfers | defer-aware: [{'n': 1, 'hits': 0.0, 'immediate_edge': 0.0, 'advantage': 0.0}, {'n': 2, 'hits': 4.0, 'immediate_edge': 0.9047707701051451, 'advantage': -3.095229229894855}]
22:00:23 INFO    fpl_expert.optimise.transfers | defer-aware: [{'n': 1, 'hits': 0.0, 'immediate_edge': 0.0, 'advantage': 0.0}, {'n': 2, 'hits': 4.0, 'immediate_edge': 1.3133657077142686, 'advantage': -2.6866342922857314}]
22:00:24 INFO    fpl_expert.optimise.transfers | defer-aware: [{'n': 1, 'hits': 0.0, 'immediate_edge': 0.0, 'advantage': 0.0}, {'n': 2, 'hits': 4.0, 'immediate_edge': 1.1617072144587297, 'advantage': -2.8382927855412703}]
22:00:24 INFO    fpl_expert.optimise.transfers | defer-aware: [{'n': 1, 'hits': 0.0, 'immediate_edge': 0.0, 'advantage': 0.0}, {'n': 2, 'hits': 4.0, 'immediate_edge': 1.0097322430315288, 'advantage': -2.9902677569684712}]
22:00:25 INFO    fpl_expert.optimise.transfers | defer-aware: [{'n': 1, 'hits': 0.0, 'immediate_edge': 0.0, 'advantage': 0.0}, {'n': 2, 'hits': 4.0, 'immediate_edge': -1.2859021320630148, 'advantage': -5.285902132063015}]
22:00:25 INFO    fpl_expert.optimise.transfers | defer-aware: [{'n': 1, 'hits': 0.0, 'immediate_edge': 0.0, 'advantage': 0.0}, {'n': 2, 'hits': 4.0, 'immediate_edge': 2.5663477987942684, 'advantage': -1.4336522012057316}]
22:00:25 INFO    fpl_expert.optimise.transfers | defer-aware: [{'n': 1, 'hits': 0.0, 'immediate_edge': 0.0, 'advantage': 0.0}, {'n': 2, 'hits': 4.0, 'immediate_edge': 1.1351916248987877, 'advantage': -2.8648083751012123}]
22:00:26 INFO    fpl_expert.optimise.transfers | defer-aware: [{'n': 1, 'hits': 0.0, 'immediate_edge': 0.0, 'advantage': 0.0}, {'n': 2, 'hits': 4.0, 'immediate_edge': 2.620092607814243, 'advantage': -1.379907392185757}]
22:00:26 INFO    fpl_expert.backtest.season_sim | GW18: playing triple_captain (expiring in 1 gw, best remaining 8.2)
22:00:26 INFO    fpl_expert.optimise.transfers | defer-aware: [{'n': 1, 'hits': 0.0, 'immediate_edge': 0.0, 'advantage': 0.0}, {'n': 2, 'hits': 4.0, 'immediate_edge': 0.31574892565950563, 'advantage': -3.6842510743404944}]
22:00:26 INFO    fpl_expert.optimise.transfers | defer-aware: [{'n': 1, 'hits': 0.0, 'immediate_edge': 0.0, 'advantage': 0.0}, {'n': 2, 'hits': 4.0, 'immediate_edge': 2.1821257030705254, 'advantage': -1.8178742969294746}]
22:00:27 INFO    fpl_expert.optimise.transfers | defer-aware: [{'n': 1, 'hits': 0.0, 'immediate_edge': 0.0, 'advantage': 0.0}, {'n': 2, 'hits': 4.0, 'immediate_edge': 0.06590360143530916, 'advantage': -3.934096398564691}]
22:00:27 INFO    fpl_expert.optimise.transfers | defer-aware: [{'n': 1, 'hits': 0.0, 'immediate_edge': 0.0, 'advantage': 0.0}, {'n': 2, 'hits': 4.0, 'immediate_edge': 1.788919375039562, 'advantage': -2.211080624960438}]
22:00:28 INFO    fpl_expert.optimise.transfers | defer-aware: [{'n': 1, 'hits': 0.0, 'immediate_edge': 0.0, 'advantage': 0.0}, {'n': 2, 'hits': 4.0, 'immediate_edge': 1.683742745130452, 'advantage': -2.316257254869548}]
22:00:28 INFO    fpl_expert.optimise.transfers | defer-aware: [{'n': 1, 'hits': 0.0, 'immediate_edge': 0.0, 'advantage': 0.0}, {'n': 2, 'hits': 4.0, 'immediate_edge': 0.8053076697947716, 'advantage': -3.1946923302052284}]
22:00:28 INFO    fpl_expert.optimise.transfers | defer-aware: [{'n': 1, 'hits': 0.0, 'immediate_edge': 0.0, 'advantage': 0.0}, {'n': 2, 'hits': 4.0, 'immediate_edge': 1.2683024559401446, 'advantage': -2.7316975440598554}]
22:00:29 INFO    fpl_expert.optimise.transfers | defer-aware: [{'n': 1, 'hits': 0.0, 'immediate_edge': 0.0, 'advantage': 0.0}, {'n': 2, 'hits': 4.0, 'immediate_edge': -0.8434180080003699, 'advantage': -4.84341800800037}]
22:00:29 INFO    fpl_expert.optimise.transfers | defer-aware: [{'n': 1, 'hits': 0.0, 'immediate_edge': 0.0, 'advantage': 0.0}, {'n': 2, 'hits': 4.0, 'immediate_edge': 0.2386286095557466, 'advantage': -3.7613713904442534}]
22:00:30 INFO    fpl_expert.optimise.transfers | defer-aware: [{'n': 1, 'hits': 0.0, 'immediate_edge': 0.0, 'advantage': 0.0}, {'n': 2, 'hits': 4.0, 'immediate_edge': 1.6082241065139584, 'advantage': -2.3917758934860416}]
22:00:30 INFO    fpl_expert.optimise.transfers | defer-aware: [{'n': 1, 'hits': 0.0, 'immediate_edge': 0.0, 'advantage': 0.0}, {'n': 2, 'hits': 4.0, 'immediate_edge': -0.7216376267151503, 'advantage': -4.72163762671515}]
22:00:31 INFO    fpl_expert.optimise.transfers | defer-aware: [{'n': 1, 'hits': 0.0, 'immediate_edge': 0.0, 'advantage': 0.0}, {'n': 2, 'hits': 4.0, 'immediate_edge': 0.4468106075280218, 'advantage': -3.553189392471978}]
22:00:31 INFO    fpl_expert.optimise.transfers | defer-aware: [{'n': 1, 'hits': 0.0, 'immediate_edge': 0.0, 'advantage': 0.0}, {'n': 2, 'hits': 4.0, 'immediate_edge': 1.7450491974476634, 'advantage': -2.2549508025523366}]
22:00:32 INFO    fpl_expert.optimise.transfers | defer-aware: [{'n': 1, 'hits': 0.0, 'immediate_edge': 0.0, 'advantage': 0.0}, {'n': 2, 'hits': 4.0, 'immediate_edge': 9.684018085780352, 'advantage': 5.684018085780352}]
22:00:32 INFO    fpl_expert.backtest.season_sim | GW32: playing triple_captain (best available (10.0 vs 9.5 remaining))
22:00:32 INFO    fpl_expert.optimise.transfers | defer-aware: [{'n': 1, 'hits': 0.0, 'immediate_edge': 0.0, 'advantage': 0.0}, {'n': 2, 'hits': 4.0, 'immediate_edge': 5.931301029524718, 'advantage': 1.9313010295247182}]
22:00:32 INFO    fpl_expert.optimise.transfers | defer-aware: [{'n': 1, 'hits': 0.0, 'immediate_edge': 0.0, 'advantage': 0.0}, {'n': 2, 'hits': 4.0, 'immediate_edge': 2.668617292273133, 'advantage': -1.331382707726867}]
22:00:33 INFO    fpl_expert.optimise.transfers | defer-aware: [{'n': 1, 'hits': 0.0, 'immediate_edge': 0.0, 'advantage': 0.0}, {'n': 2, 'hits': 4.0, 'immediate_edge': 0.46540829693486074, 'advantage': -3.5345917030651393}]
22:00:33 INFO    fpl_expert.optimise.transfers | defer-aware: [{'n': 1, 'hits': 0.0, 'immediate_edge': 0.0, 'advantage': 0.0}, {'n': 2, 'hits': 4.0, 'immediate_edge': 1.6057782431936687, 'advantage': -2.3942217568063313}]
22:00:33 INFO    fpl_expert.optimise.transfers | defer-aware: [{'n': 1, 'hits': 0.0, 'immediate_edge': 0.0, 'advantage': 0.0}, {'n': 2, 'hits': 4.0, 'immediate_edge': 1.9916722268857825, 'advantage': -2.0083277731142175}]
22:00:34 INFO    fpl_expert.optimise.transfers | defer-aware: [{'n': 1, 'hits': 0.0, 'immediate_edge': 0.0, 'advantage': 0.0}, {'n': 2, 'hits': 4.0, 'immediate_edge': 0.07273056530555522, 'advantage': -3.927269434694445}]
22:00:34 INFO    fpl_expert.backtest.season_sim | GW38: playing bench_boost (final chance before expiry)
22:00:34 INFO    fpl_expert.backtest.ensemble | defer_aware path 7: 2362
22:00:36 INFO    fpl_expert.optimise.transfers | defer-aware: [{'n': 1, 'hits': 0.0, 'immediate_edge': 0.0, 'advantage': 0.0}, {'n': 2, 'hits': 4.0, 'immediate_edge': 0.0, 'advantage': -4.0}]
22:00:36 INFO    fpl_expert.optimise.transfers | defer-aware: [{'n': 1, 'hits': 0.0, 'immediate_edge': 0.0, 'advantage': 0.0}, {'n': 2, 'hits': 4.0, 'immediate_edge': 1.472216495970784, 'advantage': -2.527783504029216}]
22:00:37 INFO    fpl_expert.optimise.transfers | defer-aware: [{'n': 1, 'hits': 0.0, 'immediate_edge': 0.0, 'advantage': 0.0}, {'n': 2, 'hits': 4.0, 'immediate_edge': 2.478465738193904, 'advantage': -1.5215342618060959}]
22:00:37 INFO    fpl_expert.optimise.transfers | defer-aware: [{'n': 1, 'hits': 0.0, 'immediate_edge': 0.0, 'advantage': 0.0}, {'n': 2, 'hits': 4.0, 'immediate_edge': 0.3496809823006046, 'advantage': -3.6503190176993954}]
22:00:38 INFO    fpl_expert.optimise.transfers | defer-aware: [{'n': 1, 'hits': 0.0, 'immediate_edge': 0.0, 'advantage': 0.0}, {'n': 2, 'hits': 4.0, 'immediate_edge': 1.205246206987752, 'advantage': -2.794753793012248}]
22:00:38 INFO    fpl_expert.optimise.transfers | defer-aware: [{'n': 1, 'hits': 0.0, 'immediate_edge': 0.0, 'advantage': 0.0}, {'n': 2, 'hits': 4.0, 'immediate_edge': 0.8584463328016341, 'advantage': -3.141553667198366}]
22:00:38 INFO    fpl_expert.optimise.transfers | defer-aware: [{'n': 1, 'hits': 0.0, 'immediate_edge': 0.0, 'advantage': 0.0}, {'n': 2, 'hits': 4.0, 'immediate_edge': 1.158697699816969, 'advantage': -2.841302300183031}]
22:00:39 INFO    fpl_expert.optimise.transfers | defer-aware: [{'n': 1, 'hits': 0.0, 'immediate_edge': 0.0, 'advantage': 0.0}, {'n': 2, 'hits': 4.0, 'immediate_edge': 2.5980917776645356, 'advantage': -1.4019082223354644}]
22:00:39 INFO    fpl_expert.optimise.transfers | defer-aware: [{'n': 1, 'hits': 0.0, 'immediate_edge': 0.0, 'advantage': 0.0}, {'n': 2, 'hits': 4.0, 'immediate_edge': 0.008899731256633459, 'advantage': -3.9911002687433665}]
22:00:40 INFO    fpl_expert.optimise.transfers | defer-aware: [{'n': 1, 'hits': 0.0, 'immediate_edge': 0.0, 'advantage': 0.0}, {'n': 2, 'hits': 4.0, 'immediate_edge': 0.8491594673189198, 'advantage': -3.15084053268108}]
22:00:40 INFO    fpl_expert.optimise.transfers | defer-aware: [{'n': 1, 'hits': 0.0, 'immediate_edge': 0.0, 'advantage': 0.0}, {'n': 2, 'hits': 4.0, 'immediate_edge': 1.510188892906811, 'advantage': -2.489811107093189}]
22:00:40 INFO    fpl_expert.optimise.transfers | defer-aware: [{'n': 1, 'hits': 0.0, 'immediate_edge': 0.0, 'advantage': 0.0}, {'n': 2, 'hits': 4.0, 'immediate_edge': 1.5320148221086214, 'advantage': -2.4679851778913786}]
22:00:41 INFO    fpl_expert.optimise.transfers | defer-aware: [{'n': 1, 'hits': 0.0, 'immediate_edge': 0.0, 'advantage': 0.0}, {'n': 2, 'hits': 4.0, 'immediate_edge': 1.8571455211626215, 'advantage': -2.1428544788373785}]
22:00:41 INFO    fpl_expert.optimise.transfers | defer-aware: [{'n': 1, 'hits': 0.0, 'immediate_edge': 0.0, 'advantage': 0.0}, {'n': 2, 'hits': 4.0, 'immediate_edge': 0.9948574790289442, 'advantage': -3.005142520971056}]
22:00:42 INFO    fpl_expert.optimise.transfers | defer-aware: [{'n': 1, 'hits': 0.0, 'immediate_edge': 0.0, 'advantage': 0.0}, {'n': 2, 'hits': 4.0, 'immediate_edge': 0.0, 'advantage': -4.0}]
22:00:42 INFO    fpl_expert.backtest.season_sim | GW16: playing bench_boost (expiring in 3 gw, best remaining 11.5)
22:00:42 INFO    fpl_expert.optimise.transfers | defer-aware: [{'n': 1, 'hits': 0.0, 'immediate_edge': 0.0, 'advantage': 0.0}, {'n': 2, 'hits': 4.0, 'immediate_edge': -0.893408994507702, 'advantage': -4.893408994507702}]
22:00:42 INFO    fpl_expert.optimise.transfers | defer-aware: [{'n': 1, 'hits': 0.0, 'immediate_edge': 0.0, 'advantage': 0.0}, {'n': 2, 'hits': 4.0, 'immediate_edge': -0.060027449857528836, 'advantage': -4.060027449857529}]
22:00:42 INFO    fpl_expert.backtest.season_sim | GW18: playing triple_captain (expiring in 1 gw, best remaining 8.1)
22:00:43 INFO    fpl_expert.optimise.transfers | defer-aware: [{'n': 1, 'hits': 0.0, 'immediate_edge': 0.0, 'advantage': 0.0}, {'n': 2, 'hits': 4.0, 'immediate_edge': 0.0, 'advantage': -4.0}]
22:00:43 INFO    fpl_expert.optimise.transfers | defer-aware: [{'n': 1, 'hits': 0.0, 'immediate_edge': 0.0, 'advantage': 0.0}, {'n': 2, 'hits': 4.0, 'immediate_edge': -0.49961955634088895, 'advantage': -4.499619556340889}]
22:00:44 INFO    fpl_expert.optimise.transfers | defer-aware: [{'n': 1, 'hits': 0.0, 'immediate_edge': 0.0, 'advantage': 0.0}, {'n': 2, 'hits': 4.0, 'immediate_edge': 0.11966848593718282, 'advantage': -3.880331514062817}]
22:00:44 INFO    fpl_expert.optimise.transfers | defer-aware: [{'n': 1, 'hits': 0.0, 'immediate_edge': 0.0, 'advantage': 0.0}, {'n': 2, 'hits': 4.0, 'immediate_edge': -0.26946295202751, 'advantage': -4.26946295202751}]
22:00:44 INFO    fpl_expert.optimise.transfers | defer-aware: [{'n': 1, 'hits': 0.0, 'immediate_edge': 0.0, 'advantage': 0.0}, {'n': 2, 'hits': 4.0, 'immediate_edge': 1.8578297979911298, 'advantage': -2.14217020200887}]
22:00:45 INFO    fpl_expert.optimise.transfers | defer-aware: [{'n': 1, 'hits': 0.0, 'immediate_edge': 0.0, 'advantage': 0.0}, {'n': 2, 'hits': 4.0, 'immediate_edge': 0.25317190465038664, 'advantage': -3.7468280953496134}]
22:00:45 INFO    fpl_expert.optimise.transfers | defer-aware: [{'n': 1, 'hits': 0.0, 'immediate_edge': 0.0, 'advantage': 0.0}, {'n': 2, 'hits': 4.0, 'immediate_edge': -1.4604528363372964, 'advantage': -5.460452836337296}]
22:00:46 INFO    fpl_expert.optimise.transfers | defer-aware: [{'n': 1, 'hits': 0.0, 'immediate_edge': 0.0, 'advantage': 0.0}, {'n': 2, 'hits': 4.0, 'immediate_edge': 1.6186793811965572, 'advantage': -2.381320618803443}]
22:00:46 INFO    fpl_expert.optimise.transfers | defer-aware: [{'n': 1, 'hits': 0.0, 'immediate_edge': 0.0, 'advantage': 0.0}, {'n': 2, 'hits': 4.0, 'immediate_edge': 0.5134400040167648, 'advantage': -3.486559995983235}]
22:00:47 INFO    fpl_expert.optimise.transfers | defer-aware: [{'n': 1, 'hits': 0.0, 'immediate_edge': 0.0, 'advantage': 0.0}, {'n': 2, 'hits': 4.0, 'immediate_edge': 0.5023355111102603, 'advantage': -3.4976644888897397}]
22:00:47 INFO    fpl_expert.optimise.transfers | defer-aware: [{'n': 1, 'hits': 0.0, 'immediate_edge': 0.0, 'advantage': 0.0}, {'n': 2, 'hits': 4.0, 'immediate_edge': 1.9835986845752274, 'advantage': -2.0164013154247726}]
22:00:48 INFO    fpl_expert.optimise.transfers | defer-aware: [{'n': 1, 'hits': 0.0, 'immediate_edge': 0.0, 'advantage': 0.0}, {'n': 2, 'hits': 4.0, 'immediate_edge': 1.8221294119277403, 'advantage': -2.1778705880722597}]
22:00:48 INFO    fpl_expert.optimise.transfers | defer-aware: [{'n': 1, 'hits': 0.0, 'immediate_edge': 0.0, 'advantage': 0.0}, {'n': 2, 'hits': 4.0, 'immediate_edge': 2.008761304182549, 'advantage': -1.9912386958174508}]
22:00:48 INFO    fpl_expert.optimise.transfers | defer-aware: [{'n': 1, 'hits': 0.0, 'immediate_edge': 0.0, 'advantage': 0.0}, {'n': 2, 'hits': 4.0, 'immediate_edge': 9.185083459194963, 'advantage': 5.1850834591949635}]
22:00:49 INFO    fpl_expert.backtest.season_sim | GW32: playing bench_boost (best available (10.8 vs 10.5 remaining))
22:00:49 INFO    fpl_expert.optimise.transfers | defer-aware: [{'n': 1, 'hits': 0.0, 'immediate_edge': 0.0, 'advantage': 0.0}, {'n': 2, 'hits': 4.0, 'immediate_edge': 1.422528580962748, 'advantage': -2.577471419037252}]
22:00:49 INFO    fpl_expert.backtest.season_sim | GW33: playing triple_captain (best available (9.5 vs 9.2 remaining))
22:00:49 INFO    fpl_expert.optimise.transfers | defer-aware: [{'n': 1, 'hits': 0.0, 'immediate_edge': 0.0, 'advantage': 0.0}, {'n': 2, 'hits': 4.0, 'immediate_edge': 0.9874243902595055, 'advantage': -3.0125756097404945}]
22:00:49 INFO    fpl_expert.optimise.transfers | defer-aware: [{'n': 1, 'hits': 0.0, 'immediate_edge': 0.0, 'advantage': 0.0}, {'n': 2, 'hits': 4.0, 'immediate_edge': 2.8346244290597298, 'advantage': -1.1653755709402702}]
22:00:50 INFO    fpl_expert.optimise.transfers | defer-aware: [{'n': 1, 'hits': 0.0, 'immediate_edge': 0.0, 'advantage': 0.0}, {'n': 2, 'hits': 4.0, 'immediate_edge': 0.6144575631237501, 'advantage': -3.38554243687625}]
22:00:50 INFO    fpl_expert.optimise.transfers | defer-aware: [{'n': 1, 'hits': 0.0, 'immediate_edge': 0.0, 'advantage': 0.0}, {'n': 2, 'hits': 4.0, 'immediate_edge': 1.725862560531965, 'advantage': -2.274137439468035}]
22:00:51 INFO    fpl_expert.optimise.transfers | defer-aware: [{'n': 1, 'hits': 0.0, 'immediate_edge': 0.0, 'advantage': 0.0}, {'n': 2, 'hits': 4.0, 'immediate_edge': 1.2770362958876902, 'advantage': -2.72296370411231}]
22:00:51 INFO    fpl_expert.backtest.ensemble | defer_aware path 8: 2282
22:00:53 INFO    fpl_expert.optimise.transfers | defer-aware: [{'n': 1, 'hits': 0.0, 'immediate_edge': 0.0, 'advantage': 0.0}, {'n': 2, 'hits': 4.0, 'immediate_edge': 2.5140632364643736, 'advantage': -1.4859367635356264}]
22:00:53 INFO    fpl_expert.optimise.transfers | defer-aware: [{'n': 1, 'hits': 0.0, 'immediate_edge': 0.0, 'advantage': 0.0}, {'n': 2, 'hits': 4.0, 'immediate_edge': 4.969377729275543, 'advantage': 0.9693777292755428}]
22:00:53 INFO    fpl_expert.optimise.transfers | defer-aware: [{'n': 1, 'hits': 0.0, 'immediate_edge': 0.0, 'advantage': 0.0}, {'n': 2, 'hits': 4.0, 'immediate_edge': 0.16792214497586855, 'advantage': -3.8320778550241315}]
22:00:54 INFO    fpl_expert.optimise.transfers | defer-aware: [{'n': 1, 'hits': 0.0, 'immediate_edge': 0.0, 'advantage': 0.0}, {'n': 2, 'hits': 4.0, 'immediate_edge': 0.8555881090734374, 'advantage': -3.1444118909265626}]
22:00:54 INFO    fpl_expert.optimise.transfers | defer-aware: [{'n': 1, 'hits': 0.0, 'immediate_edge': 0.0, 'advantage': 0.0}, {'n': 2, 'hits': 4.0, 'immediate_edge': -1.4687957984472675, 'advantage': -5.4687957984472675}]
22:00:55 INFO    fpl_expert.optimise.transfers | defer-aware: [{'n': 1, 'hits': 0.0, 'immediate_edge': 0.0, 'advantage': 0.0}, {'n': 2, 'hits': 4.0, 'immediate_edge': 0.8231983356763521, 'advantage': -3.176801664323648}]
22:00:55 INFO    fpl_expert.optimise.transfers | defer-aware: [{'n': 1, 'hits': 0.0, 'immediate_edge': 0.0, 'advantage': 0.0}, {'n': 2, 'hits': 4.0, 'immediate_edge': 1.2558464517905321, 'advantage': -2.744153548209468}]
22:00:56 INFO    fpl_expert.optimise.transfers | defer-aware: [{'n': 1, 'hits': 0.0, 'immediate_edge': 0.0, 'advantage': 0.0}, {'n': 2, 'hits': 4.0, 'immediate_edge': 2.3048965828319297, 'advantage': -1.6951034171680703}]
22:00:56 INFO    fpl_expert.optimise.transfers | defer-aware: [{'n': 1, 'hits': 0.0, 'immediate_edge': 0.0, 'advantage': 0.0}, {'n': 2, 'hits': 4.0, 'immediate_edge': 0.8253692885641399, 'advantage': -3.17463071143586}]
22:00:56 INFO    fpl_expert.backtest.season_sim | GW10: playing bench_boost (best available (9.5 vs 9.2 remaining))
22:00:57 INFO    fpl_expert.optimise.transfers | defer-aware: [{'n': 1, 'hits': 0.0, 'immediate_edge': 0.0, 'advantage': 0.0}, {'n': 2, 'hits': 4.0, 'immediate_edge': 0.9043426538345898, 'advantage': -3.09565734616541}]
22:00:57 INFO    fpl_expert.optimise.transfers | defer-aware: [{'n': 1, 'hits': 0.0, 'immediate_edge': 0.0, 'advantage': 0.0}, {'n': 2, 'hits': 4.0, 'immediate_edge': 1.3142837028560592, 'advantage': -2.685716297143941}]
22:00:57 INFO    fpl_expert.optimise.transfers | defer-aware: [{'n': 1, 'hits': 0.0, 'immediate_edge': 0.0, 'advantage': 0.0}, {'n': 2, 'hits': 4.0, 'immediate_edge': 1.1475289105039934, 'advantage': -2.8524710894960066}]
22:00:58 INFO    fpl_expert.optimise.transfers | defer-aware: [{'n': 1, 'hits': 0.0, 'immediate_edge': 0.0, 'advantage': 0.0}, {'n': 2, 'hits': 4.0, 'immediate_edge': 1.0182808039782714, 'advantage': -2.9817191960217286}]
22:00:58 INFO    fpl_expert.optimise.transfers | defer-aware: [{'n': 1, 'hits': 0.0, 'immediate_edge': 0.0, 'advantage': 0.0}, {'n': 2, 'hits': 4.0, 'immediate_edge': -1.2956211856270983, 'advantage': -5.295621185627098}]
22:00:58 INFO    fpl_expert.optimise.transfers | defer-aware: [{'n': 1, 'hits': 0.0, 'immediate_edge': 0.0, 'advantage': 0.0}, {'n': 2, 'hits': 4.0, 'immediate_edge': 2.542920343954947, 'advantage': -1.4570796560450532}]
22:00:59 INFO    fpl_expert.optimise.transfers | defer-aware: [{'n': 1, 'hits': 0.0, 'immediate_edge': 0.0, 'advantage': 0.0}, {'n': 2, 'hits': 4.0, 'immediate_edge': 1.137731496968847, 'advantage': -2.862268503031153}]
22:00:59 INFO    fpl_expert.optimise.transfers | defer-aware: [{'n': 1, 'hits': 0.0, 'immediate_edge': 0.0, 'advantage': 0.0}, {'n': 2, 'hits': 4.0, 'immediate_edge': 2.637198002553305, 'advantage': -1.3628019974466952}]
22:00:59 INFO    fpl_expert.backtest.season_sim | GW18: playing triple_captain (expiring in 1 gw, best remaining 8.2)
22:00:59 INFO    fpl_expert.optimise.transfers | defer-aware: [{'n': 1, 'hits': 0.0, 'immediate_edge': 0.0, 'advantage': 0.0}, {'n': 2, 'hits': 4.0, 'immediate_edge': 0.28565532350762624, 'advantage': -3.7143446764923738}]
22:01:00 INFO    fpl_expert.optimise.transfers | defer-aware: [{'n': 1, 'hits': 0.0, 'immediate_edge': 0.0, 'advantage': 0.0}, {'n': 2, 'hits': 4.0, 'immediate_edge': 2.184420768953572, 'advantage': -1.8155792310464278}]
22:01:00 INFO    fpl_expert.optimise.transfers | defer-aware: [{'n': 1, 'hits': 0.0, 'immediate_edge': 0.0, 'advantage': 0.0}, {'n': 2, 'hits': 4.0, 'immediate_edge': 0.06540102874615172, 'advantage': -3.9345989712538483}]
22:01:01 INFO    fpl_expert.optimise.transfers | defer-aware: [{'n': 1, 'hits': 0.0, 'immediate_edge': 0.0, 'advantage': 0.0}, {'n': 2, 'hits': 4.0, 'immediate_edge': 1.7874094441825221, 'advantage': -2.212590555817478}]
22:01:01 INFO    fpl_expert.optimise.transfers | defer-aware: [{'n': 1, 'hits': 0.0, 'immediate_edge': 0.0, 'advantage': 0.0}, {'n': 2, 'hits': 4.0, 'immediate_edge': 1.6817822043526789, 'advantage': -2.318217795647321}]
22:01:01 INFO    fpl_expert.optimise.transfers | defer-aware: [{'n': 1, 'hits': 0.0, 'immediate_edge': 0.0, 'advantage': 0.0}, {'n': 2, 'hits': 4.0, 'immediate_edge': 0.7876206074369918, 'advantage': -3.212379392563008}]
22:01:02 INFO    fpl_expert.optimise.transfers | defer-aware: [{'n': 1, 'hits': 0.0, 'immediate_edge': 0.0, 'advantage': 0.0}, {'n': 2, 'hits': 4.0, 'immediate_edge': 1.2641228230269235, 'advantage': -2.7358771769730765}]
22:01:02 INFO    fpl_expert.optimise.transfers | defer-aware: [{'n': 1, 'hits': 0.0, 'immediate_edge': 0.0, 'advantage': 0.0}, {'n': 2, 'hits': 4.0, 'immediate_edge': -0.8580730154172329, 'advantage': -4.858073015417233}]
22:01:03 INFO    fpl_expert.optimise.transfers | defer-aware: [{'n': 1, 'hits': 0.0, 'immediate_edge': 0.0, 'advantage': 0.0}, {'n': 2, 'hits': 4.0, 'immediate_edge': 0.23653801265368202, 'advantage': -3.763461987346318}]
22:01:03 INFO    fpl_expert.optimise.transfers | defer-aware: [{'n': 1, 'hits': 0.0, 'immediate_edge': 0.0, 'advantage': 0.0}, {'n': 2, 'hits': 4.0, 'immediate_edge': 1.6069305515362942, 'advantage': -2.393069448463706}]
22:01:03 INFO    fpl_expert.optimise.transfers | defer-aware: [{'n': 1, 'hits': 0.0, 'immediate_edge': 0.0, 'advantage': 0.0}, {'n': 2, 'hits': 4.0, 'immediate_edge': -0.7578477615539683, 'advantage': -4.757847761553968}]
22:01:04 INFO    fpl_expert.optimise.transfers | defer-aware: [{'n': 1, 'hits': 0.0, 'immediate_edge': 0.0, 'advantage': 0.0}, {'n': 2, 'hits': 4.0, 'immediate_edge': 0.44083252556015395, 'advantage': -3.559167474439846}]
22:01:04 INFO    fpl_expert.optimise.transfers | defer-aware: [{'n': 1, 'hits': 0.0, 'immediate_edge': 0.0, 'advantage': 0.0}, {'n': 2, 'hits': 4.0, 'immediate_edge': 1.7510738376187263, 'advantage': -2.2489261623812737}]
22:01:05 INFO    fpl_expert.optimise.transfers | defer-aware: [{'n': 1, 'hits': 0.0, 'immediate_edge': 0.0, 'advantage': 0.0}, {'n': 2, 'hits': 4.0, 'immediate_edge': 9.698611004160995, 'advantage': 5.698611004160995}]
22:01:05 INFO    fpl_expert.backtest.season_sim | GW32: playing triple_captain (best available (10.0 vs 9.5 remaining))
22:01:05 INFO    fpl_expert.optimise.transfers | defer-aware: [{'n': 1, 'hits': 0.0, 'immediate_edge': 0.0, 'advantage': 0.0}, {'n': 2, 'hits': 4.0, 'immediate_edge': 5.94946973708619, 'advantage': 1.94946973708619}]
22:01:06 INFO    fpl_expert.optimise.transfers | defer-aware: [{'n': 1, 'hits': 0.0, 'immediate_edge': 0.0, 'advantage': 0.0}, {'n': 2, 'hits': 4.0, 'immediate_edge': 2.6692665235433566, 'advantage': -1.3307334764566434}]
22:01:06 INFO    fpl_expert.optimise.transfers | defer-aware: [{'n': 1, 'hits': 0.0, 'immediate_edge': 0.0, 'advantage': 0.0}, {'n': 2, 'hits': 4.0, 'immediate_edge': 0.47304419535294073, 'advantage': -3.5269558046470593}]
22:01:06 INFO    fpl_expert.optimise.transfers | defer-aware: [{'n': 1, 'hits': 0.0, 'immediate_edge': 0.0, 'advantage': 0.0}, {'n': 2, 'hits': 4.0, 'immediate_edge': 1.6120397435633365, 'advantage': -2.3879602564366635}]
22:01:07 INFO    fpl_expert.optimise.transfers | defer-aware: [{'n': 1, 'hits': 0.0, 'immediate_edge': 0.0, 'advantage': 0.0}, {'n': 2, 'hits': 4.0, 'immediate_edge': 2.0162970309544477, 'advantage': -1.9837029690455523}]
22:01:07 INFO    fpl_expert.optimise.transfers | defer-aware: [{'n': 1, 'hits': 0.0, 'immediate_edge': 0.0, 'advantage': 0.0}, {'n': 2, 'hits': 4.0, 'immediate_edge': 0.06797221718881019, 'advantage': -3.93202778281119}]
22:01:07 INFO    fpl_expert.backtest.season_sim | GW38: playing bench_boost (final chance before expiry)
22:01:07 INFO    fpl_expert.backtest.ensemble | defer_aware path 9: 2362
  2024-25 defer_aware        mean    2346  sd  33.7
22:01:14 INFO    fpl_expert.backtest.season_sim | GW17: playing triple_captain (expiring in 2 gw, best remaining 6.8)
22:01:14 INFO    fpl_expert.backtest.season_sim | GW18: playing bench_boost (expiring in 1 gw, best remaining 13.3)
22:01:18 INFO    fpl_expert.backtest.season_sim | GW33: playing bench_boost (best available (13.3 vs 13.0 remaining))
22:01:19 INFO    fpl_expert.backtest.season_sim | GW36: playing triple_captain (expiring in 2 gw, best remaining 6.9)
22:01:19 INFO    fpl_expert.backtest.ensemble | horizon path 0: 2060
22:01:25 INFO    fpl_expert.backtest.season_sim | GW17: playing triple_captain (expiring in 2 gw, best remaining 6.8)
22:01:25 INFO    fpl_expert.backtest.season_sim | GW18: playing bench_boost (expiring in 1 gw, best remaining 13.3)
22:01:29 INFO    fpl_expert.backtest.season_sim | GW33: playing bench_boost (best available (13.3 vs 13.0 remaining))
22:01:30 INFO    fpl_expert.backtest.season_sim | GW36: playing triple_captain (expiring in 2 gw, best remaining 6.9)
22:01:30 INFO    fpl_expert.backtest.ensemble | horizon path 1: 2060
22:01:36 INFO    fpl_expert.backtest.season_sim | GW17: playing triple_captain (expiring in 2 gw, best remaining 6.8)
22:01:36 INFO    fpl_expert.backtest.season_sim | GW18: playing bench_boost (expiring in 1 gw, best remaining 13.3)
22:01:40 INFO    fpl_expert.backtest.season_sim | GW33: playing bench_boost (best available (13.3 vs 13.0 remaining))
22:01:41 INFO    fpl_expert.backtest.season_sim | GW36: playing triple_captain (expiring in 2 gw, best remaining 6.9)
22:01:41 INFO    fpl_expert.backtest.ensemble | horizon path 2: 2060
22:01:47 INFO    fpl_expert.backtest.season_sim | GW17: playing triple_captain (expiring in 2 gw, best remaining 6.8)
22:01:47 INFO    fpl_expert.backtest.season_sim | GW18: playing bench_boost (expiring in 1 gw, best remaining 13.3)
22:01:51 INFO    fpl_expert.backtest.season_sim | GW33: playing bench_boost (best available (13.3 vs 13.0 remaining))
22:01:51 INFO    fpl_expert.backtest.season_sim | GW36: playing triple_captain (expiring in 2 gw, best remaining 6.9)
22:01:52 INFO    fpl_expert.backtest.ensemble | horizon path 3: 2058
22:01:57 INFO    fpl_expert.backtest.season_sim | GW17: playing triple_captain (expiring in 2 gw, best remaining 6.8)
22:01:58 INFO    fpl_expert.backtest.season_sim | GW18: playing bench_boost (expiring in 1 gw, best remaining 13.3)
22:02:01 INFO    fpl_expert.backtest.season_sim | GW33: playing bench_boost (best available (13.3 vs 13.0 remaining))
22:02:02 INFO    fpl_expert.backtest.season_sim | GW36: playing triple_captain (expiring in 2 gw, best remaining 6.9)
22:02:02 INFO    fpl_expert.backtest.ensemble | horizon path 4: 2060
22:02:08 INFO    fpl_expert.backtest.season_sim | GW17: playing triple_captain (expiring in 2 gw, best remaining 6.8)
22:02:08 INFO    fpl_expert.backtest.season_sim | GW19: playing bench_boost (final chance before expiry)
22:02:13 INFO    fpl_expert.backtest.season_sim | GW35: playing bench_boost (expiring in 3 gw, best remaining 13.9)
22:02:13 INFO    fpl_expert.backtest.season_sim | GW36: playing triple_captain (expiring in 2 gw, best remaining 6.9)
22:02:13 INFO    fpl_expert.backtest.ensemble | horizon path 5: 2149
22:02:19 INFO    fpl_expert.backtest.season_sim | GW17: playing triple_captain (expiring in 2 gw, best remaining 6.8)
22:02:19 INFO    fpl_expert.backtest.season_sim | GW18: playing bench_boost (expiring in 1 gw, best remaining 13.3)
22:02:23 INFO    fpl_expert.backtest.season_sim | GW33: playing bench_boost (best available (13.3 vs 13.0 remaining))
22:02:24 INFO    fpl_expert.backtest.season_sim | GW36: playing triple_captain (expiring in 2 gw, best remaining 6.9)
22:02:24 INFO    fpl_expert.backtest.ensemble | horizon path 6: 2060
22:02:30 INFO    fpl_expert.backtest.season_sim | GW17: playing triple_captain (expiring in 2 gw, best remaining 6.8)
22:02:30 INFO    fpl_expert.backtest.season_sim | GW18: playing bench_boost (expiring in 1 gw, best remaining 13.3)
22:02:34 INFO    fpl_expert.backtest.season_sim | GW33: playing bench_boost (best available (13.3 vs 13.0 remaining))
22:02:34 INFO    fpl_expert.backtest.season_sim | GW36: playing triple_captain (expiring in 2 gw, best remaining 6.9)
22:02:35 INFO    fpl_expert.backtest.ensemble | horizon path 7: 2060
22:02:41 INFO    fpl_expert.backtest.season_sim | GW17: playing triple_captain (expiring in 2 gw, best remaining 6.8)
22:02:41 INFO    fpl_expert.backtest.season_sim | GW18: playing bench_boost (expiring in 1 gw, best remaining 13.3)
22:02:45 INFO    fpl_expert.backtest.season_sim | GW33: playing bench_boost (best available (13.3 vs 13.0 remaining))
22:02:45 INFO    fpl_expert.backtest.season_sim | GW36: playing triple_captain (expiring in 2 gw, best remaining 6.9)
22:02:46 INFO    fpl_expert.backtest.ensemble | horizon path 8: 2060
22:02:51 INFO    fpl_expert.backtest.season_sim | GW17: playing triple_captain (expiring in 2 gw, best remaining 6.9)
22:02:51 INFO    fpl_expert.backtest.season_sim | GW18: playing bench_boost (expiring in 1 gw, best remaining 13.3)
22:02:55 INFO    fpl_expert.backtest.season_sim | GW33: playing bench_boost (best available (13.3 vs 13.0 remaining))
22:02:56 INFO    fpl_expert.backtest.season_sim | GW36: playing triple_captain (expiring in 2 gw, best remaining 6.9)
22:02:56 INFO    fpl_expert.backtest.ensemble | horizon path 9: 2060
  2025-26 horizon            mean    2069  sd  28.2
22:02:58 INFO    fpl_expert.optimise.transfers | defer-aware: [{'n': 1, 'hits': 0.0, 'immediate_edge': 0.0, 'advantage': 0.0}, {'n': 2, 'hits': 4.0, 'immediate_edge': 2.3186804491754742, 'advantage': -1.6813195508245258}]
22:02:59 INFO    fpl_expert.optimise.transfers | defer-aware: [{'n': 1, 'hits': 0.0, 'immediate_edge': 0.0, 'advantage': 0.0}, {'n': 2, 'hits': 4.0, 'immediate_edge': 3.347898727042825, 'advantage': -0.6521012729571751}]
22:02:59 INFO    fpl_expert.optimise.transfers | defer-aware: [{'n': 1, 'hits': 0.0, 'immediate_edge': 0.0, 'advantage': 0.0}, {'n': 2, 'hits': 4.0, 'immediate_edge': 2.934532243944659, 'advantage': -1.065467756055341}]
22:02:59 INFO    fpl_expert.optimise.transfers | defer-aware: [{'n': 1, 'hits': 0.0, 'immediate_edge': 0.0, 'advantage': 0.0}, {'n': 2, 'hits': 4.0, 'immediate_edge': 2.1986132294714977, 'advantage': -1.8013867705285023}]
22:03:00 INFO    fpl_expert.optimise.transfers | defer-aware: [{'n': 1, 'hits': 0.0, 'immediate_edge': 0.0, 'advantage': 0.0}, {'n': 2, 'hits': 4.0, 'immediate_edge': -0.7483414430725333, 'advantage': -4.748341443072533}]
22:03:00 INFO    fpl_expert.optimise.transfers | defer-aware: [{'n': 1, 'hits': 0.0, 'immediate_edge': 0.0, 'advantage': 0.0}, {'n': 2, 'hits': 4.0, 'immediate_edge': 2.0427847551971396, 'advantage': -1.9572152448028604}]
22:03:01 INFO    fpl_expert.optimise.transfers | defer-aware: [{'n': 1, 'hits': 0.0, 'immediate_edge': 0.0, 'advantage': 0.0}, {'n': 2, 'hits': 4.0, 'immediate_edge': 1.7886631924747647, 'advantage': -2.2113368075252353}]
22:03:01 INFO    fpl_expert.optimise.transfers | defer-aware: [{'n': 1, 'hits': 0.0, 'immediate_edge': 0.0, 'advantage': 0.0}, {'n': 2, 'hits': 4.0, 'immediate_edge': 0.0914664771180611, 'advantage': -3.908533522881939}]
22:03:02 INFO    fpl_expert.optimise.transfers | defer-aware: [{'n': 1, 'hits': 0.0, 'immediate_edge': 0.0, 'advantage': 0.0}, {'n': 2, 'hits': 4.0, 'immediate_edge': 1.8202472641982652, 'advantage': -2.179752735801735}]
22:03:02 INFO    fpl_expert.optimise.transfers | defer-aware: [{'n': 1, 'hits': 0.0, 'immediate_edge': 0.0, 'advantage': 0.0}, {'n': 2, 'hits': 4.0, 'immediate_edge': 2.385010550980958, 'advantage': -1.614989449019042}]
22:03:03 INFO    fpl_expert.optimise.transfers | defer-aware: [{'n': 1, 'hits': 0.0, 'immediate_edge': 0.0, 'advantage': 0.0}, {'n': 2, 'hits': 4.0, 'immediate_edge': 0.2779873073080168, 'advantage': -3.722012692691983}]
22:03:03 INFO    fpl_expert.optimise.transfers | defer-aware: [{'n': 1, 'hits': 0.0, 'immediate_edge': 0.0, 'advantage': 0.0}, {'n': 2, 'hits': 4.0, 'immediate_edge': 2.923788045978526, 'advantage': -1.076211954021474}]
22:03:03 INFO    fpl_expert.backtest.season_sim | GW13: playing bench_boost (best available (12.0 vs 11.1 remaining))
22:03:04 INFO    fpl_expert.optimise.transfers | defer-aware: [{'n': 1, 'hits': 0.0, 'immediate_edge': 0.0, 'advantage': 0.0}, {'n': 2, 'hits': 4.0, 'immediate_edge': 2.7996530470808665, 'advantage': -1.2003469529191335}]
22:03:04 INFO    fpl_expert.optimise.transfers | defer-aware: [{'n': 1, 'hits': 0.0, 'immediate_edge': 0.0, 'advantage': 0.0}, {'n': 2, 'hits': 4.0, 'immediate_edge': 1.8211564345903923, 'advantage': -2.1788435654096077}]
22:03:04 INFO    fpl_expert.optimise.transfers | defer-aware: [{'n': 1, 'hits': 0.0, 'immediate_edge': 0.0, 'advantage': 0.0}, {'n': 2, 'hits': 4.0, 'immediate_edge': 1.6943969720259417, 'advantage': -2.3056030279740583}]
22:03:05 INFO    fpl_expert.optimise.transfers | defer-aware: [{'n': 1, 'hits': 0.0, 'immediate_edge': 0.0, 'advantage': 0.0}, {'n': 2, 'hits': 4.0, 'immediate_edge': 1.445539234899087, 'advantage': -2.554460765100913}]
22:03:05 INFO    fpl_expert.backtest.season_sim | GW17: playing triple_captain (expiring in 2 gw, best remaining 6.8)
22:03:05 INFO    fpl_expert.optimise.transfers | defer-aware: [{'n': 1, 'hits': 0.0, 'immediate_edge': 0.0, 'advantage': 0.0}, {'n': 2, 'hits': 4.0, 'immediate_edge': 1.490257174236767, 'advantage': -2.509742825763233}]
22:03:05 INFO    fpl_expert.optimise.transfers | defer-aware: [{'n': 1, 'hits': 0.0, 'immediate_edge': 0.0, 'advantage': 0.0}, {'n': 2, 'hits': 4.0, 'immediate_edge': 1.611052930064531, 'advantage': -2.388947069935469}]
22:03:06 INFO    fpl_expert.optimise.transfers | defer-aware: [{'n': 1, 'hits': 0.0, 'immediate_edge': 0.0, 'advantage': 0.0}, {'n': 2, 'hits': 4.0, 'immediate_edge': 0.3184730831366309, 'advantage': -3.681526916863369}]
22:03:06 INFO    fpl_expert.optimise.transfers | defer-aware: [{'n': 1, 'hits': 0.0, 'immediate_edge': 0.0, 'advantage': 0.0}, {'n': 2, 'hits': 4.0, 'immediate_edge': 0.7280236637119657, 'advantage': -3.2719763362880343}]
22:03:07 INFO    fpl_expert.optimise.transfers | defer-aware: [{'n': 1, 'hits': 0.0, 'immediate_edge': 0.0, 'advantage': 0.0}, {'n': 2, 'hits': 4.0, 'immediate_edge': 4.360927705124716, 'advantage': 0.36092770512471617}]
22:03:07 INFO    fpl_expert.optimise.transfers | defer-aware: [{'n': 1, 'hits': 0.0, 'immediate_edge': 0.0, 'advantage': 0.0}, {'n': 2, 'hits': 4.0, 'immediate_edge': -1.2340582115056051, 'advantage': -5.234058211505605}]
22:03:07 INFO    fpl_expert.optimise.transfers | defer-aware: [{'n': 1, 'hits': 0.0, 'immediate_edge': 0.0, 'advantage': 0.0}, {'n': 2, 'hits': 4.0, 'immediate_edge': 3.122985883750907, 'advantage': -0.877014116249093}]
22:03:08 INFO    fpl_expert.optimise.transfers | defer-aware: [{'n': 1, 'hits': 0.0, 'immediate_edge': 0.0, 'advantage': 0.0}, {'n': 2, 'hits': 4.0, 'immediate_edge': 2.506202651650021, 'advantage': -1.493797348349979}]
22:03:08 INFO    fpl_expert.optimise.transfers | defer-aware: [{'n': 1, 'hits': 0.0, 'immediate_edge': 0.0, 'advantage': 0.0}, {'n': 2, 'hits': 4.0, 'immediate_edge': 3.3413105450963627, 'advantage': -0.6586894549036373}]
22:03:09 INFO    fpl_expert.optimise.transfers | defer-aware: [{'n': 1, 'hits': 0.0, 'immediate_edge': 0.0, 'advantage': 0.0}, {'n': 2, 'hits': 4.0, 'immediate_edge': 0.0, 'advantage': -4.0}]
22:03:09 INFO    fpl_expert.optimise.transfers | defer-aware: [{'n': 1, 'hits': 0.0, 'immediate_edge': 0.0, 'advantage': 0.0}, {'n': 2, 'hits': 4.0, 'immediate_edge': 0.907753642684348, 'advantage': -3.092246357315652}]
22:03:10 INFO    fpl_expert.optimise.transfers | defer-aware: [{'n': 1, 'hits': 0.0, 'immediate_edge': 0.0, 'advantage': 0.0}, {'n': 2, 'hits': 4.0, 'immediate_edge': -0.4371694707225444, 'advantage': -4.437169470722544}]
22:03:10 INFO    fpl_expert.optimise.transfers | defer-aware: [{'n': 1, 'hits': 0.0, 'immediate_edge': 0.0, 'advantage': 0.0}, {'n': 2, 'hits': 4.0, 'immediate_edge': 0.06729781850264516, 'advantage': -3.932702181497355}]
22:03:11 INFO    fpl_expert.optimise.transfers | defer-aware: [{'n': 1, 'hits': 0.0, 'immediate_edge': 0.0, 'advantage': 0.0}, {'n': 2, 'hits': 4.0, 'immediate_edge': 2.5685155098400685, 'advantage': -1.4314844901599315}]
22:03:11 INFO    fpl_expert.optimise.transfers | defer-aware: [{'n': 1, 'hits': 0.0, 'immediate_edge': 0.0, 'advantage': 0.0}, {'n': 2, 'hits': 4.0, 'immediate_edge': 0.0, 'advantage': -4.0}]
22:03:12 INFO    fpl_expert.optimise.transfers | defer-aware: [{'n': 1, 'hits': 0.0, 'immediate_edge': 0.0, 'advantage': 0.0}, {'n': 2, 'hits': 4.0, 'immediate_edge': 4.123169129522907, 'advantage': 0.12316912952290693}]
22:03:12 INFO    fpl_expert.optimise.transfers | defer-aware: [{'n': 1, 'hits': 0.0, 'immediate_edge': 0.0, 'advantage': 0.0}, {'n': 2, 'hits': 4.0, 'immediate_edge': -0.026598227306244837, 'advantage': -4.026598227306245}]
22:03:12 INFO    fpl_expert.optimise.transfers | defer-aware: [{'n': 1, 'hits': 0.0, 'immediate_edge': 0.0, 'advantage': 0.0}, {'n': 2, 'hits': 4.0, 'immediate_edge': 0.6880042332143148, 'advantage': -3.311995766785685}]
22:03:12 INFO    fpl_expert.backtest.season_sim | GW35: playing bench_boost (expiring in 3 gw, best remaining 12.1)
22:03:13 INFO    fpl_expert.optimise.transfers | defer-aware: [{'n': 1, 'hits': 0.0, 'immediate_edge': 0.0, 'advantage': 0.0}, {'n': 2, 'hits': 4.0, 'immediate_edge': 0.755218645957811, 'advantage': -3.244781354042189}]
22:03:13 INFO    fpl_expert.backtest.season_sim | GW36: playing triple_captain (expiring in 2 gw, best remaining 6.9)
22:03:13 INFO    fpl_expert.optimise.transfers | defer-aware: [{'n': 1, 'hits': 0.0, 'immediate_edge': 0.0, 'advantage': 0.0}, {'n': 2, 'hits': 4.0, 'immediate_edge': 0.7003338731654623, 'advantage': -3.2996661268345377}]
22:03:14 INFO    fpl_expert.optimise.transfers | defer-aware: [{'n': 1, 'hits': 0.0, 'immediate_edge': 0.0, 'advantage': 0.0}, {'n': 2, 'hits': 4.0, 'immediate_edge': 0.17203623790715028, 'advantage': -3.8279637620928497}]
22:03:14 INFO    fpl_expert.backtest.ensemble | defer_aware path 0: 2092
22:03:17 INFO    fpl_expert.optimise.transfers | defer-aware: [{'n': 1, 'hits': 0.0, 'immediate_edge': 0.0, 'advantage': 0.0}, {'n': 2, 'hits': 4.0, 'immediate_edge': 2.3310793599646615, 'advantage': -1.6689206400353385}]
22:03:17 INFO    fpl_expert.optimise.transfers | defer-aware: [{'n': 1, 'hits': 0.0, 'immediate_edge': 0.0, 'advantage': 0.0}, {'n': 2, 'hits': 4.0, 'immediate_edge': 3.338244071547763, 'advantage': -0.6617559284522372}]
22:03:18 INFO    fpl_expert.optimise.transfers | defer-aware: [{'n': 1, 'hits': 0.0, 'immediate_edge': 0.0, 'advantage': 0.0}, {'n': 2, 'hits': 4.0, 'immediate_edge': 2.9347690843387113, 'advantage': -1.0652309156612887}]
22:03:18 INFO    fpl_expert.optimise.transfers | defer-aware: [{'n': 1, 'hits': 0.0, 'immediate_edge': 0.0, 'advantage': 0.0}, {'n': 2, 'hits': 4.0, 'immediate_edge': 2.187896620179771, 'advantage': -1.812103379820229}]
22:03:19 INFO    fpl_expert.optimise.transfers | defer-aware: [{'n': 1, 'hits': 0.0, 'immediate_edge': 0.0, 'advantage': 0.0}, {'n': 2, 'hits': 4.0, 'immediate_edge': -0.7549130524531549, 'advantage': -4.754913052453155}]
22:03:20 INFO    fpl_expert.optimise.transfers | defer-aware: [{'n': 1, 'hits': 0.0, 'immediate_edge': 0.0, 'advantage': 0.0}, {'n': 2, 'hits': 4.0, 'immediate_edge': 2.0400892535164203, 'advantage': -1.9599107464835797}]
22:03:20 INFO    fpl_expert.optimise.transfers | defer-aware: [{'n': 1, 'hits': 0.0, 'immediate_edge': 0.0, 'advantage': 0.0}, {'n': 2, 'hits': 4.0, 'immediate_edge': 1.787875181761791, 'advantage': -2.212124818238209}]
22:03:21 INFO    fpl_expert.optimise.transfers | defer-aware: [{'n': 1, 'hits': 0.0, 'immediate_edge': 0.0, 'advantage': 0.0}, {'n': 2, 'hits': 4.0, 'immediate_edge': -0.6382088382356486, 'advantage': -4.638208838235649}]
22:03:21 INFO    fpl_expert.optimise.transfers | defer-aware: [{'n': 1, 'hits': 0.0, 'immediate_edge': 0.0, 'advantage': 0.0}, {'n': 2, 'hits': 4.0, 'immediate_edge': 1.845326208267359, 'advantage': -2.154673791732641}]
22:03:21 INFO    fpl_expert.optimise.transfers | defer-aware: [{'n': 1, 'hits': 0.0, 'immediate_edge': 0.0, 'advantage': 0.0}, {'n': 2, 'hits': 4.0, 'immediate_edge': 2.4034198251321754, 'advantage': -1.5965801748678246}]
22:03:22 INFO    fpl_expert.optimise.transfers | defer-aware: [{'n': 1, 'hits': 0.0, 'immediate_edge': 0.0, 'advantage': 0.0}, {'n': 2, 'hits': 4.0, 'immediate_edge': 0.2601141168738792, 'advantage': -3.739885883126121}]
22:03:22 INFO    fpl_expert.optimise.transfers | defer-aware: [{'n': 1, 'hits': 0.0, 'immediate_edge': 0.0, 'advantage': 0.0}, {'n': 2, 'hits': 4.0, 'immediate_edge': 2.9069103930169504, 'advantage': -1.0930896069830496}]
22:03:22 INFO    fpl_expert.backtest.season_sim | GW13: playing bench_boost (best available (12.0 vs 11.1 remaining))
22:03:23 INFO    fpl_expert.optimise.transfers | defer-aware: [{'n': 1, 'hits': 0.0, 'immediate_edge': 0.0, 'advantage': 0.0}, {'n': 2, 'hits': 4.0, 'immediate_edge': 2.8255578469934264, 'advantage': -1.1744421530065736}]
22:03:23 INFO    fpl_expert.optimise.transfers | defer-aware: [{'n': 1, 'hits': 0.0, 'immediate_edge': 0.0, 'advantage': 0.0}, {'n': 2, 'hits': 4.0, 'immediate_edge': 1.833664603702161, 'advantage': -2.166335396297839}]
22:03:24 INFO    fpl_expert.optimise.transfers | defer-aware: [{'n': 1, 'hits': 0.0, 'immediate_edge': 0.0, 'advantage': 0.0}, {'n': 2, 'hits': 4.0, 'immediate_edge': 1.6847196858225715, 'advantage': -2.3152803141774285}]
22:03:24 INFO    fpl_expert.optimise.transfers | defer-aware: [{'n': 1, 'hits': 0.0, 'immediate_edge': 0.0, 'advantage': 0.0}, {'n': 2, 'hits': 4.0, 'immediate_edge': 1.4530159114888122, 'advantage': -2.546984088511188}]
22:03:24 INFO    fpl_expert.backtest.season_sim | GW17: playing triple_captain (expiring in 2 gw, best remaining 6.8)
22:03:24 INFO    fpl_expert.optimise.transfers | defer-aware: [{'n': 1, 'hits': 0.0, 'immediate_edge': 0.0, 'advantage': 0.0}, {'n': 2, 'hits': 4.0, 'immediate_edge': 1.5039513919768837, 'advantage': -2.4960486080231163}]
22:03:25 INFO    fpl_expert.optimise.transfers | defer-aware: [{'n': 1, 'hits': 0.0, 'immediate_edge': 0.0, 'advantage': 0.0}, {'n': 2, 'hits': 4.0, 'immediate_edge': 1.6072350931143404, 'advantage': -2.3927649068856596}]
22:03:25 INFO    fpl_expert.optimise.transfers | defer-aware: [{'n': 1, 'hits': 0.0, 'immediate_edge': 0.0, 'advantage': 0.0}, {'n': 2, 'hits': 4.0, 'immediate_edge': 0.3154453930299823, 'advantage': -3.6845546069700177}]
22:03:26 INFO    fpl_expert.optimise.transfers | defer-aware: [{'n': 1, 'hits': 0.0, 'immediate_edge': 0.0, 'advantage': 0.0}, {'n': 2, 'hits': 4.0, 'immediate_edge': 0.7313245746112571, 'advantage': -3.268675425388743}]
22:03:26 INFO    fpl_expert.optimise.transfers | defer-aware: [{'n': 1, 'hits': 0.0, 'immediate_edge': 0.0, 'advantage': 0.0}, {'n': 2, 'hits': 4.0, 'immediate_edge': 4.362025374905215, 'advantage': 0.36202537490521536}]
22:03:26 INFO    fpl_expert.optimise.transfers | defer-aware: [{'n': 1, 'hits': 0.0, 'immediate_edge': 0.0, 'advantage': 0.0}, {'n': 2, 'hits': 4.0, 'immediate_edge': -1.2407110692815664, 'advantage': -5.240711069281566}]
22:03:27 INFO    fpl_expert.optimise.transfers | defer-aware: [{'n': 1, 'hits': 0.0, 'immediate_edge': 0.0, 'advantage': 0.0}, {'n': 2, 'hits': 4.0, 'immediate_edge': 3.1244232855357836, 'advantage': -0.8755767144642164}]
22:03:27 INFO    fpl_expert.optimise.transfers | defer-aware: [{'n': 1, 'hits': 0.0, 'immediate_edge': 0.0, 'advantage': 0.0}, {'n': 2, 'hits': 4.0, 'immediate_edge': 2.4868673417711307, 'advantage': -1.5131326582288693}]
22:03:28 INFO    fpl_expert.optimise.transfers | defer-aware: [{'n': 1, 'hits': 0.0, 'immediate_edge': 0.0, 'advantage': 0.0}, {'n': 2, 'hits': 4.0, 'immediate_edge': 3.3536464530912156, 'advantage': -0.6463535469087844}]
22:03:28 INFO    fpl_expert.optimise.transfers | defer-aware: [{'n': 1, 'hits': 0.0, 'immediate_edge': 0.0, 'advantage': 0.0}, {'n': 2, 'hits': 4.0, 'immediate_edge': 0.0, 'advantage': -4.0}]
22:03:29 INFO    fpl_expert.optimise.transfers | defer-aware: [{'n': 1, 'hits': 0.0, 'immediate_edge': 0.0, 'advantage': 0.0}, {'n': 2, 'hits': 4.0, 'immediate_edge': 0.9141625940351901, 'advantage': -3.08583740596481}]
22:03:29 INFO    fpl_expert.optimise.transfers | defer-aware: [{'n': 1, 'hits': 0.0, 'immediate_edge': 0.0, 'advantage': 0.0}, {'n': 2, 'hits': 4.0, 'immediate_edge': -0.43785398560655864, 'advantage': -4.437853985606559}]
22:03:30 INFO    fpl_expert.optimise.transfers | defer-aware: [{'n': 1, 'hits': 0.0, 'immediate_edge': 0.0, 'advantage': 0.0}, {'n': 2, 'hits': 4.0, 'immediate_edge': 0.07097765908527265, 'advantage': -3.9290223409147274}]
22:03:30 INFO    fpl_expert.optimise.transfers | defer-aware: [{'n': 1, 'hits': 0.0, 'immediate_edge': 0.0, 'advantage': 0.0}, {'n': 2, 'hits': 4.0, 'immediate_edge': 2.571922886940172, 'advantage': -1.4280771130598282}]
22:03:31 INFO    fpl_expert.optimise.transfers | defer-aware: [{'n': 1, 'hits': 0.0, 'immediate_edge': 0.0, 'advantage': 0.0}, {'n': 2, 'hits': 4.0, 'immediate_edge': 0.0, 'advantage': -4.0}]
22:03:31 INFO    fpl_expert.optimise.transfers | defer-aware: [{'n': 1, 'hits': 0.0, 'immediate_edge': 0.0, 'advantage': 0.0}, {'n': 2, 'hits': 4.0, 'immediate_edge': 4.126445584698203, 'advantage': 0.1264455846982031}]
22:03:31 INFO    fpl_expert.optimise.transfers | defer-aware: [{'n': 1, 'hits': 0.0, 'immediate_edge': 0.0, 'advantage': 0.0}, {'n': 2, 'hits': 4.0, 'immediate_edge': -0.030722086844257035, 'advantage': -4.030722086844257}]
22:03:32 INFO    fpl_expert.optimise.transfers | defer-aware: [{'n': 1, 'hits': 0.0, 'immediate_edge': 0.0, 'advantage': 0.0}, {'n': 2, 'hits': 4.0, 'immediate_edge': 0.690263261747134, 'advantage': -3.309736738252866}]
22:03:32 INFO    fpl_expert.backtest.season_sim | GW35: playing bench_boost (expiring in 3 gw, best remaining 12.1)
22:03:32 INFO    fpl_expert.optimise.transfers | defer-aware: [{'n': 1, 'hits': 0.0, 'immediate_edge': 0.0, 'advantage': 0.0}, {'n': 2, 'hits': 4.0, 'immediate_edge': 0.7691615877783988, 'advantage': -3.230838412221601}]
22:03:32 INFO    fpl_expert.backtest.season_sim | GW36: playing triple_captain (expiring in 2 gw, best remaining 6.9)
22:03:33 INFO    fpl_expert.optimise.transfers | defer-aware: [{'n': 1, 'hits': 0.0, 'immediate_edge': 0.0, 'advantage': 0.0}, {'n': 2, 'hits': 4.0, 'immediate_edge': 0.694033375871129, 'advantage': -3.305966624128871}]
22:03:33 INFO    fpl_expert.optimise.transfers | defer-aware: [{'n': 1, 'hits': 0.0, 'immediate_edge': 0.0, 'advantage': 0.0}, {'n': 2, 'hits': 4.0, 'immediate_edge': 0.1686944173476732, 'advantage': -3.831305582652327}]
22:03:33 INFO    fpl_expert.backtest.ensemble | defer_aware path 1: 2092
22:03:35 INFO    fpl_expert.optimise.transfers | defer-aware: [{'n': 1, 'hits': 0.0, 'immediate_edge': 0.0, 'advantage': 0.0}, {'n': 2, 'hits': 4.0, 'immediate_edge': 2.3332274523561907, 'advantage': -1.6667725476438093}]
22:03:36 INFO    fpl_expert.optimise.transfers | defer-aware: [{'n': 1, 'hits': 0.0, 'immediate_edge': 0.0, 'advantage': 0.0}, {'n': 2, 'hits': 4.0, 'immediate_edge': 3.3405145549390767, 'advantage': -0.6594854450609233}]
22:03:36 INFO    fpl_expert.optimise.transfers | defer-aware: [{'n': 1, 'hits': 0.0, 'immediate_edge': 0.0, 'advantage': 0.0}, {'n': 2, 'hits': 4.0, 'immediate_edge': 2.940996743611862, 'advantage': -1.059003256388138}]
22:03:36 INFO    fpl_expert.optimise.transfers | defer-aware: [{'n': 1, 'hits': 0.0, 'immediate_edge': 0.0, 'advantage': 0.0}, {'n': 2, 'hits': 4.0, 'immediate_edge': 2.191831373129922, 'advantage': -1.8081686268700778}]
22:03:37 INFO    fpl_expert.optimise.transfers | defer-aware: [{'n': 1, 'hits': 0.0, 'immediate_edge': 0.0, 'advantage': 0.0}, {'n': 2, 'hits': 4.0, 'immediate_edge': -0.7440025405410537, 'advantage': -4.744002540541054}]
22:03:37 INFO    fpl_expert.optimise.transfers | defer-aware: [{'n': 1, 'hits': 0.0, 'immediate_edge': 0.0, 'advantage': 0.0}, {'n': 2, 'hits': 4.0, 'immediate_edge': 2.033204997933794, 'advantage': -1.9667950020662062}]
22:03:38 INFO    fpl_expert.optimise.transfers | defer-aware: [{'n': 1, 'hits': 0.0, 'immediate_edge': 0.0, 'advantage': 0.0}, {'n': 2, 'hits': 4.0, 'immediate_edge': 1.7919919300114984, 'advantage': -2.2080080699885016}]
22:03:39 INFO    fpl_expert.optimise.transfers | defer-aware: [{'n': 1, 'hits': 0.0, 'immediate_edge': 0.0, 'advantage': 0.0}, {'n': 2, 'hits': 4.0, 'immediate_edge': -0.5870586792666614, 'advantage': -4.587058679266661}]
22:03:39 INFO    fpl_expert.optimise.transfers | defer-aware: [{'n': 1, 'hits': 0.0, 'immediate_edge': 0.0, 'advantage': 0.0}, {'n': 2, 'hits': 4.0, 'immediate_edge': 1.8536378766824129, 'advantage': -2.146362123317587}]
22:03:40 INFO    fpl_expert.optimise.transfers | defer-aware: [{'n': 1, 'hits': 0.0, 'immediate_edge': 0.0, 'advantage': 0.0}, {'n': 2, 'hits': 4.0, 'immediate_edge': 2.415029138994825, 'advantage': -1.584970861005175}]
22:03:41 INFO    fpl_expert.optimise.transfers | defer-aware: [{'n': 1, 'hits': 0.0, 'immediate_edge': 0.0, 'advantage': 0.0}, {'n': 2, 'hits': 4.0, 'immediate_edge': 0.26842490133553554, 'advantage': -3.7315750986644645}]
22:03:41 INFO    fpl_expert.optimise.transfers | defer-aware: [{'n': 1, 'hits': 0.0, 'immediate_edge': 0.0, 'advantage': 0.0}, {'n': 2, 'hits': 4.0, 'immediate_edge': 2.9355505749925044, 'advantage': -1.0644494250074956}]
22:03:41 INFO    fpl_expert.backtest.season_sim | GW13: playing bench_boost (best available (11.9 vs 11.1 remaining))
22:03:42 INFO    fpl_expert.optimise.transfers | defer-aware: [{'n': 1, 'hits': 0.0, 'immediate_edge': 0.0, 'advantage': 0.0}, {'n': 2, 'hits': 4.0, 'immediate_edge': 2.826185435342154, 'advantage': -1.173814564657846}]
22:03:42 INFO    fpl_expert.optimise.transfers | defer-aware: [{'n': 1, 'hits': 0.0, 'immediate_edge': 0.0, 'advantage': 0.0}, {'n': 2, 'hits': 4.0, 'immediate_edge': 1.8115096865845217, 'advantage': -2.1884903134154783}]
22:03:43 INFO    fpl_expert.optimise.transfers | defer-aware: [{'n': 1, 'hits': 0.0, 'immediate_edge': 0.0, 'advantage': 0.0}, {'n': 2, 'hits': 4.0, 'immediate_edge': 1.688006738813712, 'advantage': -2.311993261186288}]
22:03:43 INFO    fpl_expert.optimise.transfers | defer-aware: [{'n': 1, 'hits': 0.0, 'immediate_edge': 0.0, 'advantage': 0.0}, {'n': 2, 'hits': 4.0, 'immediate_edge': 1.450202055358318, 'advantage': -2.549797944641682}]
22:03:43 INFO    fpl_expert.backtest.season_sim | GW17: playing triple_captain (expiring in 2 gw, best remaining 6.8)
22:03:43 INFO    fpl_expert.optimise.transfers | defer-aware: [{'n': 1, 'hits': 0.0, 'immediate_edge': 0.0, 'advantage': 0.0}, {'n': 2, 'hits': 4.0, 'immediate_edge': 1.4991932003589596, 'advantage': -2.5008067996410404}]
22:03:44 INFO    fpl_expert.optimise.transfers | defer-aware: [{'n': 1, 'hits': 0.0, 'immediate_edge': 0.0, 'advantage': 0.0}, {'n': 2, 'hits': 4.0, 'immediate_edge': 1.6079437027500134, 'advantage': -2.3920562972499866}]
22:03:44 INFO    fpl_expert.optimise.transfers | defer-aware: [{'n': 1, 'hits': 0.0, 'immediate_edge': 0.0, 'advantage': 0.0}, {'n': 2, 'hits': 4.0, 'immediate_edge': 0.30844678109998824, 'advantage': -3.6915532189000118}]
22:03:44 INFO    fpl_expert.optimise.transfers | defer-aware: [{'n': 1, 'hits': 0.0, 'immediate_edge': 0.0, 'advantage': 0.0}, {'n': 2, 'hits': 4.0, 'immediate_edge': 0.7309275303219067, 'advantage': -3.2690724696780933}]
22:03:45 INFO    fpl_expert.optimise.transfers | defer-aware: [{'n': 1, 'hits': 0.0, 'immediate_edge': 0.0, 'advantage': 0.0}, {'n': 2, 'hits': 4.0, 'immediate_edge': 4.368914994705186, 'advantage': 0.36891499470518596}]
22:03:46 INFO    fpl_expert.optimise.transfers | defer-aware: [{'n': 1, 'hits': 0.0, 'immediate_edge': 0.0, 'advantage': 0.0}, {'n': 2, 'hits': 4.0, 'immediate_edge': -1.2346284808945356, 'advantage': -5.234628480894536}]
22:03:46 INFO    fpl_expert.optimise.transfers | defer-aware: [{'n': 1, 'hits': 0.0, 'immediate_edge': 0.0, 'advantage': 0.0}, {'n': 2, 'hits': 4.0, 'immediate_edge': 3.598860126153376, 'advantage': -0.4011398738466241}]
22:03:47 INFO    fpl_expert.optimise.transfers | defer-aware: [{'n': 1, 'hits': 0.0, 'immediate_edge': 0.0, 'advantage': 0.0}, {'n': 2, 'hits': 4.0, 'immediate_edge': 2.8693640421087707, 'advantage': -1.1306359578912293}]
22:03:48 INFO    fpl_expert.optimise.transfers | defer-aware: [{'n': 1, 'hits': 0.0, 'immediate_edge': 0.0, 'advantage': 0.0}, {'n': 2, 'hits': 4.0, 'immediate_edge': -0.18871798429232456, 'advantage': -4.188717984292325}]
22:03:48 INFO    fpl_expert.optimise.transfers | defer-aware: [{'n': 1, 'hits': 0.0, 'immediate_edge': 0.0, 'advantage': 0.0}, {'n': 2, 'hits': 4.0, 'immediate_edge': 2.600582514342804, 'advantage': -1.399417485657196}]
22:03:49 INFO    fpl_expert.optimise.transfers | defer-aware: [{'n': 1, 'hits': 0.0, 'immediate_edge': 0.0, 'advantage': 0.0}, {'n': 2, 'hits': 4.0, 'immediate_edge': 1.4008905839214307, 'advantage': -2.5991094160785693}]
22:03:50 INFO    fpl_expert.optimise.transfers | defer-aware: [{'n': 1, 'hits': 0.0, 'immediate_edge': 0.0, 'advantage': 0.0}, {'n': 2, 'hits': 4.0, 'immediate_edge': 0.18565189941838156, 'advantage': -3.8143481005816184}]
22:03:50 INFO    fpl_expert.optimise.transfers | defer-aware: [{'n': 1, 'hits': 0.0, 'immediate_edge': 0.0, 'advantage': 0.0}, {'n': 2, 'hits': 4.0, 'immediate_edge': 2.0114144651875563, 'advantage': -1.9885855348124437}]
22:03:51 INFO    fpl_expert.optimise.transfers | defer-aware: [{'n': 1, 'hits': 0.0, 'immediate_edge': 0.0, 'advantage': 0.0}, {'n': 2, 'hits': 4.0, 'immediate_edge': 0.9320450000356004, 'advantage': -3.0679549999643996}]
22:03:51 INFO    fpl_expert.optimise.transfers | defer-aware: [{'n': 1, 'hits': 0.0, 'immediate_edge': 0.0, 'advantage': 0.0}, {'n': 2, 'hits': 4.0, 'immediate_edge': 0.0, 'advantage': -4.0}]
22:03:52 INFO    fpl_expert.optimise.transfers | defer-aware: [{'n': 1, 'hits': 0.0, 'immediate_edge': 0.0, 'advantage': 0.0}, {'n': 2, 'hits': 4.0, 'immediate_edge': 0.0, 'advantage': -4.0}]
22:03:52 INFO    fpl_expert.backtest.season_sim | GW33: playing bench_boost (best available (16.4 vs 13.5 remaining))
22:03:52 INFO    fpl_expert.optimise.transfers | defer-aware: [{'n': 1, 'hits': 0.0, 'immediate_edge': 0.0, 'advantage': 0.0}, {'n': 2, 'hits': 4.0, 'immediate_edge': 0.21262205525756883, 'advantage': -3.787377944742431}]
22:03:52 INFO    fpl_expert.optimise.transfers | defer-aware: [{'n': 1, 'hits': 0.0, 'immediate_edge': 0.0, 'advantage': 0.0}, {'n': 2, 'hits': 4.0, 'immediate_edge': 0.8803829992214318, 'advantage': -3.119617000778568}]
22:03:53 INFO    fpl_expert.optimise.transfers | defer-aware: [{'n': 1, 'hits': 0.0, 'immediate_edge': 0.0, 'advantage': 0.0}, {'n': 2, 'hits': 4.0, 'immediate_edge': 0.8876985468111087, 'advantage': -3.1123014531888913}]
22:03:53 INFO    fpl_expert.backtest.season_sim | GW36: playing triple_captain (expiring in 2 gw, best remaining 6.9)
22:03:53 INFO    fpl_expert.optimise.transfers | defer-aware: [{'n': 1, 'hits': 0.0, 'immediate_edge': 0.0, 'advantage': 0.0}, {'n': 2, 'hits': 4.0, 'immediate_edge': 1.2933334068695288, 'advantage': -2.706666593130471}]
22:03:54 INFO    fpl_expert.optimise.transfers | defer-aware: [{'n': 1, 'hits': 0.0, 'immediate_edge': 0.0, 'advantage': 0.0}, {'n': 2, 'hits': 4.0, 'immediate_edge': 3.9333905362659465, 'advantage': -0.06660946373405352}]
22:03:54 INFO    fpl_expert.backtest.ensemble | defer_aware path 2: 2099
22:03:56 INFO    fpl_expert.optimise.transfers | defer-aware: [{'n': 1, 'hits': 0.0, 'immediate_edge': 0.0, 'advantage': 0.0}, {'n': 2, 'hits': 4.0, 'immediate_edge': 2.323731730729662, 'advantage': -1.676268269270338}]
22:03:56 INFO    fpl_expert.optimise.transfers | defer-aware: [{'n': 1, 'hits': 0.0, 'immediate_edge': 0.0, 'advantage': 0.0}, {'n': 2, 'hits': 4.0, 'immediate_edge': 3.341504892867235, 'advantage': -0.6584951071327652}]
22:03:57 INFO    fpl_expert.optimise.transfers | defer-aware: [{'n': 1, 'hits': 0.0, 'immediate_edge': 0.0, 'advantage': 0.0}, {'n': 2, 'hits': 4.0, 'immediate_edge': 2.936710274280628, 'advantage': -1.0632897257193719}]
22:03:57 INFO    fpl_expert.optimise.transfers | defer-aware: [{'n': 1, 'hits': 0.0, 'immediate_edge': 0.0, 'advantage': 0.0}, {'n': 2, 'hits': 4.0, 'immediate_edge': 2.1942533859051494, 'advantage': -1.8057466140948506}]
22:03:57 INFO    fpl_expert.optimise.transfers | defer-aware: [{'n': 1, 'hits': 0.0, 'immediate_edge': 0.0, 'advantage': 0.0}, {'n': 2, 'hits': 4.0, 'immediate_edge': -0.747340110039012, 'advantage': -4.747340110039012}]
22:03:58 INFO    fpl_expert.optimise.transfers | defer-aware: [{'n': 1, 'hits': 0.0, 'immediate_edge': 0.0, 'advantage': 0.0}, {'n': 2, 'hits': 4.0, 'immediate_edge': 2.028078211596565, 'advantage': -1.971921788403435}]
22:03:58 INFO    fpl_expert.optimise.transfers | defer-aware: [{'n': 1, 'hits': 0.0, 'immediate_edge': 0.0, 'advantage': 0.0}, {'n': 2, 'hits': 4.0, 'immediate_edge': 1.7878823328992723, 'advantage': -2.2121176671007277}]
22:03:59 INFO    fpl_expert.optimise.transfers | defer-aware: [{'n': 1, 'hits': 0.0, 'immediate_edge': 0.0, 'advantage': 0.0}, {'n': 2, 'hits': 4.0, 'immediate_edge': 0.08684004831377479, 'advantage': -3.913159951686225}]
22:03:59 INFO    fpl_expert.optimise.transfers | defer-aware: [{'n': 1, 'hits': 0.0, 'immediate_edge': 0.0, 'advantage': 0.0}, {'n': 2, 'hits': 4.0, 'immediate_edge': 1.8604192115262208, 'advantage': -2.139580788473779}]
22:03:59 INFO    fpl_expert.optimise.transfers | defer-aware: [{'n': 1, 'hits': 0.0, 'immediate_edge': 0.0, 'advantage': 0.0}, {'n': 2, 'hits': 4.0, 'immediate_edge': 2.3920127318128976, 'advantage': -1.6079872681871024}]
22:04:00 INFO    fpl_expert.optimise.transfers | defer-aware: [{'n': 1, 'hits': 0.0, 'immediate_edge': 0.0, 'advantage': 0.0}, {'n': 2, 'hits': 4.0, 'immediate_edge': 0.259538513310801, 'advantage': -3.740461486689199}]
22:04:00 INFO    fpl_expert.optimise.transfers | defer-aware: [{'n': 1, 'hits': 0.0, 'immediate_edge': 0.0, 'advantage': 0.0}, {'n': 2, 'hits': 4.0, 'immediate_edge': 2.9417247749449515, 'advantage': -1.0582752250550485}]
22:04:01 INFO    fpl_expert.backtest.season_sim | GW13: playing bench_boost (best available (12.0 vs 11.1 remaining))
22:04:01 INFO    fpl_expert.optimise.transfers | defer-aware: [{'n': 1, 'hits': 0.0, 'immediate_edge': 0.0, 'advantage': 0.0}, {'n': 2, 'hits': 4.0, 'immediate_edge': 2.8219306685946393, 'advantage': -1.1780693314053607}]
22:04:01 INFO    fpl_expert.optimise.transfers | defer-aware: [{'n': 1, 'hits': 0.0, 'immediate_edge': 0.0, 'advantage': 0.0}, {'n': 2, 'hits': 4.0, 'immediate_edge': 1.8383255626037993, 'advantage': -2.1616744373962007}]
22:04:02 INFO    fpl_expert.optimise.transfers | defer-aware: [{'n': 1, 'hits': 0.0, 'immediate_edge': 0.0, 'advantage': 0.0}, {'n': 2, 'hits': 4.0, 'immediate_edge': 1.6879394341738845, 'advantage': -2.3120605658261155}]
22:04:02 INFO    fpl_expert.optimise.transfers | defer-aware: [{'n': 1, 'hits': 0.0, 'immediate_edge': 0.0, 'advantage': 0.0}, {'n': 2, 'hits': 4.0, 'immediate_edge': 1.4486773234358523, 'advantage': -2.5513226765641477}]
22:04:02 INFO    fpl_expert.backtest.season_sim | GW17: playing triple_captain (expiring in 2 gw, best remaining 6.8)
22:04:02 INFO    fpl_expert.optimise.transfers | defer-aware: [{'n': 1, 'hits': 0.0, 'immediate_edge': 0.0, 'advantage': 0.0}, {'n': 2, 'hits': 4.0, 'immediate_edge': 1.4958350295502, 'advantage': -2.5041649704498}]
22:04:03 INFO    fpl_expert.optimise.transfers | defer-aware: [{'n': 1, 'hits': 0.0, 'immediate_edge': 0.0, 'advantage': 0.0}, {'n': 2, 'hits': 4.0, 'immediate_edge': 1.6130939974952483, 'advantage': -2.3869060025047517}]
22:04:03 INFO    fpl_expert.optimise.transfers | defer-aware: [{'n': 1, 'hits': 0.0, 'immediate_edge': 0.0, 'advantage': 0.0}, {'n': 2, 'hits': 4.0, 'immediate_edge': 0.3054452275132462, 'advantage': -3.694554772486754}]
22:04:03 INFO    fpl_expert.optimise.transfers | defer-aware: [{'n': 1, 'hits': 0.0, 'immediate_edge': 0.0, 'advantage': 0.0}, {'n': 2, 'hits': 4.0, 'immediate_edge': 0.7269963413573919, 'advantage': -3.273003658642608}]
22:04:04 INFO    fpl_expert.optimise.transfers | defer-aware: [{'n': 1, 'hits': 0.0, 'immediate_edge': 0.0, 'advantage': 0.0}, {'n': 2, 'hits': 4.0, 'immediate_edge': 4.3462337494825505, 'advantage': 0.3462337494825505}]
22:04:04 INFO    fpl_expert.optimise.transfers | defer-aware: [{'n': 1, 'hits': 0.0, 'immediate_edge': 0.0, 'advantage': 0.0}, {'n': 2, 'hits': 4.0, 'immediate_edge': -1.2352922379759903, 'advantage': -5.23529223797599}]
22:04:05 INFO    fpl_expert.optimise.transfers | defer-aware: [{'n': 1, 'hits': 0.0, 'immediate_edge': 0.0, 'advantage': 0.0}, {'n': 2, 'hits': 4.0, 'immediate_edge': 3.1084385149395644, 'advantage': -0.8915614850604356}]
22:04:05 INFO    fpl_expert.optimise.transfers | defer-aware: [{'n': 1, 'hits': 0.0, 'immediate_edge': 0.0, 'advantage': 0.0}, {'n': 2, 'hits': 4.0, 'immediate_edge': 2.502995408844505, 'advantage': -1.4970045911554948}]
22:04:06 INFO    fpl_expert.optimise.transfers | defer-aware: [{'n': 1, 'hits': 0.0, 'immediate_edge': 0.0, 'advantage': 0.0}, {'n': 2, 'hits': 4.0, 'immediate_edge': 3.33195220679238, 'advantage': -0.6680477932076201}]
22:04:06 INFO    fpl_expert.optimise.transfers | defer-aware: [{'n': 1, 'hits': 0.0, 'immediate_edge': 0.0, 'advantage': 0.0}, {'n': 2, 'hits': 4.0, 'immediate_edge': 0.0, 'advantage': -4.0}]
22:04:07 INFO    fpl_expert.optimise.transfers | defer-aware: [{'n': 1, 'hits': 0.0, 'immediate_edge': 0.0, 'advantage': 0.0}, {'n': 2, 'hits': 4.0, 'immediate_edge': 0.8983449300856137, 'advantage': -3.1016550699143863}]
22:04:07 INFO    fpl_expert.optimise.transfers | defer-aware: [{'n': 1, 'hits': 0.0, 'immediate_edge': 0.0, 'advantage': 0.0}, {'n': 2, 'hits': 4.0, 'immediate_edge': -0.4358359108074694, 'advantage': -4.435835910807469}]
22:04:08 INFO    fpl_expert.optimise.transfers | defer-aware: [{'n': 1, 'hits': 0.0, 'immediate_edge': 0.0, 'advantage': 0.0}, {'n': 2, 'hits': 4.0, 'immediate_edge': 0.06564316205121656, 'advantage': -3.9343568379487834}]
22:04:08 INFO    fpl_expert.optimise.transfers | defer-aware: [{'n': 1, 'hits': 0.0, 'immediate_edge': 0.0, 'advantage': 0.0}, {'n': 2, 'hits': 4.0, 'immediate_edge': 2.5771003230625382, 'advantage': -1.4228996769374618}]
22:04:08 INFO    fpl_expert.optimise.transfers | defer-aware: [{'n': 1, 'hits': 0.0, 'immediate_edge': 0.0, 'advantage': 0.0}, {'n': 2, 'hits': 4.0, 'immediate_edge': 0.0, 'advantage': -4.0}]
22:04:09 INFO    fpl_expert.optimise.transfers | defer-aware: [{'n': 1, 'hits': 0.0, 'immediate_edge': 0.0, 'advantage': 0.0}, {'n': 2, 'hits': 4.0, 'immediate_edge': 4.0833439585608176, 'advantage': 0.08334395856081755}]
22:04:09 INFO    fpl_expert.optimise.transfers | defer-aware: [{'n': 1, 'hits': 0.0, 'immediate_edge': 0.0, 'advantage': 0.0}, {'n': 2, 'hits': 4.0, 'immediate_edge': -0.026703603741111692, 'advantage': -4.026703603741112}]
22:04:10 INFO    fpl_expert.optimise.transfers | defer-aware: [{'n': 1, 'hits': 0.0, 'immediate_edge': 0.0, 'advantage': 0.0}, {'n': 2, 'hits': 4.0, 'immediate_edge': 0.6892925126636911, 'advantage': -3.310707487336309}]
22:04:10 INFO    fpl_expert.backtest.season_sim | GW35: playing bench_boost (expiring in 3 gw, best remaining 12.1)
22:04:10 INFO    fpl_expert.optimise.transfers | defer-aware: [{'n': 1, 'hits': 0.0, 'immediate_edge': 0.0, 'advantage': 0.0}, {'n': 2, 'hits': 4.0, 'immediate_edge': 0.7579017709518325, 'advantage': -3.2420982290481675}]
22:04:10 INFO    fpl_expert.backtest.season_sim | GW36: playing triple_captain (expiring in 2 gw, best remaining 6.9)
22:04:10 INFO    fpl_expert.optimise.transfers | defer-aware: [{'n': 1, 'hits': 0.0, 'immediate_edge': 0.0, 'advantage': 0.0}, {'n': 2, 'hits': 4.0, 'immediate_edge': 0.7092446847330365, 'advantage': -3.2907553152669635}]
22:04:11 INFO    fpl_expert.optimise.transfers | defer-aware: [{'n': 1, 'hits': 0.0, 'immediate_edge': 0.0, 'advantage': 0.0}, {'n': 2, 'hits': 4.0, 'immediate_edge': 0.18087527047091356, 'advantage': -3.8191247295290864}]
22:04:11 INFO    fpl_expert.backtest.ensemble | defer_aware path 3: 2092
22:04:13 INFO    fpl_expert.optimise.transfers | defer-aware: [{'n': 1, 'hits': 0.0, 'immediate_edge': 0.0, 'advantage': 0.0}, {'n': 2, 'hits': 4.0, 'immediate_edge': 2.3186700118022685, 'advantage': -1.6813299881977315}]
22:04:13 INFO    fpl_expert.optimise.transfers | defer-aware: [{'n': 1, 'hits': 0.0, 'immediate_edge': 0.0, 'advantage': 0.0}, {'n': 2, 'hits': 4.0, 'immediate_edge': 3.3414378192127785, 'advantage': -0.6585621807872215}]
22:04:14 INFO    fpl_expert.optimise.transfers | defer-aware: [{'n': 1, 'hits': 0.0, 'immediate_edge': 0.0, 'advantage': 0.0}, {'n': 2, 'hits': 4.0, 'immediate_edge': 2.926414792126913, 'advantage': -1.0735852078730872}]
22:04:14 INFO    fpl_expert.optimise.transfers | defer-aware: [{'n': 1, 'hits': 0.0, 'immediate_edge': 0.0, 'advantage': 0.0}, {'n': 2, 'hits': 4.0, 'immediate_edge': 2.191346634863507, 'advantage': -1.808653365136493}]
22:04:15 INFO    fpl_expert.optimise.transfers | defer-aware: [{'n': 1, 'hits': 0.0, 'immediate_edge': 0.0, 'advantage': 0.0}, {'n': 2, 'hits': 4.0, 'immediate_edge': -0.7607340480333136, 'advantage': -4.760734048033314}]
22:04:15 INFO    fpl_expert.optimise.transfers | defer-aware: [{'n': 1, 'hits': 0.0, 'immediate_edge': 0.0, 'advantage': 0.0}, {'n': 2, 'hits': 4.0, 'immediate_edge': 2.0395250121498663, 'advantage': -1.9604749878501337}]
22:04:16 INFO    fpl_expert.optimise.transfers | defer-aware: [{'n': 1, 'hits': 0.0, 'immediate_edge': 0.0, 'advantage': 0.0}, {'n': 2, 'hits': 4.0, 'immediate_edge': 1.7892952079598246, 'advantage': -2.2107047920401754}]
22:04:16 INFO    fpl_expert.optimise.transfers | defer-aware: [{'n': 1, 'hits': 0.0, 'immediate_edge': 0.0, 'advantage': 0.0}, {'n': 2, 'hits': 4.0, 'immediate_edge': -0.6154762810697747, 'advantage': -4.615476281069775}]
22:04:16 INFO    fpl_expert.optimise.transfers | defer-aware: [{'n': 1, 'hits': 0.0, 'immediate_edge': 0.0, 'advantage': 0.0}, {'n': 2, 'hits': 4.0, 'immediate_edge': 1.850137610460159, 'advantage': -2.149862389539841}]
22:04:17 INFO    fpl_expert.optimise.transfers | defer-aware: [{'n': 1, 'hits': 0.0, 'immediate_edge': 0.0, 'advantage': 0.0}, {'n': 2, 'hits': 4.0, 'immediate_edge': 2.4143090459797847, 'advantage': -1.5856909540202153}]
22:04:17 INFO    fpl_expert.optimise.transfers | defer-aware: [{'n': 1, 'hits': 0.0, 'immediate_edge': 0.0, 'advantage': 0.0}, {'n': 2, 'hits': 4.0, 'immediate_edge': 0.26342220147418516, 'advantage': -3.736577798525815}]
22:04:18 INFO    fpl_expert.optimise.transfers | defer-aware: [{'n': 1, 'hits': 0.0, 'immediate_edge': 0.0, 'advantage': 0.0}, {'n': 2, 'hits': 4.0, 'immediate_edge': 2.925013282262846, 'advantage': -1.0749867177371542}]
22:04:18 INFO    fpl_expert.backtest.season_sim | GW13: playing bench_boost (best available (12.0 vs 11.1 remaining))
22:04:18 INFO    fpl_expert.optimise.transfers | defer-aware: [{'n': 1, 'hits': 0.0, 'immediate_edge': 0.0, 'advantage': 0.0}, {'n': 2, 'hits': 4.0, 'immediate_edge': 2.80567224742439, 'advantage': -1.1943277525756102}]
22:04:19 INFO    fpl_expert.optimise.transfers | defer-aware: [{'n': 1, 'hits': 0.0, 'immediate_edge': 0.0, 'advantage': 0.0}, {'n': 2, 'hits': 4.0, 'immediate_edge': 1.8436430524026264, 'advantage': -2.1563569475973736}]
22:04:19 INFO    fpl_expert.optimise.transfers | defer-aware: [{'n': 1, 'hits': 0.0, 'immediate_edge': 0.0, 'advantage': 0.0}, {'n': 2, 'hits': 4.0, 'immediate_edge': 1.688607190805655, 'advantage': -2.311392809194345}]
22:04:19 INFO    fpl_expert.optimise.transfers | defer-aware: [{'n': 1, 'hits': 0.0, 'immediate_edge': 0.0, 'advantage': 0.0}, {'n': 2, 'hits': 4.0, 'immediate_edge': 1.4431754941659136, 'advantage': -2.5568245058340864}]
22:04:20 INFO    fpl_expert.optimise.transfers | defer-aware: [{'n': 1, 'hits': 0.0, 'immediate_edge': 0.0, 'advantage': 0.0}, {'n': 2, 'hits': 4.0, 'immediate_edge': 1.4980444249318836, 'advantage': -2.5019555750681164}]
22:04:20 INFO    fpl_expert.backtest.season_sim | GW18: playing triple_captain (expiring in 1 gw, best remaining 5.8)
22:04:20 INFO    fpl_expert.optimise.transfers | defer-aware: [{'n': 1, 'hits': 0.0, 'immediate_edge': 0.0, 'advantage': 0.0}, {'n': 2, 'hits': 4.0, 'immediate_edge': 1.613507386869884, 'advantage': -2.386492613130116}]
22:04:20 INFO    fpl_expert.optimise.transfers | defer-aware: [{'n': 1, 'hits': 0.0, 'immediate_edge': 0.0, 'advantage': 0.0}, {'n': 2, 'hits': 4.0, 'immediate_edge': 0.3179868547449516, 'advantage': -3.6820131452550484}]
22:04:21 INFO    fpl_expert.optimise.transfers | defer-aware: [{'n': 1, 'hits': 0.0, 'immediate_edge': 0.0, 'advantage': 0.0}, {'n': 2, 'hits': 4.0, 'immediate_edge': 0.7332103843631899, 'advantage': -3.26678961563681}]
22:04:21 INFO    fpl_expert.optimise.transfers | defer-aware: [{'n': 1, 'hits': 0.0, 'immediate_edge': 0.0, 'advantage': 0.0}, {'n': 2, 'hits': 4.0, 'immediate_edge': 4.378530612283264, 'advantage': 0.3785306122832637}]
22:04:22 INFO    fpl_expert.optimise.transfers | defer-aware: [{'n': 1, 'hits': 0.0, 'immediate_edge': 0.0, 'advantage': 0.0}, {'n': 2, 'hits': 4.0, 'immediate_edge': -1.2209567307966438, 'advantage': -5.220956730796644}]
22:04:22 INFO    fpl_expert.optimise.transfers | defer-aware: [{'n': 1, 'hits': 0.0, 'immediate_edge': 0.0, 'advantage': 0.0}, {'n': 2, 'hits': 4.0, 'immediate_edge': 3.147509855975919, 'advantage': -0.8524901440240811}]
22:04:23 INFO    fpl_expert.optimise.transfers | defer-aware: [{'n': 1, 'hits': 0.0, 'immediate_edge': 0.0, 'advantage': 0.0}, {'n': 2, 'hits': 4.0, 'immediate_edge': 2.4893429909135776, 'advantage': -1.5106570090864224}]
22:04:23 INFO    fpl_expert.optimise.transfers | defer-aware: [{'n': 1, 'hits': 0.0, 'immediate_edge': 0.0, 'advantage': 0.0}, {'n': 2, 'hits': 4.0, 'immediate_edge': 3.334301872244424, 'advantage': -0.6656981277555758}]
22:04:24 INFO    fpl_expert.optimise.transfers | defer-aware: [{'n': 1, 'hits': 0.0, 'immediate_edge': 0.0, 'advantage': 0.0}, {'n': 2, 'hits': 4.0, 'immediate_edge': 0.0, 'advantage': -4.0}]
22:04:24 INFO    fpl_expert.optimise.transfers | defer-aware: [{'n': 1, 'hits': 0.0, 'immediate_edge': 0.0, 'advantage': 0.0}, {'n': 2, 'hits': 4.0, 'immediate_edge': 0.89543541037267, 'advantage': -3.10456458962733}]
22:04:25 INFO    fpl_expert.optimise.transfers | defer-aware: [{'n': 1, 'hits': 0.0, 'immediate_edge': 0.0, 'advantage': 0.0}, {'n': 2, 'hits': 4.0, 'immediate_edge': -0.43521153815054703, 'advantage': -4.435211538150547}]
22:04:25 INFO    fpl_expert.optimise.transfers | defer-aware: [{'n': 1, 'hits': 0.0, 'immediate_edge': 0.0, 'advantage': 0.0}, {'n': 2, 'hits': 4.0, 'immediate_edge': 0.07302129054922091, 'advantage': -3.926978709450779}]
22:04:25 INFO    fpl_expert.optimise.transfers | defer-aware: [{'n': 1, 'hits': 0.0, 'immediate_edge': 0.0, 'advantage': 0.0}, {'n': 2, 'hits': 4.0, 'immediate_edge': 2.5749110242272124, 'advantage': -1.4250889757727876}]
22:04:26 INFO    fpl_expert.optimise.transfers | defer-aware: [{'n': 1, 'hits': 0.0, 'immediate_edge': 0.0, 'advantage': 0.0}, {'n': 2, 'hits': 4.0, 'immediate_edge': 0.0, 'advantage': -4.0}]
22:04:26 INFO    fpl_expert.optimise.transfers | defer-aware: [{'n': 1, 'hits': 0.0, 'immediate_edge': 0.0, 'advantage': 0.0}, {'n': 2, 'hits': 4.0, 'immediate_edge': 4.078219392536894, 'advantage': 0.07821939253689436}]
22:04:27 INFO    fpl_expert.optimise.transfers | defer-aware: [{'n': 1, 'hits': 0.0, 'immediate_edge': 0.0, 'advantage': 0.0}, {'n': 2, 'hits': 4.0, 'immediate_edge': -0.03031560169662839, 'advantage': -4.030315601696628}]
22:04:27 INFO    fpl_expert.optimise.transfers | defer-aware: [{'n': 1, 'hits': 0.0, 'immediate_edge': 0.0, 'advantage': 0.0}, {'n': 2, 'hits': 4.0, 'immediate_edge': 0.6912006874504542, 'advantage': -3.308799312549546}]
22:04:27 INFO    fpl_expert.backtest.season_sim | GW35: playing bench_boost (expiring in 3 gw, best remaining 12.1)
22:04:28 INFO    fpl_expert.optimise.transfers | defer-aware: [{'n': 1, 'hits': 0.0, 'immediate_edge': 0.0, 'advantage': 0.0}, {'n': 2, 'hits': 4.0, 'immediate_edge': 0.7636002635220933, 'advantage': -3.2363997364779067}]
22:04:28 INFO    fpl_expert.backtest.season_sim | GW36: playing triple_captain (expiring in 2 gw, best remaining 6.9)
22:04:28 INFO    fpl_expert.optimise.transfers | defer-aware: [{'n': 1, 'hits': 0.0, 'immediate_edge': 0.0, 'advantage': 0.0}, {'n': 2, 'hits': 4.0, 'immediate_edge': 0.6972281815231014, 'advantage': -3.3027718184768986}]
22:04:28 INFO    fpl_expert.optimise.transfers | defer-aware: [{'n': 1, 'hits': 0.0, 'immediate_edge': 0.0, 'advantage': 0.0}, {'n': 2, 'hits': 4.0, 'immediate_edge': 0.1817988799160304, 'advantage': -3.8182011200839696}]
22:04:28 INFO    fpl_expert.backtest.ensemble | defer_aware path 4: 2094
22:04:30 INFO    fpl_expert.optimise.transfers | defer-aware: [{'n': 1, 'hits': 0.0, 'immediate_edge': 0.0, 'advantage': 0.0}, {'n': 2, 'hits': 4.0, 'immediate_edge': 2.3201805932030624, 'advantage': -1.6798194067969376}]
22:04:31 INFO    fpl_expert.optimise.transfers | defer-aware: [{'n': 1, 'hits': 0.0, 'immediate_edge': 0.0, 'advantage': 0.0}, {'n': 2, 'hits': 4.0, 'immediate_edge': 3.342101135242821, 'advantage': -0.6578988647571791}]
22:04:31 INFO    fpl_expert.optimise.transfers | defer-aware: [{'n': 1, 'hits': 0.0, 'immediate_edge': 0.0, 'advantage': 0.0}, {'n': 2, 'hits': 4.0, 'immediate_edge': 2.9276520644920154, 'advantage': -1.0723479355079846}]
22:04:32 INFO    fpl_expert.optimise.transfers | defer-aware: [{'n': 1, 'hits': 0.0, 'immediate_edge': 0.0, 'advantage': 0.0}, {'n': 2, 'hits': 4.0, 'immediate_edge': 2.2019335110852367, 'advantage': -1.7980664889147633}]
22:04:32 INFO    fpl_expert.optimise.transfers | defer-aware: [{'n': 1, 'hits': 0.0, 'immediate_edge': 0.0, 'advantage': 0.0}, {'n': 2, 'hits': 4.0, 'immediate_edge': -0.760607810341341, 'advantage': -4.760607810341341}]
22:04:33 INFO    fpl_expert.optimise.transfers | defer-aware: [{'n': 1, 'hits': 0.0, 'immediate_edge': 0.0, 'advantage': 0.0}, {'n': 2, 'hits': 4.0, 'immediate_edge': 2.0466275674932675, 'advantage': -1.9533724325067325}]
22:04:33 INFO    fpl_expert.optimise.transfers | defer-aware: [{'n': 1, 'hits': 0.0, 'immediate_edge': 0.0, 'advantage': 0.0}, {'n': 2, 'hits': 4.0, 'immediate_edge': 1.7951445355454965, 'advantage': -2.2048554644545035}]
22:04:33 INFO    fpl_expert.optimise.transfers | defer-aware: [{'n': 1, 'hits': 0.0, 'immediate_edge': 0.0, 'advantage': 0.0}, {'n': 2, 'hits': 4.0, 'immediate_edge': -0.6105086672134803, 'advantage': -4.61050866721348}]
22:04:34 INFO    fpl_expert.optimise.transfers | defer-aware: [{'n': 1, 'hits': 0.0, 'immediate_edge': 0.0, 'advantage': 0.0}, {'n': 2, 'hits': 4.0, 'immediate_edge': 1.8791360368477257, 'advantage': -2.1208639631522743}]
22:04:34 INFO    fpl_expert.optimise.transfers | defer-aware: [{'n': 1, 'hits': 0.0, 'immediate_edge': 0.0, 'advantage': 0.0}, {'n': 2, 'hits': 4.0, 'immediate_edge': 2.369194568233496, 'advantage': -1.630805431766504}]
22:04:35 INFO    fpl_expert.optimise.transfers | defer-aware: [{'n': 1, 'hits': 0.0, 'immediate_edge': 0.0, 'advantage': 0.0}, {'n': 2, 'hits': 4.0, 'immediate_edge': 0.2718565384393017, 'advantage': -3.7281434615606983}]
22:04:35 INFO    fpl_expert.optimise.transfers | defer-aware: [{'n': 1, 'hits': 0.0, 'immediate_edge': 0.0, 'advantage': 0.0}, {'n': 2, 'hits': 4.0, 'immediate_edge': 2.9079900796070106, 'advantage': -1.0920099203929894}]
22:04:35 INFO    fpl_expert.backtest.season_sim | GW13: playing bench_boost (best available (12.0 vs 11.1 remaining))
22:04:36 INFO    fpl_expert.optimise.transfers | defer-aware: [{'n': 1, 'hits': 0.0, 'immediate_edge': 0.0, 'advantage': 0.0}, {'n': 2, 'hits': 4.0, 'immediate_edge': 2.8021218520921707, 'advantage': -1.1978781479078293}]
22:04:36 INFO    fpl_expert.optimise.transfers | defer-aware: [{'n': 1, 'hits': 0.0, 'immediate_edge': 0.0, 'advantage': 0.0}, {'n': 2, 'hits': 4.0, 'immediate_edge': 1.8165367573957667, 'advantage': -2.1834632426042333}]
22:04:36 INFO    fpl_expert.optimise.transfers | defer-aware: [{'n': 1, 'hits': 0.0, 'immediate_edge': 0.0, 'advantage': 0.0}, {'n': 2, 'hits': 4.0, 'immediate_edge': 1.6873637022030437, 'advantage': -2.3126362977969563}]
22:04:37 INFO    fpl_expert.optimise.transfers | defer-aware: [{'n': 1, 'hits': 0.0, 'immediate_edge': 0.0, 'advantage': 0.0}, {'n': 2, 'hits': 4.0, 'immediate_edge': 1.448903879075722, 'advantage': -2.551096120924278}]
22:04:37 INFO    fpl_expert.backtest.season_sim | GW17: playing triple_captain (expiring in 2 gw, best remaining 6.8)
22:04:37 INFO    fpl_expert.optimise.transfers | defer-aware: [{'n': 1, 'hits': 0.0, 'immediate_edge': 0.0, 'advantage': 0.0}, {'n': 2, 'hits': 4.0, 'immediate_edge': 1.4900911778739, 'advantage': -2.5099088221261}]
22:04:38 INFO    fpl_expert.optimise.transfers | defer-aware: [{'n': 1, 'hits': 0.0, 'immediate_edge': 0.0, 'advantage': 0.0}, {'n': 2, 'hits': 4.0, 'immediate_edge': 1.6130445227039232, 'advantage': -2.386955477296077}]
22:04:38 INFO    fpl_expert.optimise.transfers | defer-aware: [{'n': 1, 'hits': 0.0, 'immediate_edge': 0.0, 'advantage': 0.0}, {'n': 2, 'hits': 4.0, 'immediate_edge': 0.31854239813954166, 'advantage': -3.6814576018604583}]
22:04:38 INFO    fpl_expert.optimise.transfers | defer-aware: [{'n': 1, 'hits': 0.0, 'immediate_edge': 0.0, 'advantage': 0.0}, {'n': 2, 'hits': 4.0, 'immediate_edge': 0.7234200951330934, 'advantage': -3.2765799048669066}]
22:04:39 INFO    fpl_expert.optimise.transfers | defer-aware: [{'n': 1, 'hits': 0.0, 'immediate_edge': 0.0, 'advantage': 0.0}, {'n': 2, 'hits': 4.0, 'immediate_edge': 4.376670925187739, 'advantage': 0.3766709251877387}]
22:04:39 INFO    fpl_expert.optimise.transfers | defer-aware: [{'n': 1, 'hits': 0.0, 'immediate_edge': 0.0, 'advantage': 0.0}, {'n': 2, 'hits': 4.0, 'immediate_edge': -1.2419025988747165, 'advantage': -5.2419025988747165}]
22:04:40 INFO    fpl_expert.optimise.transfers | defer-aware: [{'n': 1, 'hits': 0.0, 'immediate_edge': 0.0, 'advantage': 0.0}, {'n': 2, 'hits': 4.0, 'immediate_edge': 3.1151022570430698, 'advantage': -0.8848977429569302}]
22:04:40 INFO    fpl_expert.optimise.transfers | defer-aware: [{'n': 1, 'hits': 0.0, 'immediate_edge': 0.0, 'advantage': 0.0}, {'n': 2, 'hits': 4.0, 'immediate_edge': 2.5039326393028603, 'advantage': -1.4960673606971397}]
22:04:40 INFO    fpl_expert.optimise.transfers | defer-aware: [{'n': 1, 'hits': 0.0, 'immediate_edge': 0.0, 'advantage': 0.0}, {'n': 2, 'hits': 4.0, 'immediate_edge': 3.352943739637766, 'advantage': -0.6470562603622341}]
22:04:41 INFO    fpl_expert.optimise.transfers | defer-aware: [{'n': 1, 'hits': 0.0, 'immediate_edge': 0.0, 'advantage': 0.0}, {'n': 2, 'hits': 4.0, 'immediate_edge': 0.0, 'advantage': -4.0}]
22:04:42 INFO    fpl_expert.optimise.transfers | defer-aware: [{'n': 1, 'hits': 0.0, 'immediate_edge': 0.0, 'advantage': 0.0}, {'n': 2, 'hits': 4.0, 'immediate_edge': 0.9008332677742601, 'advantage': -3.09916673222574}]
22:04:42 INFO    fpl_expert.optimise.transfers | defer-aware: [{'n': 1, 'hits': 0.0, 'immediate_edge': 0.0, 'advantage': 0.0}, {'n': 2, 'hits': 4.0, 'immediate_edge': -0.44904216814943965, 'advantage': -4.44904216814944}]
22:04:43 INFO    fpl_expert.optimise.transfers | defer-aware: [{'n': 1, 'hits': 0.0, 'immediate_edge': 0.0, 'advantage': 0.0}, {'n': 2, 'hits': 4.0, 'immediate_edge': 0.05937426921674671, 'advantage': -3.9406257307832533}]
22:04:44 INFO    fpl_expert.optimise.transfers | defer-aware: [{'n': 1, 'hits': 0.0, 'immediate_edge': 0.0, 'advantage': 0.0}, {'n': 2, 'hits': 4.0, 'immediate_edge': 2.5751126202607537, 'advantage': -1.4248873797392463}]
22:04:44 INFO    fpl_expert.optimise.transfers | defer-aware: [{'n': 1, 'hits': 0.0, 'immediate_edge': 0.0, 'advantage': 0.0}, {'n': 2, 'hits': 4.0, 'immediate_edge': 0.0, 'advantage': -4.0}]
22:04:45 INFO    fpl_expert.optimise.transfers | defer-aware: [{'n': 1, 'hits': 0.0, 'immediate_edge': 0.0, 'advantage': 0.0}, {'n': 2, 'hits': 4.0, 'immediate_edge': 4.114049474898877, 'advantage': 0.11404947489887718}]
22:04:45 INFO    fpl_expert.optimise.transfers | defer-aware: [{'n': 1, 'hits': 0.0, 'immediate_edge': 0.0, 'advantage': 0.0}, {'n': 2, 'hits': 4.0, 'immediate_edge': -0.03788547894878036, 'advantage': -4.03788547894878}]
22:04:46 INFO    fpl_expert.optimise.transfers | defer-aware: [{'n': 1, 'hits': 0.0, 'immediate_edge': 0.0, 'advantage': 0.0}, {'n': 2, 'hits': 4.0, 'immediate_edge': 0.687153239858759, 'advantage': -3.312846760141241}]
22:04:46 INFO    fpl_expert.backtest.season_sim | GW35: playing bench_boost (expiring in 3 gw, best remaining 12.1)
22:04:46 INFO    fpl_expert.optimise.transfers | defer-aware: [{'n': 1, 'hits': 0.0, 'immediate_edge': 0.0, 'advantage': 0.0}, {'n': 2, 'hits': 4.0, 'immediate_edge': 0.7733737199145168, 'advantage': -3.2266262800854832}]
22:04:46 INFO    fpl_expert.backtest.season_sim | GW36: playing triple_captain (expiring in 2 gw, best remaining 6.9)
22:04:46 INFO    fpl_expert.optimise.transfers | defer-aware: [{'n': 1, 'hits': 0.0, 'immediate_edge': 0.0, 'advantage': 0.0}, {'n': 2, 'hits': 4.0, 'immediate_edge': 0.6993486275692504, 'advantage': -3.3006513724307496}]
22:04:47 INFO    fpl_expert.optimise.transfers | defer-aware: [{'n': 1, 'hits': 0.0, 'immediate_edge': 0.0, 'advantage': 0.0}, {'n': 2, 'hits': 4.0, 'immediate_edge': 0.1783052157617746, 'advantage': -3.8216947842382254}]
22:04:47 INFO    fpl_expert.backtest.ensemble | defer_aware path 5: 2092
22:04:49 INFO    fpl_expert.optimise.transfers | defer-aware: [{'n': 1, 'hits': 0.0, 'immediate_edge': 0.0, 'advantage': 0.0}, {'n': 2, 'hits': 4.0, 'immediate_edge': 2.3235464699639152, 'advantage': -1.6764535300360848}]
22:04:49 INFO    fpl_expert.optimise.transfers | defer-aware: [{'n': 1, 'hits': 0.0, 'immediate_edge': 0.0, 'advantage': 0.0}, {'n': 2, 'hits': 4.0, 'immediate_edge': 3.339301543004268, 'advantage': -0.6606984569957319}]
22:04:50 INFO    fpl_expert.optimise.transfers | defer-aware: [{'n': 1, 'hits': 0.0, 'immediate_edge': 0.0, 'advantage': 0.0}, {'n': 2, 'hits': 4.0, 'immediate_edge': 2.9439579839629673, 'advantage': -1.0560420160370327}]
22:04:50 INFO    fpl_expert.optimise.transfers | defer-aware: [{'n': 1, 'hits': 0.0, 'immediate_edge': 0.0, 'advantage': 0.0}, {'n': 2, 'hits': 4.0, 'immediate_edge': 2.1989978687603084, 'advantage': -1.8010021312396916}]
22:04:50 INFO    fpl_expert.optimise.transfers | defer-aware: [{'n': 1, 'hits': 0.0, 'immediate_edge': 0.0, 'advantage': 0.0}, {'n': 2, 'hits': 4.0, 'immediate_edge': -0.7359944798646296, 'advantage': -4.73599447986463}]
22:04:51 INFO    fpl_expert.optimise.transfers | defer-aware: [{'n': 1, 'hits': 0.0, 'immediate_edge': 0.0, 'advantage': 0.0}, {'n': 2, 'hits': 4.0, 'immediate_edge': 2.0438413807710134, 'advantage': -1.9561586192289866}]
22:04:51 INFO    fpl_expert.optimise.transfers | defer-aware: [{'n': 1, 'hits': 0.0, 'immediate_edge': 0.0, 'advantage': 0.0}, {'n': 2, 'hits': 4.0, 'immediate_edge': 1.7959275710549463, 'advantage': -2.2040724289450537}]
22:04:52 INFO    fpl_expert.optimise.transfers | defer-aware: [{'n': 1, 'hits': 0.0, 'immediate_edge': 0.0, 'advantage': 0.0}, {'n': 2, 'hits': 4.0, 'immediate_edge': -0.5717214484145217, 'advantage': -4.571721448414522}]
22:04:52 INFO    fpl_expert.optimise.transfers | defer-aware: [{'n': 1, 'hits': 0.0, 'immediate_edge': 0.0, 'advantage': 0.0}, {'n': 2, 'hits': 4.0, 'immediate_edge': 1.8670507554073623, 'advantage': -2.1329492445926377}]
22:04:53 INFO    fpl_expert.optimise.transfers | defer-aware: [{'n': 1, 'hits': 0.0, 'immediate_edge': 0.0, 'advantage': 0.0}, {'n': 2, 'hits': 4.0, 'immediate_edge': 2.3664251423941565, 'advantage': -1.6335748576058435}]
22:04:53 INFO    fpl_expert.optimise.transfers | defer-aware: [{'n': 1, 'hits': 0.0, 'immediate_edge': 0.0, 'advantage': 0.0}, {'n': 2, 'hits': 4.0, 'immediate_edge': 0.28015296206682905, 'advantage': -3.719847037933171}]
22:04:54 INFO    fpl_expert.optimise.transfers | defer-aware: [{'n': 1, 'hits': 0.0, 'immediate_edge': 0.0, 'advantage': 0.0}, {'n': 2, 'hits': 4.0, 'immediate_edge': 2.9091718455566706, 'advantage': -1.0908281544433294}]
22:04:54 INFO    fpl_expert.backtest.season_sim | GW13: playing bench_boost (best available (12.0 vs 11.1 remaining))
22:04:54 INFO    fpl_expert.optimise.transfers | defer-aware: [{'n': 1, 'hits': 0.0, 'immediate_edge': 0.0, 'advantage': 0.0}, {'n': 2, 'hits': 4.0, 'immediate_edge': 2.795646982158253, 'advantage': -1.204353017841747}]
22:04:55 INFO    fpl_expert.optimise.transfers | defer-aware: [{'n': 1, 'hits': 0.0, 'immediate_edge': 0.0, 'advantage': 0.0}, {'n': 2, 'hits': 4.0, 'immediate_edge': 1.8320746279413243, 'advantage': -2.1679253720586757}]
22:04:55 INFO    fpl_expert.optimise.transfers | defer-aware: [{'n': 1, 'hits': 0.0, 'immediate_edge': 0.0, 'advantage': 0.0}, {'n': 2, 'hits': 4.0, 'immediate_edge': 1.6838346533334487, 'advantage': -2.3161653466665513}]
22:04:55 INFO    fpl_expert.optimise.transfers | defer-aware: [{'n': 1, 'hits': 0.0, 'immediate_edge': 0.0, 'advantage': 0.0}, {'n': 2, 'hits': 4.0, 'immediate_edge': 1.4566266023920136, 'advantage': -2.5433733976079864}]
22:04:55 INFO    fpl_expert.backtest.season_sim | GW17: playing triple_captain (expiring in 2 gw, best remaining 6.8)
22:04:56 INFO    fpl_expert.optimise.transfers | defer-aware: [{'n': 1, 'hits': 0.0, 'immediate_edge': 0.0, 'advantage': 0.0}, {'n': 2, 'hits': 4.0, 'immediate_edge': 1.4941185453884174, 'advantage': -2.5058814546115826}]
22:04:56 INFO    fpl_expert.optimise.transfers | defer-aware: [{'n': 1, 'hits': 0.0, 'immediate_edge': 0.0, 'advantage': 0.0}, {'n': 2, 'hits': 4.0, 'immediate_edge': 1.6167503654339512, 'advantage': -2.3832496345660488}]
22:04:56 INFO    fpl_expert.optimise.transfers | defer-aware: [{'n': 1, 'hits': 0.0, 'immediate_edge': 0.0, 'advantage': 0.0}, {'n': 2, 'hits': 4.0, 'immediate_edge': 0.3220130836068762, 'advantage': -3.677986916393124}]
22:04:57 INFO    fpl_expert.optimise.transfers | defer-aware: [{'n': 1, 'hits': 0.0, 'immediate_edge': 0.0, 'advantage': 0.0}, {'n': 2, 'hits': 4.0, 'immediate_edge': 0.7287079104246885, 'advantage': -3.2712920895753115}]
22:04:57 INFO    fpl_expert.optimise.transfers | defer-aware: [{'n': 1, 'hits': 0.0, 'immediate_edge': 0.0, 'advantage': 0.0}, {'n': 2, 'hits': 4.0, 'immediate_edge': 4.371726085172931, 'advantage': 0.3717260851729307}]
22:04:57 INFO    fpl_expert.optimise.transfers | defer-aware: [{'n': 1, 'hits': 0.0, 'immediate_edge': 0.0, 'advantage': 0.0}, {'n': 2, 'hits': 4.0, 'immediate_edge': -1.2378016769360158, 'advantage': -5.237801676936016}]
22:04:58 INFO    fpl_expert.optimise.transfers | defer-aware: [{'n': 1, 'hits': 0.0, 'immediate_edge': 0.0, 'advantage': 0.0}, {'n': 2, 'hits': 4.0, 'immediate_edge': 3.1173380203252776, 'advantage': -0.8826619796747224}]
22:04:58 INFO    fpl_expert.optimise.transfers | defer-aware: [{'n': 1, 'hits': 0.0, 'immediate_edge': 0.0, 'advantage': 0.0}, {'n': 2, 'hits': 4.0, 'immediate_edge': 2.5012667983022254, 'advantage': -1.4987332016977746}]
22:04:59 INFO    fpl_expert.optimise.transfers | defer-aware: [{'n': 1, 'hits': 0.0, 'immediate_edge': 0.0, 'advantage': 0.0}, {'n': 2, 'hits': 4.0, 'immediate_edge': 3.3284911272067745, 'advantage': -0.6715088727932255}]
22:04:59 INFO    fpl_expert.optimise.transfers | defer-aware: [{'n': 1, 'hits': 0.0, 'immediate_edge': 0.0, 'advantage': 0.0}, {'n': 2, 'hits': 4.0, 'immediate_edge': 0.0, 'advantage': -4.0}]
22:05:00 INFO    fpl_expert.optimise.transfers | defer-aware: [{'n': 1, 'hits': 0.0, 'immediate_edge': 0.0, 'advantage': 0.0}, {'n': 2, 'hits': 4.0, 'immediate_edge': 0.9016192898981501, 'advantage': -3.09838071010185}]
22:05:00 INFO    fpl_expert.optimise.transfers | defer-aware: [{'n': 1, 'hits': 0.0, 'immediate_edge': 0.0, 'advantage': 0.0}, {'n': 2, 'hits': 4.0, 'immediate_edge': -0.45737766237229494, 'advantage': -4.457377662372295}]
22:05:00 INFO    fpl_expert.optimise.transfers | defer-aware: [{'n': 1, 'hits': 0.0, 'immediate_edge': 0.0, 'advantage': 0.0}, {'n': 2, 'hits': 4.0, 'immediate_edge': 0.07049159147305772, 'advantage': -3.9295084085269423}]
22:05:01 INFO    fpl_expert.optimise.transfers | defer-aware: [{'n': 1, 'hits': 0.0, 'immediate_edge': 0.0, 'advantage': 0.0}, {'n': 2, 'hits': 4.0, 'immediate_edge': 2.581241067138272, 'advantage': -1.4187589328617278}]
22:05:01 INFO    fpl_expert.optimise.transfers | defer-aware: [{'n': 1, 'hits': 0.0, 'immediate_edge': 0.0, 'advantage': 0.0}, {'n': 2, 'hits': 4.0, 'immediate_edge': 0.0, 'advantage': -4.0}]
22:05:02 INFO    fpl_expert.optimise.transfers | defer-aware: [{'n': 1, 'hits': 0.0, 'immediate_edge': 0.0, 'advantage': 0.0}, {'n': 2, 'hits': 4.0, 'immediate_edge': 4.1005497835053575, 'advantage': 0.10054978350535748}]
22:05:02 INFO    fpl_expert.optimise.transfers | defer-aware: [{'n': 1, 'hits': 0.0, 'immediate_edge': 0.0, 'advantage': 0.0}, {'n': 2, 'hits': 4.0, 'immediate_edge': -0.0439535762298604, 'advantage': -4.04395357622986}]
22:05:02 INFO    fpl_expert.optimise.transfers | defer-aware: [{'n': 1, 'hits': 0.0, 'immediate_edge': 0.0, 'advantage': 0.0}, {'n': 2, 'hits': 4.0, 'immediate_edge': 0.6913663593836361, 'advantage': -3.308633640616364}]
22:05:02 INFO    fpl_expert.backtest.season_sim | GW35: playing bench_boost (expiring in 3 gw, best remaining 12.1)
22:05:03 INFO    fpl_expert.optimise.transfers | defer-aware: [{'n': 1, 'hits': 0.0, 'immediate_edge': 0.0, 'advantage': 0.0}, {'n': 2, 'hits': 4.0, 'immediate_edge': 0.7696296279426917, 'advantage': -3.2303703720573083}]
22:05:03 INFO    fpl_expert.backtest.season_sim | GW36: playing triple_captain (expiring in 2 gw, best remaining 6.9)
22:05:03 INFO    fpl_expert.optimise.transfers | defer-aware: [{'n': 1, 'hits': 0.0, 'immediate_edge': 0.0, 'advantage': 0.0}, {'n': 2, 'hits': 4.0, 'immediate_edge': 0.7026352779468539, 'advantage': -3.297364722053146}]
22:05:04 INFO    fpl_expert.optimise.transfers | defer-aware: [{'n': 1, 'hits': 0.0, 'immediate_edge': 0.0, 'advantage': 0.0}, {'n': 2, 'hits': 4.0, 'immediate_edge': 0.17807839937364633, 'advantage': -3.8219216006263537}]
22:05:04 INFO    fpl_expert.backtest.ensemble | defer_aware path 6: 2092
22:05:06 INFO    fpl_expert.optimise.transfers | defer-aware: [{'n': 1, 'hits': 0.0, 'immediate_edge': 0.0, 'advantage': 0.0}, {'n': 2, 'hits': 4.0, 'immediate_edge': 2.3226339501387585, 'advantage': -1.6773660498612415}]
22:05:06 INFO    fpl_expert.optimise.transfers | defer-aware: [{'n': 1, 'hits': 0.0, 'immediate_edge': 0.0, 'advantage': 0.0}, {'n': 2, 'hits': 4.0, 'immediate_edge': 3.3387081762699395, 'advantage': -0.6612918237300605}]
22:05:07 INFO    fpl_expert.optimise.transfers | defer-aware: [{'n': 1, 'hits': 0.0, 'immediate_edge': 0.0, 'advantage': 0.0}, {'n': 2, 'hits': 4.0, 'immediate_edge': 2.9294593328945595, 'advantage': -1.0705406671054405}]
22:05:07 INFO    fpl_expert.optimise.transfers | defer-aware: [{'n': 1, 'hits': 0.0, 'immediate_edge': 0.0, 'advantage': 0.0}, {'n': 2, 'hits': 4.0, 'immediate_edge': 2.1898410222670748, 'advantage': -1.8101589777329252}]
22:05:08 INFO    fpl_expert.optimise.transfers | defer-aware: [{'n': 1, 'hits': 0.0, 'immediate_edge': 0.0, 'advantage': 0.0}, {'n': 2, 'hits': 4.0, 'immediate_edge': -0.7569976870629276, 'advantage': -4.756997687062928}]
22:05:08 INFO    fpl_expert.optimise.transfers | defer-aware: [{'n': 1, 'hits': 0.0, 'immediate_edge': 0.0, 'advantage': 0.0}, {'n': 2, 'hits': 4.0, 'immediate_edge': 2.039802276581348, 'advantage': -1.960197723418652}]
22:05:09 INFO    fpl_expert.optimise.transfers | defer-aware: [{'n': 1, 'hits': 0.0, 'immediate_edge': 0.0, 'advantage': 0.0}, {'n': 2, 'hits': 4.0, 'immediate_edge': 1.7946077548246961, 'advantage': -2.205392245175304}]
22:05:09 INFO    fpl_expert.optimise.transfers | defer-aware: [{'n': 1, 'hits': 0.0, 'immediate_edge': 0.0, 'advantage': 0.0}, {'n': 2, 'hits': 4.0, 'immediate_edge': 0.09027246893704444, 'advantage': -3.9097275310629556}]
22:05:09 INFO    fpl_expert.optimise.transfers | defer-aware: [{'n': 1, 'hits': 0.0, 'immediate_edge': 0.0, 'advantage': 0.0}, {'n': 2, 'hits': 4.0, 'immediate_edge': 1.854844894542964, 'advantage': -2.145155105457036}]
22:05:10 INFO    fpl_expert.optimise.transfers | defer-aware: [{'n': 1, 'hits': 0.0, 'immediate_edge': 0.0, 'advantage': 0.0}, {'n': 2, 'hits': 4.0, 'immediate_edge': 2.4210813009255006, 'advantage': -1.5789186990744994}]
22:05:10 INFO    fpl_expert.optimise.transfers | defer-aware: [{'n': 1, 'hits': 0.0, 'immediate_edge': 0.0, 'advantage': 0.0}, {'n': 2, 'hits': 4.0, 'immediate_edge': 0.2682260167197015, 'advantage': -3.7317739832802985}]
22:05:11 INFO    fpl_expert.optimise.transfers | defer-aware: [{'n': 1, 'hits': 0.0, 'immediate_edge': 0.0, 'advantage': 0.0}, {'n': 2, 'hits': 4.0, 'immediate_edge': 2.9126094489870837, 'advantage': -1.0873905510129163}]
22:05:11 INFO    fpl_expert.backtest.season_sim | GW13: playing bench_boost (best available (12.0 vs 11.1 remaining))
22:05:11 INFO    fpl_expert.optimise.transfers | defer-aware: [{'n': 1, 'hits': 0.0, 'immediate_edge': 0.0, 'advantage': 0.0}, {'n': 2, 'hits': 4.0, 'immediate_edge': 2.8017910638315158, 'advantage': -1.1982089361684842}]
22:05:12 INFO    fpl_expert.optimise.transfers | defer-aware: [{'n': 1, 'hits': 0.0, 'immediate_edge': 0.0, 'advantage': 0.0}, {'n': 2, 'hits': 4.0, 'immediate_edge': 1.825897261481451, 'advantage': -2.174102738518549}]
22:05:12 INFO    fpl_expert.optimise.transfers | defer-aware: [{'n': 1, 'hits': 0.0, 'immediate_edge': 0.0, 'advantage': 0.0}, {'n': 2, 'hits': 4.0, 'immediate_edge': 1.6840046572078649, 'advantage': -2.315995342792135}]
22:05:13 INFO    fpl_expert.optimise.transfers | defer-aware: [{'n': 1, 'hits': 0.0, 'immediate_edge': 0.0, 'advantage': 0.0}, {'n': 2, 'hits': 4.0, 'immediate_edge': 1.4462380741690595, 'advantage': -2.5537619258309405}]
22:05:13 INFO    fpl_expert.backtest.season_sim | GW17: playing triple_captain (expiring in 2 gw, best remaining 6.8)
22:05:13 INFO    fpl_expert.optimise.transfers | defer-aware: [{'n': 1, 'hits': 0.0, 'immediate_edge': 0.0, 'advantage': 0.0}, {'n': 2, 'hits': 4.0, 'immediate_edge': 1.5016914463877953, 'advantage': -2.4983085536122047}]
22:05:13 INFO    fpl_expert.optimise.transfers | defer-aware: [{'n': 1, 'hits': 0.0, 'immediate_edge': 0.0, 'advantage': 0.0}, {'n': 2, 'hits': 4.0, 'immediate_edge': 1.6226846915942161, 'advantage': -2.377315308405784}]
22:05:14 INFO    fpl_expert.optimise.transfers | defer-aware: [{'n': 1, 'hits': 0.0, 'immediate_edge': 0.0, 'advantage': 0.0}, {'n': 2, 'hits': 4.0, 'immediate_edge': 0.32625894804417044, 'advantage': -3.6737410519558296}]
22:05:14 INFO    fpl_expert.optimise.transfers | defer-aware: [{'n': 1, 'hits': 0.0, 'immediate_edge': 0.0, 'advantage': 0.0}, {'n': 2, 'hits': 4.0, 'immediate_edge': 0.725579532179303, 'advantage': -3.274420467820697}]
22:05:14 INFO    fpl_expert.optimise.transfers | defer-aware: [{'n': 1, 'hits': 0.0, 'immediate_edge': 0.0, 'advantage': 0.0}, {'n': 2, 'hits': 4.0, 'immediate_edge': 4.382655555164625, 'advantage': 0.3826555551646251}]
22:05:15 INFO    fpl_expert.optimise.transfers | defer-aware: [{'n': 1, 'hits': 0.0, 'immediate_edge': 0.0, 'advantage': 0.0}, {'n': 2, 'hits': 4.0, 'immediate_edge': -1.2351632667155457, 'advantage': -5.235163266715546}]
22:05:16 INFO    fpl_expert.optimise.transfers | defer-aware: [{'n': 1, 'hits': 0.0, 'immediate_edge': 0.0, 'advantage': 0.0}, {'n': 2, 'hits': 4.0, 'immediate_edge': 3.125586412076302, 'advantage': -0.8744135879236978}]
22:05:16 INFO    fpl_expert.optimise.transfers | defer-aware: [{'n': 1, 'hits': 0.0, 'immediate_edge': 0.0, 'advantage': 0.0}, {'n': 2, 'hits': 4.0, 'immediate_edge': 2.4900190313711477, 'advantage': -1.5099809686288523}]
22:05:17 INFO    fpl_expert.optimise.transfers | defer-aware: [{'n': 1, 'hits': 0.0, 'immediate_edge': 0.0, 'advantage': 0.0}, {'n': 2, 'hits': 4.0, 'immediate_edge': 3.3326963276351904, 'advantage': -0.6673036723648096}]
22:05:18 INFO    fpl_expert.optimise.transfers | defer-aware: [{'n': 1, 'hits': 0.0, 'immediate_edge': 0.0, 'advantage': 0.0}, {'n': 2, 'hits': 4.0, 'immediate_edge': 0.0, 'advantage': -4.0}]
22:05:18 INFO    fpl_expert.optimise.transfers | defer-aware: [{'n': 1, 'hits': 0.0, 'immediate_edge': 0.0, 'advantage': 0.0}, {'n': 2, 'hits': 4.0, 'immediate_edge': 0.9071389282767655, 'advantage': -3.0928610717232345}]
22:05:19 INFO    fpl_expert.optimise.transfers | defer-aware: [{'n': 1, 'hits': 0.0, 'immediate_edge': 0.0, 'advantage': 0.0}, {'n': 2, 'hits': 4.0, 'immediate_edge': -0.43879379565342447, 'advantage': -4.4387937956534245}]
22:05:19 INFO    fpl_expert.optimise.transfers | defer-aware: [{'n': 1, 'hits': 0.0, 'immediate_edge': 0.0, 'advantage': 0.0}, {'n': 2, 'hits': 4.0, 'immediate_edge': 0.06295904749647718, 'advantage': -3.937040952503523}]
22:05:20 INFO    fpl_expert.optimise.transfers | defer-aware: [{'n': 1, 'hits': 0.0, 'immediate_edge': 0.0, 'advantage': 0.0}, {'n': 2, 'hits': 4.0, 'immediate_edge': 2.58194960414302, 'advantage': -1.4180503958569801}]
22:05:20 INFO    fpl_expert.optimise.transfers | defer-aware: [{'n': 1, 'hits': 0.0, 'immediate_edge': 0.0, 'advantage': 0.0}, {'n': 2, 'hits': 4.0, 'immediate_edge': 0.0, 'advantage': -4.0}]
22:05:21 INFO    fpl_expert.optimise.transfers | defer-aware: [{'n': 1, 'hits': 0.0, 'immediate_edge': 0.0, 'advantage': 0.0}, {'n': 2, 'hits': 4.0, 'immediate_edge': 4.122127815643381, 'advantage': 0.12212781564338115}]
22:05:21 INFO    fpl_expert.optimise.transfers | defer-aware: [{'n': 1, 'hits': 0.0, 'immediate_edge': 0.0, 'advantage': 0.0}, {'n': 2, 'hits': 4.0, 'immediate_edge': -0.0330683801467373, 'advantage': -4.033068380146737}]
22:05:22 INFO    fpl_expert.optimise.transfers | defer-aware: [{'n': 1, 'hits': 0.0, 'immediate_edge': 0.0, 'advantage': 0.0}, {'n': 2, 'hits': 4.0, 'immediate_edge': 0.6869888019094645, 'advantage': -3.3130111980905355}]
22:05:22 INFO    fpl_expert.backtest.season_sim | GW35: playing bench_boost (expiring in 3 gw, best remaining 12.1)
22:05:22 INFO    fpl_expert.optimise.transfers | defer-aware: [{'n': 1, 'hits': 0.0, 'immediate_edge': 0.0, 'advantage': 0.0}, {'n': 2, 'hits': 4.0, 'immediate_edge': 0.766755663658401, 'advantage': -3.233244336341599}]
22:05:22 INFO    fpl_expert.backtest.season_sim | GW36: playing triple_captain (expiring in 2 gw, best remaining 6.9)
22:05:23 INFO    fpl_expert.optimise.transfers | defer-aware: [{'n': 1, 'hits': 0.0, 'immediate_edge': 0.0, 'advantage': 0.0}, {'n': 2, 'hits': 4.0, 'immediate_edge': 0.7072999199509908, 'advantage': -3.292700080049009}]
22:05:23 INFO    fpl_expert.optimise.transfers | defer-aware: [{'n': 1, 'hits': 0.0, 'immediate_edge': 0.0, 'advantage': 0.0}, {'n': 2, 'hits': 4.0, 'immediate_edge': 0.18591744875624983, 'advantage': -3.81408255124375}]
22:05:23 INFO    fpl_expert.backtest.ensemble | defer_aware path 7: 2092
22:05:25 INFO    fpl_expert.optimise.transfers | defer-aware: [{'n': 1, 'hits': 0.0, 'immediate_edge': 0.0, 'advantage': 0.0}, {'n': 2, 'hits': 4.0, 'immediate_edge': 2.32218790527493, 'advantage': -1.6778120947250699}]
22:05:26 INFO    fpl_expert.optimise.transfers | defer-aware: [{'n': 1, 'hits': 0.0, 'immediate_edge': 0.0, 'advantage': 0.0}, {'n': 2, 'hits': 4.0, 'immediate_edge': 3.338607795677781, 'advantage': -0.6613922043222189}]
22:05:26 INFO    fpl_expert.optimise.transfers | defer-aware: [{'n': 1, 'hits': 0.0, 'immediate_edge': 0.0, 'advantage': 0.0}, {'n': 2, 'hits': 4.0, 'immediate_edge': 2.936247683116868, 'advantage': -1.0637523168831322}]
22:05:26 INFO    fpl_expert.optimise.transfers | defer-aware: [{'n': 1, 'hits': 0.0, 'immediate_edge': 0.0, 'advantage': 0.0}, {'n': 2, 'hits': 4.0, 'immediate_edge': 2.194693808124434, 'advantage': -1.805306191875566}]
22:05:27 INFO    fpl_expert.optimise.transfers | defer-aware: [{'n': 1, 'hits': 0.0, 'immediate_edge': 0.0, 'advantage': 0.0}, {'n': 2, 'hits': 4.0, 'immediate_edge': -0.7562540360937078, 'advantage': -4.756254036093708}]
22:05:27 INFO    fpl_expert.optimise.transfers | defer-aware: [{'n': 1, 'hits': 0.0, 'immediate_edge': 0.0, 'advantage': 0.0}, {'n': 2, 'hits': 4.0, 'immediate_edge': 2.0322102088791425, 'advantage': -1.9677897911208575}]
22:05:28 INFO    fpl_expert.optimise.transfers | defer-aware: [{'n': 1, 'hits': 0.0, 'immediate_edge': 0.0, 'advantage': 0.0}, {'n': 2, 'hits': 4.0, 'immediate_edge': 1.7928014538167218, 'advantage': -2.207198546183278}]
22:05:28 INFO    fpl_expert.optimise.transfers | defer-aware: [{'n': 1, 'hits': 0.0, 'immediate_edge': 0.0, 'advantage': 0.0}, {'n': 2, 'hits': 4.0, 'immediate_edge': 0.09357802824288797, 'advantage': -3.906421971757112}]
22:05:29 INFO    fpl_expert.optimise.transfers | defer-aware: [{'n': 1, 'hits': 0.0, 'immediate_edge': 0.0, 'advantage': 0.0}, {'n': 2, 'hits': 4.0, 'immediate_edge': 1.8650013259375768, 'advantage': -2.134998674062423}]
22:05:29 INFO    fpl_expert.optimise.transfers | defer-aware: [{'n': 1, 'hits': 0.0, 'immediate_edge': 0.0, 'advantage': 0.0}, {'n': 2, 'hits': 4.0, 'immediate_edge': 2.3976361672069118, 'advantage': -1.6023638327930882}]
22:05:30 INFO    fpl_expert.optimise.transfers | defer-aware: [{'n': 1, 'hits': 0.0, 'immediate_edge': 0.0, 'advantage': 0.0}, {'n': 2, 'hits': 4.0, 'immediate_edge': 0.27535821011333184, 'advantage': -3.724641789886668}]
22:05:30 INFO    fpl_expert.optimise.transfers | defer-aware: [{'n': 1, 'hits': 0.0, 'immediate_edge': 0.0, 'advantage': 0.0}, {'n': 2, 'hits': 4.0, 'immediate_edge': 2.9335337285851324, 'advantage': -1.0664662714148676}]
22:05:30 INFO    fpl_expert.backtest.season_sim | GW13: playing bench_boost (best available (12.0 vs 11.1 remaining))
22:05:31 INFO    fpl_expert.optimise.transfers | defer-aware: [{'n': 1, 'hits': 0.0, 'immediate_edge': 0.0, 'advantage': 0.0}, {'n': 2, 'hits': 4.0, 'immediate_edge': 2.773189962048143, 'advantage': -1.2268100379518572}]
22:05:31 INFO    fpl_expert.optimise.transfers | defer-aware: [{'n': 1, 'hits': 0.0, 'immediate_edge': 0.0, 'advantage': 0.0}, {'n': 2, 'hits': 4.0, 'immediate_edge': 1.79743268665883, 'advantage': -2.20256731334117}]
22:05:31 INFO    fpl_expert.optimise.transfers | defer-aware: [{'n': 1, 'hits': 0.0, 'immediate_edge': 0.0, 'advantage': 0.0}, {'n': 2, 'hits': 4.0, 'immediate_edge': 1.6819092072398405, 'advantage': -2.3180907927601595}]
22:05:32 INFO    fpl_expert.optimise.transfers | defer-aware: [{'n': 1, 'hits': 0.0, 'immediate_edge': 0.0, 'advantage': 0.0}, {'n': 2, 'hits': 4.0, 'immediate_edge': 1.4495197723700102, 'advantage': -2.55048022762999}]
22:05:32 INFO    fpl_expert.backtest.season_sim | GW17: playing triple_captain (expiring in 2 gw, best remaining 6.8)
22:05:32 INFO    fpl_expert.optimise.transfers | defer-aware: [{'n': 1, 'hits': 0.0, 'immediate_edge': 0.0, 'advantage': 0.0}, {'n': 2, 'hits': 4.0, 'immediate_edge': 1.502696253949516, 'advantage': -2.497303746050484}]
22:05:32 INFO    fpl_expert.optimise.transfers | defer-aware: [{'n': 1, 'hits': 0.0, 'immediate_edge': 0.0, 'advantage': 0.0}, {'n': 2, 'hits': 4.0, 'immediate_edge': 1.6121947030033468, 'advantage': -2.3878052969966532}]
22:05:33 INFO    fpl_expert.optimise.transfers | defer-aware: [{'n': 1, 'hits': 0.0, 'immediate_edge': 0.0, 'advantage': 0.0}, {'n': 2, 'hits': 4.0, 'immediate_edge': 0.314796191918731, 'advantage': -3.685203808081269}]
22:05:33 INFO    fpl_expert.optimise.transfers | defer-aware: [{'n': 1, 'hits': 0.0, 'immediate_edge': 0.0, 'advantage': 0.0}, {'n': 2, 'hits': 4.0, 'immediate_edge': 0.7298184063274036, 'advantage': -3.2701815936725964}]
22:05:34 INFO    fpl_expert.optimise.transfers | defer-aware: [{'n': 1, 'hits': 0.0, 'immediate_edge': 0.0, 'advantage': 0.0}, {'n': 2, 'hits': 4.0, 'immediate_edge': 4.3497336138003675, 'advantage': 0.3497336138003675}]
22:05:34 INFO    fpl_expert.optimise.transfers | defer-aware: [{'n': 1, 'hits': 0.0, 'immediate_edge': 0.0, 'advantage': 0.0}, {'n': 2, 'hits': 4.0, 'immediate_edge': -1.2519613562283567, 'advantage': -5.251961356228357}]
22:05:35 INFO    fpl_expert.optimise.transfers | defer-aware: [{'n': 1, 'hits': 0.0, 'immediate_edge': 0.0, 'advantage': 0.0}, {'n': 2, 'hits': 4.0, 'immediate_edge': 3.1344059434822213, 'advantage': -0.8655940565177787}]
22:05:35 INFO    fpl_expert.optimise.transfers | defer-aware: [{'n': 1, 'hits': 0.0, 'immediate_edge': 0.0, 'advantage': 0.0}, {'n': 2, 'hits': 4.0, 'immediate_edge': 2.5086638197190467, 'advantage': -1.4913361802809533}]
22:05:35 INFO    fpl_expert.optimise.transfers | defer-aware: [{'n': 1, 'hits': 0.0, 'immediate_edge': 0.0, 'advantage': 0.0}, {'n': 2, 'hits': 4.0, 'immediate_edge': 3.329168424518386, 'advantage': -0.6708315754816141}]
22:05:36 INFO    fpl_expert.optimise.transfers | defer-aware: [{'n': 1, 'hits': 0.0, 'immediate_edge': 0.0, 'advantage': 0.0}, {'n': 2, 'hits': 4.0, 'immediate_edge': 0.0, 'advantage': -4.0}]
22:05:36 INFO    fpl_expert.optimise.transfers | defer-aware: [{'n': 1, 'hits': 0.0, 'immediate_edge': 0.0, 'advantage': 0.0}, {'n': 2, 'hits': 4.0, 'immediate_edge': 0.9039474703434109, 'advantage': -3.096052529656589}]
22:05:37 INFO    fpl_expert.optimise.transfers | defer-aware: [{'n': 1, 'hits': 0.0, 'immediate_edge': 0.0, 'advantage': 0.0}, {'n': 2, 'hits': 4.0, 'immediate_edge': -0.4400716543388583, 'advantage': -4.440071654338858}]
22:05:37 INFO    fpl_expert.optimise.transfers | defer-aware: [{'n': 1, 'hits': 0.0, 'immediate_edge': 0.0, 'advantage': 0.0}, {'n': 2, 'hits': 4.0, 'immediate_edge': 0.0723050159284142, 'advantage': -3.927694984071586}]
22:05:38 INFO    fpl_expert.optimise.transfers | defer-aware: [{'n': 1, 'hits': 0.0, 'immediate_edge': 0.0, 'advantage': 0.0}, {'n': 2, 'hits': 4.0, 'immediate_edge': 2.5763695242189186, 'advantage': -1.4236304757810814}]
22:05:38 INFO    fpl_expert.optimise.transfers | defer-aware: [{'n': 1, 'hits': 0.0, 'immediate_edge': 0.0, 'advantage': 0.0}, {'n': 2, 'hits': 4.0, 'immediate_edge': 0.0, 'advantage': -4.0}]
22:05:38 INFO    fpl_expert.optimise.transfers | defer-aware: [{'n': 1, 'hits': 0.0, 'immediate_edge': 0.0, 'advantage': 0.0}, {'n': 2, 'hits': 4.0, 'immediate_edge': 4.114051412023386, 'advantage': 0.11405141202338598}]
22:05:39 INFO    fpl_expert.optimise.transfers | defer-aware: [{'n': 1, 'hits': 0.0, 'immediate_edge': 0.0, 'advantage': 0.0}, {'n': 2, 'hits': 4.0, 'immediate_edge': -0.04468024183815089, 'advantage': -4.044680241838151}]
22:05:39 INFO    fpl_expert.optimise.transfers | defer-aware: [{'n': 1, 'hits': 0.0, 'immediate_edge': 0.0, 'advantage': 0.0}, {'n': 2, 'hits': 4.0, 'immediate_edge': 0.6894264985429643, 'advantage': -3.3105735014570357}]
22:05:39 INFO    fpl_expert.backtest.season_sim | GW35: playing bench_boost (expiring in 3 gw, best remaining 12.1)
22:05:40 INFO    fpl_expert.optimise.transfers | defer-aware: [{'n': 1, 'hits': 0.0, 'immediate_edge': 0.0, 'advantage': 0.0}, {'n': 2, 'hits': 4.0, 'immediate_edge': 0.7609644417016739, 'advantage': -3.239035558298326}]
22:05:40 INFO    fpl_expert.backtest.season_sim | GW36: playing triple_captain (expiring in 2 gw, best remaining 6.9)
22:05:40 INFO    fpl_expert.optimise.transfers | defer-aware: [{'n': 1, 'hits': 0.0, 'immediate_edge': 0.0, 'advantage': 0.0}, {'n': 2, 'hits': 4.0, 'immediate_edge': 0.7063290530345085, 'advantage': -3.2936709469654915}]
22:05:41 INFO    fpl_expert.optimise.transfers | defer-aware: [{'n': 1, 'hits': 0.0, 'immediate_edge': 0.0, 'advantage': 0.0}, {'n': 2, 'hits': 4.0, 'immediate_edge': 0.18191192671636003, 'advantage': -3.81808807328364}]
22:05:41 INFO    fpl_expert.backtest.ensemble | defer_aware path 8: 2092
22:05:43 INFO    fpl_expert.optimise.transfers | defer-aware: [{'n': 1, 'hits': 0.0, 'immediate_edge': 0.0, 'advantage': 0.0}, {'n': 2, 'hits': 4.0, 'immediate_edge': 2.3222037050941964, 'advantage': -1.6777962949058036}]
22:05:43 INFO    fpl_expert.optimise.transfers | defer-aware: [{'n': 1, 'hits': 0.0, 'immediate_edge': 0.0, 'advantage': 0.0}, {'n': 2, 'hits': 4.0, 'immediate_edge': 3.340754568890766, 'advantage': -0.659245431109234}]
22:05:43 INFO    fpl_expert.optimise.transfers | defer-aware: [{'n': 1, 'hits': 0.0, 'immediate_edge': 0.0, 'advantage': 0.0}, {'n': 2, 'hits': 4.0, 'immediate_edge': 2.9372113548121206, 'advantage': -1.0627886451878794}]
22:05:44 INFO    fpl_expert.optimise.transfers | defer-aware: [{'n': 1, 'hits': 0.0, 'immediate_edge': 0.0, 'advantage': 0.0}, {'n': 2, 'hits': 4.0, 'immediate_edge': 2.1986579430419084, 'advantage': -1.8013420569580916}]
22:05:44 INFO    fpl_expert.optimise.transfers | defer-aware: [{'n': 1, 'hits': 0.0, 'immediate_edge': 0.0, 'advantage': 0.0}, {'n': 2, 'hits': 4.0, 'immediate_edge': -0.7462525877133004, 'advantage': -4.7462525877133}]
22:05:45 INFO    fpl_expert.optimise.transfers | defer-aware: [{'n': 1, 'hits': 0.0, 'immediate_edge': 0.0, 'advantage': 0.0}, {'n': 2, 'hits': 4.0, 'immediate_edge': 2.038267229912492, 'advantage': -1.961732770087508}]
22:05:45 INFO    fpl_expert.optimise.transfers | defer-aware: [{'n': 1, 'hits': 0.0, 'immediate_edge': 0.0, 'advantage': 0.0}, {'n': 2, 'hits': 4.0, 'immediate_edge': 1.7930123576575454, 'advantage': -2.2069876423424546}]
22:05:46 INFO    fpl_expert.optimise.transfers | defer-aware: [{'n': 1, 'hits': 0.0, 'immediate_edge': 0.0, 'advantage': 0.0}, {'n': 2, 'hits': 4.0, 'immediate_edge': -0.6154765977529664, 'advantage': -4.615476597752966}]
22:05:46 INFO    fpl_expert.optimise.transfers | defer-aware: [{'n': 1, 'hits': 0.0, 'immediate_edge': 0.0, 'advantage': 0.0}, {'n': 2, 'hits': 4.0, 'immediate_edge': 1.8583685886980135, 'advantage': -2.1416314113019865}]
22:05:47 INFO    fpl_expert.optimise.transfers | defer-aware: [{'n': 1, 'hits': 0.0, 'immediate_edge': 0.0, 'advantage': 0.0}, {'n': 2, 'hits': 4.0, 'immediate_edge': 2.4190545031985096, 'advantage': -1.5809454968014904}]
22:05:47 INFO    fpl_expert.optimise.transfers | defer-aware: [{'n': 1, 'hits': 0.0, 'immediate_edge': 0.0, 'advantage': 0.0}, {'n': 2, 'hits': 4.0, 'immediate_edge': 0.26808136383285586, 'advantage': -3.731918636167144}]
22:05:47 INFO    fpl_expert.optimise.transfers | defer-aware: [{'n': 1, 'hits': 0.0, 'immediate_edge': 0.0, 'advantage': 0.0}, {'n': 2, 'hits': 4.0, 'immediate_edge': 2.942888721618317, 'advantage': -1.057111278381683}]
22:05:48 INFO    fpl_expert.backtest.season_sim | GW13: playing bench_boost (best available (12.0 vs 11.1 remaining))
22:05:48 INFO    fpl_expert.optimise.transfers | defer-aware: [{'n': 1, 'hits': 0.0, 'immediate_edge': 0.0, 'advantage': 0.0}, {'n': 2, 'hits': 4.0, 'immediate_edge': 2.8413512878448373, 'advantage': -1.1586487121551627}]
22:05:48 INFO    fpl_expert.optimise.transfers | defer-aware: [{'n': 1, 'hits': 0.0, 'immediate_edge': 0.0, 'advantage': 0.0}, {'n': 2, 'hits': 4.0, 'immediate_edge': 1.7976700865550157, 'advantage': -2.2023299134449843}]
22:05:49 INFO    fpl_expert.optimise.transfers | defer-aware: [{'n': 1, 'hits': 0.0, 'immediate_edge': 0.0, 'advantage': 0.0}, {'n': 2, 'hits': 4.0, 'immediate_edge': 1.6844913921534186, 'advantage': -2.3155086078465814}]
22:05:49 INFO    fpl_expert.optimise.transfers | defer-aware: [{'n': 1, 'hits': 0.0, 'immediate_edge': 0.0, 'advantage': 0.0}, {'n': 2, 'hits': 4.0, 'immediate_edge': 1.4599535647139987, 'advantage': -2.5400464352860013}]
22:05:49 INFO    fpl_expert.optimise.transfers | defer-aware: [{'n': 1, 'hits': 0.0, 'immediate_edge': 0.0, 'advantage': 0.0}, {'n': 2, 'hits': 4.0, 'immediate_edge': 1.4915467508066769, 'advantage': -2.508453249193323}]
22:05:49 INFO    fpl_expert.backtest.season_sim | GW18: playing triple_captain (expiring in 1 gw, best remaining 5.8)
22:05:50 INFO    fpl_expert.optimise.transfers | defer-aware: [{'n': 1, 'hits': 0.0, 'immediate_edge': 0.0, 'advantage': 0.0}, {'n': 2, 'hits': 4.0, 'immediate_edge': 1.6035912399567849, 'advantage': -2.396408760043215}]
22:05:50 INFO    fpl_expert.optimise.transfers | defer-aware: [{'n': 1, 'hits': 0.0, 'immediate_edge': 0.0, 'advantage': 0.0}, {'n': 2, 'hits': 4.0, 'immediate_edge': 0.3151656010659849, 'advantage': -3.684834398934015}]
22:05:51 INFO    fpl_expert.optimise.transfers | defer-aware: [{'n': 1, 'hits': 0.0, 'immediate_edge': 0.0, 'advantage': 0.0}, {'n': 2, 'hits': 4.0, 'immediate_edge': 0.7266733109120622, 'advantage': -3.273326689087938}]
22:05:51 INFO    fpl_expert.optimise.transfers | defer-aware: [{'n': 1, 'hits': 0.0, 'immediate_edge': 0.0, 'advantage': 0.0}, {'n': 2, 'hits': 4.0, 'immediate_edge': 4.364618045263555, 'advantage': 0.3646180452635548}]
22:05:51 INFO    fpl_expert.optimise.transfers | defer-aware: [{'n': 1, 'hits': 0.0, 'immediate_edge': 0.0, 'advantage': 0.0}, {'n': 2, 'hits': 4.0, 'immediate_edge': -1.2246302286446564, 'advantage': -5.224630228644656}]
22:05:52 INFO    fpl_expert.optimise.transfers | defer-aware: [{'n': 1, 'hits': 0.0, 'immediate_edge': 0.0, 'advantage': 0.0}, {'n': 2, 'hits': 4.0, 'immediate_edge': 3.139278478541705, 'advantage': -0.8607215214582951}]
22:05:52 INFO    fpl_expert.optimise.transfers | defer-aware: [{'n': 1, 'hits': 0.0, 'immediate_edge': 0.0, 'advantage': 0.0}, {'n': 2, 'hits': 4.0, 'immediate_edge': 2.503080337119769, 'advantage': -1.4969196628802308}]
22:05:53 INFO    fpl_expert.optimise.transfers | defer-aware: [{'n': 1, 'hits': 0.0, 'immediate_edge': 0.0, 'advantage': 0.0}, {'n': 2, 'hits': 4.0, 'immediate_edge': 3.3400323802883207, 'advantage': -0.6599676197116793}]
22:05:53 INFO    fpl_expert.optimise.transfers | defer-aware: [{'n': 1, 'hits': 0.0, 'immediate_edge': 0.0, 'advantage': 0.0}, {'n': 2, 'hits': 4.0, 'immediate_edge': 0.0, 'advantage': -4.0}]
22:05:54 INFO    fpl_expert.optimise.transfers | defer-aware: [{'n': 1, 'hits': 0.0, 'immediate_edge': 0.0, 'advantage': 0.0}, {'n': 2, 'hits': 4.0, 'immediate_edge': 0.902145020780857, 'advantage': -3.097854979219143}]
22:05:54 INFO    fpl_expert.optimise.transfers | defer-aware: [{'n': 1, 'hits': 0.0, 'immediate_edge': 0.0, 'advantage': 0.0}, {'n': 2, 'hits': 4.0, 'immediate_edge': -0.44311523103949213, 'advantage': -4.443115231039492}]
22:05:54 INFO    fpl_expert.optimise.transfers | defer-aware: [{'n': 1, 'hits': 0.0, 'immediate_edge': 0.0, 'advantage': 0.0}, {'n': 2, 'hits': 4.0, 'immediate_edge': 0.06258608867818793, 'advantage': -3.937413911321812}]
22:05:55 INFO    fpl_expert.optimise.transfers | defer-aware: [{'n': 1, 'hits': 0.0, 'immediate_edge': 0.0, 'advantage': 0.0}, {'n': 2, 'hits': 4.0, 'immediate_edge': 2.5775056457560055, 'advantage': -1.4224943542439945}]
22:05:55 INFO    fpl_expert.optimise.transfers | defer-aware: [{'n': 1, 'hits': 0.0, 'immediate_edge': 0.0, 'advantage': 0.0}, {'n': 2, 'hits': 4.0, 'immediate_edge': 0.0, 'advantage': -4.0}]
22:05:56 INFO    fpl_expert.optimise.transfers | defer-aware: [{'n': 1, 'hits': 0.0, 'immediate_edge': 0.0, 'advantage': 0.0}, {'n': 2, 'hits': 4.0, 'immediate_edge': 4.096895994489316, 'advantage': 0.09689599448931574}]
22:05:56 INFO    fpl_expert.optimise.transfers | defer-aware: [{'n': 1, 'hits': 0.0, 'immediate_edge': 0.0, 'advantage': 0.0}, {'n': 2, 'hits': 4.0, 'immediate_edge': -0.03424991572813951, 'advantage': -4.0342499157281395}]
22:05:57 INFO    fpl_expert.optimise.transfers | defer-aware: [{'n': 1, 'hits': 0.0, 'immediate_edge': 0.0, 'advantage': 0.0}, {'n': 2, 'hits': 4.0, 'immediate_edge': 0.6985046904019256, 'advantage': -3.3014953095980744}]
22:05:57 INFO    fpl_expert.backtest.season_sim | GW35: playing bench_boost (expiring in 3 gw, best remaining 12.1)
22:05:57 INFO    fpl_expert.optimise.transfers | defer-aware: [{'n': 1, 'hits': 0.0, 'immediate_edge': 0.0, 'advantage': 0.0}, {'n': 2, 'hits': 4.0, 'immediate_edge': 0.7534195193462381, 'advantage': -3.246580480653762}]
22:05:57 INFO    fpl_expert.backtest.season_sim | GW36: playing triple_captain (expiring in 2 gw, best remaining 6.9)
22:05:57 INFO    fpl_expert.optimise.transfers | defer-aware: [{'n': 1, 'hits': 0.0, 'immediate_edge': 0.0, 'advantage': 0.0}, {'n': 2, 'hits': 4.0, 'immediate_edge': 0.7043450907100919, 'advantage': -3.295654909289908}]
22:05:58 INFO    fpl_expert.optimise.transfers | defer-aware: [{'n': 1, 'hits': 0.0, 'immediate_edge': 0.0, 'advantage': 0.0}, {'n': 2, 'hits': 4.0, 'immediate_edge': 0.17475033428454623, 'advantage': -3.8252496657154538}]
22:05:58 INFO    fpl_expert.backtest.ensemble | defer_aware path 9: 2094
  2025-26 defer_aware        mean    2093  sd   2.2

per-path totals written to `ensemble_runs` (60 rows)

PAIRED against 'horizon', differenced within each shared path
    variant   mean    sd  mean_diff   se  ci_low  ci_high  wins  paths  excludes_zero  seasons_agree  adoptable  sign_2023-24  sign_2024-25  sign_2025-26
defer_aware 2249.7 115.2       60.1 20.2    20.5     99.8  0.63     30           True          False      False          -1.0           1.0           1.0
    horizon 2189.6 124.0        0.0  0.0     0.0      0.0  0.00     30          False          False      False           0.0           0.0           0.0

PER SEASON, paired within each shared path
 season     variant   mean   sd  mean_diff   se  ci_low  ci_high  wins  paths
2023-24     horizon 2351.2  5.8        0.0  0.0     0.0      0.0   0.0     10
2023-24 defer_aware 2310.0  0.0      -41.2  1.8   -44.8    -37.6   0.0     10
2024-25 defer_aware 2346.0 33.7      197.2 22.4   153.3    241.1   1.0     10
2024-25     horizon 2148.8 40.3        0.0  0.0     0.0      0.0   0.0     10
2025-26 defer_aware 2093.1  2.2       24.4  9.1     6.6     42.2   0.9     10
2025-26     horizon 2068.7 28.2        0.0  0.0     0.0      0.0   0.0     10

`adoptable` needs BOTH: a paired interval excluding zero (the effect is real across
these seasons) AND the sign agreeing in every season (ground rule 2). Path averaging
sharpens the first; it cannot substitute for the second.
