08:49:33 INFO    fpl_expert.backtest.season_sim | GW15: playing triple_captain (best available (9.1 vs 8.2 remaining))
08:49:34 INFO    fpl_expert.backtest.season_sim | GW18: playing bench_boost (expiring in 1 gw, best remaining 3.8)
08:49:37 INFO    fpl_expert.backtest.season_sim | GW33: playing bench_boost (best available (14.2 vs 13.9 remaining))
08:49:37 INFO    fpl_expert.backtest.season_sim | GW34: playing triple_captain (best available (12.9 vs 11.9 remaining))
08:49:37 INFO    fpl_expert.backtest.ensemble | horizon path 0: 2349
08:49:41 INFO    fpl_expert.backtest.season_sim | GW15: playing triple_captain (best available (9.1 vs 8.2 remaining))
08:49:41 INFO    fpl_expert.backtest.season_sim | GW18: playing bench_boost (expiring in 1 gw, best remaining 3.8)
08:49:44 INFO    fpl_expert.backtest.season_sim | GW33: playing bench_boost (best available (14.2 vs 13.9 remaining))
08:49:44 INFO    fpl_expert.backtest.season_sim | GW34: playing triple_captain (best available (12.9 vs 11.9 remaining))
08:49:45 INFO    fpl_expert.backtest.ensemble | horizon path 1: 2349
08:49:49 INFO    fpl_expert.backtest.season_sim | GW15: playing triple_captain (best available (9.1 vs 8.2 remaining))
08:49:49 INFO    fpl_expert.backtest.season_sim | GW18: playing bench_boost (expiring in 1 gw, best remaining 3.8)
08:49:52 INFO    fpl_expert.backtest.season_sim | GW33: playing bench_boost (best available (13.5 vs 13.5 remaining))
08:49:52 INFO    fpl_expert.backtest.season_sim | GW34: playing triple_captain (best available (12.9 vs 11.9 remaining))
08:49:52 INFO    fpl_expert.backtest.ensemble | horizon path 2: 2362
08:49:56 INFO    fpl_expert.backtest.season_sim | GW15: playing triple_captain (best available (9.1 vs 8.2 remaining))
08:49:57 INFO    fpl_expert.backtest.season_sim | GW18: playing bench_boost (expiring in 1 gw, best remaining 3.8)
08:49:59 INFO    fpl_expert.backtest.season_sim | GW33: playing bench_boost (best available (14.2 vs 13.9 remaining))
08:50:00 INFO    fpl_expert.backtest.season_sim | GW34: playing triple_captain (best available (12.9 vs 11.9 remaining))
08:50:00 INFO    fpl_expert.backtest.ensemble | horizon path 3: 2349
08:50:04 INFO    fpl_expert.backtest.season_sim | GW15: playing triple_captain (best available (9.1 vs 8.2 remaining))
08:50:04 INFO    fpl_expert.backtest.season_sim | GW18: playing bench_boost (expiring in 1 gw, best remaining 3.8)
08:50:07 INFO    fpl_expert.backtest.season_sim | GW33: playing bench_boost (best available (14.2 vs 13.9 remaining))
08:50:07 INFO    fpl_expert.backtest.season_sim | GW34: playing triple_captain (best available (12.9 vs 11.9 remaining))
08:50:08 INFO    fpl_expert.backtest.ensemble | horizon path 4: 2349
08:50:11 INFO    fpl_expert.backtest.season_sim | GW15: playing triple_captain (best available (9.1 vs 8.2 remaining))
08:50:12 INFO    fpl_expert.backtest.season_sim | GW18: playing bench_boost (expiring in 1 gw, best remaining 3.8)
08:50:14 INFO    fpl_expert.backtest.season_sim | GW33: playing bench_boost (best available (14.2 vs 13.9 remaining))
08:50:15 INFO    fpl_expert.backtest.season_sim | GW34: playing triple_captain (best available (12.9 vs 11.9 remaining))
08:50:15 INFO    fpl_expert.backtest.ensemble | horizon path 5: 2349
08:50:19 INFO    fpl_expert.backtest.season_sim | GW15: playing triple_captain (best available (9.1 vs 8.2 remaining))
08:50:19 INFO    fpl_expert.backtest.season_sim | GW18: playing bench_boost (expiring in 1 gw, best remaining 3.8)
08:50:22 INFO    fpl_expert.backtest.season_sim | GW33: playing bench_boost (best available (13.5 vs 13.4 remaining))
08:50:22 INFO    fpl_expert.backtest.season_sim | GW34: playing triple_captain (best available (12.9 vs 11.9 remaining))
08:50:23 INFO    fpl_expert.backtest.ensemble | horizon path 6: 2362
08:50:26 INFO    fpl_expert.backtest.season_sim | GW15: playing triple_captain (best available (9.1 vs 8.2 remaining))
08:50:27 INFO    fpl_expert.backtest.season_sim | GW18: playing bench_boost (expiring in 1 gw, best remaining 3.8)
08:50:29 INFO    fpl_expert.backtest.season_sim | GW33: playing bench_boost (best available (14.2 vs 13.9 remaining))
08:50:30 INFO    fpl_expert.backtest.season_sim | GW34: playing triple_captain (best available (12.9 vs 11.9 remaining))
08:50:30 INFO    fpl_expert.backtest.ensemble | horizon path 7: 2349
08:50:34 INFO    fpl_expert.backtest.season_sim | GW15: playing triple_captain (best available (9.1 vs 8.2 remaining))
08:50:35 INFO    fpl_expert.backtest.season_sim | GW18: playing bench_boost (expiring in 1 gw, best remaining 3.8)
08:50:37 INFO    fpl_expert.backtest.season_sim | GW33: playing bench_boost (best available (14.2 vs 13.9 remaining))
08:50:37 INFO    fpl_expert.backtest.season_sim | GW34: playing triple_captain (best available (12.9 vs 11.9 remaining))
08:50:38 INFO    fpl_expert.backtest.ensemble | horizon path 8: 2349
08:50:42 INFO    fpl_expert.backtest.season_sim | GW15: playing triple_captain (best available (9.1 vs 8.2 remaining))
08:50:42 INFO    fpl_expert.backtest.season_sim | GW18: playing bench_boost (expiring in 1 gw, best remaining 3.8)
08:50:45 INFO    fpl_expert.backtest.season_sim | GW33: playing bench_boost (best available (14.2 vs 13.9 remaining))
08:50:45 INFO    fpl_expert.backtest.season_sim | GW34: playing triple_captain (best available (12.9 vs 11.9 remaining))
08:50:45 INFO    fpl_expert.backtest.ensemble | horizon path 9: 2345
  2023-24 horizon            mean    2351  sd   5.8
08:50:47 INFO    fpl_expert.optimise.transfers | bench-aware rescoring: [{'n': 0, 'delta': 0.0, 'hits': 0.0, 'net': 0.0}, {'n': 1, 'delta': 14.982144533826045, 'hits': 0.0, 'net': 14.982144533826045}, {'n': 2, 'delta': 31.824633587043024, 'hits': 4.0, 'net': 27.824633587043024}]
08:50:47 INFO    fpl_expert.optimise.transfers | bench-aware rescoring: [{'n': 0, 'delta': 0.0, 'hits': 0.0, 'net': 0.0}, {'n': 1, 'delta': 23.458453294932127, 'hits': 0.0, 'net': 23.458453294932127}, {'n': 2, 'delta': 44.63493138824356, 'hits': 4.0, 'net': 40.63493138824356}]
08:50:48 INFO    fpl_expert.optimise.transfers | bench-aware rescoring: [{'n': 0, 'delta': 0.0, 'hits': 0.0, 'net': 0.0}, {'n': 1, 'delta': 1.0455960082575189, 'hits': 0.0, 'net': 1.0455960082575189}, {'n': 2, 'delta': 12.399969772044983, 'hits': 4.0, 'net': 8.399969772044983}]
08:50:48 INFO    fpl_expert.optimise.transfers | bench-aware rescoring: [{'n': 0, 'delta': 0.0, 'hits': 0.0, 'net': 0.0}, {'n': 1, 'delta': 6.614871988806527, 'hits': 0.0, 'net': 6.614871988806527}, {'n': 2, 'delta': 8.121741418854413, 'hits': 4.0, 'net': 4.121741418854413}]
08:50:48 INFO    fpl_expert.optimise.transfers | bench-aware rescoring: [{'n': 0, 'delta': 0.0, 'hits': 0.0, 'net': 0.0}, {'n': 1, 'delta': 8.343773427215098, 'hits': 0.0, 'net': 8.343773427215098}, {'n': 2, 'delta': 9.721988769614939, 'hits': 4.0, 'net': 5.7219887696149385}]
08:50:49 INFO    fpl_expert.optimise.transfers | bench-aware rescoring: [{'n': 0, 'delta': 0.0, 'hits': 0.0, 'net': 0.0}, {'n': 1, 'delta': 6.608977221386539, 'hits': 0.0, 'net': 6.608977221386539}, {'n': 2, 'delta': 12.963056177560674, 'hits': 4.0, 'net': 8.963056177560674}]
08:50:49 INFO    fpl_expert.optimise.transfers | bench-aware rescoring: [{'n': 0, 'delta': 0.0, 'hits': 0.0, 'net': 0.0}, {'n': 1, 'delta': 4.547427951801609, 'hits': 0.0, 'net': 4.547427951801609}, {'n': 2, 'delta': 7.305755509913723, 'hits': 4.0, 'net': 3.3057555099137232}]
08:50:50 INFO    fpl_expert.optimise.transfers | bench-aware rescoring: [{'n': 0, 'delta': 0.0, 'hits': 0.0, 'net': 0.0}, {'n': 1, 'delta': 0.16926580872899422, 'hits': 0.0, 'net': 0.16926580872899422}, {'n': 2, 'delta': 3.250877793427918, 'hits': 4.0, 'net': -0.749122206572082}]
08:50:50 INFO    fpl_expert.optimise.transfers | bench-aware rescoring: [{'n': 0, 'delta': 0.0, 'hits': 0.0, 'net': 0.0}, {'n': 1, 'delta': 4.317807526725403, 'hits': 0.0, 'net': 4.317807526725403}, {'n': 2, 'delta': 8.547752444983928, 'hits': 4.0, 'net': 4.547752444983928}]
08:50:50 INFO    fpl_expert.optimise.transfers | bench-aware rescoring: [{'n': 0, 'delta': 0.0, 'hits': 0.0, 'net': 0.0}, {'n': 1, 'delta': 3.4266722970472756, 'hits': 0.0, 'net': 3.4266722970472756}, {'n': 2, 'delta': 2.196082176671098, 'hits': 4.0, 'net': -1.8039178233289022}]
08:50:51 INFO    fpl_expert.optimise.transfers | bench-aware rescoring: [{'n': 0, 'delta': 0.0, 'hits': 0.0, 'net': 0.0}, {'n': 1, 'delta': 1.1385353087931662, 'hits': 0.0, 'net': 1.1385353087931662}, {'n': 2, 'delta': 5.33316086208157, 'hits': 4.0, 'net': 1.33316086208157}]
08:50:51 INFO    fpl_expert.optimise.transfers | bench-aware rescoring: [{'n': 0, 'delta': 0.0, 'hits': 0.0, 'net': 0.0}, {'n': 1, 'delta': 4.39830805516192, 'hits': 0.0, 'net': 4.39830805516192}, {'n': 2, 'delta': 4.695112706994166, 'hits': 4.0, 'net': 0.6951127069941663}]
08:50:52 INFO    fpl_expert.optimise.transfers | bench-aware rescoring: [{'n': 0, 'delta': 0.0, 'hits': 0.0, 'net': 0.0}, {'n': 1, 'delta': 2.4059945356078742, 'hits': 0.0, 'net': 2.4059945356078742}, {'n': 2, 'delta': 5.153660918292303, 'hits': 4.0, 'net': 1.153660918292303}]
08:50:52 INFO    fpl_expert.backtest.season_sim | GW14: playing bench_boost (best available (13.0 vs 11.8 remaining))
08:50:52 INFO    fpl_expert.optimise.transfers | bench-aware rescoring: [{'n': 0, 'delta': 0.0, 'hits': 0.0, 'net': 0.0}, {'n': 1, 'delta': 1.7879849461255048, 'hits': 0.0, 'net': 1.7879849461255048}, {'n': 2, 'delta': 1.8519107798206846, 'hits': 4.0, 'net': -2.1480892201793154}]
08:50:52 INFO    fpl_expert.backtest.season_sim | GW15: playing triple_captain (best available (9.1 vs 8.2 remaining))
08:50:52 INFO    fpl_expert.optimise.transfers | bench-aware rescoring: [{'n': 0, 'delta': 0.0, 'hits': 0.0, 'net': 0.0}, {'n': 1, 'delta': 1.9575899239675323, 'hits': 0.0, 'net': 1.9575899239675323}, {'n': 2, 'delta': 3.2813854340053865, 'hits': 4.0, 'net': -0.7186145659946135}]
08:50:53 INFO    fpl_expert.optimise.transfers | bench-aware rescoring: [{'n': 0, 'delta': 0.0, 'hits': 0.0, 'net': 0.0}, {'n': 1, 'delta': 1.6505726991561573, 'hits': 0.0, 'net': 1.6505726991561573}, {'n': 2, 'delta': 9.416043584007298, 'hits': 4.0, 'net': 5.416043584007298}]
08:50:53 INFO    fpl_expert.optimise.transfers | bench-aware rescoring: [{'n': 0, 'delta': 0.0, 'hits': 0.0, 'net': 0.0}, {'n': 1, 'delta': 26.841572226555655, 'hits': 0.0, 'net': 26.841572226555655}, {'n': 2, 'delta': 32.77023495569344, 'hits': 4.0, 'net': 28.77023495569344}]
08:50:54 INFO    fpl_expert.optimise.transfers | bench-aware rescoring: [{'n': 0, 'delta': 0.0, 'hits': 0.0, 'net': 0.0}, {'n': 1, 'delta': 6.375107758873014, 'hits': 0.0, 'net': 6.375107758873014}, {'n': 2, 'delta': 6.676334237802934, 'hits': 4.0, 'net': 2.6763342378029336}]
08:50:54 INFO    fpl_expert.optimise.transfers | bench-aware rescoring: [{'n': 0, 'delta': 0.0, 'hits': 0.0, 'net': 0.0}, {'n': 1, 'delta': 0.3478125290253047, 'hits': 0.0, 'net': 0.3478125290253047}, {'n': 2, 'delta': 2.9455994867680033, 'hits': 4.0, 'net': -1.0544005132319967}]
08:50:54 INFO    fpl_expert.optimise.transfers | bench-aware rescoring: [{'n': 0, 'delta': 0.0, 'hits': 0.0, 'net': 0.0}, {'n': 1, 'delta': 0.21259983945225258, 'hits': 0.0, 'net': 0.21259983945225258}, {'n': 2, 'delta': 2.6613071313345245, 'hits': 4.0, 'net': -1.3386928686654755}]
08:50:55 INFO    fpl_expert.optimise.transfers | bench-aware rescoring: [{'n': 0, 'delta': 0.0, 'hits': 0.0, 'net': 0.0}, {'n': 1, 'delta': 5.55248222240823, 'hits': 0.0, 'net': 5.55248222240823}, {'n': 2, 'delta': 9.25588206734838, 'hits': 4.0, 'net': 5.255882067348381}]
08:50:55 INFO    fpl_expert.optimise.transfers | bench-aware rescoring: [{'n': 0, 'delta': 0.0, 'hits': 0.0, 'net': 0.0}, {'n': 1, 'delta': 4.74085976865058, 'hits': 0.0, 'net': 4.74085976865058}, {'n': 2, 'delta': 11.396723239898847, 'hits': 4.0, 'net': 7.396723239898847}]
08:50:56 INFO    fpl_expert.optimise.transfers | bench-aware rescoring: [{'n': 0, 'delta': 0.0, 'hits': 0.0, 'net': 0.0}, {'n': 1, 'delta': 2.081251371569863, 'hits': 0.0, 'net': 2.081251371569863}, {'n': 2, 'delta': 3.963549832064274, 'hits': 4.0, 'net': -0.036450167935726085}]
08:50:56 INFO    fpl_expert.optimise.transfers | bench-aware rescoring: [{'n': 0, 'delta': 0.0, 'hits': 0.0, 'net': 0.0}, {'n': 1, 'delta': 0.6681500997649152, 'hits': 0.0, 'net': 0.6681500997649152}, {'n': 2, 'delta': 19.822133443766575, 'hits': 4.0, 'net': 15.822133443766575}]
08:50:56 INFO    fpl_expert.optimise.transfers | bench-aware rescoring: [{'n': 0, 'delta': 0.0, 'hits': 0.0, 'net': 0.0}, {'n': 1, 'delta': 6.697178408201609, 'hits': 0.0, 'net': 6.697178408201609}, {'n': 2, 'delta': 13.387600965734407, 'hits': 4.0, 'net': 9.387600965734407}]
08:50:57 INFO    fpl_expert.optimise.transfers | bench-aware rescoring: [{'n': 0, 'delta': 0.0, 'hits': 0.0, 'net': 0.0}, {'n': 1, 'delta': 9.117206529420429, 'hits': 0.0, 'net': 9.117206529420429}, {'n': 2, 'delta': 16.005820146563394, 'hits': 4.0, 'net': 12.005820146563394}]
08:50:57 INFO    fpl_expert.optimise.transfers | bench-aware rescoring: [{'n': 0, 'delta': 0.0, 'hits': 0.0, 'net': 0.0}, {'n': 1, 'delta': 5.166510776282593, 'hits': 0.0, 'net': 5.166510776282593}, {'n': 2, 'delta': 8.898582208566069, 'hits': 4.0, 'net': 4.898582208566069}]
08:50:58 INFO    fpl_expert.optimise.transfers | bench-aware rescoring: [{'n': 0, 'delta': 0.0, 'hits': 0.0, 'net': 0.0}, {'n': 1, 'delta': 5.449672997994142, 'hits': 0.0, 'net': 5.449672997994142}, {'n': 2, 'delta': 9.59736764909411, 'hits': 4.0, 'net': 5.59736764909411}]
08:50:58 INFO    fpl_expert.optimise.transfers | bench-aware rescoring: [{'n': 0, 'delta': 0.0, 'hits': 0.0, 'net': 0.0}, {'n': 1, 'delta': 0.3870174196502205, 'hits': 0.0, 'net': 0.3870174196502205}, {'n': 2, 'delta': 8.968757074405772, 'hits': 4.0, 'net': 4.968757074405772}]
08:50:58 INFO    fpl_expert.optimise.transfers | bench-aware rescoring: [{'n': 0, 'delta': 0.0, 'hits': 0.0, 'net': 0.0}, {'n': 1, 'delta': 8.198303856254029, 'hits': 0.0, 'net': 8.198303856254029}, {'n': 2, 'delta': 22.624908817356754, 'hits': 4.0, 'net': 18.624908817356754}]
08:50:59 INFO    fpl_expert.optimise.transfers | bench-aware rescoring: [{'n': 0, 'delta': 0.0, 'hits': 0.0, 'net': 0.0}, {'n': 1, 'delta': 5.391468373435771, 'hits': 0.0, 'net': 5.391468373435771}, {'n': 2, 'delta': 15.699598642970386, 'hits': 4.0, 'net': 11.699598642970386}]
08:50:59 INFO    fpl_expert.optimise.transfers | bench-aware rescoring: [{'n': 0, 'delta': 0.0, 'hits': 0.0, 'net': 0.0}, {'n': 1, 'delta': 2.5728683813136968, 'hits': 0.0, 'net': 2.5728683813136968}, {'n': 2, 'delta': 4.5792378556013205, 'hits': 4.0, 'net': 0.5792378556013205}]
08:51:00 INFO    fpl_expert.optimise.transfers | bench-aware rescoring: [{'n': 0, 'delta': 0.0, 'hits': 0.0, 'net': 0.0}, {'n': 1, 'delta': 4.154738185565577, 'hits': 0.0, 'net': 4.154738185565577}, {'n': 2, 'delta': 9.960380123384482, 'hits': 4.0, 'net': 5.960380123384482}]
08:51:00 INFO    fpl_expert.backtest.season_sim | GW34: playing triple_captain (best available (12.9 vs 11.9 remaining))
08:51:00 INFO    fpl_expert.optimise.transfers | bench-aware rescoring: [{'n': 0, 'delta': 0.0, 'hits': 0.0, 'net': 0.0}, {'n': 1, 'delta': 15.942442253086142, 'hits': 0.0, 'net': 15.942442253086142}, {'n': 2, 'delta': 25.788946179635104, 'hits': 4.0, 'net': 21.788946179635104}]
08:51:01 INFO    fpl_expert.optimise.transfers | bench-aware rescoring: [{'n': 0, 'delta': 0.0, 'hits': 0.0, 'net': 0.0}, {'n': 1, 'delta': 0.44780250926356757, 'hits': 0.0, 'net': 0.44780250926356757}, {'n': 2, 'delta': 11.731698992885384, 'hits': 4.0, 'net': 7.731698992885384}]
08:51:01 INFO    fpl_expert.optimise.transfers | bench-aware rescoring: [{'n': 0, 'delta': 0.0, 'hits': 0.0, 'net': 0.0}, {'n': 1, 'delta': 0.3539668454423861, 'hits': 0.0, 'net': 0.3539668454423861}, {'n': 2, 'delta': 14.98613407123554, 'hits': 4.0, 'net': 10.98613407123554}]
08:51:02 INFO    fpl_expert.optimise.transfers | bench-aware rescoring: [{'n': 0, 'delta': 0.0, 'hits': 0.0, 'net': 0.0}, {'n': 1, 'delta': 1.7631268906593363, 'hits': 0.0, 'net': 1.7631268906593363}, {'n': 2, 'delta': 2.9485327977995013, 'hits': 4.0, 'net': -1.0514672022004987}]
08:51:02 INFO    fpl_expert.backtest.season_sim | GW38: playing bench_boost (final chance before expiry)
08:51:02 INFO    fpl_expert.backtest.ensemble | bench_aware path 0: 2225
08:51:03 INFO    fpl_expert.optimise.transfers | bench-aware rescoring: [{'n': 0, 'delta': 0.0, 'hits': 0.0, 'net': 0.0}, {'n': 1, 'delta': 14.993977443431532, 'hits': 0.0, 'net': 14.993977443431532}, {'n': 2, 'delta': 31.80937734932047, 'hits': 4.0, 'net': 27.80937734932047}]
08:51:03 INFO    fpl_expert.optimise.transfers | bench-aware rescoring: [{'n': 0, 'delta': 0.0, 'hits': 0.0, 'net': 0.0}, {'n': 1, 'delta': 23.469315575748055, 'hits': 0.0, 'net': 23.469315575748055}, {'n': 2, 'delta': 44.63461042319966, 'hits': 4.0, 'net': 40.63461042319966}]
08:51:04 INFO    fpl_expert.optimise.transfers | bench-aware rescoring: [{'n': 0, 'delta': 0.0, 'hits': 0.0, 'net': 0.0}, {'n': 1, 'delta': 1.04501380205906, 'hits': 0.0, 'net': 1.04501380205906}, {'n': 2, 'delta': 12.403690967390816, 'hits': 4.0, 'net': 8.403690967390816}]
08:51:04 INFO    fpl_expert.optimise.transfers | bench-aware rescoring: [{'n': 0, 'delta': 0.0, 'hits': 0.0, 'net': 0.0}, {'n': 1, 'delta': 6.606314248588518, 'hits': 0.0, 'net': 6.606314248588518}, {'n': 2, 'delta': 8.116237967456755, 'hits': 4.0, 'net': 4.116237967456755}]
08:51:05 INFO    fpl_expert.optimise.transfers | bench-aware rescoring: [{'n': 0, 'delta': 0.0, 'hits': 0.0, 'net': 0.0}, {'n': 1, 'delta': 8.33473193823508, 'hits': 0.0, 'net': 8.33473193823508}, {'n': 2, 'delta': 9.708740474004173, 'hits': 4.0, 'net': 5.708740474004173}]
08:51:05 INFO    fpl_expert.optimise.transfers | bench-aware rescoring: [{'n': 0, 'delta': 0.0, 'hits': 0.0, 'net': 0.0}, {'n': 1, 'delta': 6.605017180847284, 'hits': 0.0, 'net': 6.605017180847284}, {'n': 2, 'delta': 12.968029242519918, 'hits': 4.0, 'net': 8.968029242519918}]
08:51:05 INFO    fpl_expert.optimise.transfers | bench-aware rescoring: [{'n': 0, 'delta': 0.0, 'hits': 0.0, 'net': 0.0}, {'n': 1, 'delta': 4.562619275964806, 'hits': 0.0, 'net': 4.562619275964806}, {'n': 2, 'delta': 7.298574793461654, 'hits': 4.0, 'net': 3.298574793461654}]
08:51:06 INFO    fpl_expert.optimise.transfers | bench-aware rescoring: [{'n': 0, 'delta': 0.0, 'hits': 0.0, 'net': 0.0}, {'n': 1, 'delta': 0.16948956669449444, 'hits': 0.0, 'net': 0.16948956669449444}, {'n': 2, 'delta': 3.2793201166388712, 'hits': 4.0, 'net': -0.7206798833611288}]
08:51:06 INFO    fpl_expert.optimise.transfers | bench-aware rescoring: [{'n': 0, 'delta': 0.0, 'hits': 0.0, 'net': 0.0}, {'n': 1, 'delta': 4.317960130677818, 'hits': 0.0, 'net': 4.317960130677818}, {'n': 2, 'delta': 8.54966604048687, 'hits': 4.0, 'net': 4.549666040486869}]
08:51:07 INFO    fpl_expert.optimise.transfers | bench-aware rescoring: [{'n': 0, 'delta': 0.0, 'hits': 0.0, 'net': 0.0}, {'n': 1, 'delta': 3.4252701618250967, 'hits': 0.0, 'net': 3.4252701618250967}, {'n': 2, 'delta': 2.193973615871471, 'hits': 4.0, 'net': -1.8060263841285291}]
08:51:07 INFO    fpl_expert.optimise.transfers | bench-aware rescoring: [{'n': 0, 'delta': 0.0, 'hits': 0.0, 'net': 0.0}, {'n': 1, 'delta': 1.134275135179081, 'hits': 0.0, 'net': 1.134275135179081}, {'n': 2, 'delta': 5.334711619988042, 'hits': 4.0, 'net': 1.3347116199880418}]
08:51:08 INFO    fpl_expert.optimise.transfers | bench-aware rescoring: [{'n': 0, 'delta': 0.0, 'hits': 0.0, 'net': 0.0}, {'n': 1, 'delta': 4.410868261420887, 'hits': 0.0, 'net': 4.410868261420887}, {'n': 2, 'delta': 4.710556110864616, 'hits': 4.0, 'net': 0.7105561108646157}]
08:51:08 INFO    fpl_expert.optimise.transfers | bench-aware rescoring: [{'n': 0, 'delta': 0.0, 'hits': 0.0, 'net': 0.0}, {'n': 1, 'delta': 2.435729018712948, 'hits': 0.0, 'net': 2.435729018712948}, {'n': 2, 'delta': 5.170214926572953, 'hits': 4.0, 'net': 1.1702149265729531}]
08:51:08 INFO    fpl_expert.backtest.season_sim | GW14: playing bench_boost (best available (13.0 vs 11.8 remaining))
08:51:08 INFO    fpl_expert.optimise.transfers | bench-aware rescoring: [{'n': 0, 'delta': 0.0, 'hits': 0.0, 'net': 0.0}, {'n': 1, 'delta': 1.7933689313790069, 'hits': 0.0, 'net': 1.7933689313790069}, {'n': 2, 'delta': 1.8571890235336639, 'hits': 4.0, 'net': -2.142810976466336}]
08:51:08 INFO    fpl_expert.backtest.season_sim | GW15: playing triple_captain (best available (9.1 vs 8.2 remaining))
08:51:09 INFO    fpl_expert.optimise.transfers | bench-aware rescoring: [{'n': 0, 'delta': 0.0, 'hits': 0.0, 'net': 0.0}, {'n': 1, 'delta': 1.9717332411562438, 'hits': 0.0, 'net': 1.9717332411562438}, {'n': 2, 'delta': 3.3249567414816568, 'hits': 4.0, 'net': -0.6750432585183432}]
08:51:09 INFO    fpl_expert.optimise.transfers | bench-aware rescoring: [{'n': 0, 'delta': 0.0, 'hits': 0.0, 'net': 0.0}, {'n': 1, 'delta': 1.6645269171629593, 'hits': 0.0, 'net': 1.6645269171629593}, {'n': 2, 'delta': 9.475542900534975, 'hits': 4.0, 'net': 5.475542900534975}]
08:51:10 INFO    fpl_expert.optimise.transfers | bench-aware rescoring: [{'n': 0, 'delta': 0.0, 'hits': 0.0, 'net': 0.0}, {'n': 1, 'delta': 26.845257347598505, 'hits': 0.0, 'net': 26.845257347598505}, {'n': 2, 'delta': 33.22391203422228, 'hits': 4.0, 'net': 29.22391203422228}]
08:51:10 INFO    fpl_expert.optimise.transfers | bench-aware rescoring: [{'n': 0, 'delta': 0.0, 'hits': 0.0, 'net': 0.0}, {'n': 1, 'delta': 1.325210531415422, 'hits': 0.0, 'net': 1.325210531415422}, {'n': 2, 'delta': 6.284653507301243, 'hits': 4.0, 'net': 2.2846535073012433}]
08:51:10 INFO    fpl_expert.optimise.transfers | bench-aware rescoring: [{'n': 0, 'delta': 0.0, 'hits': 0.0, 'net': 0.0}, {'n': 1, 'delta': 2.9941115284978537, 'hits': 0.0, 'net': 2.9941115284978537}, {'n': 2, 'delta': 3.4584829731480795, 'hits': 4.0, 'net': -0.5415170268519205}]
08:51:11 INFO    fpl_expert.optimise.transfers | bench-aware rescoring: [{'n': 0, 'delta': 0.0, 'hits': 0.0, 'net': 0.0}, {'n': 1, 'delta': 1.5542747114369604, 'hits': 0.0, 'net': 1.5542747114369604}, {'n': 2, 'delta': 4.515145989675659, 'hits': 4.0, 'net': 0.5151459896756592}]
08:51:11 INFO    fpl_expert.optimise.transfers | bench-aware rescoring: [{'n': 0, 'delta': 0.0, 'hits': 0.0, 'net': 0.0}, {'n': 1, 'delta': 1.1438332212272826, 'hits': 0.0, 'net': 1.1438332212272826}, {'n': 2, 'delta': 1.387235886911526, 'hits': 4.0, 'net': -2.612764113088474}]
08:51:12 INFO    fpl_expert.optimise.transfers | bench-aware rescoring: [{'n': 0, 'delta': 0.0, 'hits': 0.0, 'net': 0.0}, {'n': 1, 'delta': 3.4833068829412923, 'hits': 0.0, 'net': 3.4833068829412923}, {'n': 2, 'delta': 9.728080204031954, 'hits': 4.0, 'net': 5.728080204031954}]
08:51:12 INFO    fpl_expert.optimise.transfers | bench-aware rescoring: [{'n': 0, 'delta': 0.0, 'hits': 0.0, 'net': 0.0}, {'n': 1, 'delta': 6.710852994458605, 'hits': 0.0, 'net': 6.710852994458605}, {'n': 2, 'delta': 7.920797048875556, 'hits': 4.0, 'net': 3.9207970488755564}]
08:51:12 INFO    fpl_expert.optimise.transfers | bench-aware rescoring: [{'n': 0, 'delta': 0.0, 'hits': 0.0, 'net': 0.0}, {'n': 1, 'delta': -0.3038782711462602, 'hits': 0.0, 'net': -0.3038782711462602}, {'n': 2, 'delta': 0.22245105992115555, 'hits': 4.0, 'net': -3.7775489400788445}]
08:51:13 INFO    fpl_expert.optimise.transfers | bench-aware rescoring: [{'n': 0, 'delta': 0.0, 'hits': 0.0, 'net': 0.0}, {'n': 1, 'delta': 4.828898080827969, 'hits': 0.0, 'net': 4.828898080827969}, {'n': 2, 'delta': 8.530714285918265, 'hits': 0.0, 'net': 8.530714285918265}]
08:51:13 INFO    fpl_expert.optimise.transfers | bench-aware rescoring: [{'n': 0, 'delta': 0.0, 'hits': 0.0, 'net': 0.0}, {'n': 1, 'delta': 10.792699942783486, 'hits': 0.0, 'net': 10.792699942783486}, {'n': 2, 'delta': 18.45372404060427, 'hits': 4.0, 'net': 14.453724040604271}]
08:51:14 INFO    fpl_expert.optimise.transfers | bench-aware rescoring: [{'n': 0, 'delta': 0.0, 'hits': 0.0, 'net': 0.0}, {'n': 1, 'delta': 2.1285257100242063, 'hits': 0.0, 'net': 2.1285257100242063}, {'n': 2, 'delta': 7.997367534962194, 'hits': 4.0, 'net': 3.997367534962194}]
08:51:14 INFO    fpl_expert.optimise.transfers | bench-aware rescoring: [{'n': 0, 'delta': 0.0, 'hits': 0.0, 'net': 0.0}, {'n': 1, 'delta': 5.479139693772197, 'hits': 0.0, 'net': 5.479139693772197}, {'n': 2, 'delta': 10.933215955838364, 'hits': 4.0, 'net': 6.933215955838364}]
08:51:14 INFO    fpl_expert.optimise.transfers | bench-aware rescoring: [{'n': 0, 'delta': 0.0, 'hits': 0.0, 'net': 0.0}, {'n': 1, 'delta': 5.792545091850087, 'hits': 0.0, 'net': 5.792545091850087}, {'n': 2, 'delta': 17.001852056478043, 'hits': 4.0, 'net': 13.001852056478043}]
08:51:15 INFO    fpl_expert.optimise.transfers | bench-aware rescoring: [{'n': 0, 'delta': 0.0, 'hits': 0.0, 'net': 0.0}, {'n': 1, 'delta': 9.500944471625019, 'hits': 0.0, 'net': 9.500944471625019}, {'n': 2, 'delta': 38.687248742823044, 'hits': 4.0, 'net': 34.687248742823044}]
08:51:15 INFO    fpl_expert.optimise.transfers | bench-aware rescoring: [{'n': 0, 'delta': 0.0, 'hits': 0.0, 'net': 0.0}, {'n': 1, 'delta': 9.424021289257325, 'hits': 0.0, 'net': 9.424021289257325}, {'n': 2, 'delta': 18.913647909389795, 'hits': 4.0, 'net': 14.913647909389795}]
08:51:15 INFO    fpl_expert.backtest.season_sim | GW32: playing bench_boost (best available (13.3 vs 12.8 remaining))
08:51:16 INFO    fpl_expert.optimise.transfers | bench-aware rescoring: [{'n': 0, 'delta': 0.0, 'hits': 0.0, 'net': 0.0}, {'n': 1, 'delta': 5.931727923698418, 'hits': 0.0, 'net': 5.931727923698418}, {'n': 2, 'delta': 12.070826029515217, 'hits': 4.0, 'net': 8.070826029515217}]
08:51:16 INFO    fpl_expert.optimise.transfers | bench-aware rescoring: [{'n': 0, 'delta': 0.0, 'hits': 0.0, 'net': 0.0}, {'n': 1, 'delta': 4.310412806091222, 'hits': 0.0, 'net': 4.310412806091222}, {'n': 2, 'delta': 9.611231235991625, 'hits': 4.0, 'net': 5.6112312359916245}]
08:51:16 INFO    fpl_expert.backtest.season_sim | GW34: playing triple_captain (best available (12.9 vs 11.9 remaining))
08:51:16 INFO    fpl_expert.optimise.transfers | bench-aware rescoring: [{'n': 0, 'delta': 0.0, 'hits': 0.0, 'net': 0.0}, {'n': 1, 'delta': 13.670562153905507, 'hits': 0.0, 'net': 13.670562153905507}, {'n': 2, 'delta': 17.634225813340407, 'hits': 4.0, 'net': 13.634225813340407}]
08:51:17 INFO    fpl_expert.optimise.transfers | bench-aware rescoring: [{'n': 0, 'delta': 0.0, 'hits': 0.0, 'net': 0.0}, {'n': 1, 'delta': 9.172548246627912, 'hits': 0.0, 'net': 9.172548246627912}, {'n': 2, 'delta': 11.743515249326833, 'hits': 4.0, 'net': 7.743515249326833}]
08:51:17 INFO    fpl_expert.optimise.transfers | bench-aware rescoring: [{'n': 0, 'delta': 0.0, 'hits': 0.0, 'net': 0.0}, {'n': 1, 'delta': 3.688120603342469, 'hits': 0.0, 'net': 3.688120603342469}, {'n': 2, 'delta': 15.009751721599827, 'hits': 4.0, 'net': 11.009751721599827}]
08:51:18 INFO    fpl_expert.optimise.transfers | bench-aware rescoring: [{'n': 0, 'delta': 0.0, 'hits': 0.0, 'net': 0.0}, {'n': 1, 'delta': 0.43225372677234475, 'hits': 0.0, 'net': 0.43225372677234475}, {'n': 2, 'delta': 1.544557137752605, 'hits': 4.0, 'net': -2.455442862247395}]
08:51:18 INFO    fpl_expert.backtest.ensemble | bench_aware path 1: 2225
08:51:19 INFO    fpl_expert.optimise.transfers | bench-aware rescoring: [{'n': 0, 'delta': 0.0, 'hits': 0.0, 'net': 0.0}, {'n': 1, 'delta': 14.966026970264238, 'hits': 0.0, 'net': 14.966026970264238}, {'n': 2, 'delta': 31.836744867615266, 'hits': 4.0, 'net': 27.836744867615266}]
08:51:19 INFO    fpl_expert.optimise.transfers | bench-aware rescoring: [{'n': 0, 'delta': 0.0, 'hits': 0.0, 'net': 0.0}, {'n': 1, 'delta': 23.49816679300011, 'hits': 0.0, 'net': 23.49816679300011}, {'n': 2, 'delta': 44.614999700453666, 'hits': 4.0, 'net': 40.614999700453666}]
08:51:20 INFO    fpl_expert.optimise.transfers | bench-aware rescoring: [{'n': 0, 'delta': 0.0, 'hits': 0.0, 'net': 0.0}, {'n': 1, 'delta': 1.0460641825303298, 'hits': 0.0, 'net': 1.0460641825303298}, {'n': 2, 'delta': 12.405518251093525, 'hits': 4.0, 'net': 8.405518251093525}]
08:51:20 INFO    fpl_expert.optimise.transfers | bench-aware rescoring: [{'n': 0, 'delta': 0.0, 'hits': 0.0, 'net': 0.0}, {'n': 1, 'delta': 6.616533420841677, 'hits': 0.0, 'net': 6.616533420841677}, {'n': 2, 'delta': 8.13097410361243, 'hits': 4.0, 'net': 4.130974103612431}]
08:51:21 INFO    fpl_expert.optimise.transfers | bench-aware rescoring: [{'n': 0, 'delta': 0.0, 'hits': 0.0, 'net': 0.0}, {'n': 1, 'delta': 8.347630550010223, 'hits': 0.0, 'net': 8.347630550010223}, {'n': 2, 'delta': 9.71434834045678, 'hits': 4.0, 'net': 5.71434834045678}]
08:51:21 INFO    fpl_expert.optimise.transfers | bench-aware rescoring: [{'n': 0, 'delta': 0.0, 'hits': 0.0, 'net': 0.0}, {'n': 1, 'delta': 6.596315084016538, 'hits': 0.0, 'net': 6.596315084016538}, {'n': 2, 'delta': 12.966270038476551, 'hits': 4.0, 'net': 8.966270038476551}]
08:51:21 INFO    fpl_expert.optimise.transfers | bench-aware rescoring: [{'n': 0, 'delta': 0.0, 'hits': 0.0, 'net': 0.0}, {'n': 1, 'delta': 4.560851568549225, 'hits': 0.0, 'net': 4.560851568549225}, {'n': 2, 'delta': 7.305347857020195, 'hits': 4.0, 'net': 3.3053478570201946}]
08:51:22 INFO    fpl_expert.optimise.transfers | bench-aware rescoring: [{'n': 0, 'delta': 0.0, 'hits': 0.0, 'net': 0.0}, {'n': 1, 'delta': 0.1693797465268858, 'hits': 0.0, 'net': 0.1693797465268858}, {'n': 2, 'delta': 3.2726862857500976, 'hits': 4.0, 'net': -0.7273137142499024}]
08:51:22 INFO    fpl_expert.optimise.transfers | bench-aware rescoring: [{'n': 0, 'delta': 0.0, 'hits': 0.0, 'net': 0.0}, {'n': 1, 'delta': 4.325219507493728, 'hits': 0.0, 'net': 4.325219507493728}, {'n': 2, 'delta': 8.563591525315871, 'hits': 4.0, 'net': 4.563591525315871}]
08:51:23 INFO    fpl_expert.optimise.transfers | bench-aware rescoring: [{'n': 0, 'delta': 0.0, 'hits': 0.0, 'net': 0.0}, {'n': 1, 'delta': 3.411797168343412, 'hits': 0.0, 'net': 3.411797168343412}, {'n': 2, 'delta': 2.17865643309068, 'hits': 4.0, 'net': -1.82134356690932}]
08:51:23 INFO    fpl_expert.optimise.transfers | bench-aware rescoring: [{'n': 0, 'delta': 0.0, 'hits': 0.0, 'net': 0.0}, {'n': 1, 'delta': 1.1323223453906905, 'hits': 0.0, 'net': 1.1323223453906905}, {'n': 2, 'delta': 5.344676018930301, 'hits': 4.0, 'net': 1.3446760189303006}]
08:51:24 INFO    fpl_expert.optimise.transfers | bench-aware rescoring: [{'n': 0, 'delta': 0.0, 'hits': 0.0, 'net': 0.0}, {'n': 1, 'delta': 4.392893688309385, 'hits': 0.0, 'net': 4.392893688309385}, {'n': 2, 'delta': 4.691081241202085, 'hits': 4.0, 'net': 0.6910812412020846}]
08:51:24 INFO    fpl_expert.optimise.transfers | bench-aware rescoring: [{'n': 0, 'delta': 0.0, 'hits': 0.0, 'net': 0.0}, {'n': 1, 'delta': 2.4176581409804783, 'hits': 0.0, 'net': 2.4176581409804783}, {'n': 2, 'delta': 5.175338639640643, 'hits': 4.0, 'net': 1.1753386396406427}]
08:51:24 INFO    fpl_expert.backtest.season_sim | GW14: playing bench_boost (best available (13.0 vs 11.8 remaining))
08:51:25 INFO    fpl_expert.optimise.transfers | bench-aware rescoring: [{'n': 0, 'delta': 0.0, 'hits': 0.0, 'net': 0.0}, {'n': 1, 'delta': 1.7411201675978134, 'hits': 0.0, 'net': 1.7411201675978134}, {'n': 2, 'delta': 1.805011363276833, 'hits': 4.0, 'net': -2.194988636723167}]
08:51:25 INFO    fpl_expert.backtest.season_sim | GW15: playing triple_captain (best available (9.1 vs 8.2 remaining))
08:51:25 INFO    fpl_expert.optimise.transfers | bench-aware rescoring: [{'n': 0, 'delta': 0.0, 'hits': 0.0, 'net': 0.0}, {'n': 1, 'delta': 1.9680436516986788, 'hits': 0.0, 'net': 1.9680436516986788}, {'n': 2, 'delta': 3.3318007741405324, 'hits': 4.0, 'net': -0.6681992258594676}]
08:51:25 INFO    fpl_expert.optimise.transfers | bench-aware rescoring: [{'n': 0, 'delta': 0.0, 'hits': 0.0, 'net': 0.0}, {'n': 1, 'delta': 1.6707097861281852, 'hits': 0.0, 'net': 1.6707097861281852}, {'n': 2, 'delta': 9.385268238616987, 'hits': 4.0, 'net': 5.3852682386169874}]
08:51:26 INFO    fpl_expert.optimise.transfers | bench-aware rescoring: [{'n': 0, 'delta': 0.0, 'hits': 0.0, 'net': 0.0}, {'n': 1, 'delta': 26.84688483300718, 'hits': 0.0, 'net': 26.84688483300718}, {'n': 2, 'delta': 33.24073486775683, 'hits': 4.0, 'net': 29.240734867756828}]
08:51:26 INFO    fpl_expert.optimise.transfers | bench-aware rescoring: [{'n': 0, 'delta': 0.0, 'hits': 0.0, 'net': 0.0}, {'n': 1, 'delta': 1.3272871570603684, 'hits': 0.0, 'net': 1.3272871570603684}, {'n': 2, 'delta': 6.31387219958421, 'hits': 4.0, 'net': 2.3138721995842104}]
08:51:26 INFO    fpl_expert.optimise.transfers | bench-aware rescoring: [{'n': 0, 'delta': 0.0, 'hits': 0.0, 'net': 0.0}, {'n': 1, 'delta': 2.964283894275752, 'hits': 0.0, 'net': 2.964283894275752}, {'n': 2, 'delta': 3.4275181385778524, 'hits': 4.0, 'net': -0.5724818614221476}]
08:51:27 INFO    fpl_expert.optimise.transfers | bench-aware rescoring: [{'n': 0, 'delta': 0.0, 'hits': 0.0, 'net': 0.0}, {'n': 1, 'delta': 1.550688278839914, 'hits': 0.0, 'net': 1.550688278839914}, {'n': 2, 'delta': 4.526380913809078, 'hits': 4.0, 'net': 0.5263809138090778}]
08:51:27 INFO    fpl_expert.optimise.transfers | bench-aware rescoring: [{'n': 0, 'delta': 0.0, 'hits': 0.0, 'net': 0.0}, {'n': 1, 'delta': 1.1463466911798719, 'hits': 0.0, 'net': 1.1463466911798719}, {'n': 2, 'delta': 1.3893357823092174, 'hits': 4.0, 'net': -2.6106642176907826}]
08:51:28 INFO    fpl_expert.optimise.transfers | bench-aware rescoring: [{'n': 0, 'delta': 0.0, 'hits': 0.0, 'net': 0.0}, {'n': 1, 'delta': 3.4792089409116613, 'hits': 0.0, 'net': 3.4792089409116613}, {'n': 2, 'delta': 9.717568762666701, 'hits': 4.0, 'net': 5.717568762666701}]
08:51:28 INFO    fpl_expert.optimise.transfers | bench-aware rescoring: [{'n': 0, 'delta': 0.0, 'hits': 0.0, 'net': 0.0}, {'n': 1, 'delta': 6.697431689304807, 'hits': 0.0, 'net': 6.697431689304807}, {'n': 2, 'delta': 7.905681677571607, 'hits': 4.0, 'net': 3.9056816775716072}]
08:51:28 INFO    fpl_expert.optimise.transfers | bench-aware rescoring: [{'n': 0, 'delta': 0.0, 'hits': 0.0, 'net': 0.0}, {'n': 1, 'delta': -0.30924863963122107, 'hits': 0.0, 'net': -0.30924863963122107}, {'n': 2, 'delta': 0.19789206527201486, 'hits': 4.0, 'net': -3.802107934727985}]
08:51:29 INFO    fpl_expert.optimise.transfers | bench-aware rescoring: [{'n': 0, 'delta': 0.0, 'hits': 0.0, 'net': 0.0}, {'n': 1, 'delta': 4.826826335061071, 'hits': 0.0, 'net': 4.826826335061071}, {'n': 2, 'delta': 8.563808580407681, 'hits': 0.0, 'net': 8.563808580407681}]
08:51:29 INFO    fpl_expert.optimise.transfers | bench-aware rescoring: [{'n': 0, 'delta': 0.0, 'hits': 0.0, 'net': 0.0}, {'n': 1, 'delta': 10.790879019709024, 'hits': 0.0, 'net': 10.790879019709024}, {'n': 2, 'delta': 18.426960945570357, 'hits': 4.0, 'net': 14.426960945570357}]
08:51:30 INFO    fpl_expert.optimise.transfers | bench-aware rescoring: [{'n': 0, 'delta': 0.0, 'hits': 0.0, 'net': 0.0}, {'n': 1, 'delta': 2.1247123959813905, 'hits': 0.0, 'net': 2.1247123959813905}, {'n': 2, 'delta': 8.001140380621166, 'hits': 4.0, 'net': 4.001140380621166}]
08:51:30 INFO    fpl_expert.optimise.transfers | bench-aware rescoring: [{'n': 0, 'delta': 0.0, 'hits': 0.0, 'net': 0.0}, {'n': 1, 'delta': 5.479014843594882, 'hits': 0.0, 'net': 5.479014843594882}, {'n': 2, 'delta': 10.925364078723362, 'hits': 4.0, 'net': 6.925364078723362}]
08:51:30 INFO    fpl_expert.optimise.transfers | bench-aware rescoring: [{'n': 0, 'delta': 0.0, 'hits': 0.0, 'net': 0.0}, {'n': 1, 'delta': 5.785396814528497, 'hits': 0.0, 'net': 5.785396814528497}, {'n': 2, 'delta': 16.946295710533946, 'hits': 4.0, 'net': 12.946295710533946}]
08:51:31 INFO    fpl_expert.optimise.transfers | bench-aware rescoring: [{'n': 0, 'delta': 0.0, 'hits': 0.0, 'net': 0.0}, {'n': 1, 'delta': 9.49874455581201, 'hits': 0.0, 'net': 9.49874455581201}, {'n': 2, 'delta': 38.61883394644033, 'hits': 4.0, 'net': 34.61883394644033}]
08:51:31 INFO    fpl_expert.optimise.transfers | bench-aware rescoring: [{'n': 0, 'delta': 0.0, 'hits': 0.0, 'net': 0.0}, {'n': 1, 'delta': 9.416887271847656, 'hits': 0.0, 'net': 9.416887271847656}, {'n': 2, 'delta': 18.945848541877353, 'hits': 4.0, 'net': 14.945848541877353}]
08:51:31 INFO    fpl_expert.backtest.season_sim | GW32: playing bench_boost (best available (13.3 vs 12.8 remaining))
08:51:32 INFO    fpl_expert.optimise.transfers | bench-aware rescoring: [{'n': 0, 'delta': 0.0, 'hits': 0.0, 'net': 0.0}, {'n': 1, 'delta': 5.94702142493685, 'hits': 0.0, 'net': 5.94702142493685}, {'n': 2, 'delta': 12.093671698037213, 'hits': 4.0, 'net': 8.093671698037213}]
08:51:32 INFO    fpl_expert.optimise.transfers | bench-aware rescoring: [{'n': 0, 'delta': 0.0, 'hits': 0.0, 'net': 0.0}, {'n': 1, 'delta': 4.333787148757494, 'hits': 0.0, 'net': 4.333787148757494}, {'n': 2, 'delta': 9.573425595193328, 'hits': 4.0, 'net': 5.573425595193328}]
08:51:32 INFO    fpl_expert.backtest.season_sim | GW34: playing triple_captain (best available (12.9 vs 11.9 remaining))
08:51:33 INFO    fpl_expert.optimise.transfers | bench-aware rescoring: [{'n': 0, 'delta': 0.0, 'hits': 0.0, 'net': 0.0}, {'n': 1, 'delta': 13.591292415544672, 'hits': 0.0, 'net': 13.591292415544672}, {'n': 2, 'delta': 17.56058011082041, 'hits': 4.0, 'net': 13.56058011082041}]
08:51:33 INFO    fpl_expert.optimise.transfers | bench-aware rescoring: [{'n': 0, 'delta': 0.0, 'hits': 0.0, 'net': 0.0}, {'n': 1, 'delta': 9.179425817457485, 'hits': 0.0, 'net': 9.179425817457485}, {'n': 2, 'delta': 11.73012794242473, 'hits': 4.0, 'net': 7.73012794242473}]
08:51:33 INFO    fpl_expert.optimise.transfers | bench-aware rescoring: [{'n': 0, 'delta': 0.0, 'hits': 0.0, 'net': 0.0}, {'n': 1, 'delta': 3.676759707333389, 'hits': 0.0, 'net': 3.676759707333389}, {'n': 2, 'delta': 14.924690054974633, 'hits': 4.0, 'net': 10.924690054974633}]
08:51:34 INFO    fpl_expert.optimise.transfers | bench-aware rescoring: [{'n': 0, 'delta': 0.0, 'hits': 0.0, 'net': 0.0}, {'n': 1, 'delta': 0.42972200900142354, 'hits': 0.0, 'net': 0.42972200900142354}, {'n': 2, 'delta': 1.5236018121852481, 'hits': 4.0, 'net': -2.476398187814752}]
08:51:34 INFO    fpl_expert.backtest.ensemble | bench_aware path 2: 2225
08:51:35 INFO    fpl_expert.optimise.transfers | bench-aware rescoring: [{'n': 0, 'delta': 0.0, 'hits': 0.0, 'net': 0.0}, {'n': 1, 'delta': 14.970670365061778, 'hits': 0.0, 'net': 14.970670365061778}, {'n': 2, 'delta': 31.781938504857408, 'hits': 4.0, 'net': 27.781938504857408}]
08:51:36 INFO    fpl_expert.optimise.transfers | bench-aware rescoring: [{'n': 0, 'delta': 0.0, 'hits': 0.0, 'net': 0.0}, {'n': 1, 'delta': 23.47994559089952, 'hits': 0.0, 'net': 23.47994559089952}, {'n': 2, 'delta': 44.67994851760963, 'hits': 4.0, 'net': 40.67994851760963}]
08:51:36 INFO    fpl_expert.optimise.transfers | bench-aware rescoring: [{'n': 0, 'delta': 0.0, 'hits': 0.0, 'net': 0.0}, {'n': 1, 'delta': 1.0458836463322996, 'hits': 0.0, 'net': 1.0458836463322996}, {'n': 2, 'delta': 12.409935914592182, 'hits': 4.0, 'net': 8.409935914592182}]
08:51:37 INFO    fpl_expert.optimise.transfers | bench-aware rescoring: [{'n': 0, 'delta': 0.0, 'hits': 0.0, 'net': 0.0}, {'n': 1, 'delta': 6.607937056974038, 'hits': 0.0, 'net': 6.607937056974038}, {'n': 2, 'delta': 8.11460963468636, 'hits': 4.0, 'net': 4.11460963468636}]
08:51:37 INFO    fpl_expert.optimise.transfers | bench-aware rescoring: [{'n': 0, 'delta': 0.0, 'hits': 0.0, 'net': 0.0}, {'n': 1, 'delta': 8.341538825779736, 'hits': 0.0, 'net': 8.341538825779736}, {'n': 2, 'delta': 9.718968599985118, 'hits': 4.0, 'net': 5.718968599985118}]
08:51:37 INFO    fpl_expert.optimise.transfers | bench-aware rescoring: [{'n': 0, 'delta': 0.0, 'hits': 0.0, 'net': 0.0}, {'n': 1, 'delta': 6.611709220521078, 'hits': 0.0, 'net': 6.611709220521078}, {'n': 2, 'delta': 12.984009825822227, 'hits': 4.0, 'net': 8.984009825822227}]
08:51:38 INFO    fpl_expert.optimise.transfers | bench-aware rescoring: [{'n': 0, 'delta': 0.0, 'hits': 0.0, 'net': 0.0}, {'n': 1, 'delta': 4.558832975962076, 'hits': 0.0, 'net': 4.558832975962076}, {'n': 2, 'delta': 7.2891964408776175, 'hits': 4.0, 'net': 3.2891964408776175}]
08:51:38 INFO    fpl_expert.optimise.transfers | bench-aware rescoring: [{'n': 0, 'delta': 0.0, 'hits': 0.0, 'net': 0.0}, {'n': 1, 'delta': 0.16960029935154353, 'hits': 0.0, 'net': 0.16960029935154353}, {'n': 2, 'delta': 3.2657819414035885, 'hits': 4.0, 'net': -0.7342180585964115}]
08:51:39 INFO    fpl_expert.optimise.transfers | bench-aware rescoring: [{'n': 0, 'delta': 0.0, 'hits': 0.0, 'net': 0.0}, {'n': 1, 'delta': 4.323989726982859, 'hits': 0.0, 'net': 4.323989726982859}, {'n': 2, 'delta': 8.551788487907544, 'hits': 4.0, 'net': 4.551788487907544}]
08:51:39 INFO    fpl_expert.optimise.transfers | bench-aware rescoring: [{'n': 0, 'delta': 0.0, 'hits': 0.0, 'net': 0.0}, {'n': 1, 'delta': 3.4145877459744156, 'hits': 0.0, 'net': 3.4145877459744156}, {'n': 2, 'delta': 2.180919410117525, 'hits': 4.0, 'net': -1.819080589882475}]
08:51:39 INFO    fpl_expert.optimise.transfers | bench-aware rescoring: [{'n': 0, 'delta': 0.0, 'hits': 0.0, 'net': 0.0}, {'n': 1, 'delta': 1.1288992815749452, 'hits': 0.0, 'net': 1.1288992815749452}, {'n': 2, 'delta': 5.350877155378811, 'hits': 4.0, 'net': 1.3508771553788108}]
08:51:40 INFO    fpl_expert.optimise.transfers | bench-aware rescoring: [{'n': 0, 'delta': 0.0, 'hits': 0.0, 'net': 0.0}, {'n': 1, 'delta': 4.4021932819449034, 'hits': 0.0, 'net': 4.4021932819449034}, {'n': 2, 'delta': 4.701077362141689, 'hits': 4.0, 'net': 0.7010773621416888}]
08:51:40 INFO    fpl_expert.optimise.transfers | bench-aware rescoring: [{'n': 0, 'delta': 0.0, 'hits': 0.0, 'net': 0.0}, {'n': 1, 'delta': 2.429784654755821, 'hits': 0.0, 'net': 2.429784654755821}, {'n': 2, 'delta': 5.15747971133294, 'hits': 4.0, 'net': 1.1574797113329396}]
08:51:40 INFO    fpl_expert.backtest.season_sim | GW14: playing bench_boost (best available (13.0 vs 11.8 remaining))
08:51:41 INFO    fpl_expert.optimise.transfers | bench-aware rescoring: [{'n': 0, 'delta': 0.0, 'hits': 0.0, 'net': 0.0}, {'n': 1, 'delta': 1.7394068705770849, 'hits': 0.0, 'net': 1.7394068705770849}, {'n': 2, 'delta': 1.8034511542864493, 'hits': 4.0, 'net': -2.1965488457135507}]
08:51:41 INFO    fpl_expert.backtest.season_sim | GW15: playing triple_captain (best available (9.1 vs 8.2 remaining))
08:51:41 INFO    fpl_expert.optimise.transfers | bench-aware rescoring: [{'n': 0, 'delta': 0.0, 'hits': 0.0, 'net': 0.0}, {'n': 1, 'delta': 1.958280429607612, 'hits': 0.0, 'net': 1.958280429607612}, {'n': 2, 'delta': 3.329142678002114, 'hits': 4.0, 'net': -0.670857321997886}]
08:51:41 INFO    fpl_expert.optimise.transfers | bench-aware rescoring: [{'n': 0, 'delta': 0.0, 'hits': 0.0, 'net': 0.0}, {'n': 1, 'delta': 1.6516611069573628, 'hits': 0.0, 'net': 1.6516611069573628}, {'n': 2, 'delta': 9.409449447334964, 'hits': 4.0, 'net': 5.409449447334964}]
08:51:42 INFO    fpl_expert.optimise.transfers | bench-aware rescoring: [{'n': 0, 'delta': 0.0, 'hits': 0.0, 'net': 0.0}, {'n': 1, 'delta': 26.867966245198744, 'hits': 0.0, 'net': 26.867966245198744}, {'n': 2, 'delta': 32.828985745593144, 'hits': 4.0, 'net': 28.828985745593144}]
08:51:42 INFO    fpl_expert.optimise.transfers | bench-aware rescoring: [{'n': 0, 'delta': 0.0, 'hits': 0.0, 'net': 0.0}, {'n': 1, 'delta': 6.374060559566374, 'hits': 0.0, 'net': 6.374060559566374}, {'n': 2, 'delta': 6.67486285607032, 'hits': 4.0, 'net': 2.6748628560703196}]
08:51:42 INFO    fpl_expert.optimise.transfers | bench-aware rescoring: [{'n': 0, 'delta': 0.0, 'hits': 0.0, 'net': 0.0}, {'n': 1, 'delta': 0.3466086657358005, 'hits': 0.0, 'net': 0.3466086657358005}, {'n': 2, 'delta': 2.9573129128214077, 'hits': 4.0, 'net': -1.0426870871785923}]
08:51:43 INFO    fpl_expert.optimise.transfers | bench-aware rescoring: [{'n': 0, 'delta': 0.0, 'hits': 0.0, 'net': 0.0}, {'n': 1, 'delta': 0.21299853640573474, 'hits': 0.0, 'net': 0.21299853640573474}, {'n': 2, 'delta': 2.67678807385397, 'hits': 4.0, 'net': -1.3232119261460298}]
08:51:43 INFO    fpl_expert.optimise.transfers | bench-aware rescoring: [{'n': 0, 'delta': 0.0, 'hits': 0.0, 'net': 0.0}, {'n': 1, 'delta': 5.567334771503937, 'hits': 0.0, 'net': 5.567334771503937}, {'n': 2, 'delta': 9.20043329817156, 'hits': 4.0, 'net': 5.200433298171561}]
08:51:44 INFO    fpl_expert.optimise.transfers | bench-aware rescoring: [{'n': 0, 'delta': 0.0, 'hits': 0.0, 'net': 0.0}, {'n': 1, 'delta': 4.75224768546633, 'hits': 0.0, 'net': 4.75224768546633}, {'n': 2, 'delta': 11.404175334787226, 'hits': 4.0, 'net': 7.404175334787226}]
08:51:44 INFO    fpl_expert.optimise.transfers | bench-aware rescoring: [{'n': 0, 'delta': 0.0, 'hits': 0.0, 'net': 0.0}, {'n': 1, 'delta': 2.0935991355612487, 'hits': 0.0, 'net': 2.0935991355612487}, {'n': 2, 'delta': 3.9763259694400404, 'hits': 4.0, 'net': -0.023674030559959647}]
08:51:45 INFO    fpl_expert.optimise.transfers | bench-aware rescoring: [{'n': 0, 'delta': 0.0, 'hits': 0.0, 'net': 0.0}, {'n': 1, 'delta': 0.6598366780880554, 'hits': 0.0, 'net': 0.6598366780880554}, {'n': 2, 'delta': 19.723747002498982, 'hits': 4.0, 'net': 15.723747002498982}]
08:51:45 INFO    fpl_expert.optimise.transfers | bench-aware rescoring: [{'n': 0, 'delta': 0.0, 'hits': 0.0, 'net': 0.0}, {'n': 1, 'delta': 6.717738856376201, 'hits': 0.0, 'net': 6.717738856376201}, {'n': 2, 'delta': 13.403063325370226, 'hits': 4.0, 'net': 9.403063325370226}]
08:51:45 INFO    fpl_expert.optimise.transfers | bench-aware rescoring: [{'n': 0, 'delta': 0.0, 'hits': 0.0, 'net': 0.0}, {'n': 1, 'delta': 9.09053474696097, 'hits': 0.0, 'net': 9.09053474696097}, {'n': 2, 'delta': 16.01138260856672, 'hits': 4.0, 'net': 12.01138260856672}]
08:51:46 INFO    fpl_expert.optimise.transfers | bench-aware rescoring: [{'n': 0, 'delta': 0.0, 'hits': 0.0, 'net': 0.0}, {'n': 1, 'delta': 5.165178730417125, 'hits': 0.0, 'net': 5.165178730417125}, {'n': 2, 'delta': 8.878062721772238, 'hits': 4.0, 'net': 4.878062721772238}]
08:51:46 INFO    fpl_expert.optimise.transfers | bench-aware rescoring: [{'n': 0, 'delta': 0.0, 'hits': 0.0, 'net': 0.0}, {'n': 1, 'delta': 5.446618674171212, 'hits': 0.0, 'net': 5.446618674171212}, {'n': 2, 'delta': 9.594480182802023, 'hits': 4.0, 'net': 5.594480182802023}]
08:51:47 INFO    fpl_expert.optimise.transfers | bench-aware rescoring: [{'n': 0, 'delta': 0.0, 'hits': 0.0, 'net': 0.0}, {'n': 1, 'delta': 0.3866118651831698, 'hits': 0.0, 'net': 0.3866118651831698}, {'n': 2, 'delta': 8.969735532724798, 'hits': 4.0, 'net': 4.969735532724798}]
08:51:47 INFO    fpl_expert.optimise.transfers | bench-aware rescoring: [{'n': 0, 'delta': 0.0, 'hits': 0.0, 'net': 0.0}, {'n': 1, 'delta': 8.189729504938782, 'hits': 0.0, 'net': 8.189729504938782}, {'n': 2, 'delta': 22.6223575888734, 'hits': 4.0, 'net': 18.6223575888734}]
08:51:47 INFO    fpl_expert.optimise.transfers | bench-aware rescoring: [{'n': 0, 'delta': 0.0, 'hits': 0.0, 'net': 0.0}, {'n': 1, 'delta': 5.437990248382732, 'hits': 0.0, 'net': 5.437990248382732}, {'n': 2, 'delta': 15.683779903963057, 'hits': 4.0, 'net': 11.683779903963057}]
08:51:48 INFO    fpl_expert.optimise.transfers | bench-aware rescoring: [{'n': 0, 'delta': 0.0, 'hits': 0.0, 'net': 0.0}, {'n': 1, 'delta': 2.5744127351279644, 'hits': 0.0, 'net': 2.5744127351279644}, {'n': 2, 'delta': 4.580729989034069, 'hits': 4.0, 'net': 0.5807299890340687}]
08:51:48 INFO    fpl_expert.optimise.transfers | bench-aware rescoring: [{'n': 0, 'delta': 0.0, 'hits': 0.0, 'net': 0.0}, {'n': 1, 'delta': 4.152368053110251, 'hits': 0.0, 'net': 4.152368053110251}, {'n': 2, 'delta': 9.956630640564015, 'hits': 4.0, 'net': 5.956630640564015}]
08:51:48 INFO    fpl_expert.backtest.season_sim | GW34: playing triple_captain (best available (12.9 vs 11.9 remaining))
08:51:49 INFO    fpl_expert.optimise.transfers | bench-aware rescoring: [{'n': 0, 'delta': 0.0, 'hits': 0.0, 'net': 0.0}, {'n': 1, 'delta': 15.884426993248923, 'hits': 0.0, 'net': 15.884426993248923}, {'n': 2, 'delta': 25.743485635677928, 'hits': 4.0, 'net': 21.743485635677928}]
08:51:49 INFO    fpl_expert.optimise.transfers | bench-aware rescoring: [{'n': 0, 'delta': 0.0, 'hits': 0.0, 'net': 0.0}, {'n': 1, 'delta': 0.44711869134002313, 'hits': 0.0, 'net': 0.44711869134002313}, {'n': 2, 'delta': 11.717016307005252, 'hits': 4.0, 'net': 7.717016307005252}]
08:51:50 INFO    fpl_expert.optimise.transfers | bench-aware rescoring: [{'n': 0, 'delta': 0.0, 'hits': 0.0, 'net': 0.0}, {'n': 1, 'delta': 0.35329287781343055, 'hits': 0.0, 'net': 0.35329287781343055}, {'n': 2, 'delta': 14.872169122628918, 'hits': 4.0, 'net': 10.872169122628918}]
08:51:50 INFO    fpl_expert.optimise.transfers | bench-aware rescoring: [{'n': 0, 'delta': 0.0, 'hits': 0.0, 'net': 0.0}, {'n': 1, 'delta': 1.7574811522737974, 'hits': 0.0, 'net': 1.7574811522737974}, {'n': 2, 'delta': 2.9360637716554407, 'hits': 4.0, 'net': -1.0639362283445593}]
08:51:50 INFO    fpl_expert.backtest.season_sim | GW38: playing bench_boost (final chance before expiry)
08:51:50 INFO    fpl_expert.backtest.ensemble | bench_aware path 3: 2226
08:51:51 INFO    fpl_expert.optimise.transfers | bench-aware rescoring: [{'n': 0, 'delta': 0.0, 'hits': 0.0, 'net': 0.0}, {'n': 1, 'delta': 14.967573479589419, 'hits': 0.0, 'net': 14.967573479589419}, {'n': 2, 'delta': 31.839410617983305, 'hits': 4.0, 'net': 27.839410617983305}]
08:51:52 INFO    fpl_expert.optimise.transfers | bench-aware rescoring: [{'n': 0, 'delta': 0.0, 'hits': 0.0, 'net': 0.0}, {'n': 1, 'delta': 23.46576558753432, 'hits': 0.0, 'net': 23.46576558753432}, {'n': 2, 'delta': 44.652030646087155, 'hits': 4.0, 'net': 40.652030646087155}]
08:51:52 INFO    fpl_expert.optimise.transfers | bench-aware rescoring: [{'n': 0, 'delta': 0.0, 'hits': 0.0, 'net': 0.0}, {'n': 1, 'delta': 1.0452301664714128, 'hits': 0.0, 'net': 1.0452301664714128}, {'n': 2, 'delta': 12.413611989248864, 'hits': 4.0, 'net': 8.413611989248864}]
08:51:53 INFO    fpl_expert.optimise.transfers | bench-aware rescoring: [{'n': 0, 'delta': 0.0, 'hits': 0.0, 'net': 0.0}, {'n': 1, 'delta': 6.619639894010874, 'hits': 0.0, 'net': 6.619639894010874}, {'n': 2, 'delta': 8.130742172295555, 'hits': 4.0, 'net': 4.130742172295555}]
08:51:53 INFO    fpl_expert.optimise.transfers | bench-aware rescoring: [{'n': 0, 'delta': 0.0, 'hits': 0.0, 'net': 0.0}, {'n': 1, 'delta': 8.346904313065949, 'hits': 0.0, 'net': 8.346904313065949}, {'n': 2, 'delta': 9.723318213100526, 'hits': 4.0, 'net': 5.7233182131005265}]
08:51:53 INFO    fpl_expert.optimise.transfers | bench-aware rescoring: [{'n': 0, 'delta': 0.0, 'hits': 0.0, 'net': 0.0}, {'n': 1, 'delta': 6.610297065840484, 'hits': 0.0, 'net': 6.610297065840484}, {'n': 2, 'delta': 12.970285893632962, 'hits': 4.0, 'net': 8.970285893632962}]
08:51:54 INFO    fpl_expert.optimise.transfers | bench-aware rescoring: [{'n': 0, 'delta': 0.0, 'hits': 0.0, 'net': 0.0}, {'n': 1, 'delta': 4.565124381872266, 'hits': 0.0, 'net': 4.565124381872266}, {'n': 2, 'delta': 7.297355122024328, 'hits': 4.0, 'net': 3.297355122024328}]
08:51:54 INFO    fpl_expert.optimise.transfers | bench-aware rescoring: [{'n': 0, 'delta': 0.0, 'hits': 0.0, 'net': 0.0}, {'n': 1, 'delta': 0.16949959851041285, 'hits': 0.0, 'net': 0.16949959851041285}, {'n': 2, 'delta': 3.2562249537330956, 'hits': 4.0, 'net': -0.7437750462669044}]
08:51:55 INFO    fpl_expert.optimise.transfers | bench-aware rescoring: [{'n': 0, 'delta': 0.0, 'hits': 0.0, 'net': 0.0}, {'n': 1, 'delta': 4.310266978198257, 'hits': 0.0, 'net': 4.310266978198257}, {'n': 2, 'delta': 8.530661400556852, 'hits': 4.0, 'net': 4.530661400556852}]
08:51:55 INFO    fpl_expert.optimise.transfers | bench-aware rescoring: [{'n': 0, 'delta': 0.0, 'hits': 0.0, 'net': 0.0}, {'n': 1, 'delta': 3.4192207513528388, 'hits': 0.0, 'net': 3.4192207513528388}, {'n': 2, 'delta': 2.1788565729936806, 'hits': 4.0, 'net': -1.8211434270063194}]
08:51:56 INFO    fpl_expert.optimise.transfers | bench-aware rescoring: [{'n': 0, 'delta': 0.0, 'hits': 0.0, 'net': 0.0}, {'n': 1, 'delta': 1.1362105394963464, 'hits': 0.0, 'net': 1.1362105394963464}, {'n': 2, 'delta': 5.326058382180179, 'hits': 4.0, 'net': 1.3260583821801788}]
08:51:56 INFO    fpl_expert.optimise.transfers | bench-aware rescoring: [{'n': 0, 'delta': 0.0, 'hits': 0.0, 'net': 0.0}, {'n': 1, 'delta': 4.396042690074694, 'hits': 0.0, 'net': 4.396042690074694}, {'n': 2, 'delta': 4.687059793281975, 'hits': 4.0, 'net': 0.6870597932819749}]
08:51:56 INFO    fpl_expert.optimise.transfers | bench-aware rescoring: [{'n': 0, 'delta': 0.0, 'hits': 0.0, 'net': 0.0}, {'n': 1, 'delta': 2.420962866321986, 'hits': 0.0, 'net': 2.420962866321986}, {'n': 2, 'delta': 5.18095171606322, 'hits': 4.0, 'net': 1.1809517160632197}]
08:51:56 INFO    fpl_expert.backtest.season_sim | GW14: playing bench_boost (best available (13.0 vs 11.8 remaining))
08:51:57 INFO    fpl_expert.optimise.transfers | bench-aware rescoring: [{'n': 0, 'delta': 0.0, 'hits': 0.0, 'net': 0.0}, {'n': 1, 'delta': 1.782246986547534, 'hits': 0.0, 'net': 1.782246986547534}, {'n': 2, 'delta': 1.8463071285843284, 'hits': 4.0, 'net': -2.1536928714156716}]
08:51:57 INFO    fpl_expert.backtest.season_sim | GW15: playing triple_captain (best available (9.1 vs 8.2 remaining))
08:51:57 INFO    fpl_expert.optimise.transfers | bench-aware rescoring: [{'n': 0, 'delta': 0.0, 'hits': 0.0, 'net': 0.0}, {'n': 1, 'delta': 1.9563763239699767, 'hits': 0.0, 'net': 1.9563763239699767}, {'n': 2, 'delta': 3.3420438497376495, 'hits': 4.0, 'net': -0.6579561502623505}]
08:51:57 INFO    fpl_expert.optimise.transfers | bench-aware rescoring: [{'n': 0, 'delta': 0.0, 'hits': 0.0, 'net': 0.0}, {'n': 1, 'delta': 1.6636054032567813, 'hits': 0.0, 'net': 1.6636054032567813}, {'n': 2, 'delta': 9.461291569939874, 'hits': 4.0, 'net': 5.461291569939874}]
08:51:58 INFO    fpl_expert.optimise.transfers | bench-aware rescoring: [{'n': 0, 'delta': 0.0, 'hits': 0.0, 'net': 0.0}, {'n': 1, 'delta': 26.886989840404482, 'hits': 0.0, 'net': 26.886989840404482}, {'n': 2, 'delta': 33.263925156755505, 'hits': 4.0, 'net': 29.263925156755505}]
08:51:58 INFO    fpl_expert.optimise.transfers | bench-aware rescoring: [{'n': 0, 'delta': 0.0, 'hits': 0.0, 'net': 0.0}, {'n': 1, 'delta': 1.3222802252711006, 'hits': 0.0, 'net': 1.3222802252711006}, {'n': 2, 'delta': 6.3043013282879485, 'hits': 4.0, 'net': 2.3043013282879485}]
08:51:59 INFO    fpl_expert.optimise.transfers | bench-aware rescoring: [{'n': 0, 'delta': 0.0, 'hits': 0.0, 'net': 0.0}, {'n': 1, 'delta': 2.9863655287457505, 'hits': 0.0, 'net': 2.9863655287457505}, {'n': 2, 'delta': 3.450422320682719, 'hits': 4.0, 'net': -0.5495776793172809}]
08:51:59 INFO    fpl_expert.optimise.transfers | bench-aware rescoring: [{'n': 0, 'delta': 0.0, 'hits': 0.0, 'net': 0.0}, {'n': 1, 'delta': 1.5593253565639316, 'hits': 0.0, 'net': 1.5593253565639316}, {'n': 2, 'delta': 4.512182722172781, 'hits': 4.0, 'net': 0.5121827221727813}]
08:51:59 INFO    fpl_expert.optimise.transfers | bench-aware rescoring: [{'n': 0, 'delta': 0.0, 'hits': 0.0, 'net': 0.0}, {'n': 1, 'delta': 1.1562253749415845, 'hits': 0.0, 'net': 1.1562253749415845}, {'n': 2, 'delta': 1.398743945056026, 'hits': 4.0, 'net': -2.601256054943974}]
08:52:00 INFO    fpl_expert.optimise.transfers | bench-aware rescoring: [{'n': 0, 'delta': 0.0, 'hits': 0.0, 'net': 0.0}, {'n': 1, 'delta': 3.4842598569250356, 'hits': 0.0, 'net': 3.4842598569250356}, {'n': 2, 'delta': 9.681860573837582, 'hits': 4.0, 'net': 5.681860573837582}]
08:52:00 INFO    fpl_expert.optimise.transfers | bench-aware rescoring: [{'n': 0, 'delta': 0.0, 'hits': 0.0, 'net': 0.0}, {'n': 1, 'delta': 6.688981231856957, 'hits': 0.0, 'net': 6.688981231856957}, {'n': 2, 'delta': 7.882561865674774, 'hits': 4.0, 'net': 3.8825618656747736}]
08:52:01 INFO    fpl_expert.optimise.transfers | bench-aware rescoring: [{'n': 0, 'delta': 0.0, 'hits': 0.0, 'net': 0.0}, {'n': 1, 'delta': -0.32170013009638865, 'hits': 0.0, 'net': -0.32170013009638865}, {'n': 2, 'delta': 0.20862609998303583, 'hits': 4.0, 'net': -3.791373900016964}]
08:52:01 INFO    fpl_expert.optimise.transfers | bench-aware rescoring: [{'n': 0, 'delta': 0.0, 'hits': 0.0, 'net': 0.0}, {'n': 1, 'delta': 4.820951545149967, 'hits': 0.0, 'net': 4.820951545149967}, {'n': 2, 'delta': 8.550512630233726, 'hits': 0.0, 'net': 8.550512630233726}]
08:52:02 INFO    fpl_expert.optimise.transfers | bench-aware rescoring: [{'n': 0, 'delta': 0.0, 'hits': 0.0, 'net': 0.0}, {'n': 1, 'delta': 10.779177583384381, 'hits': 0.0, 'net': 10.779177583384381}, {'n': 2, 'delta': 18.453615586008112, 'hits': 4.0, 'net': 14.453615586008112}]
08:52:02 INFO    fpl_expert.optimise.transfers | bench-aware rescoring: [{'n': 0, 'delta': 0.0, 'hits': 0.0, 'net': 0.0}, {'n': 1, 'delta': 2.140821305222289, 'hits': 0.0, 'net': 2.140821305222289}, {'n': 2, 'delta': 8.002695974876417, 'hits': 4.0, 'net': 4.002695974876417}]
08:52:02 INFO    fpl_expert.optimise.transfers | bench-aware rescoring: [{'n': 0, 'delta': 0.0, 'hits': 0.0, 'net': 0.0}, {'n': 1, 'delta': 5.4620662771631885, 'hits': 0.0, 'net': 5.4620662771631885}, {'n': 2, 'delta': 10.923026508011688, 'hits': 4.0, 'net': 6.923026508011688}]
08:52:03 INFO    fpl_expert.optimise.transfers | bench-aware rescoring: [{'n': 0, 'delta': 0.0, 'hits': 0.0, 'net': 0.0}, {'n': 1, 'delta': 5.784885121654781, 'hits': 0.0, 'net': 5.784885121654781}, {'n': 2, 'delta': 16.980054795453867, 'hits': 4.0, 'net': 12.980054795453867}]
08:52:03 INFO    fpl_expert.optimise.transfers | bench-aware rescoring: [{'n': 0, 'delta': 0.0, 'hits': 0.0, 'net': 0.0}, {'n': 1, 'delta': 9.506426483933666, 'hits': 0.0, 'net': 9.506426483933666}, {'n': 2, 'delta': 38.6636829168159, 'hits': 4.0, 'net': 34.6636829168159}]
08:52:03 INFO    fpl_expert.optimise.transfers | bench-aware rescoring: [{'n': 0, 'delta': 0.0, 'hits': 0.0, 'net': 0.0}, {'n': 1, 'delta': 9.43272303593153, 'hits': 0.0, 'net': 9.43272303593153}, {'n': 2, 'delta': 19.028000431410646, 'hits': 4.0, 'net': 15.028000431410646}]
08:52:04 INFO    fpl_expert.backtest.season_sim | GW32: playing bench_boost (best available (13.3 vs 12.8 remaining))
08:52:04 INFO    fpl_expert.optimise.transfers | bench-aware rescoring: [{'n': 0, 'delta': 0.0, 'hits': 0.0, 'net': 0.0}, {'n': 1, 'delta': 5.9542477409288495, 'hits': 0.0, 'net': 5.9542477409288495}, {'n': 2, 'delta': 12.085391849180667, 'hits': 4.0, 'net': 8.085391849180667}]
08:52:04 INFO    fpl_expert.optimise.transfers | bench-aware rescoring: [{'n': 0, 'delta': 0.0, 'hits': 0.0, 'net': 0.0}, {'n': 1, 'delta': 4.325403060911469, 'hits': 0.0, 'net': 4.325403060911469}, {'n': 2, 'delta': 9.588615825650493, 'hits': 4.0, 'net': 5.588615825650493}]
08:52:04 INFO    fpl_expert.backtest.season_sim | GW34: playing triple_captain (best available (12.9 vs 11.9 remaining))
08:52:05 INFO    fpl_expert.optimise.transfers | bench-aware rescoring: [{'n': 0, 'delta': 0.0, 'hits': 0.0, 'net': 0.0}, {'n': 1, 'delta': 13.61550581858424, 'hits': 0.0, 'net': 13.61550581858424}, {'n': 2, 'delta': 17.567507255698075, 'hits': 4.0, 'net': 13.567507255698075}]
08:52:05 INFO    fpl_expert.optimise.transfers | bench-aware rescoring: [{'n': 0, 'delta': 0.0, 'hits': 0.0, 'net': 0.0}, {'n': 1, 'delta': 9.182477128072435, 'hits': 0.0, 'net': 9.182477128072435}, {'n': 2, 'delta': 11.733444686538348, 'hits': 4.0, 'net': 7.733444686538348}]
08:52:06 INFO    fpl_expert.optimise.transfers | bench-aware rescoring: [{'n': 0, 'delta': 0.0, 'hits': 0.0, 'net': 0.0}, {'n': 1, 'delta': 3.6768216864308556, 'hits': 0.0, 'net': 3.6768216864308556}, {'n': 2, 'delta': 15.061242650243344, 'hits': 4.0, 'net': 11.061242650243344}]
08:52:06 INFO    fpl_expert.optimise.transfers | bench-aware rescoring: [{'n': 0, 'delta': 0.0, 'hits': 0.0, 'net': 0.0}, {'n': 1, 'delta': 0.43967375690509414, 'hits': 0.0, 'net': 0.43967375690509414}, {'n': 2, 'delta': 1.5341527242439668, 'hits': 4.0, 'net': -2.4658472757560332}]
08:52:06 INFO    fpl_expert.backtest.ensemble | bench_aware path 4: 2225
08:52:07 INFO    fpl_expert.optimise.transfers | bench-aware rescoring: [{'n': 0, 'delta': 0.0, 'hits': 0.0, 'net': 0.0}, {'n': 1, 'delta': 14.981804671871458, 'hits': 0.0, 'net': 14.981804671871458}, {'n': 2, 'delta': 31.786757853625915, 'hits': 4.0, 'net': 27.786757853625915}]
08:52:08 INFO    fpl_expert.optimise.transfers | bench-aware rescoring: [{'n': 0, 'delta': 0.0, 'hits': 0.0, 'net': 0.0}, {'n': 1, 'delta': 23.44653301904853, 'hits': 0.0, 'net': 23.44653301904853}, {'n': 2, 'delta': 44.628379674483995, 'hits': 4.0, 'net': 40.628379674483995}]
08:52:08 INFO    fpl_expert.optimise.transfers | bench-aware rescoring: [{'n': 0, 'delta': 0.0, 'hits': 0.0, 'net': 0.0}, {'n': 1, 'delta': 1.0456789204126267, 'hits': 0.0, 'net': 1.0456789204126267}, {'n': 2, 'delta': 12.421929460392363, 'hits': 4.0, 'net': 8.421929460392363}]
08:52:09 INFO    fpl_expert.optimise.transfers | bench-aware rescoring: [{'n': 0, 'delta': 0.0, 'hits': 0.0, 'net': 0.0}, {'n': 1, 'delta': 6.617263081194238, 'hits': 0.0, 'net': 6.617263081194238}, {'n': 2, 'delta': 8.130274018333523, 'hits': 4.0, 'net': 4.130274018333523}]
08:52:09 INFO    fpl_expert.optimise.transfers | bench-aware rescoring: [{'n': 0, 'delta': 0.0, 'hits': 0.0, 'net': 0.0}, {'n': 1, 'delta': 8.307947584744795, 'hits': 0.0, 'net': 8.307947584744795}, {'n': 2, 'delta': 9.684229376387464, 'hits': 4.0, 'net': 5.684229376387464}]
08:52:10 INFO    fpl_expert.optimise.transfers | bench-aware rescoring: [{'n': 0, 'delta': 0.0, 'hits': 0.0, 'net': 0.0}, {'n': 1, 'delta': 6.6069424765555596, 'hits': 0.0, 'net': 6.6069424765555596}, {'n': 2, 'delta': 12.957163219413076, 'hits': 4.0, 'net': 8.957163219413076}]
08:52:10 INFO    fpl_expert.optimise.transfers | bench-aware rescoring: [{'n': 0, 'delta': 0.0, 'hits': 0.0, 'net': 0.0}, {'n': 1, 'delta': 4.549317088360169, 'hits': 0.0, 'net': 4.549317088360169}, {'n': 2, 'delta': 7.313583879931201, 'hits': 4.0, 'net': 3.313583879931201}]
08:52:10 INFO    fpl_expert.optimise.transfers | bench-aware rescoring: [{'n': 0, 'delta': 0.0, 'hits': 0.0, 'net': 0.0}, {'n': 1, 'delta': 0.16949266817204034, 'hits': 0.0, 'net': 0.16949266817204034}, {'n': 2, 'delta': 3.2729311279841795, 'hits': 4.0, 'net': -0.7270688720158205}]
08:52:11 INFO    fpl_expert.optimise.transfers | bench-aware rescoring: [{'n': 0, 'delta': 0.0, 'hits': 0.0, 'net': 0.0}, {'n': 1, 'delta': 4.3153217986309755, 'hits': 0.0, 'net': 4.3153217986309755}, {'n': 2, 'delta': 8.546246758231803, 'hits': 4.0, 'net': 4.546246758231803}]
08:52:11 INFO    fpl_expert.optimise.transfers | bench-aware rescoring: [{'n': 0, 'delta': 0.0, 'hits': 0.0, 'net': 0.0}, {'n': 1, 'delta': 3.432542804811476, 'hits': 0.0, 'net': 3.432542804811476}, {'n': 2, 'delta': 2.1896448249167406, 'hits': 4.0, 'net': -1.8103551750832594}]
08:52:12 INFO    fpl_expert.optimise.transfers | bench-aware rescoring: [{'n': 0, 'delta': 0.0, 'hits': 0.0, 'net': 0.0}, {'n': 1, 'delta': 1.1326156038605006, 'hits': 0.0, 'net': 1.1326156038605006}, {'n': 2, 'delta': 5.3272494113467985, 'hits': 4.0, 'net': 1.3272494113467985}]
08:52:12 INFO    fpl_expert.optimise.transfers | bench-aware rescoring: [{'n': 0, 'delta': 0.0, 'hits': 0.0, 'net': 0.0}, {'n': 1, 'delta': 4.407716223747599, 'hits': 0.0, 'net': 4.407716223747599}, {'n': 2, 'delta': 4.702621129009287, 'hits': 4.0, 'net': 0.7026211290092874}]
08:52:12 INFO    fpl_expert.optimise.transfers | bench-aware rescoring: [{'n': 0, 'delta': 0.0, 'hits': 0.0, 'net': 0.0}, {'n': 1, 'delta': 2.4148113541608893, 'hits': 0.0, 'net': 2.4148113541608893}, {'n': 2, 'delta': 5.180118130782461, 'hits': 4.0, 'net': 1.1801181307824606}]
08:52:13 INFO    fpl_expert.backtest.season_sim | GW14: playing bench_boost (best available (13.0 vs 11.8 remaining))
08:52:13 INFO    fpl_expert.optimise.transfers | bench-aware rescoring: [{'n': 0, 'delta': 0.0, 'hits': 0.0, 'net': 0.0}, {'n': 1, 'delta': 1.773934262589961, 'hits': 0.0, 'net': 1.773934262589961}, {'n': 2, 'delta': 1.8378460397561867, 'hits': 4.0, 'net': -2.1621539602438133}]
08:52:13 INFO    fpl_expert.backtest.season_sim | GW15: playing triple_captain (best available (9.1 vs 8.2 remaining))
08:52:13 INFO    fpl_expert.optimise.transfers | bench-aware rescoring: [{'n': 0, 'delta': 0.0, 'hits': 0.0, 'net': 0.0}, {'n': 1, 'delta': 1.9640791292859205, 'hits': 0.0, 'net': 1.9640791292859205}, {'n': 2, 'delta': 3.296570259957747, 'hits': 4.0, 'net': -0.7034297400422531}]
08:52:14 INFO    fpl_expert.optimise.transfers | bench-aware rescoring: [{'n': 0, 'delta': 0.0, 'hits': 0.0, 'net': 0.0}, {'n': 1, 'delta': 1.6623586802341492, 'hits': 0.0, 'net': 1.6623586802341492}, {'n': 2, 'delta': 9.468852080228089, 'hits': 4.0, 'net': 5.468852080228089}]
08:52:14 INFO    fpl_expert.optimise.transfers | bench-aware rescoring: [{'n': 0, 'delta': 0.0, 'hits': 0.0, 'net': 0.0}, {'n': 1, 'delta': 26.864055483806823, 'hits': 0.0, 'net': 26.864055483806823}, {'n': 2, 'delta': 32.81926973504204, 'hits': 4.0, 'net': 28.81926973504204}]
08:52:14 INFO    fpl_expert.optimise.transfers | bench-aware rescoring: [{'n': 0, 'delta': 0.0, 'hits': 0.0, 'net': 0.0}, {'n': 1, 'delta': 6.363750365440069, 'hits': 0.0, 'net': 6.363750365440069}, {'n': 2, 'delta': 6.664308370985935, 'hits': 4.0, 'net': 2.6643083709859354}]
08:52:15 INFO    fpl_expert.optimise.transfers | bench-aware rescoring: [{'n': 0, 'delta': 0.0, 'hits': 0.0, 'net': 0.0}, {'n': 1, 'delta': 0.3462370404295143, 'hits': 0.0, 'net': 0.3462370404295143}, {'n': 2, 'delta': 2.939524656401886, 'hits': 4.0, 'net': -1.0604753435981138}]
08:52:15 INFO    fpl_expert.optimise.transfers | bench-aware rescoring: [{'n': 0, 'delta': 0.0, 'hits': 0.0, 'net': 0.0}, {'n': 1, 'delta': 0.21079614674835057, 'hits': 0.0, 'net': 0.21079614674835057}, {'n': 2, 'delta': 3.1249690153415486, 'hits': 4.0, 'net': -0.8750309846584514}]
08:52:16 INFO    fpl_expert.optimise.transfers | bench-aware rescoring: [{'n': 0, 'delta': 0.0, 'hits': 0.0, 'net': 0.0}, {'n': 1, 'delta': 5.540534127432096, 'hits': 0.0, 'net': 5.540534127432096}, {'n': 2, 'delta': 9.24477414216409, 'hits': 4.0, 'net': 5.24477414216409}]
08:52:16 INFO    fpl_expert.optimise.transfers | bench-aware rescoring: [{'n': 0, 'delta': 0.0, 'hits': 0.0, 'net': 0.0}, {'n': 1, 'delta': 4.756463086481858, 'hits': 0.0, 'net': 4.756463086481858}, {'n': 2, 'delta': 11.408602100817234, 'hits': 4.0, 'net': 7.408602100817234}]
08:52:16 INFO    fpl_expert.optimise.transfers | bench-aware rescoring: [{'n': 0, 'delta': 0.0, 'hits': 0.0, 'net': 0.0}, {'n': 1, 'delta': 2.0780954094436197, 'hits': 0.0, 'net': 2.0780954094436197}, {'n': 2, 'delta': 3.9464627253979643, 'hits': 4.0, 'net': -0.05353727460203572}]
08:52:17 INFO    fpl_expert.optimise.transfers | bench-aware rescoring: [{'n': 0, 'delta': 0.0, 'hits': 0.0, 'net': 0.0}, {'n': 1, 'delta': 0.6646685018138214, 'hits': 0.0, 'net': 0.6646685018138214}, {'n': 2, 'delta': 19.71679580507191, 'hits': 4.0, 'net': 15.71679580507191}]
08:52:17 INFO    fpl_expert.optimise.transfers | bench-aware rescoring: [{'n': 0, 'delta': 0.0, 'hits': 0.0, 'net': 0.0}, {'n': 1, 'delta': 6.70406827341435, 'hits': 0.0, 'net': 6.70406827341435}, {'n': 2, 'delta': 13.384859517322354, 'hits': 4.0, 'net': 9.384859517322354}]
08:52:18 INFO    fpl_expert.optimise.transfers | bench-aware rescoring: [{'n': 0, 'delta': 0.0, 'hits': 0.0, 'net': 0.0}, {'n': 1, 'delta': 9.108425230113454, 'hits': 0.0, 'net': 9.108425230113454}, {'n': 2, 'delta': 16.02721379276869, 'hits': 4.0, 'net': 12.027213792768691}]
08:52:18 INFO    fpl_expert.optimise.transfers | bench-aware rescoring: [{'n': 0, 'delta': 0.0, 'hits': 0.0, 'net': 0.0}, {'n': 1, 'delta': 5.150267470297678, 'hits': 0.0, 'net': 5.150267470297678}, {'n': 2, 'delta': 8.885341494773542, 'hits': 4.0, 'net': 4.885341494773542}]
08:52:18 INFO    fpl_expert.optimise.transfers | bench-aware rescoring: [{'n': 0, 'delta': 0.0, 'hits': 0.0, 'net': 0.0}, {'n': 1, 'delta': 5.44536930992939, 'hits': 0.0, 'net': 5.44536930992939}, {'n': 2, 'delta': 9.596032937163727, 'hits': 4.0, 'net': 5.596032937163727}]
08:52:19 INFO    fpl_expert.optimise.transfers | bench-aware rescoring: [{'n': 0, 'delta': 0.0, 'hits': 0.0, 'net': 0.0}, {'n': 1, 'delta': 0.3864057593196435, 'hits': 0.0, 'net': 0.3864057593196435}, {'n': 2, 'delta': 8.981378949599872, 'hits': 4.0, 'net': 4.981378949599872}]
08:52:19 INFO    fpl_expert.optimise.transfers | bench-aware rescoring: [{'n': 0, 'delta': 0.0, 'hits': 0.0, 'net': 0.0}, {'n': 1, 'delta': 8.2006977647072, 'hits': 0.0, 'net': 8.2006977647072}, {'n': 2, 'delta': 22.70793626253672, 'hits': 4.0, 'net': 18.70793626253672}]
08:52:20 INFO    fpl_expert.optimise.transfers | bench-aware rescoring: [{'n': 0, 'delta': 0.0, 'hits': 0.0, 'net': 0.0}, {'n': 1, 'delta': 5.407627924977078, 'hits': 0.0, 'net': 5.407627924977078}, {'n': 2, 'delta': 15.65598032759101, 'hits': 4.0, 'net': 11.65598032759101}]
08:52:20 INFO    fpl_expert.optimise.transfers | bench-aware rescoring: [{'n': 0, 'delta': 0.0, 'hits': 0.0, 'net': 0.0}, {'n': 1, 'delta': 2.581370969608656, 'hits': 0.0, 'net': 2.581370969608656}, {'n': 2, 'delta': 4.583004583580873, 'hits': 4.0, 'net': 0.5830045835808733}]
08:52:21 INFO    fpl_expert.optimise.transfers | bench-aware rescoring: [{'n': 0, 'delta': 0.0, 'hits': 0.0, 'net': 0.0}, {'n': 1, 'delta': 4.148260512784589, 'hits': 0.0, 'net': 4.148260512784589}, {'n': 2, 'delta': 9.940239079279479, 'hits': 4.0, 'net': 5.940239079279479}]
08:52:21 INFO    fpl_expert.backtest.season_sim | GW34: playing triple_captain (best available (12.9 vs 11.9 remaining))
08:52:21 INFO    fpl_expert.optimise.transfers | bench-aware rescoring: [{'n': 0, 'delta': 0.0, 'hits': 0.0, 'net': 0.0}, {'n': 1, 'delta': 15.894118055635914, 'hits': 0.0, 'net': 15.894118055635914}, {'n': 2, 'delta': 25.73136000153073, 'hits': 4.0, 'net': 21.73136000153073}]
08:52:21 INFO    fpl_expert.optimise.transfers | bench-aware rescoring: [{'n': 0, 'delta': 0.0, 'hits': 0.0, 'net': 0.0}, {'n': 1, 'delta': 0.44793872305095306, 'hits': 0.0, 'net': 0.44793872305095306}, {'n': 2, 'delta': 11.713638327439838, 'hits': 4.0, 'net': 7.713638327439838}]
08:52:22 INFO    fpl_expert.optimise.transfers | bench-aware rescoring: [{'n': 0, 'delta': 0.0, 'hits': 0.0, 'net': 0.0}, {'n': 1, 'delta': 0.354248754199773, 'hits': 0.0, 'net': 0.354248754199773}, {'n': 2, 'delta': 15.099874219584308, 'hits': 4.0, 'net': 11.099874219584308}]
08:52:22 INFO    fpl_expert.optimise.transfers | bench-aware rescoring: [{'n': 0, 'delta': 0.0, 'hits': 0.0, 'net': 0.0}, {'n': 1, 'delta': 1.7711757815373517, 'hits': 0.0, 'net': 1.7711757815373517}, {'n': 2, 'delta': 2.939583659847983, 'hits': 4.0, 'net': -1.0604163401520168}]
08:52:22 INFO    fpl_expert.backtest.season_sim | GW38: playing bench_boost (final chance before expiry)
08:52:22 INFO    fpl_expert.backtest.ensemble | bench_aware path 5: 2225
08:52:24 INFO    fpl_expert.optimise.transfers | bench-aware rescoring: [{'n': 0, 'delta': 0.0, 'hits': 0.0, 'net': 0.0}, {'n': 1, 'delta': 14.9595891465475, 'hits': 0.0, 'net': 14.9595891465475}, {'n': 2, 'delta': 31.78725283796004, 'hits': 4.0, 'net': 27.78725283796004}]
08:52:24 INFO    fpl_expert.optimise.transfers | bench-aware rescoring: [{'n': 0, 'delta': 0.0, 'hits': 0.0, 'net': 0.0}, {'n': 1, 'delta': 23.442609653045707, 'hits': 0.0, 'net': 23.442609653045707}, {'n': 2, 'delta': 44.708661434794294, 'hits': 4.0, 'net': 40.708661434794294}]
08:52:24 INFO    fpl_expert.optimise.transfers | bench-aware rescoring: [{'n': 0, 'delta': 0.0, 'hits': 0.0, 'net': 0.0}, {'n': 1, 'delta': 1.0457142519329068, 'hits': 0.0, 'net': 1.0457142519329068}, {'n': 2, 'delta': 12.409386160226319, 'hits': 4.0, 'net': 8.409386160226319}]
08:52:25 INFO    fpl_expert.optimise.transfers | bench-aware rescoring: [{'n': 0, 'delta': 0.0, 'hits': 0.0, 'net': 0.0}, {'n': 1, 'delta': 6.608558219230872, 'hits': 0.0, 'net': 6.608558219230872}, {'n': 2, 'delta': 8.122888335715885, 'hits': 4.0, 'net': 4.122888335715885}]
08:52:25 INFO    fpl_expert.optimise.transfers | bench-aware rescoring: [{'n': 0, 'delta': 0.0, 'hits': 0.0, 'net': 0.0}, {'n': 1, 'delta': 8.35420083946724, 'hits': 0.0, 'net': 8.35420083946724}, {'n': 2, 'delta': 9.716859860499085, 'hits': 4.0, 'net': 5.716859860499085}]
08:52:26 INFO    fpl_expert.optimise.transfers | bench-aware rescoring: [{'n': 0, 'delta': 0.0, 'hits': 0.0, 'net': 0.0}, {'n': 1, 'delta': 6.601243753466889, 'hits': 0.0, 'net': 6.601243753466889}, {'n': 2, 'delta': 12.963079480962563, 'hits': 4.0, 'net': 8.963079480962563}]
08:52:26 INFO    fpl_expert.optimise.transfers | bench-aware rescoring: [{'n': 0, 'delta': 0.0, 'hits': 0.0, 'net': 0.0}, {'n': 1, 'delta': 4.559995272867013, 'hits': 0.0, 'net': 4.559995272867013}, {'n': 2, 'delta': 7.305753146747037, 'hits': 4.0, 'net': 3.305753146747037}]
08:52:26 INFO    fpl_expert.optimise.transfers | bench-aware rescoring: [{'n': 0, 'delta': 0.0, 'hits': 0.0, 'net': 0.0}, {'n': 1, 'delta': 0.16971120806826434, 'hits': 0.0, 'net': 0.16971120806826434}, {'n': 2, 'delta': 3.273609661133861, 'hits': 4.0, 'net': -0.726390338866139}]
08:52:27 INFO    fpl_expert.optimise.transfers | bench-aware rescoring: [{'n': 0, 'delta': 0.0, 'hits': 0.0, 'net': 0.0}, {'n': 1, 'delta': 4.3325276227641325, 'hits': 0.0, 'net': 4.3325276227641325}, {'n': 2, 'delta': 8.564738166202886, 'hits': 4.0, 'net': 4.564738166202886}]
08:52:27 INFO    fpl_expert.optimise.transfers | bench-aware rescoring: [{'n': 0, 'delta': 0.0, 'hits': 0.0, 'net': 0.0}, {'n': 1, 'delta': 3.4226912731080006, 'hits': 0.0, 'net': 3.4226912731080006}, {'n': 2, 'delta': 2.185495907952628, 'hits': 4.0, 'net': -1.8145040920473718}]
08:52:28 INFO    fpl_expert.optimise.transfers | bench-aware rescoring: [{'n': 0, 'delta': 0.0, 'hits': 0.0, 'net': 0.0}, {'n': 1, 'delta': 1.134439716017397, 'hits': 0.0, 'net': 1.134439716017397}, {'n': 2, 'delta': 5.343763614989513, 'hits': 4.0, 'net': 1.3437636149895127}]
08:52:28 INFO    fpl_expert.optimise.transfers | bench-aware rescoring: [{'n': 0, 'delta': 0.0, 'hits': 0.0, 'net': 0.0}, {'n': 1, 'delta': 4.411667002159078, 'hits': 0.0, 'net': 4.411667002159078}, {'n': 2, 'delta': 4.705695337657062, 'hits': 4.0, 'net': 0.7056953376570618}]
08:52:29 INFO    fpl_expert.optimise.transfers | bench-aware rescoring: [{'n': 0, 'delta': 0.0, 'hits': 0.0, 'net': 0.0}, {'n': 1, 'delta': 2.4147805626207344, 'hits': 0.0, 'net': 2.4147805626207344}, {'n': 2, 'delta': 5.172743447336757, 'hits': 4.0, 'net': 1.1727434473367566}]
08:52:29 INFO    fpl_expert.backtest.season_sim | GW14: playing bench_boost (best available (13.0 vs 11.8 remaining))
08:52:29 INFO    fpl_expert.optimise.transfers | bench-aware rescoring: [{'n': 0, 'delta': 0.0, 'hits': 0.0, 'net': 0.0}, {'n': 1, 'delta': 1.746362328980581, 'hits': 0.0, 'net': 1.746362328980581}, {'n': 2, 'delta': 1.8102800232681489, 'hits': 4.0, 'net': -2.189719976731851}]
08:52:29 INFO    fpl_expert.backtest.season_sim | GW15: playing triple_captain (best available (9.1 vs 8.2 remaining))
08:52:29 INFO    fpl_expert.optimise.transfers | bench-aware rescoring: [{'n': 0, 'delta': 0.0, 'hits': 0.0, 'net': 0.0}, {'n': 1, 'delta': 1.9651087836982697, 'hits': 0.0, 'net': 1.9651087836982697}, {'n': 2, 'delta': 3.3120141689865648, 'hits': 4.0, 'net': -0.6879858310134352}]
08:52:30 INFO    fpl_expert.optimise.transfers | bench-aware rescoring: [{'n': 0, 'delta': 0.0, 'hits': 0.0, 'net': 0.0}, {'n': 1, 'delta': 1.6560538394964226, 'hits': 0.0, 'net': 1.6560538394964226}, {'n': 2, 'delta': 9.463176385146568, 'hits': 4.0, 'net': 5.463176385146568}]
08:52:30 INFO    fpl_expert.optimise.transfers | bench-aware rescoring: [{'n': 0, 'delta': 0.0, 'hits': 0.0, 'net': 0.0}, {'n': 1, 'delta': 26.857778723342307, 'hits': 0.0, 'net': 26.857778723342307}, {'n': 2, 'delta': 32.81795916895845, 'hits': 4.0, 'net': 28.817959168958453}]
08:52:30 INFO    fpl_expert.optimise.transfers | bench-aware rescoring: [{'n': 0, 'delta': 0.0, 'hits': 0.0, 'net': 0.0}, {'n': 1, 'delta': 6.359204190167873, 'hits': 0.0, 'net': 6.359204190167873}, {'n': 2, 'delta': 6.660905404437415, 'hits': 4.0, 'net': 2.6609054044374147}]
08:52:31 INFO    fpl_expert.optimise.transfers | bench-aware rescoring: [{'n': 0, 'delta': 0.0, 'hits': 0.0, 'net': 0.0}, {'n': 1, 'delta': 0.3447368942420894, 'hits': 0.0, 'net': 0.3447368942420894}, {'n': 2, 'delta': 2.9352263593491443, 'hits': 4.0, 'net': -1.0647736406508557}]
08:52:31 INFO    fpl_expert.optimise.transfers | bench-aware rescoring: [{'n': 0, 'delta': 0.0, 'hits': 0.0, 'net': 0.0}, {'n': 1, 'delta': 0.21145184424830177, 'hits': 0.0, 'net': 0.21145184424830177}, {'n': 2, 'delta': 2.6480374549265093, 'hits': 4.0, 'net': -1.3519625450734907}]
08:52:32 INFO    fpl_expert.optimise.transfers | bench-aware rescoring: [{'n': 0, 'delta': 0.0, 'hits': 0.0, 'net': 0.0}, {'n': 1, 'delta': 5.55549493506652, 'hits': 0.0, 'net': 5.55549493506652}, {'n': 2, 'delta': 9.190281707547399, 'hits': 4.0, 'net': 5.190281707547399}]
08:52:32 INFO    fpl_expert.optimise.transfers | bench-aware rescoring: [{'n': 0, 'delta': 0.0, 'hits': 0.0, 'net': 0.0}, {'n': 1, 'delta': 4.764461443366827, 'hits': 0.0, 'net': 4.764461443366827}, {'n': 2, 'delta': 11.440673211362906, 'hits': 4.0, 'net': 7.440673211362906}]
08:52:32 INFO    fpl_expert.optimise.transfers | bench-aware rescoring: [{'n': 0, 'delta': 0.0, 'hits': 0.0, 'net': 0.0}, {'n': 1, 'delta': 2.090442010693124, 'hits': 0.0, 'net': 2.090442010693124}, {'n': 2, 'delta': 3.9746687199424287, 'hits': 4.0, 'net': -0.025331280057571348}]
08:52:33 INFO    fpl_expert.optimise.transfers | bench-aware rescoring: [{'n': 0, 'delta': 0.0, 'hits': 0.0, 'net': 0.0}, {'n': 1, 'delta': 0.6488001631352063, 'hits': 0.0, 'net': 0.6488001631352063}, {'n': 2, 'delta': 19.62420170668642, 'hits': 4.0, 'net': 15.62420170668642}]
08:52:33 INFO    fpl_expert.optimise.transfers | bench-aware rescoring: [{'n': 0, 'delta': 0.0, 'hits': 0.0, 'net': 0.0}, {'n': 1, 'delta': 6.693340171751231, 'hits': 0.0, 'net': 6.693340171751231}, {'n': 2, 'delta': 13.37890406861132, 'hits': 4.0, 'net': 9.37890406861132}]
08:52:34 INFO    fpl_expert.optimise.transfers | bench-aware rescoring: [{'n': 0, 'delta': 0.0, 'hits': 0.0, 'net': 0.0}, {'n': 1, 'delta': 9.089701655339638, 'hits': 0.0, 'net': 9.089701655339638}, {'n': 2, 'delta': 15.996506175516089, 'hits': 4.0, 'net': 11.996506175516089}]
08:52:34 INFO    fpl_expert.optimise.transfers | bench-aware rescoring: [{'n': 0, 'delta': 0.0, 'hits': 0.0, 'net': 0.0}, {'n': 1, 'delta': 5.156907285212981, 'hits': 0.0, 'net': 5.156907285212981}, {'n': 2, 'delta': 8.888270178420242, 'hits': 4.0, 'net': 4.8882701784202425}]
08:52:35 INFO    fpl_expert.optimise.transfers | bench-aware rescoring: [{'n': 0, 'delta': 0.0, 'hits': 0.0, 'net': 0.0}, {'n': 1, 'delta': 5.447463961678437, 'hits': 0.0, 'net': 5.447463961678437}, {'n': 2, 'delta': 9.52092142127269, 'hits': 4.0, 'net': 5.520921421272689}]
08:52:35 INFO    fpl_expert.optimise.transfers | bench-aware rescoring: [{'n': 0, 'delta': 0.0, 'hits': 0.0, 'net': 0.0}, {'n': 1, 'delta': 0.3866995457644862, 'hits': 0.0, 'net': 0.3866995457644862}, {'n': 2, 'delta': 8.969352843576587, 'hits': 4.0, 'net': 4.969352843576587}]
08:52:36 INFO    fpl_expert.optimise.transfers | bench-aware rescoring: [{'n': 0, 'delta': 0.0, 'hits': 0.0, 'net': 0.0}, {'n': 1, 'delta': 8.201323486195207, 'hits': 0.0, 'net': 8.201323486195207}, {'n': 2, 'delta': 22.524856745619246, 'hits': 4.0, 'net': 18.524856745619246}]
08:52:36 INFO    fpl_expert.optimise.transfers | bench-aware rescoring: [{'n': 0, 'delta': 0.0, 'hits': 0.0, 'net': 0.0}, {'n': 1, 'delta': 5.430747271788391, 'hits': 0.0, 'net': 5.430747271788391}, {'n': 2, 'delta': 15.6360997486683, 'hits': 4.0, 'net': 11.6360997486683}]
08:52:36 INFO    fpl_expert.optimise.transfers | bench-aware rescoring: [{'n': 0, 'delta': 0.0, 'hits': 0.0, 'net': 0.0}, {'n': 1, 'delta': 2.576662824117136, 'hits': 0.0, 'net': 2.576662824117136}, {'n': 2, 'delta': 4.5899188925604335, 'hits': 4.0, 'net': 0.5899188925604335}]
08:52:37 INFO    fpl_expert.optimise.transfers | bench-aware rescoring: [{'n': 0, 'delta': 0.0, 'hits': 0.0, 'net': 0.0}, {'n': 1, 'delta': 4.178348994701196, 'hits': 0.0, 'net': 4.178348994701196}, {'n': 2, 'delta': 9.97860874346486, 'hits': 4.0, 'net': 5.978608743464861}]
08:52:37 INFO    fpl_expert.backtest.season_sim | GW34: playing triple_captain (best available (12.9 vs 11.9 remaining))
08:52:37 INFO    fpl_expert.optimise.transfers | bench-aware rescoring: [{'n': 0, 'delta': 0.0, 'hits': 0.0, 'net': 0.0}, {'n': 1, 'delta': 15.841004199726541, 'hits': 0.0, 'net': 15.841004199726541}, {'n': 2, 'delta': 25.710933259342028, 'hits': 4.0, 'net': 21.710933259342028}]
08:52:38 INFO    fpl_expert.optimise.transfers | bench-aware rescoring: [{'n': 0, 'delta': 0.0, 'hits': 0.0, 'net': 0.0}, {'n': 1, 'delta': 0.4477857904970506, 'hits': 0.0, 'net': 0.4477857904970506}, {'n': 2, 'delta': 11.712065376362347, 'hits': 4.0, 'net': 7.712065376362347}]
08:52:38 INFO    fpl_expert.optimise.transfers | bench-aware rescoring: [{'n': 0, 'delta': 0.0, 'hits': 0.0, 'net': 0.0}, {'n': 1, 'delta': 0.35395863455661924, 'hits': 0.0, 'net': 0.35395863455661924}, {'n': 2, 'delta': 15.00115148001754, 'hits': 4.0, 'net': 11.00115148001754}]
08:52:39 INFO    fpl_expert.optimise.transfers | bench-aware rescoring: [{'n': 0, 'delta': 0.0, 'hits': 0.0, 'net': 0.0}, {'n': 1, 'delta': 1.7678492231071772, 'hits': 0.0, 'net': 1.7678492231071772}, {'n': 2, 'delta': 2.930864637025792, 'hits': 4.0, 'net': -1.0691353629742082}]
08:52:39 INFO    fpl_expert.backtest.season_sim | GW38: playing bench_boost (final chance before expiry)
08:52:39 INFO    fpl_expert.backtest.ensemble | bench_aware path 6: 2225
08:52:40 INFO    fpl_expert.optimise.transfers | bench-aware rescoring: [{'n': 0, 'delta': 0.0, 'hits': 0.0, 'net': 0.0}, {'n': 1, 'delta': 14.967618740895858, 'hits': 0.0, 'net': 14.967618740895858}, {'n': 2, 'delta': 31.831928135140885, 'hits': 4.0, 'net': 27.831928135140885}]
08:52:40 INFO    fpl_expert.optimise.transfers | bench-aware rescoring: [{'n': 0, 'delta': 0.0, 'hits': 0.0, 'net': 0.0}, {'n': 1, 'delta': 23.483803999266257, 'hits': 0.0, 'net': 23.483803999266257}, {'n': 2, 'delta': 44.643013807086476, 'hits': 4.0, 'net': 40.643013807086476}]
08:52:41 INFO    fpl_expert.optimise.transfers | bench-aware rescoring: [{'n': 0, 'delta': 0.0, 'hits': 0.0, 'net': 0.0}, {'n': 1, 'delta': 1.0462868513862702, 'hits': 0.0, 'net': 1.0462868513862702}, {'n': 2, 'delta': 12.412857321133998, 'hits': 4.0, 'net': 8.412857321133998}]
08:52:41 INFO    fpl_expert.optimise.transfers | bench-aware rescoring: [{'n': 0, 'delta': 0.0, 'hits': 0.0, 'net': 0.0}, {'n': 1, 'delta': 6.6114287032933134, 'hits': 0.0, 'net': 6.6114287032933134}, {'n': 2, 'delta': 8.116969994565153, 'hits': 4.0, 'net': 4.116969994565153}]
08:52:42 INFO    fpl_expert.optimise.transfers | bench-aware rescoring: [{'n': 0, 'delta': 0.0, 'hits': 0.0, 'net': 0.0}, {'n': 1, 'delta': 8.344458324801849, 'hits': 0.0, 'net': 8.344458324801849}, {'n': 2, 'delta': 9.725125621595595, 'hits': 4.0, 'net': 5.725125621595595}]
08:52:42 INFO    fpl_expert.optimise.transfers | bench-aware rescoring: [{'n': 0, 'delta': 0.0, 'hits': 0.0, 'net': 0.0}, {'n': 1, 'delta': 6.613500791281098, 'hits': 0.0, 'net': 6.613500791281098}, {'n': 2, 'delta': 12.961842549133792, 'hits': 4.0, 'net': 8.961842549133792}]
08:52:43 INFO    fpl_expert.optimise.transfers | bench-aware rescoring: [{'n': 0, 'delta': 0.0, 'hits': 0.0, 'net': 0.0}, {'n': 1, 'delta': 4.542405361587811, 'hits': 0.0, 'net': 4.542405361587811}, {'n': 2, 'delta': 7.313988465860575, 'hits': 4.0, 'net': 3.313988465860575}]
08:52:43 INFO    fpl_expert.optimise.transfers | bench-aware rescoring: [{'n': 0, 'delta': 0.0, 'hits': 0.0, 'net': 0.0}, {'n': 1, 'delta': 0.16963726305206706, 'hits': 0.0, 'net': 0.16963726305206706}, {'n': 2, 'delta': 3.2556447445978733, 'hits': 4.0, 'net': -0.7443552554021267}]
08:52:43 INFO    fpl_expert.optimise.transfers | bench-aware rescoring: [{'n': 0, 'delta': 0.0, 'hits': 0.0, 'net': 0.0}, {'n': 1, 'delta': 4.323365116344036, 'hits': 0.0, 'net': 4.323365116344036}, {'n': 2, 'delta': 8.548453797487497, 'hits': 4.0, 'net': 4.548453797487497}]
08:52:44 INFO    fpl_expert.optimise.transfers | bench-aware rescoring: [{'n': 0, 'delta': 0.0, 'hits': 0.0, 'net': 0.0}, {'n': 1, 'delta': 3.4201842339748794, 'hits': 0.0, 'net': 3.4201842339748794}, {'n': 2, 'delta': 2.177021336082703, 'hits': 4.0, 'net': -1.8229786639172971}]
08:52:44 INFO    fpl_expert.optimise.transfers | bench-aware rescoring: [{'n': 0, 'delta': 0.0, 'hits': 0.0, 'net': 0.0}, {'n': 1, 'delta': 1.131444152505395, 'hits': 0.0, 'net': 1.131444152505395}, {'n': 2, 'delta': 5.3321482287210245, 'hits': 4.0, 'net': 1.3321482287210245}]
08:52:45 INFO    fpl_expert.optimise.transfers | bench-aware rescoring: [{'n': 0, 'delta': 0.0, 'hits': 0.0, 'net': 0.0}, {'n': 1, 'delta': 4.394793997904287, 'hits': 0.0, 'net': 4.394793997904287}, {'n': 2, 'delta': 4.68908185346956, 'hits': 4.0, 'net': 0.6890818534695597}]
08:52:45 INFO    fpl_expert.optimise.transfers | bench-aware rescoring: [{'n': 0, 'delta': 0.0, 'hits': 0.0, 'net': 0.0}, {'n': 1, 'delta': 2.427816659409558, 'hits': 0.0, 'net': 2.427816659409558}, {'n': 2, 'delta': 5.163471400596933, 'hits': 4.0, 'net': 1.1634714005969329}]
08:52:45 INFO    fpl_expert.backtest.season_sim | GW14: playing bench_boost (best available (13.0 vs 11.8 remaining))
08:52:45 INFO    fpl_expert.optimise.transfers | bench-aware rescoring: [{'n': 0, 'delta': 0.0, 'hits': 0.0, 'net': 0.0}, {'n': 1, 'delta': 1.7974204041734652, 'hits': 0.0, 'net': 1.7974204041734652}, {'n': 2, 'delta': 1.8611926458316077, 'hits': 4.0, 'net': -2.1388073541683923}]
08:52:46 INFO    fpl_expert.backtest.season_sim | GW15: playing triple_captain (best available (9.1 vs 8.2 remaining))
08:52:46 INFO    fpl_expert.optimise.transfers | bench-aware rescoring: [{'n': 0, 'delta': 0.0, 'hits': 0.0, 'net': 0.0}, {'n': 1, 'delta': 1.9448590776980268, 'hits': 0.0, 'net': 1.9448590776980268}, {'n': 2, 'delta': 3.287463997097859, 'hits': 4.0, 'net': -0.7125360029021408}]
08:52:46 INFO    fpl_expert.optimise.transfers | bench-aware rescoring: [{'n': 0, 'delta': 0.0, 'hits': 0.0, 'net': 0.0}, {'n': 1, 'delta': 1.6538975922806003, 'hits': 0.0, 'net': 1.6538975922806003}, {'n': 2, 'delta': 9.483106046685236, 'hits': 4.0, 'net': 5.483106046685236}]
08:52:46 INFO    fpl_expert.optimise.transfers | bench-aware rescoring: [{'n': 0, 'delta': 0.0, 'hits': 0.0, 'net': 0.0}, {'n': 1, 'delta': 26.896522539567286, 'hits': 0.0, 'net': 26.896522539567286}, {'n': 2, 'delta': 33.25581986479631, 'hits': 4.0, 'net': 29.255819864796308}]
08:52:47 INFO    fpl_expert.optimise.transfers | bench-aware rescoring: [{'n': 0, 'delta': 0.0, 'hits': 0.0, 'net': 0.0}, {'n': 1, 'delta': 1.3212055399653195, 'hits': 0.0, 'net': 1.3212055399653195}, {'n': 2, 'delta': 6.297754134722595, 'hits': 4.0, 'net': 2.297754134722595}]
08:52:47 INFO    fpl_expert.optimise.transfers | bench-aware rescoring: [{'n': 0, 'delta': 0.0, 'hits': 0.0, 'net': 0.0}, {'n': 1, 'delta': 2.976637714252263, 'hits': 0.0, 'net': 2.976637714252263}, {'n': 2, 'delta': 3.439985038988027, 'hits': 4.0, 'net': -0.5600149610119729}]
08:52:48 INFO    fpl_expert.optimise.transfers | bench-aware rescoring: [{'n': 0, 'delta': 0.0, 'hits': 0.0, 'net': 0.0}, {'n': 1, 'delta': 1.5604908710479322, 'hits': 0.0, 'net': 1.5604908710479322}, {'n': 2, 'delta': 4.520307713811462, 'hits': 4.0, 'net': 0.5203077138114622}]
08:52:48 INFO    fpl_expert.optimise.transfers | bench-aware rescoring: [{'n': 0, 'delta': 0.0, 'hits': 0.0, 'net': 0.0}, {'n': 1, 'delta': 1.1518968624674812, 'hits': 0.0, 'net': 1.1518968624674812}, {'n': 2, 'delta': 1.3959287792133637, 'hits': 4.0, 'net': -2.6040712207866363}]
08:52:48 INFO    fpl_expert.optimise.transfers | bench-aware rescoring: [{'n': 0, 'delta': 0.0, 'hits': 0.0, 'net': 0.0}, {'n': 1, 'delta': 3.490440199377474, 'hits': 0.0, 'net': 3.490440199377474}, {'n': 2, 'delta': 9.708380883306063, 'hits': 4.0, 'net': 5.708380883306063}]
08:52:49 INFO    fpl_expert.optimise.transfers | bench-aware rescoring: [{'n': 0, 'delta': 0.0, 'hits': 0.0, 'net': 0.0}, {'n': 1, 'delta': 6.724184695145738, 'hits': 0.0, 'net': 6.724184695145738}, {'n': 2, 'delta': 7.926349965796106, 'hits': 4.0, 'net': 3.9263499657961063}]
08:52:49 INFO    fpl_expert.optimise.transfers | bench-aware rescoring: [{'n': 0, 'delta': 0.0, 'hits': 0.0, 'net': 0.0}, {'n': 1, 'delta': -0.31981070496186703, 'hits': 0.0, 'net': -0.31981070496186703}, {'n': 2, 'delta': 0.20602236030666177, 'hits': 4.0, 'net': -3.7939776396933382}]
08:52:50 INFO    fpl_expert.optimise.transfers | bench-aware rescoring: [{'n': 0, 'delta': 0.0, 'hits': 0.0, 'net': 0.0}, {'n': 1, 'delta': 4.839818255129472, 'hits': 0.0, 'net': 4.839818255129472}, {'n': 2, 'delta': 8.570747929370185, 'hits': 0.0, 'net': 8.570747929370185}]
08:52:50 INFO    fpl_expert.optimise.transfers | bench-aware rescoring: [{'n': 0, 'delta': 0.0, 'hits': 0.0, 'net': 0.0}, {'n': 1, 'delta': 10.808083199601981, 'hits': 0.0, 'net': 10.808083199601981}, {'n': 2, 'delta': 18.363718377511105, 'hits': 4.0, 'net': 14.363718377511105}]
08:52:51 INFO    fpl_expert.optimise.transfers | bench-aware rescoring: [{'n': 0, 'delta': 0.0, 'hits': 0.0, 'net': 0.0}, {'n': 1, 'delta': 2.124980593070859, 'hits': 0.0, 'net': 2.124980593070859}, {'n': 2, 'delta': 8.003229120608978, 'hits': 4.0, 'net': 4.003229120608978}]
08:52:51 INFO    fpl_expert.optimise.transfers | bench-aware rescoring: [{'n': 0, 'delta': 0.0, 'hits': 0.0, 'net': 0.0}, {'n': 1, 'delta': 5.469582034604301, 'hits': 0.0, 'net': 5.469582034604301}, {'n': 2, 'delta': 10.916182992490846, 'hits': 4.0, 'net': 6.916182992490846}]
08:52:51 INFO    fpl_expert.optimise.transfers | bench-aware rescoring: [{'n': 0, 'delta': 0.0, 'hits': 0.0, 'net': 0.0}, {'n': 1, 'delta': 5.799068309505856, 'hits': 0.0, 'net': 5.799068309505856}, {'n': 2, 'delta': 16.951340064632802, 'hits': 4.0, 'net': 12.951340064632802}]
08:52:52 INFO    fpl_expert.optimise.transfers | bench-aware rescoring: [{'n': 0, 'delta': 0.0, 'hits': 0.0, 'net': 0.0}, {'n': 1, 'delta': 9.496548690508206, 'hits': 0.0, 'net': 9.496548690508206}, {'n': 2, 'delta': 38.73480364489066, 'hits': 4.0, 'net': 34.73480364489066}]
08:52:52 INFO    fpl_expert.optimise.transfers | bench-aware rescoring: [{'n': 0, 'delta': 0.0, 'hits': 0.0, 'net': 0.0}, {'n': 1, 'delta': 9.415227967007695, 'hits': 0.0, 'net': 9.415227967007695}, {'n': 2, 'delta': 18.896013797570674, 'hits': 4.0, 'net': 14.896013797570674}]
08:52:52 INFO    fpl_expert.backtest.season_sim | GW32: playing bench_boost (best available (13.3 vs 12.8 remaining))
08:52:53 INFO    fpl_expert.optimise.transfers | bench-aware rescoring: [{'n': 0, 'delta': 0.0, 'hits': 0.0, 'net': 0.0}, {'n': 1, 'delta': 5.935417409898832, 'hits': 0.0, 'net': 5.935417409898832}, {'n': 2, 'delta': 12.111103140846694, 'hits': 4.0, 'net': 8.111103140846694}]
08:52:53 INFO    fpl_expert.optimise.transfers | bench-aware rescoring: [{'n': 0, 'delta': 0.0, 'hits': 0.0, 'net': 0.0}, {'n': 1, 'delta': 4.324286946122072, 'hits': 0.0, 'net': 4.324286946122072}, {'n': 2, 'delta': 9.588709625966942, 'hits': 4.0, 'net': 5.588709625966942}]
08:52:53 INFO    fpl_expert.backtest.season_sim | GW34: playing triple_captain (best available (12.9 vs 11.9 remaining))
08:52:53 INFO    fpl_expert.optimise.transfers | bench-aware rescoring: [{'n': 0, 'delta': 0.0, 'hits': 0.0, 'net': 0.0}, {'n': 1, 'delta': 13.632018193647326, 'hits': 0.0, 'net': 13.632018193647326}, {'n': 2, 'delta': 17.580758429101053, 'hits': 4.0, 'net': 13.580758429101053}]
08:52:54 INFO    fpl_expert.optimise.transfers | bench-aware rescoring: [{'n': 0, 'delta': 0.0, 'hits': 0.0, 'net': 0.0}, {'n': 1, 'delta': 9.183279485337579, 'hits': 0.0, 'net': 9.183279485337579}, {'n': 2, 'delta': 11.744756095879637, 'hits': 4.0, 'net': 7.744756095879637}]
08:52:54 INFO    fpl_expert.optimise.transfers | bench-aware rescoring: [{'n': 0, 'delta': 0.0, 'hits': 0.0, 'net': 0.0}, {'n': 1, 'delta': 3.6880085816946746, 'hits': 0.0, 'net': 3.6880085816946746}, {'n': 2, 'delta': 14.945102936698106, 'hits': 4.0, 'net': 10.945102936698106}]
08:52:55 INFO    fpl_expert.optimise.transfers | bench-aware rescoring: [{'n': 0, 'delta': 0.0, 'hits': 0.0, 'net': 0.0}, {'n': 1, 'delta': 0.4342680449988592, 'hits': 0.0, 'net': 0.4342680449988592}, {'n': 2, 'delta': 1.5410362544918286, 'hits': 4.0, 'net': -2.4589637455081714}]
08:52:55 INFO    fpl_expert.backtest.ensemble | bench_aware path 7: 2225
08:52:56 INFO    fpl_expert.optimise.transfers | bench-aware rescoring: [{'n': 0, 'delta': 0.0, 'hits': 0.0, 'net': 0.0}, {'n': 1, 'delta': 14.984755379068275, 'hits': 0.0, 'net': 14.984755379068275}, {'n': 2, 'delta': 31.82527286303133, 'hits': 4.0, 'net': 27.82527286303133}]
08:52:56 INFO    fpl_expert.optimise.transfers | bench-aware rescoring: [{'n': 0, 'delta': 0.0, 'hits': 0.0, 'net': 0.0}, {'n': 1, 'delta': 23.45137583184325, 'hits': 0.0, 'net': 23.45137583184325}, {'n': 2, 'delta': 44.71445095086918, 'hits': 4.0, 'net': 40.71445095086918}]
08:52:57 INFO    fpl_expert.optimise.transfers | bench-aware rescoring: [{'n': 0, 'delta': 0.0, 'hits': 0.0, 'net': 0.0}, {'n': 1, 'delta': 1.0456277122248139, 'hits': 0.0, 'net': 1.0456277122248139}, {'n': 2, 'delta': 12.40223817998259, 'hits': 4.0, 'net': 8.40223817998259}]
08:52:57 INFO    fpl_expert.optimise.transfers | bench-aware rescoring: [{'n': 0, 'delta': 0.0, 'hits': 0.0, 'net': 0.0}, {'n': 1, 'delta': 6.620113833915667, 'hits': 0.0, 'net': 6.620113833915667}, {'n': 2, 'delta': 8.129229242978056, 'hits': 4.0, 'net': 4.129229242978056}]
08:52:58 INFO    fpl_expert.optimise.transfers | bench-aware rescoring: [{'n': 0, 'delta': 0.0, 'hits': 0.0, 'net': 0.0}, {'n': 1, 'delta': 8.34552195644514, 'hits': 0.0, 'net': 8.34552195644514}, {'n': 2, 'delta': 9.722383547946919, 'hits': 4.0, 'net': 5.722383547946919}]
08:52:58 INFO    fpl_expert.optimise.transfers | bench-aware rescoring: [{'n': 0, 'delta': 0.0, 'hits': 0.0, 'net': 0.0}, {'n': 1, 'delta': 6.604674587148139, 'hits': 0.0, 'net': 6.604674587148139}, {'n': 2, 'delta': 12.96683851763541, 'hits': 4.0, 'net': 8.96683851763541}]
08:52:58 INFO    fpl_expert.optimise.transfers | bench-aware rescoring: [{'n': 0, 'delta': 0.0, 'hits': 0.0, 'net': 0.0}, {'n': 1, 'delta': 4.54627744320743, 'hits': 0.0, 'net': 4.54627744320743}, {'n': 2, 'delta': 7.287124132288653, 'hits': 4.0, 'net': 3.2871241322886533}]
08:52:59 INFO    fpl_expert.optimise.transfers | bench-aware rescoring: [{'n': 0, 'delta': 0.0, 'hits': 0.0, 'net': 0.0}, {'n': 1, 'delta': 0.16942534941452436, 'hits': 0.0, 'net': 0.16942534941452436}, {'n': 2, 'delta': 3.2552351582279755, 'hits': 4.0, 'net': -0.7447648417720245}]
08:52:59 INFO    fpl_expert.optimise.transfers | bench-aware rescoring: [{'n': 0, 'delta': 0.0, 'hits': 0.0, 'net': 0.0}, {'n': 1, 'delta': 4.321484658354251, 'hits': 0.0, 'net': 4.321484658354251}, {'n': 2, 'delta': 8.54545186991993, 'hits': 4.0, 'net': 4.54545186991993}]
08:53:00 INFO    fpl_expert.optimise.transfers | bench-aware rescoring: [{'n': 0, 'delta': 0.0, 'hits': 0.0, 'net': 0.0}, {'n': 1, 'delta': 3.4109378742099636, 'hits': 0.0, 'net': 3.4109378742099636}, {'n': 2, 'delta': 2.1754364174688305, 'hits': 4.0, 'net': -1.8245635825311695}]
08:53:00 INFO    fpl_expert.optimise.transfers | bench-aware rescoring: [{'n': 0, 'delta': 0.0, 'hits': 0.0, 'net': 0.0}, {'n': 1, 'delta': 1.1347846268703847, 'hits': 0.0, 'net': 1.1347846268703847}, {'n': 2, 'delta': 5.340329909937395, 'hits': 4.0, 'net': 1.3403299099373953}]
08:53:01 INFO    fpl_expert.optimise.transfers | bench-aware rescoring: [{'n': 0, 'delta': 0.0, 'hits': 0.0, 'net': 0.0}, {'n': 1, 'delta': 4.400211448694165, 'hits': 0.0, 'net': 4.400211448694165}, {'n': 2, 'delta': 4.690631390574026, 'hits': 4.0, 'net': 0.6906313905740262}]
08:53:01 INFO    fpl_expert.optimise.transfers | bench-aware rescoring: [{'n': 0, 'delta': 0.0, 'hits': 0.0, 'net': 0.0}, {'n': 1, 'delta': 2.41429301951041, 'hits': 0.0, 'net': 2.41429301951041}, {'n': 2, 'delta': 5.141810206453016, 'hits': 4.0, 'net': 1.141810206453016}]
08:53:01 INFO    fpl_expert.backtest.season_sim | GW14: playing bench_boost (best available (13.0 vs 11.8 remaining))
08:53:01 INFO    fpl_expert.optimise.transfers | bench-aware rescoring: [{'n': 0, 'delta': 0.0, 'hits': 0.0, 'net': 0.0}, {'n': 1, 'delta': 1.7853860200843314, 'hits': 0.0, 'net': 1.7853860200843314}, {'n': 2, 'delta': 1.849402806924843, 'hits': 4.0, 'net': -2.150597193075157}]
08:53:01 INFO    fpl_expert.backtest.season_sim | GW15: playing triple_captain (best available (9.1 vs 8.2 remaining))
08:53:02 INFO    fpl_expert.optimise.transfers | bench-aware rescoring: [{'n': 0, 'delta': 0.0, 'hits': 0.0, 'net': 0.0}, {'n': 1, 'delta': 1.9629833826679715, 'hits': 0.0, 'net': 1.9629833826679715}, {'n': 2, 'delta': 3.286829756689343, 'hits': 4.0, 'net': -0.7131702433106568}]
08:53:02 INFO    fpl_expert.optimise.transfers | bench-aware rescoring: [{'n': 0, 'delta': 0.0, 'hits': 0.0, 'net': 0.0}, {'n': 1, 'delta': 1.6550207636841776, 'hits': 0.0, 'net': 1.6550207636841776}, {'n': 2, 'delta': 9.454520012578541, 'hits': 4.0, 'net': 5.454520012578541}]
08:53:02 INFO    fpl_expert.optimise.transfers | bench-aware rescoring: [{'n': 0, 'delta': 0.0, 'hits': 0.0, 'net': 0.0}, {'n': 1, 'delta': 26.88156144349739, 'hits': 0.0, 'net': 26.88156144349739}, {'n': 2, 'delta': 32.83509838144437, 'hits': 4.0, 'net': 28.835098381444368}]
08:53:03 INFO    fpl_expert.optimise.transfers | bench-aware rescoring: [{'n': 0, 'delta': 0.0, 'hits': 0.0, 'net': 0.0}, {'n': 1, 'delta': 6.356049966772588, 'hits': 0.0, 'net': 6.356049966772588}, {'n': 2, 'delta': 6.656645384222514, 'hits': 4.0, 'net': 2.6566453842225144}]
08:53:03 INFO    fpl_expert.optimise.transfers | bench-aware rescoring: [{'n': 0, 'delta': 0.0, 'hits': 0.0, 'net': 0.0}, {'n': 1, 'delta': 0.3467723452011455, 'hits': 0.0, 'net': 0.3467723452011455}, {'n': 2, 'delta': 2.948750537152307, 'hits': 4.0, 'net': -1.051249462847693}]
08:53:04 INFO    fpl_expert.optimise.transfers | bench-aware rescoring: [{'n': 0, 'delta': 0.0, 'hits': 0.0, 'net': 0.0}, {'n': 1, 'delta': 0.21156835699378007, 'hits': 0.0, 'net': 0.21156835699378007}, {'n': 2, 'delta': 2.6632256444560767, 'hits': 4.0, 'net': -1.3367743555439233}]
08:53:04 INFO    fpl_expert.optimise.transfers | bench-aware rescoring: [{'n': 0, 'delta': 0.0, 'hits': 0.0, 'net': 0.0}, {'n': 1, 'delta': 5.564549238939719, 'hits': 0.0, 'net': 5.564549238939719}, {'n': 2, 'delta': 9.232872967929524, 'hits': 4.0, 'net': 5.232872967929524}]
08:53:05 INFO    fpl_expert.optimise.transfers | bench-aware rescoring: [{'n': 0, 'delta': 0.0, 'hits': 0.0, 'net': 0.0}, {'n': 1, 'delta': 4.721671225025659, 'hits': 0.0, 'net': 4.721671225025659}, {'n': 2, 'delta': 11.35967696240428, 'hits': 4.0, 'net': 7.359676962404279}]
08:53:05 INFO    fpl_expert.optimise.transfers | bench-aware rescoring: [{'n': 0, 'delta': 0.0, 'hits': 0.0, 'net': 0.0}, {'n': 1, 'delta': 2.0741390778079563, 'hits': 0.0, 'net': 2.0741390778079563}, {'n': 2, 'delta': 3.9451747530701766, 'hits': 4.0, 'net': -0.05482524692982338}]
08:53:05 INFO    fpl_expert.optimise.transfers | bench-aware rescoring: [{'n': 0, 'delta': 0.0, 'hits': 0.0, 'net': 0.0}, {'n': 1, 'delta': 0.654590760488361, 'hits': 0.0, 'net': 0.654590760488361}, {'n': 2, 'delta': 19.62020872467238, 'hits': 4.0, 'net': 15.62020872467238}]
08:53:06 INFO    fpl_expert.optimise.transfers | bench-aware rescoring: [{'n': 0, 'delta': 0.0, 'hits': 0.0, 'net': 0.0}, {'n': 1, 'delta': 6.698212915554251, 'hits': 0.0, 'net': 6.698212915554251}, {'n': 2, 'delta': 13.401589801628745, 'hits': 4.0, 'net': 9.401589801628745}]
08:53:06 INFO    fpl_expert.optimise.transfers | bench-aware rescoring: [{'n': 0, 'delta': 0.0, 'hits': 0.0, 'net': 0.0}, {'n': 1, 'delta': 9.102222055190822, 'hits': 0.0, 'net': 9.102222055190822}, {'n': 2, 'delta': 16.019152636983534, 'hits': 4.0, 'net': 12.019152636983534}]
08:53:07 INFO    fpl_expert.optimise.transfers | bench-aware rescoring: [{'n': 0, 'delta': 0.0, 'hits': 0.0, 'net': 0.0}, {'n': 1, 'delta': 5.165909145455942, 'hits': 0.0, 'net': 5.165909145455942}, {'n': 2, 'delta': 8.891888252728734, 'hits': 4.0, 'net': 4.891888252728734}]
08:53:07 INFO    fpl_expert.optimise.transfers | bench-aware rescoring: [{'n': 0, 'delta': 0.0, 'hits': 0.0, 'net': 0.0}, {'n': 1, 'delta': 5.447952805184002, 'hits': 0.0, 'net': 5.447952805184002}, {'n': 2, 'delta': 9.594635736443706, 'hits': 4.0, 'net': 5.594635736443706}]
08:53:07 INFO    fpl_expert.optimise.transfers | bench-aware rescoring: [{'n': 0, 'delta': 0.0, 'hits': 0.0, 'net': 0.0}, {'n': 1, 'delta': 0.3865723643106378, 'hits': 0.0, 'net': 0.3865723643106378}, {'n': 2, 'delta': 8.986358428340566, 'hits': 4.0, 'net': 4.986358428340566}]
08:53:08 INFO    fpl_expert.optimise.transfers | bench-aware rescoring: [{'n': 0, 'delta': 0.0, 'hits': 0.0, 'net': 0.0}, {'n': 1, 'delta': 8.218561785582267, 'hits': 0.0, 'net': 8.218561785582267}, {'n': 2, 'delta': 22.506198933497046, 'hits': 4.0, 'net': 18.506198933497046}]
08:53:08 INFO    fpl_expert.optimise.transfers | bench-aware rescoring: [{'n': 0, 'delta': 0.0, 'hits': 0.0, 'net': 0.0}, {'n': 1, 'delta': 5.441297975854411, 'hits': 0.0, 'net': 5.441297975854411}, {'n': 2, 'delta': 15.65290523384391, 'hits': 4.0, 'net': 11.65290523384391}]
08:53:09 INFO    fpl_expert.optimise.transfers | bench-aware rescoring: [{'n': 0, 'delta': 0.0, 'hits': 0.0, 'net': 0.0}, {'n': 1, 'delta': 2.5758365588500283, 'hits': 0.0, 'net': 2.5758365588500283}, {'n': 2, 'delta': 4.5816621312278585, 'hits': 4.0, 'net': 0.5816621312278585}]
08:53:09 INFO    fpl_expert.optimise.transfers | bench-aware rescoring: [{'n': 0, 'delta': 0.0, 'hits': 0.0, 'net': 0.0}, {'n': 1, 'delta': 4.157451490353765, 'hits': 0.0, 'net': 4.157451490353765}, {'n': 2, 'delta': 9.947120349768568, 'hits': 4.0, 'net': 5.947120349768568}]
08:53:09 INFO    fpl_expert.backtest.season_sim | GW34: playing triple_captain (best available (12.9 vs 11.9 remaining))
08:53:10 INFO    fpl_expert.optimise.transfers | bench-aware rescoring: [{'n': 0, 'delta': 0.0, 'hits': 0.0, 'net': 0.0}, {'n': 1, 'delta': 15.914570289098492, 'hits': 0.0, 'net': 15.914570289098492}, {'n': 2, 'delta': 25.753942844686833, 'hits': 4.0, 'net': 21.753942844686833}]
08:53:10 INFO    fpl_expert.optimise.transfers | bench-aware rescoring: [{'n': 0, 'delta': 0.0, 'hits': 0.0, 'net': 0.0}, {'n': 1, 'delta': 0.44715474287585266, 'hits': 0.0, 'net': 0.44715474287585266}, {'n': 2, 'delta': 11.724943603228354, 'hits': 4.0, 'net': 7.724943603228354}]
08:53:11 INFO    fpl_expert.optimise.transfers | bench-aware rescoring: [{'n': 0, 'delta': 0.0, 'hits': 0.0, 'net': 0.0}, {'n': 1, 'delta': 0.3540140889645045, 'hits': 0.0, 'net': 0.3540140889645045}, {'n': 2, 'delta': 15.073502684867236, 'hits': 4.0, 'net': 11.073502684867236}]
08:53:11 INFO    fpl_expert.optimise.transfers | bench-aware rescoring: [{'n': 0, 'delta': 0.0, 'hits': 0.0, 'net': 0.0}, {'n': 1, 'delta': 1.7660756058260603, 'hits': 0.0, 'net': 1.7660756058260603}, {'n': 2, 'delta': 2.9379958805916715, 'hits': 4.0, 'net': -1.0620041194083285}]
08:53:11 INFO    fpl_expert.backtest.season_sim | GW38: playing bench_boost (final chance before expiry)
08:53:11 INFO    fpl_expert.backtest.ensemble | bench_aware path 8: 2225
08:53:12 INFO    fpl_expert.optimise.transfers | bench-aware rescoring: [{'n': 0, 'delta': 0.0, 'hits': 0.0, 'net': 0.0}, {'n': 1, 'delta': 14.976696264667112, 'hits': 0.0, 'net': 14.976696264667112}, {'n': 2, 'delta': 31.83981429077508, 'hits': 4.0, 'net': 27.83981429077508}]
08:53:13 INFO    fpl_expert.optimise.transfers | bench-aware rescoring: [{'n': 0, 'delta': 0.0, 'hits': 0.0, 'net': 0.0}, {'n': 1, 'delta': 23.449069114342223, 'hits': 0.0, 'net': 23.449069114342223}, {'n': 2, 'delta': 44.62569383812442, 'hits': 4.0, 'net': 40.62569383812442}]
08:53:13 INFO    fpl_expert.optimise.transfers | bench-aware rescoring: [{'n': 0, 'delta': 0.0, 'hits': 0.0, 'net': 0.0}, {'n': 1, 'delta': 1.0446025216136832, 'hits': 0.0, 'net': 1.0446025216136832}, {'n': 2, 'delta': 12.405350451667715, 'hits': 4.0, 'net': 8.405350451667715}]
08:53:13 INFO    fpl_expert.optimise.transfers | bench-aware rescoring: [{'n': 0, 'delta': 0.0, 'hits': 0.0, 'net': 0.0}, {'n': 1, 'delta': 6.611587778031833, 'hits': 0.0, 'net': 6.611587778031833}, {'n': 2, 'delta': 8.123793356022048, 'hits': 4.0, 'net': 4.123793356022048}]
08:53:14 INFO    fpl_expert.optimise.transfers | bench-aware rescoring: [{'n': 0, 'delta': 0.0, 'hits': 0.0, 'net': 0.0}, {'n': 1, 'delta': 8.33553308062801, 'hits': 0.0, 'net': 8.33553308062801}, {'n': 2, 'delta': 9.709703194084142, 'hits': 4.0, 'net': 5.709703194084142}]
08:53:14 INFO    fpl_expert.optimise.transfers | bench-aware rescoring: [{'n': 0, 'delta': 0.0, 'hits': 0.0, 'net': 0.0}, {'n': 1, 'delta': 6.610724448622761, 'hits': 0.0, 'net': 6.610724448622761}, {'n': 2, 'delta': 12.98195422931289, 'hits': 4.0, 'net': 8.98195422931289}]
08:53:15 INFO    fpl_expert.optimise.transfers | bench-aware rescoring: [{'n': 0, 'delta': 0.0, 'hits': 0.0, 'net': 0.0}, {'n': 1, 'delta': 4.552122088103431, 'hits': 0.0, 'net': 4.552122088103431}, {'n': 2, 'delta': 7.285740022245619, 'hits': 4.0, 'net': 3.2857400222456192}]
08:53:15 INFO    fpl_expert.optimise.transfers | bench-aware rescoring: [{'n': 0, 'delta': 0.0, 'hits': 0.0, 'net': 0.0}, {'n': 1, 'delta': 0.1695435585937446, 'hits': 0.0, 'net': 0.1695435585937446}, {'n': 2, 'delta': 3.2543995918474025, 'hits': 4.0, 'net': -0.7456004081525975}]
08:53:16 INFO    fpl_expert.optimise.transfers | bench-aware rescoring: [{'n': 0, 'delta': 0.0, 'hits': 0.0, 'net': 0.0}, {'n': 1, 'delta': 4.314602461160348, 'hits': 0.0, 'net': 4.314602461160348}, {'n': 2, 'delta': 8.538590101758217, 'hits': 4.0, 'net': 4.538590101758217}]
08:53:16 INFO    fpl_expert.optimise.transfers | bench-aware rescoring: [{'n': 0, 'delta': 0.0, 'hits': 0.0, 'net': 0.0}, {'n': 1, 'delta': 3.4217769585141014, 'hits': 0.0, 'net': 3.4217769585141014}, {'n': 2, 'delta': 2.183083478263427, 'hits': 4.0, 'net': -1.816916521736573}]
08:53:16 INFO    fpl_expert.optimise.transfers | bench-aware rescoring: [{'n': 0, 'delta': 0.0, 'hits': 0.0, 'net': 0.0}, {'n': 1, 'delta': 1.1274569988098904, 'hits': 0.0, 'net': 1.1274569988098904}, {'n': 2, 'delta': 5.3225781623611965, 'hits': 4.0, 'net': 1.3225781623611965}]
08:53:17 INFO    fpl_expert.optimise.transfers | bench-aware rescoring: [{'n': 0, 'delta': 0.0, 'hits': 0.0, 'net': 0.0}, {'n': 1, 'delta': 4.39640237951005, 'hits': 0.0, 'net': 4.39640237951005}, {'n': 2, 'delta': 4.692729685967862, 'hits': 4.0, 'net': 0.692729685967862}]
08:53:17 INFO    fpl_expert.optimise.transfers | bench-aware rescoring: [{'n': 0, 'delta': 0.0, 'hits': 0.0, 'net': 0.0}, {'n': 1, 'delta': 2.417240224651948, 'hits': 0.0, 'net': 2.417240224651948}, {'n': 2, 'delta': 5.193397897421818, 'hits': 4.0, 'net': 1.1933978974218178}]
08:53:17 INFO    fpl_expert.backtest.season_sim | GW14: playing bench_boost (best available (13.0 vs 11.8 remaining))
08:53:18 INFO    fpl_expert.optimise.transfers | bench-aware rescoring: [{'n': 0, 'delta': 0.0, 'hits': 0.0, 'net': 0.0}, {'n': 1, 'delta': 1.792225216153014, 'hits': 0.0, 'net': 1.792225216153014}, {'n': 2, 'delta': 1.856277172769154, 'hits': 4.0, 'net': -2.143722827230846}]
08:53:18 INFO    fpl_expert.backtest.season_sim | GW15: playing triple_captain (best available (9.1 vs 8.2 remaining))
08:53:18 INFO    fpl_expert.optimise.transfers | bench-aware rescoring: [{'n': 0, 'delta': 0.0, 'hits': 0.0, 'net': 0.0}, {'n': 1, 'delta': 1.9693894798581368, 'hits': 0.0, 'net': 1.9693894798581368}, {'n': 2, 'delta': 3.3282484905848264, 'hits': 4.0, 'net': -0.6717515094151736}]
08:53:18 INFO    fpl_expert.optimise.transfers | bench-aware rescoring: [{'n': 0, 'delta': 0.0, 'hits': 0.0, 'net': 0.0}, {'n': 1, 'delta': 1.66567014852302, 'hits': 0.0, 'net': 1.66567014852302}, {'n': 2, 'delta': 9.410880859485957, 'hits': 4.0, 'net': 5.410880859485957}]
08:53:19 INFO    fpl_expert.optimise.transfers | bench-aware rescoring: [{'n': 0, 'delta': 0.0, 'hits': 0.0, 'net': 0.0}, {'n': 1, 'delta': 26.894229451262134, 'hits': 0.0, 'net': 26.894229451262134}, {'n': 2, 'delta': 33.26142857192315, 'hits': 4.0, 'net': 29.261428571923148}]
08:53:19 INFO    fpl_expert.optimise.transfers | bench-aware rescoring: [{'n': 0, 'delta': 0.0, 'hits': 0.0, 'net': 0.0}, {'n': 1, 'delta': 1.334120954825039, 'hits': 0.0, 'net': 1.334120954825039}, {'n': 2, 'delta': 6.321634164572458, 'hits': 4.0, 'net': 2.3216341645724583}]
08:53:19 INFO    fpl_expert.optimise.transfers | bench-aware rescoring: [{'n': 0, 'delta': 0.0, 'hits': 0.0, 'net': 0.0}, {'n': 1, 'delta': 2.990420884945536, 'hits': 0.0, 'net': 2.990420884945536}, {'n': 2, 'delta': 3.455081411888898, 'hits': 4.0, 'net': -0.544918588111102}]
08:53:20 INFO    fpl_expert.optimise.transfers | bench-aware rescoring: [{'n': 0, 'delta': 0.0, 'hits': 0.0, 'net': 0.0}, {'n': 1, 'delta': 1.5612869161971048, 'hits': 0.0, 'net': 1.5612869161971048}, {'n': 2, 'delta': 4.514246996411146, 'hits': 4.0, 'net': 0.5142469964111456}]
08:53:20 INFO    fpl_expert.optimise.transfers | bench-aware rescoring: [{'n': 0, 'delta': 0.0, 'hits': 0.0, 'net': 0.0}, {'n': 1, 'delta': 1.1502937293140576, 'hits': 0.0, 'net': 1.1502937293140576}, {'n': 2, 'delta': 1.39360519850203, 'hits': 4.0, 'net': -2.60639480149797}]
08:53:21 INFO    fpl_expert.optimise.transfers | bench-aware rescoring: [{'n': 0, 'delta': 0.0, 'hits': 0.0, 'net': 0.0}, {'n': 1, 'delta': 3.474741750346908, 'hits': 0.0, 'net': 3.474741750346908}, {'n': 2, 'delta': 9.71061631064245, 'hits': 4.0, 'net': 5.71061631064245}]
08:53:21 INFO    fpl_expert.optimise.transfers | bench-aware rescoring: [{'n': 0, 'delta': 0.0, 'hits': 0.0, 'net': 0.0}, {'n': 1, 'delta': 6.713520528014158, 'hits': 0.0, 'net': 6.713520528014158}, {'n': 2, 'delta': 7.954461141881978, 'hits': 4.0, 'net': 3.9544611418819784}]
08:53:22 INFO    fpl_expert.optimise.transfers | bench-aware rescoring: [{'n': 0, 'delta': 0.0, 'hits': 0.0, 'net': 0.0}, {'n': 1, 'delta': -0.2961434221049899, 'hits': 0.0, 'net': -0.2961434221049899}, {'n': 2, 'delta': 0.24468535898463983, 'hits': 4.0, 'net': -3.75531464101536}]
08:53:22 INFO    fpl_expert.optimise.transfers | bench-aware rescoring: [{'n': 0, 'delta': 0.0, 'hits': 0.0, 'net': 0.0}, {'n': 1, 'delta': 4.8215715811423365, 'hits': 0.0, 'net': 4.8215715811423365}, {'n': 2, 'delta': 8.565765082866307, 'hits': 0.0, 'net': 8.565765082866307}]
08:53:22 INFO    fpl_expert.optimise.transfers | bench-aware rescoring: [{'n': 0, 'delta': 0.0, 'hits': 0.0, 'net': 0.0}, {'n': 1, 'delta': 10.789658481628805, 'hits': 0.0, 'net': 10.789658481628805}, {'n': 2, 'delta': 18.414357236378407, 'hits': 4.0, 'net': 14.414357236378407}]
08:53:23 INFO    fpl_expert.optimise.transfers | bench-aware rescoring: [{'n': 0, 'delta': 0.0, 'hits': 0.0, 'net': 0.0}, {'n': 1, 'delta': 2.1213265830068053, 'hits': 0.0, 'net': 2.1213265830068053}, {'n': 2, 'delta': 7.9648496723243625, 'hits': 4.0, 'net': 3.9648496723243625}]
08:53:23 INFO    fpl_expert.optimise.transfers | bench-aware rescoring: [{'n': 0, 'delta': 0.0, 'hits': 0.0, 'net': 0.0}, {'n': 1, 'delta': 5.47124881806306, 'hits': 0.0, 'net': 5.47124881806306}, {'n': 2, 'delta': 10.92886639113182, 'hits': 4.0, 'net': 6.92886639113182}]
08:53:23 INFO    fpl_expert.optimise.transfers | bench-aware rescoring: [{'n': 0, 'delta': 0.0, 'hits': 0.0, 'net': 0.0}, {'n': 1, 'delta': 5.781764905570526, 'hits': 0.0, 'net': 5.781764905570526}, {'n': 2, 'delta': 16.963219467384164, 'hits': 4.0, 'net': 12.963219467384164}]
08:53:24 INFO    fpl_expert.optimise.transfers | bench-aware rescoring: [{'n': 0, 'delta': 0.0, 'hits': 0.0, 'net': 0.0}, {'n': 1, 'delta': 9.518705392286847, 'hits': 0.0, 'net': 9.518705392286847}, {'n': 2, 'delta': 38.69361588092306, 'hits': 4.0, 'net': 34.69361588092306}]
08:53:24 INFO    fpl_expert.optimise.transfers | bench-aware rescoring: [{'n': 0, 'delta': 0.0, 'hits': 0.0, 'net': 0.0}, {'n': 1, 'delta': 9.406528057493517, 'hits': 0.0, 'net': 9.406528057493517}, {'n': 2, 'delta': 18.83008108290784, 'hits': 4.0, 'net': 14.830081082907839}]
08:53:24 INFO    fpl_expert.backtest.season_sim | GW32: playing bench_boost (best available (13.3 vs 12.8 remaining))
08:53:25 INFO    fpl_expert.optimise.transfers | bench-aware rescoring: [{'n': 0, 'delta': 0.0, 'hits': 0.0, 'net': 0.0}, {'n': 1, 'delta': 5.943319800504014, 'hits': 0.0, 'net': 5.943319800504014}, {'n': 2, 'delta': 12.099050459052194, 'hits': 4.0, 'net': 8.099050459052194}]
08:53:25 INFO    fpl_expert.optimise.transfers | bench-aware rescoring: [{'n': 0, 'delta': 0.0, 'hits': 0.0, 'net': 0.0}, {'n': 1, 'delta': 4.32455343549276, 'hits': 0.0, 'net': 4.32455343549276}, {'n': 2, 'delta': 9.567567729442544, 'hits': 4.0, 'net': 5.567567729442544}]
08:53:25 INFO    fpl_expert.backtest.season_sim | GW34: playing triple_captain (best available (12.9 vs 11.9 remaining))
08:53:26 INFO    fpl_expert.optimise.transfers | bench-aware rescoring: [{'n': 0, 'delta': 0.0, 'hits': 0.0, 'net': 0.0}, {'n': 1, 'delta': 13.709870982076296, 'hits': 0.0, 'net': 13.709870982076296}, {'n': 2, 'delta': 17.658192811672848, 'hits': 4.0, 'net': 13.658192811672848}]
08:53:26 INFO    fpl_expert.optimise.transfers | bench-aware rescoring: [{'n': 0, 'delta': 0.0, 'hits': 0.0, 'net': 0.0}, {'n': 1, 'delta': 9.170928307122097, 'hits': 0.0, 'net': 9.170928307122097}, {'n': 2, 'delta': 11.723823786362573, 'hits': 4.0, 'net': 7.723823786362573}]
08:53:26 INFO    fpl_expert.optimise.transfers | bench-aware rescoring: [{'n': 0, 'delta': 0.0, 'hits': 0.0, 'net': 0.0}, {'n': 1, 'delta': 3.680593131554275, 'hits': 0.0, 'net': 3.680593131554275}, {'n': 2, 'delta': 15.055212485614078, 'hits': 4.0, 'net': 11.055212485614078}]
08:53:27 INFO    fpl_expert.optimise.transfers | bench-aware rescoring: [{'n': 0, 'delta': 0.0, 'hits': 0.0, 'net': 0.0}, {'n': 1, 'delta': 0.4296902962299214, 'hits': 0.0, 'net': 0.4296902962299214}, {'n': 2, 'delta': 1.515047910442945, 'hits': 4.0, 'net': -2.484952089557055}]
08:53:27 INFO    fpl_expert.backtest.ensemble | bench_aware path 9: 2225
  2023-24 bench_aware        mean    2225  sd   0.3
08:53:31 INFO    fpl_expert.backtest.season_sim | GW14: playing bench_boost (best available (11.4 vs 9.9 remaining))
08:53:31 INFO    fpl_expert.backtest.season_sim | GW18: playing triple_captain (expiring in 1 gw, best remaining 8.1)
08:53:34 INFO    fpl_expert.backtest.season_sim | GW32: playing triple_captain (best available (10.0 vs 10.0 remaining))
08:53:34 INFO    fpl_expert.backtest.season_sim | GW33: playing bench_boost (best available (13.5 vs 12.1 remaining))
08:53:35 INFO    fpl_expert.backtest.ensemble | horizon path 0: 2128
08:53:38 INFO    fpl_expert.backtest.season_sim | GW14: playing bench_boost (best available (11.4 vs 9.9 remaining))
08:53:39 INFO    fpl_expert.backtest.season_sim | GW18: playing triple_captain (expiring in 1 gw, best remaining 8.1)
08:53:41 INFO    fpl_expert.backtest.season_sim | GW32: playing triple_captain (best available (10.0 vs 9.9 remaining))
08:53:41 INFO    fpl_expert.backtest.season_sim | GW33: playing bench_boost (best available (13.5 vs 12.1 remaining))
08:53:42 INFO    fpl_expert.backtest.ensemble | horizon path 1: 2128
08:53:46 INFO    fpl_expert.backtest.season_sim | GW14: playing bench_boost (best available (11.4 vs 9.9 remaining))
08:53:46 INFO    fpl_expert.backtest.season_sim | GW18: playing triple_captain (expiring in 1 gw, best remaining 8.1)
08:53:49 INFO    fpl_expert.backtest.season_sim | GW32: playing triple_captain (best available (10.0 vs 10.0 remaining))
08:53:49 INFO    fpl_expert.backtest.season_sim | GW33: playing bench_boost (best available (13.5 vs 12.1 remaining))
08:53:49 INFO    fpl_expert.backtest.ensemble | horizon path 2: 2128
08:53:53 INFO    fpl_expert.backtest.season_sim | GW14: playing bench_boost (best available (11.4 vs 9.9 remaining))
08:53:54 INFO    fpl_expert.backtest.season_sim | GW18: playing triple_captain (expiring in 1 gw, best remaining 8.1)
08:53:56 INFO    fpl_expert.backtest.season_sim | GW32: playing bench_boost (best available (11.3 vs 10.5 remaining))
08:53:56 INFO    fpl_expert.backtest.season_sim | GW33: playing triple_captain (best available (9.5 vs 9.2 remaining))
08:53:57 INFO    fpl_expert.backtest.ensemble | horizon path 3: 2103
08:54:00 INFO    fpl_expert.backtest.season_sim | GW14: playing bench_boost (best available (12.9 vs 12.0 remaining))
08:54:01 INFO    fpl_expert.backtest.season_sim | GW18: playing triple_captain (expiring in 1 gw, best remaining 8.1)
08:54:03 INFO    fpl_expert.backtest.season_sim | GW32: playing triple_captain (best available (10.0 vs 10.0 remaining))
08:54:04 INFO    fpl_expert.backtest.season_sim | GW38: playing bench_boost (final chance before expiry)
08:54:04 INFO    fpl_expert.backtest.ensemble | horizon path 4: 2212
08:54:08 INFO    fpl_expert.backtest.season_sim | GW14: playing bench_boost (best available (11.4 vs 9.9 remaining))
08:54:08 INFO    fpl_expert.backtest.season_sim | GW18: playing triple_captain (expiring in 1 gw, best remaining 8.2)
08:54:11 INFO    fpl_expert.backtest.season_sim | GW32: playing triple_captain (best available (10.0 vs 10.0 remaining))
08:54:11 INFO    fpl_expert.backtest.season_sim | GW33: playing bench_boost (best available (13.5 vs 12.1 remaining))
08:54:12 INFO    fpl_expert.backtest.ensemble | horizon path 5: 2128
08:54:15 INFO    fpl_expert.backtest.season_sim | GW14: playing bench_boost (best available (11.4 vs 9.9 remaining))
08:54:16 INFO    fpl_expert.backtest.season_sim | GW18: playing triple_captain (expiring in 1 gw, best remaining 8.2)
08:54:18 INFO    fpl_expert.backtest.season_sim | GW32: playing triple_captain (best available (10.0 vs 10.0 remaining))
08:54:19 INFO    fpl_expert.backtest.season_sim | GW33: playing bench_boost (best available (13.5 vs 12.1 remaining))
08:54:19 INFO    fpl_expert.backtest.ensemble | horizon path 6: 2128
08:54:23 INFO    fpl_expert.backtest.season_sim | GW14: playing bench_boost (best available (12.1 vs 11.3 remaining))
08:54:23 INFO    fpl_expert.backtest.season_sim | GW18: playing triple_captain (expiring in 1 gw, best remaining 8.2)
08:54:26 INFO    fpl_expert.backtest.season_sim | GW32: playing triple_captain (best available (10.0 vs 10.0 remaining))
08:54:27 INFO    fpl_expert.backtest.season_sim | GW38: playing bench_boost (final chance before expiry)
08:54:27 INFO    fpl_expert.backtest.ensemble | horizon path 7: 2193
08:54:30 INFO    fpl_expert.backtest.season_sim | GW14: playing bench_boost (best available (12.9 vs 12.0 remaining))
08:54:31 INFO    fpl_expert.backtest.season_sim | GW18: playing triple_captain (expiring in 1 gw, best remaining 8.1)
08:54:33 INFO    fpl_expert.backtest.season_sim | GW32: playing triple_captain (best available (10.0 vs 10.0 remaining))
08:54:34 INFO    fpl_expert.backtest.season_sim | GW38: playing bench_boost (final chance before expiry)
08:54:34 INFO    fpl_expert.backtest.ensemble | horizon path 8: 2212
08:54:38 INFO    fpl_expert.backtest.season_sim | GW14: playing bench_boost (best available (11.4 vs 10.0 remaining))
08:54:38 INFO    fpl_expert.backtest.season_sim | GW18: playing triple_captain (expiring in 1 gw, best remaining 8.2)
08:54:41 INFO    fpl_expert.backtest.season_sim | GW32: playing triple_captain (best available (10.0 vs 10.0 remaining))
08:54:41 INFO    fpl_expert.backtest.season_sim | GW33: playing bench_boost (best available (13.5 vs 12.1 remaining))
08:54:42 INFO    fpl_expert.backtest.ensemble | horizon path 9: 2128
  2024-25 horizon            mean    2149  sd  40.3
08:54:43 INFO    fpl_expert.optimise.transfers | bench-aware rescoring: [{'n': 0, 'delta': 0.0, 'hits': 0.0, 'net': 0.0}, {'n': 1, 'delta': 11.269782462484613, 'hits': 0.0, 'net': 11.269782462484613}, {'n': 2, 'delta': 21.437763277459823, 'hits': 4.0, 'net': 17.437763277459823}]
08:54:43 INFO    fpl_expert.optimise.transfers | bench-aware rescoring: [{'n': 0, 'delta': 0.0, 'hits': 0.0, 'net': 0.0}, {'n': 1, 'delta': 8.534148172339599, 'hits': 0.0, 'net': 8.534148172339599}, {'n': 2, 'delta': 18.50256738616298, 'hits': 4.0, 'net': 14.50256738616298}]
08:54:44 INFO    fpl_expert.optimise.transfers | bench-aware rescoring: [{'n': 0, 'delta': 0.0, 'hits': 0.0, 'net': 0.0}, {'n': 1, 'delta': 11.856637420825365, 'hits': 0.0, 'net': 11.856637420825365}, {'n': 2, 'delta': 13.277168249744676, 'hits': 4.0, 'net': 9.277168249744676}]
08:54:44 INFO    fpl_expert.optimise.transfers | bench-aware rescoring: [{'n': 0, 'delta': 0.0, 'hits': 0.0, 'net': 0.0}, {'n': 1, 'delta': 9.31047095257594, 'hits': 0.0, 'net': 9.31047095257594}, {'n': 2, 'delta': 11.607502357260813, 'hits': 4.0, 'net': 7.607502357260813}]
08:54:45 INFO    fpl_expert.optimise.transfers | bench-aware rescoring: [{'n': 0, 'delta': 0.0, 'hits': 0.0, 'net': 0.0}, {'n': 1, 'delta': 2.150452289317741, 'hits': 0.0, 'net': 2.150452289317741}, {'n': 2, 'delta': 19.046983291109967, 'hits': 4.0, 'net': 15.046983291109967}]
08:54:45 INFO    fpl_expert.optimise.transfers | bench-aware rescoring: [{'n': 0, 'delta': 0.0, 'hits': 0.0, 'net': 0.0}, {'n': 1, 'delta': 6.934804713956993, 'hits': 0.0, 'net': 6.934804713956993}, {'n': 2, 'delta': 12.983443410295848, 'hits': 4.0, 'net': 8.983443410295848}]
08:54:46 INFO    fpl_expert.optimise.transfers | bench-aware rescoring: [{'n': 0, 'delta': 0.0, 'hits': 0.0, 'net': 0.0}, {'n': 1, 'delta': 5.847311891999823, 'hits': 0.0, 'net': 5.847311891999823}, {'n': 2, 'delta': 7.49689887472141, 'hits': 4.0, 'net': 3.49689887472141}]
08:54:46 INFO    fpl_expert.optimise.transfers | bench-aware rescoring: [{'n': 0, 'delta': 0.0, 'hits': 0.0, 'net': 0.0}, {'n': 1, 'delta': 0.966922534229866, 'hits': 0.0, 'net': 0.966922534229866}, {'n': 2, 'delta': 6.328667955114838, 'hits': 4.0, 'net': 2.328667955114838}]
08:54:46 INFO    fpl_expert.optimise.transfers | bench-aware rescoring: [{'n': 0, 'delta': 0.0, 'hits': 0.0, 'net': 0.0}, {'n': 1, 'delta': 3.1318030426127166, 'hits': 0.0, 'net': 3.1318030426127166}, {'n': 2, 'delta': 9.552873269538026, 'hits': 4.0, 'net': 5.552873269538026}]
08:54:47 INFO    fpl_expert.optimise.transfers | bench-aware rescoring: [{'n': 0, 'delta': 0.0, 'hits': 0.0, 'net': 0.0}, {'n': 1, 'delta': 10.070338986209663, 'hits': 0.0, 'net': 10.070338986209663}, {'n': 2, 'delta': 11.003176526787456, 'hits': 4.0, 'net': 7.003176526787456}]
08:54:47 INFO    fpl_expert.optimise.transfers | bench-aware rescoring: [{'n': 0, 'delta': 0.0, 'hits': 0.0, 'net': 0.0}, {'n': 1, 'delta': 0.3308375214192836, 'hits': 0.0, 'net': 0.3308375214192836}, {'n': 2, 'delta': 7.359698668515932, 'hits': 4.0, 'net': 3.3596986685159322}]
08:54:48 INFO    fpl_expert.optimise.transfers | bench-aware rescoring: [{'n': 0, 'delta': 0.0, 'hits': 0.0, 'net': 0.0}, {'n': 1, 'delta': 1.724206317520668, 'hits': 0.0, 'net': 1.724206317520668}, {'n': 2, 'delta': 3.2187738577181335, 'hits': 4.0, 'net': -0.7812261422818665}]
08:54:48 INFO    fpl_expert.optimise.transfers | bench-aware rescoring: [{'n': 0, 'delta': 0.0, 'hits': 0.0, 'net': 0.0}, {'n': 1, 'delta': 3.21561207117594, 'hits': 0.0, 'net': 3.21561207117594}, {'n': 2, 'delta': 8.662157710250426, 'hits': 4.0, 'net': 4.662157710250426}]
08:54:48 INFO    fpl_expert.backtest.season_sim | GW14: playing bench_boost (best available (12.5 vs 11.9 remaining))
08:54:48 INFO    fpl_expert.optimise.transfers | bench-aware rescoring: [{'n': 0, 'delta': 0.0, 'hits': 0.0, 'net': 0.0}, {'n': 1, 'delta': 9.614976712389876, 'hits': 0.0, 'net': 9.614976712389876}, {'n': 2, 'delta': 16.34050884458813, 'hits': 4.0, 'net': 12.340508844588129}]
08:54:49 INFO    fpl_expert.optimise.transfers | bench-aware rescoring: [{'n': 0, 'delta': 0.0, 'hits': 0.0, 'net': 0.0}, {'n': 1, 'delta': 0.8181007190065372, 'hits': 0.0, 'net': 0.8181007190065372}, {'n': 2, 'delta': 6.519713733160671, 'hits': 4.0, 'net': 2.519713733160671}]
08:54:49 INFO    fpl_expert.optimise.transfers | bench-aware rescoring: [{'n': 0, 'delta': 0.0, 'hits': 0.0, 'net': 0.0}, {'n': 1, 'delta': -1.6451879170285508, 'hits': 0.0, 'net': -1.6451879170285508}, {'n': 2, 'delta': 5.836823537113787, 'hits': 4.0, 'net': 1.836823537113787}]
08:54:49 INFO    fpl_expert.optimise.transfers | bench-aware rescoring: [{'n': 0, 'delta': 0.0, 'hits': 0.0, 'net': 0.0}, {'n': 1, 'delta': 4.227776322376172, 'hits': 0.0, 'net': 4.227776322376172}, {'n': 2, 'delta': 8.081811618767688, 'hits': 4.0, 'net': 4.081811618767688}]
08:54:50 INFO    fpl_expert.backtest.season_sim | GW18: playing triple_captain (expiring in 1 gw, best remaining 8.1)
08:54:50 INFO    fpl_expert.optimise.transfers | bench-aware rescoring: [{'n': 0, 'delta': 0.0, 'hits': 0.0, 'net': 0.0}, {'n': 1, 'delta': 4.942747666534871, 'hits': 0.0, 'net': 4.942747666534871}, {'n': 2, 'delta': 10.247205342477969, 'hits': 4.0, 'net': 6.247205342477969}]
08:54:50 INFO    fpl_expert.optimise.transfers | bench-aware rescoring: [{'n': 0, 'delta': 0.0, 'hits': 0.0, 'net': 0.0}, {'n': 1, 'delta': 0.253698490820625, 'hits': 0.0, 'net': 0.253698490820625}, {'n': 2, 'delta': 2.747886116845905, 'hits': 4.0, 'net': -1.2521138831540952}]
08:54:51 INFO    fpl_expert.optimise.transfers | bench-aware rescoring: [{'n': 0, 'delta': 0.0, 'hits': 0.0, 'net': 0.0}, {'n': 1, 'delta': 1.822098168412026, 'hits': 0.0, 'net': 1.822098168412026}, {'n': 2, 'delta': 3.1169985026331233, 'hits': 4.0, 'net': -0.8830014973668767}]
08:54:51 INFO    fpl_expert.optimise.transfers | bench-aware rescoring: [{'n': 0, 'delta': 0.0, 'hits': 0.0, 'net': 0.0}, {'n': 1, 'delta': 0.5571853976375678, 'hits': 0.0, 'net': 0.5571853976375678}, {'n': 2, 'delta': 7.93230581835337, 'hits': 4.0, 'net': 3.9323058183533703}]
08:54:51 INFO    fpl_expert.optimise.transfers | bench-aware rescoring: [{'n': 0, 'delta': 0.0, 'hits': 0.0, 'net': 0.0}, {'n': 1, 'delta': 0.6522755878109479, 'hits': 0.0, 'net': 0.6522755878109479}, {'n': 2, 'delta': 5.686340576605744, 'hits': 4.0, 'net': 1.686340576605744}]
08:54:52 INFO    fpl_expert.optimise.transfers | bench-aware rescoring: [{'n': 0, 'delta': 0.0, 'hits': 0.0, 'net': 0.0}, {'n': 1, 'delta': 2.8800758966692683, 'hits': 0.0, 'net': 2.8800758966692683}, {'n': 2, 'delta': 6.394169882894062, 'hits': 4.0, 'net': 2.3941698828940616}]
08:54:52 INFO    fpl_expert.optimise.transfers | bench-aware rescoring: [{'n': 0, 'delta': 0.0, 'hits': 0.0, 'net': 0.0}, {'n': 1, 'delta': 0.2590996748039629, 'hits': 0.0, 'net': 0.2590996748039629}, {'n': 2, 'delta': 3.4368677152762643, 'hits': 4.0, 'net': -0.5631322847237357}]
08:54:53 INFO    fpl_expert.optimise.transfers | bench-aware rescoring: [{'n': 0, 'delta': 0.0, 'hits': 0.0, 'net': 0.0}, {'n': 1, 'delta': 9.621643605827444, 'hits': 0.0, 'net': 9.621643605827444}, {'n': 2, 'delta': 12.946127424955137, 'hits': 4.0, 'net': 8.946127424955137}]
08:54:53 INFO    fpl_expert.optimise.transfers | bench-aware rescoring: [{'n': 0, 'delta': 0.0, 'hits': 0.0, 'net': 0.0}, {'n': 1, 'delta': 3.1826887937330355, 'hits': 0.0, 'net': 3.1826887937330355}, {'n': 2, 'delta': 3.710299718820039, 'hits': 4.0, 'net': -0.28970028117996094}]
08:54:53 INFO    fpl_expert.optimise.transfers | bench-aware rescoring: [{'n': 0, 'delta': 0.0, 'hits': 0.0, 'net': 0.0}, {'n': 1, 'delta': 3.6571771395179553, 'hits': 0.0, 'net': 3.6571771395179553}, {'n': 2, 'delta': 7.418558874040116, 'hits': 4.0, 'net': 3.418558874040116}]
08:54:54 INFO    fpl_expert.optimise.transfers | bench-aware rescoring: [{'n': 0, 'delta': 0.0, 'hits': 0.0, 'net': 0.0}, {'n': 1, 'delta': 4.787539840615125, 'hits': 0.0, 'net': 4.787539840615125}, {'n': 2, 'delta': 8.891366103757889, 'hits': 4.0, 'net': 4.891366103757889}]
08:54:54 INFO    fpl_expert.optimise.transfers | bench-aware rescoring: [{'n': 0, 'delta': 0.0, 'hits': 0.0, 'net': 0.0}, {'n': 1, 'delta': 2.214575482508934, 'hits': 0.0, 'net': 2.214575482508934}, {'n': 2, 'delta': 14.798850911571918, 'hits': 4.0, 'net': 10.798850911571918}]
08:54:55 INFO    fpl_expert.optimise.transfers | bench-aware rescoring: [{'n': 0, 'delta': 0.0, 'hits': 0.0, 'net': 0.0}, {'n': 1, 'delta': 1.9722544357088054, 'hits': 0.0, 'net': 1.9722544357088054}, {'n': 2, 'delta': 10.100008047889276, 'hits': 4.0, 'net': 6.1000080478892755}]
08:54:55 INFO    fpl_expert.optimise.transfers | bench-aware rescoring: [{'n': 0, 'delta': 0.0, 'hits': 0.0, 'net': 0.0}, {'n': 1, 'delta': 7.621725816707283, 'hits': 0.0, 'net': 7.621725816707283}, {'n': 2, 'delta': 14.201058609888264, 'hits': 4.0, 'net': 10.201058609888264}]
08:54:55 INFO    fpl_expert.backtest.season_sim | GW32: playing bench_boost (best available (10.7 vs 9.8 remaining))
08:54:55 INFO    fpl_expert.optimise.transfers | bench-aware rescoring: [{'n': 0, 'delta': 0.0, 'hits': 0.0, 'net': 0.0}, {'n': 1, 'delta': 5.895971330281242, 'hits': 0.0, 'net': 5.895971330281242}, {'n': 2, 'delta': 11.427830139895576, 'hits': 4.0, 'net': 7.427830139895576}]
08:54:55 INFO    fpl_expert.backtest.season_sim | GW33: playing triple_captain (best available (9.5 vs 9.2 remaining))
08:54:56 INFO    fpl_expert.optimise.transfers | bench-aware rescoring: [{'n': 0, 'delta': 0.0, 'hits': 0.0, 'net': 0.0}, {'n': 1, 'delta': 8.279267119338016, 'hits': 0.0, 'net': 8.279267119338016}, {'n': 2, 'delta': 10.214923464520211, 'hits': 4.0, 'net': 6.214923464520211}]
08:54:56 INFO    fpl_expert.optimise.transfers | bench-aware rescoring: [{'n': 0, 'delta': 0.0, 'hits': 0.0, 'net': 0.0}, {'n': 1, 'delta': 5.5365301954400366, 'hits': 0.0, 'net': 5.5365301954400366}, {'n': 2, 'delta': 7.49984639932228, 'hits': 4.0, 'net': 3.49984639932228}]
08:54:56 INFO    fpl_expert.optimise.transfers | bench-aware rescoring: [{'n': 0, 'delta': 0.0, 'hits': 0.0, 'net': 0.0}, {'n': 1, 'delta': 2.379753873310051, 'hits': 0.0, 'net': 2.379753873310051}, {'n': 2, 'delta': 5.6631622868171405, 'hits': 4.0, 'net': 1.6631622868171405}]
08:54:57 INFO    fpl_expert.optimise.transfers | bench-aware rescoring: [{'n': 0, 'delta': 0.0, 'hits': 0.0, 'net': 0.0}, {'n': 1, 'delta': 4.995140150108867, 'hits': 0.0, 'net': 4.995140150108867}, {'n': 2, 'delta': 5.751689653090892, 'hits': 4.0, 'net': 1.7516896530908923}]
08:54:57 INFO    fpl_expert.optimise.transfers | bench-aware rescoring: [{'n': 0, 'delta': 0.0, 'hits': 0.0, 'net': 0.0}, {'n': 1, 'delta': 1.0309029022878704, 'hits': 0.0, 'net': 1.0309029022878704}, {'n': 2, 'delta': 2.984637078195945, 'hits': 4.0, 'net': -1.015362921804055}]
08:54:57 INFO    fpl_expert.backtest.ensemble | bench_aware path 0: 2177
08:54:59 INFO    fpl_expert.optimise.transfers | bench-aware rescoring: [{'n': 0, 'delta': 0.0, 'hits': 0.0, 'net': 0.0}, {'n': 1, 'delta': 11.282865267113579, 'hits': 0.0, 'net': 11.282865267113579}, {'n': 2, 'delta': 21.452364568043805, 'hits': 4.0, 'net': 17.452364568043805}]
08:54:59 INFO    fpl_expert.optimise.transfers | bench-aware rescoring: [{'n': 0, 'delta': 0.0, 'hits': 0.0, 'net': 0.0}, {'n': 1, 'delta': 8.514565936189712, 'hits': 0.0, 'net': 8.514565936189712}, {'n': 2, 'delta': 18.4757971440755, 'hits': 4.0, 'net': 14.4757971440755}]
08:54:59 INFO    fpl_expert.optimise.transfers | bench-aware rescoring: [{'n': 0, 'delta': 0.0, 'hits': 0.0, 'net': 0.0}, {'n': 1, 'delta': 11.85461149711307, 'hits': 0.0, 'net': 11.85461149711307}, {'n': 2, 'delta': 13.275394120969082, 'hits': 4.0, 'net': 9.275394120969082}]
08:55:00 INFO    fpl_expert.optimise.transfers | bench-aware rescoring: [{'n': 0, 'delta': 0.0, 'hits': 0.0, 'net': 0.0}, {'n': 1, 'delta': 9.2951491866408, 'hits': 0.0, 'net': 9.2951491866408}, {'n': 2, 'delta': 11.601272340175456, 'hits': 4.0, 'net': 7.601272340175456}]
08:55:00 INFO    fpl_expert.optimise.transfers | bench-aware rescoring: [{'n': 0, 'delta': 0.0, 'hits': 0.0, 'net': 0.0}, {'n': 1, 'delta': 2.1582108297142213, 'hits': 0.0, 'net': 2.1582108297142213}, {'n': 2, 'delta': 18.996569726969312, 'hits': 4.0, 'net': 14.996569726969312}]
08:55:01 INFO    fpl_expert.optimise.transfers | bench-aware rescoring: [{'n': 0, 'delta': 0.0, 'hits': 0.0, 'net': 0.0}, {'n': 1, 'delta': 6.947232312707484, 'hits': 0.0, 'net': 6.947232312707484}, {'n': 2, 'delta': 6.584165381554811, 'hits': 4.0, 'net': 2.5841653815548113}]
08:55:01 INFO    fpl_expert.optimise.transfers | bench-aware rescoring: [{'n': 0, 'delta': 0.0, 'hits': 0.0, 'net': 0.0}, {'n': 1, 'delta': 7.733135756212818, 'hits': 0.0, 'net': 7.733135756212818}, {'n': 2, 'delta': 9.381921308403037, 'hits': 4.0, 'net': 5.381921308403037}]
08:55:02 INFO    fpl_expert.optimise.transfers | bench-aware rescoring: [{'n': 0, 'delta': 0.0, 'hits': 0.0, 'net': 0.0}, {'n': 1, 'delta': 0.967223864125998, 'hits': 0.0, 'net': 0.967223864125998}, {'n': 2, 'delta': 4.692008249754963, 'hits': 4.0, 'net': 0.6920082497549629}]
08:55:02 INFO    fpl_expert.optimise.transfers | bench-aware rescoring: [{'n': 0, 'delta': 0.0, 'hits': 0.0, 'net': 0.0}, {'n': 1, 'delta': 1.2152441019986782, 'hits': 0.0, 'net': 1.2152441019986782}, {'n': 2, 'delta': 6.4429538921622225, 'hits': 4.0, 'net': 2.4429538921622225}]
08:55:02 INFO    fpl_expert.optimise.transfers | bench-aware rescoring: [{'n': 0, 'delta': 0.0, 'hits': 0.0, 'net': 0.0}, {'n': 1, 'delta': 2.174746753697036, 'hits': 0.0, 'net': 2.174746753697036}, {'n': 2, 'delta': 8.480475639600002, 'hits': 4.0, 'net': 4.480475639600002}]
08:55:03 INFO    fpl_expert.optimise.transfers | bench-aware rescoring: [{'n': 0, 'delta': 0.0, 'hits': 0.0, 'net': 0.0}, {'n': 1, 'delta': 10.646419264179741, 'hits': 0.0, 'net': 10.646419264179741}, {'n': 2, 'delta': 14.43770028591726, 'hits': 4.0, 'net': 10.43770028591726}]
08:55:03 INFO    fpl_expert.optimise.transfers | bench-aware rescoring: [{'n': 0, 'delta': 0.0, 'hits': 0.0, 'net': 0.0}, {'n': 1, 'delta': 4.4923298654215955, 'hits': 0.0, 'net': 4.4923298654215955}, {'n': 2, 'delta': 7.45491326557152, 'hits': 4.0, 'net': 3.45491326557152}]
08:55:04 INFO    fpl_expert.optimise.transfers | bench-aware rescoring: [{'n': 0, 'delta': 0.0, 'hits': 0.0, 'net': 0.0}, {'n': 1, 'delta': 2.5165540493315746, 'hits': 0.0, 'net': 2.5165540493315746}, {'n': 2, 'delta': 8.748715800755832, 'hits': 4.0, 'net': 4.748715800755832}]
08:55:04 INFO    fpl_expert.backtest.season_sim | GW14: playing bench_boost (best available (11.5 vs 10.7 remaining))
08:55:04 INFO    fpl_expert.optimise.transfers | bench-aware rescoring: [{'n': 0, 'delta': 0.0, 'hits': 0.0, 'net': 0.0}, {'n': 1, 'delta': 9.853828633532487, 'hits': 0.0, 'net': 9.853828633532487}, {'n': 2, 'delta': 22.330231103231313, 'hits': 4.0, 'net': 18.330231103231313}]
08:55:04 INFO    fpl_expert.optimise.transfers | bench-aware rescoring: [{'n': 0, 'delta': 0.0, 'hits': 0.0, 'net': 0.0}, {'n': 1, 'delta': 5.8352443865410635, 'hits': 0.0, 'net': 5.8352443865410635}, {'n': 2, 'delta': 7.046551597562569, 'hits': 4.0, 'net': 3.046551597562569}]
08:55:05 INFO    fpl_expert.optimise.transfers | bench-aware rescoring: [{'n': 0, 'delta': 0.0, 'hits': 0.0, 'net': 0.0}, {'n': 1, 'delta': 5.642745566920382, 'hits': 0.0, 'net': 5.642745566920382}, {'n': 2, 'delta': 14.242316711450542, 'hits': 4.0, 'net': 10.242316711450542}]
08:55:05 INFO    fpl_expert.optimise.transfers | bench-aware rescoring: [{'n': 0, 'delta': 0.0, 'hits': 0.0, 'net': 0.0}, {'n': 1, 'delta': 3.156236980277896, 'hits': 0.0, 'net': 3.156236980277896}, {'n': 2, 'delta': 3.9838655122127307, 'hits': 4.0, 'net': -0.016134487787269336}]
08:55:05 INFO    fpl_expert.backtest.season_sim | GW18: playing triple_captain (expiring in 1 gw, best remaining 8.1)
08:55:05 INFO    fpl_expert.optimise.transfers | bench-aware rescoring: [{'n': 0, 'delta': 0.0, 'hits': 0.0, 'net': 0.0}, {'n': 1, 'delta': 10.36775320024384, 'hits': 0.0, 'net': 10.36775320024384}, {'n': 2, 'delta': 15.301677927964334, 'hits': 4.0, 'net': 11.301677927964334}]
08:55:06 INFO    fpl_expert.optimise.transfers | bench-aware rescoring: [{'n': 0, 'delta': 0.0, 'hits': 0.0, 'net': 0.0}, {'n': 1, 'delta': 3.4609112623717238, 'hits': 0.0, 'net': 3.4609112623717238}, {'n': 2, 'delta': 2.60778564010684, 'hits': 4.0, 'net': -1.3922143598931598}]
08:55:06 INFO    fpl_expert.optimise.transfers | bench-aware rescoring: [{'n': 0, 'delta': 0.0, 'hits': 0.0, 'net': 0.0}, {'n': 1, 'delta': 1.9532232948118917, 'hits': 0.0, 'net': 1.9532232948118917}, {'n': 2, 'delta': 2.5992891991758142, 'hits': 4.0, 'net': -1.4007108008241858}]
08:55:07 INFO    fpl_expert.optimise.transfers | bench-aware rescoring: [{'n': 0, 'delta': 0.0, 'hits': 0.0, 'net': 0.0}, {'n': 1, 'delta': 2.6355589203578234, 'hits': 0.0, 'net': 2.6355589203578234}, {'n': 2, 'delta': 10.860472597592093, 'hits': 4.0, 'net': 6.860472597592093}]
08:55:07 INFO    fpl_expert.optimise.transfers | bench-aware rescoring: [{'n': 0, 'delta': 0.0, 'hits': 0.0, 'net': 0.0}, {'n': 1, 'delta': 7.790272687034815, 'hits': 0.0, 'net': 7.790272687034815}, {'n': 2, 'delta': 9.689755238153907, 'hits': 4.0, 'net': 5.689755238153907}]
08:55:08 INFO    fpl_expert.optimise.transfers | bench-aware rescoring: [{'n': 0, 'delta': 0.0, 'hits': 0.0, 'net': 0.0}, {'n': 1, 'delta': 3.1602329504152067, 'hits': 0.0, 'net': 3.1602329504152067}, {'n': 2, 'delta': 6.515704100408755, 'hits': 4.0, 'net': 2.5157041004087546}]
08:55:08 INFO    fpl_expert.optimise.transfers | bench-aware rescoring: [{'n': 0, 'delta': 0.0, 'hits': 0.0, 'net': 0.0}, {'n': 1, 'delta': 3.7976945307563312, 'hits': 0.0, 'net': 3.7976945307563312}, {'n': 2, 'delta': 8.333064562855782, 'hits': 4.0, 'net': 4.333064562855782}]
08:55:08 INFO    fpl_expert.optimise.transfers | bench-aware rescoring: [{'n': 0, 'delta': 0.0, 'hits': 0.0, 'net': 0.0}, {'n': 1, 'delta': 0.5510504600426884, 'hits': 0.0, 'net': 0.5510504600426884}, {'n': 2, 'delta': 11.654690058219302, 'hits': 4.0, 'net': 7.654690058219302}]
08:55:09 INFO    fpl_expert.optimise.transfers | bench-aware rescoring: [{'n': 0, 'delta': 0.0, 'hits': 0.0, 'net': 0.0}, {'n': 1, 'delta': 2.1305340585954866, 'hits': 0.0, 'net': 2.1305340585954866}, {'n': 2, 'delta': 3.4692846155857637, 'hits': 4.0, 'net': -0.5307153844142363}]
08:55:09 INFO    fpl_expert.optimise.transfers | bench-aware rescoring: [{'n': 0, 'delta': 0.0, 'hits': 0.0, 'net': 0.0}, {'n': 1, 'delta': 3.97369405825998, 'hits': 0.0, 'net': 3.97369405825998}, {'n': 2, 'delta': 7.307702056433158, 'hits': 4.0, 'net': 3.3077020564331576}]
08:55:10 INFO    fpl_expert.optimise.transfers | bench-aware rescoring: [{'n': 0, 'delta': 0.0, 'hits': 0.0, 'net': 0.0}, {'n': 1, 'delta': 1.202787719963652, 'hits': 0.0, 'net': 1.202787719963652}, {'n': 2, 'delta': 5.572345151628667, 'hits': 4.0, 'net': 1.5723451516286673}]
08:55:10 INFO    fpl_expert.optimise.transfers | bench-aware rescoring: [{'n': 0, 'delta': 0.0, 'hits': 0.0, 'net': 0.0}, {'n': 1, 'delta': 6.0071151712437825, 'hits': 0.0, 'net': 6.0071151712437825}, {'n': 2, 'delta': 7.288314665034704, 'hits': 4.0, 'net': 3.2883146650347044}]
08:55:10 INFO    fpl_expert.optimise.transfers | bench-aware rescoring: [{'n': 0, 'delta': 0.0, 'hits': 0.0, 'net': 0.0}, {'n': 1, 'delta': 2.8680475411597683, 'hits': 0.0, 'net': 2.8680475411597683}, {'n': 2, 'delta': 15.211696068305741, 'hits': 4.0, 'net': 11.211696068305741}]
08:55:11 INFO    fpl_expert.optimise.transfers | bench-aware rescoring: [{'n': 0, 'delta': 0.0, 'hits': 0.0, 'net': 0.0}, {'n': 1, 'delta': 5.314078088927658, 'hits': 0.0, 'net': 5.314078088927658}, {'n': 2, 'delta': 6.426035056186777, 'hits': 4.0, 'net': 2.4260350561867767}]
08:55:11 INFO    fpl_expert.backtest.season_sim | GW32: playing bench_boost (best available (11.3 vs 11.0 remaining))
08:55:11 INFO    fpl_expert.optimise.transfers | bench-aware rescoring: [{'n': 0, 'delta': 0.0, 'hits': 0.0, 'net': 0.0}, {'n': 1, 'delta': 4.575926080682962, 'hits': 0.0, 'net': 4.575926080682962}, {'n': 2, 'delta': 7.462494415469138, 'hits': 4.0, 'net': 3.4624944154691377}]
08:55:11 INFO    fpl_expert.backtest.season_sim | GW33: playing triple_captain (best available (9.5 vs 9.2 remaining))
08:55:12 INFO    fpl_expert.optimise.transfers | bench-aware rescoring: [{'n': 0, 'delta': 0.0, 'hits': 0.0, 'net': 0.0}, {'n': 1, 'delta': 1.5565338629587586, 'hits': 0.0, 'net': 1.5565338629587586}, {'n': 2, 'delta': 8.970508111892315, 'hits': 4.0, 'net': 4.970508111892315}]
08:55:12 INFO    fpl_expert.optimise.transfers | bench-aware rescoring: [{'n': 0, 'delta': 0.0, 'hits': 0.0, 'net': 0.0}, {'n': 1, 'delta': 1.1744687052105576, 'hits': 0.0, 'net': 1.1744687052105576}, {'n': 2, 'delta': 11.802705188044229, 'hits': 4.0, 'net': 7.802705188044229}]
08:55:12 INFO    fpl_expert.optimise.transfers | bench-aware rescoring: [{'n': 0, 'delta': 0.0, 'hits': 0.0, 'net': 0.0}, {'n': 1, 'delta': 1.337633309613949, 'hits': 0.0, 'net': 1.337633309613949}, {'n': 2, 'delta': 2.064108314133108, 'hits': 4.0, 'net': -1.935891685866892}]
08:55:13 INFO    fpl_expert.optimise.transfers | bench-aware rescoring: [{'n': 0, 'delta': 0.0, 'hits': 0.0, 'net': 0.0}, {'n': 1, 'delta': 0.911868492711136, 'hits': 0.0, 'net': 0.911868492711136}, {'n': 2, 'delta': 2.4605335166634887, 'hits': 4.0, 'net': -1.5394664833365113}]
08:55:13 INFO    fpl_expert.optimise.transfers | bench-aware rescoring: [{'n': 0, 'delta': 0.0, 'hits': 0.0, 'net': 0.0}, {'n': 1, 'delta': 0.7843559715027268, 'hits': 0.0, 'net': 0.7843559715027268}, {'n': 2, 'delta': 3.1323650230452245, 'hits': 4.0, 'net': -0.8676349769547755}]
08:55:13 INFO    fpl_expert.backtest.ensemble | bench_aware path 1: 2002
08:55:15 INFO    fpl_expert.optimise.transfers | bench-aware rescoring: [{'n': 0, 'delta': 0.0, 'hits': 0.0, 'net': 0.0}, {'n': 1, 'delta': 11.268851181045818, 'hits': 0.0, 'net': 11.268851181045818}, {'n': 2, 'delta': 21.434624387892114, 'hits': 4.0, 'net': 17.434624387892114}]
08:55:15 INFO    fpl_expert.optimise.transfers | bench-aware rescoring: [{'n': 0, 'delta': 0.0, 'hits': 0.0, 'net': 0.0}, {'n': 1, 'delta': 8.532848609971381, 'hits': 0.0, 'net': 8.532848609971381}, {'n': 2, 'delta': 18.519854835384308, 'hits': 4.0, 'net': 14.519854835384308}]
08:55:16 INFO    fpl_expert.optimise.transfers | bench-aware rescoring: [{'n': 0, 'delta': 0.0, 'hits': 0.0, 'net': 0.0}, {'n': 1, 'delta': 11.864303114903436, 'hits': 0.0, 'net': 11.864303114903436}, {'n': 2, 'delta': 13.293255728595994, 'hits': 4.0, 'net': 9.293255728595994}]
08:55:16 INFO    fpl_expert.optimise.transfers | bench-aware rescoring: [{'n': 0, 'delta': 0.0, 'hits': 0.0, 'net': 0.0}, {'n': 1, 'delta': 9.311804379487455, 'hits': 0.0, 'net': 9.311804379487455}, {'n': 2, 'delta': 11.59135976426515, 'hits': 4.0, 'net': 7.59135976426515}]
08:55:16 INFO    fpl_expert.optimise.transfers | bench-aware rescoring: [{'n': 0, 'delta': 0.0, 'hits': 0.0, 'net': 0.0}, {'n': 1, 'delta': 2.160369056461491, 'hits': 0.0, 'net': 2.160369056461491}, {'n': 2, 'delta': 19.06111671331942, 'hits': 4.0, 'net': 15.061116713319421}]
08:55:17 INFO    fpl_expert.optimise.transfers | bench-aware rescoring: [{'n': 0, 'delta': 0.0, 'hits': 0.0, 'net': 0.0}, {'n': 1, 'delta': 6.926473463932297, 'hits': 0.0, 'net': 6.926473463932297}, {'n': 2, 'delta': 6.577209329874933, 'hits': 4.0, 'net': 2.5772093298749326}]
08:55:17 INFO    fpl_expert.optimise.transfers | bench-aware rescoring: [{'n': 0, 'delta': 0.0, 'hits': 0.0, 'net': 0.0}, {'n': 1, 'delta': 7.7490794385009, 'hits': 0.0, 'net': 7.7490794385009}, {'n': 2, 'delta': 9.399666471653148, 'hits': 4.0, 'net': 5.399666471653148}]
08:55:18 INFO    fpl_expert.optimise.transfers | bench-aware rescoring: [{'n': 0, 'delta': 0.0, 'hits': 0.0, 'net': 0.0}, {'n': 1, 'delta': 0.9670760567678656, 'hits': 0.0, 'net': 0.9670760567678656}, {'n': 2, 'delta': 4.6944173410831525, 'hits': 4.0, 'net': 0.6944173410831525}]
08:55:18 INFO    fpl_expert.optimise.transfers | bench-aware rescoring: [{'n': 0, 'delta': 0.0, 'hits': 0.0, 'net': 0.0}, {'n': 1, 'delta': 1.2143722866774738, 'hits': 0.0, 'net': 1.2143722866774738}, {'n': 2, 'delta': 6.445126970030344, 'hits': 4.0, 'net': 2.445126970030344}]
08:55:19 INFO    fpl_expert.optimise.transfers | bench-aware rescoring: [{'n': 0, 'delta': 0.0, 'hits': 0.0, 'net': 0.0}, {'n': 1, 'delta': 2.1838482236934453, 'hits': 0.0, 'net': 2.1838482236934453}, {'n': 2, 'delta': 8.487614573148136, 'hits': 4.0, 'net': 4.487614573148136}]
08:55:19 INFO    fpl_expert.optimise.transfers | bench-aware rescoring: [{'n': 0, 'delta': 0.0, 'hits': 0.0, 'net': 0.0}, {'n': 1, 'delta': 10.668876251533248, 'hits': 0.0, 'net': 10.668876251533248}, {'n': 2, 'delta': 13.264079775355555, 'hits': 4.0, 'net': 9.264079775355555}]
08:55:20 INFO    fpl_expert.optimise.transfers | bench-aware rescoring: [{'n': 0, 'delta': 0.0, 'hits': 0.0, 'net': 0.0}, {'n': 1, 'delta': 4.489044897340847, 'hits': 0.0, 'net': 4.489044897340847}, {'n': 2, 'delta': 7.454498004404002, 'hits': 4.0, 'net': 3.4544980044040017}]
08:55:20 INFO    fpl_expert.optimise.transfers | bench-aware rescoring: [{'n': 0, 'delta': 0.0, 'hits': 0.0, 'net': 0.0}, {'n': 1, 'delta': 2.5089278425682267, 'hits': 0.0, 'net': 2.5089278425682267}, {'n': 2, 'delta': 8.002031605759413, 'hits': 4.0, 'net': 4.002031605759413}]
08:55:20 INFO    fpl_expert.backtest.season_sim | GW14: playing bench_boost (best available (11.5 vs 10.7 remaining))
08:55:20 INFO    fpl_expert.optimise.transfers | bench-aware rescoring: [{'n': 0, 'delta': 0.0, 'hits': 0.0, 'net': 0.0}, {'n': 1, 'delta': 9.597379648456467, 'hits': 0.0, 'net': 9.597379648456467}, {'n': 2, 'delta': 16.745952789157087, 'hits': 4.0, 'net': 12.745952789157087}]
08:55:21 INFO    fpl_expert.optimise.transfers | bench-aware rescoring: [{'n': 0, 'delta': 0.0, 'hits': 0.0, 'net': 0.0}, {'n': 1, 'delta': 4.160569973531324, 'hits': 0.0, 'net': 4.160569973531324}, {'n': 2, 'delta': 4.6156191591068705, 'hits': 4.0, 'net': 0.6156191591068705}]
08:55:21 INFO    fpl_expert.optimise.transfers | bench-aware rescoring: [{'n': 0, 'delta': 0.0, 'hits': 0.0, 'net': 0.0}, {'n': 1, 'delta': 5.757012078906257, 'hits': 0.0, 'net': 5.757012078906257}, {'n': 2, 'delta': 8.228603238485505, 'hits': 4.0, 'net': 4.228603238485505}]
08:55:22 INFO    fpl_expert.optimise.transfers | bench-aware rescoring: [{'n': 0, 'delta': 0.0, 'hits': 0.0, 'net': 0.0}, {'n': 1, 'delta': 2.750399622923652, 'hits': 0.0, 'net': 2.750399622923652}, {'n': 2, 'delta': 7.407566959321144, 'hits': 4.0, 'net': 3.4075669593211444}]
08:55:22 INFO    fpl_expert.backtest.season_sim | GW18: playing triple_captain (expiring in 1 gw, best remaining 8.1)
08:55:22 INFO    fpl_expert.optimise.transfers | bench-aware rescoring: [{'n': 0, 'delta': 0.0, 'hits': 0.0, 'net': 0.0}, {'n': 1, 'delta': 0.15432403733589695, 'hits': 0.0, 'net': 0.15432403733589695}, {'n': 2, 'delta': 6.937288771167289, 'hits': 4.0, 'net': 2.937288771167289}]
08:55:22 INFO    fpl_expert.optimise.transfers | bench-aware rescoring: [{'n': 0, 'delta': 0.0, 'hits': 0.0, 'net': 0.0}, {'n': 1, 'delta': 3.467751609104198, 'hits': 0.0, 'net': 3.467751609104198}, {'n': 2, 'delta': 3.804945091374236, 'hits': 4.0, 'net': -0.1950549086257638}]
08:55:23 INFO    fpl_expert.optimise.transfers | bench-aware rescoring: [{'n': 0, 'delta': 0.0, 'hits': 0.0, 'net': 0.0}, {'n': 1, 'delta': 3.7173389667926244, 'hits': 0.0, 'net': 3.7173389667926244}, {'n': 2, 'delta': 7.864003755062299, 'hits': 4.0, 'net': 3.864003755062299}]
08:55:23 INFO    fpl_expert.optimise.transfers | bench-aware rescoring: [{'n': 0, 'delta': 0.0, 'hits': 0.0, 'net': 0.0}, {'n': 1, 'delta': 2.257840212691633, 'hits': 0.0, 'net': 2.257840212691633}, {'n': 2, 'delta': 6.1846981410693616, 'hits': 4.0, 'net': 2.1846981410693616}]
08:55:23 INFO    fpl_expert.optimise.transfers | bench-aware rescoring: [{'n': 0, 'delta': 0.0, 'hits': 0.0, 'net': 0.0}, {'n': 1, 'delta': 4.977722827115997, 'hits': 0.0, 'net': 4.977722827115997}, {'n': 2, 'delta': 8.394837039027493, 'hits': 4.0, 'net': 4.394837039027493}]
08:55:24 INFO    fpl_expert.optimise.transfers | bench-aware rescoring: [{'n': 0, 'delta': 0.0, 'hits': 0.0, 'net': 0.0}, {'n': 1, 'delta': 3.2347866660527984, 'hits': 0.0, 'net': 3.2347866660527984}, {'n': 2, 'delta': 7.867882364221714, 'hits': 4.0, 'net': 3.867882364221714}]
08:55:24 INFO    fpl_expert.optimise.transfers | bench-aware rescoring: [{'n': 0, 'delta': 0.0, 'hits': 0.0, 'net': 0.0}, {'n': 1, 'delta': 4.184152701260473, 'hits': 0.0, 'net': 4.184152701260473}, {'n': 2, 'delta': 9.777136667643049, 'hits': 4.0, 'net': 5.777136667643049}]
08:55:25 INFO    fpl_expert.optimise.transfers | bench-aware rescoring: [{'n': 0, 'delta': 0.0, 'hits': 0.0, 'net': 0.0}, {'n': 1, 'delta': 8.077425948440464, 'hits': 0.0, 'net': 8.077425948440464}, {'n': 2, 'delta': 12.63783259416985, 'hits': 4.0, 'net': 8.63783259416985}]
08:55:25 INFO    fpl_expert.optimise.transfers | bench-aware rescoring: [{'n': 0, 'delta': 0.0, 'hits': 0.0, 'net': 0.0}, {'n': 1, 'delta': 2.4266529555221155, 'hits': 0.0, 'net': 2.4266529555221155}, {'n': 2, 'delta': 4.313829897892504, 'hits': 4.0, 'net': 0.3138298978925036}]
08:55:26 INFO    fpl_expert.optimise.transfers | bench-aware rescoring: [{'n': 0, 'delta': 0.0, 'hits': 0.0, 'net': 0.0}, {'n': 1, 'delta': 2.7813708133489854, 'hits': 0.0, 'net': 2.7813708133489854}, {'n': 2, 'delta': 6.902876666062838, 'hits': 4.0, 'net': 2.902876666062838}]
08:55:26 INFO    fpl_expert.optimise.transfers | bench-aware rescoring: [{'n': 0, 'delta': 0.0, 'hits': 0.0, 'net': 0.0}, {'n': 1, 'delta': 3.039484417868863, 'hits': 0.0, 'net': 3.039484417868863}, {'n': 2, 'delta': 4.993464945362376, 'hits': 4.0, 'net': 0.9934649453623763}]
08:55:26 INFO    fpl_expert.optimise.transfers | bench-aware rescoring: [{'n': 0, 'delta': 0.0, 'hits': 0.0, 'net': 0.0}, {'n': 1, 'delta': 5.538898552767876, 'hits': 0.0, 'net': 5.538898552767876}, {'n': 2, 'delta': 15.857496075888037, 'hits': 4.0, 'net': 11.857496075888037}]
08:55:27 INFO    fpl_expert.optimise.transfers | bench-aware rescoring: [{'n': 0, 'delta': 0.0, 'hits': 0.0, 'net': 0.0}, {'n': 1, 'delta': 8.321000584187232, 'hits': 0.0, 'net': 8.321000584187232}, {'n': 2, 'delta': 12.527767847565144, 'hits': 4.0, 'net': 8.527767847565144}]
08:55:27 INFO    fpl_expert.optimise.transfers | bench-aware rescoring: [{'n': 0, 'delta': 0.0, 'hits': 0.0, 'net': 0.0}, {'n': 1, 'delta': 4.8645234076584245, 'hits': 0.0, 'net': 4.8645234076584245}, {'n': 2, 'delta': 5.395593022641776, 'hits': 4.0, 'net': 1.3955930226417763}]
08:55:27 INFO    fpl_expert.backtest.season_sim | GW32: playing bench_boost (best available (11.5 vs 11.4 remaining))
08:55:28 INFO    fpl_expert.optimise.transfers | bench-aware rescoring: [{'n': 0, 'delta': 0.0, 'hits': 0.0, 'net': 0.0}, {'n': 1, 'delta': 6.911601523396996, 'hits': 0.0, 'net': 6.911601523396996}, {'n': 2, 'delta': 12.602704402216887, 'hits': 4.0, 'net': 8.602704402216887}]
08:55:28 INFO    fpl_expert.backtest.season_sim | GW33: playing triple_captain (best available (9.5 vs 9.2 remaining))
08:55:28 INFO    fpl_expert.optimise.transfers | bench-aware rescoring: [{'n': 0, 'delta': 0.0, 'hits': 0.0, 'net': 0.0}, {'n': 1, 'delta': 0.2790204471177731, 'hits': 0.0, 'net': 0.2790204471177731}, {'n': 2, 'delta': 1.353307061927552, 'hits': 4.0, 'net': -2.646692938072448}]
08:55:28 INFO    fpl_expert.optimise.transfers | bench-aware rescoring: [{'n': 0, 'delta': 0.0, 'hits': 0.0, 'net': 0.0}, {'n': 1, 'delta': 5.115044266886628, 'hits': 0.0, 'net': 5.115044266886628}, {'n': 2, 'delta': 6.3563124812115745, 'hits': 4.0, 'net': 2.3563124812115745}]
08:55:29 INFO    fpl_expert.optimise.transfers | bench-aware rescoring: [{'n': 0, 'delta': 0.0, 'hits': 0.0, 'net': 0.0}, {'n': 1, 'delta': 2.3487748515147757, 'hits': 0.0, 'net': 2.3487748515147757}, {'n': 2, 'delta': 5.63411239200056, 'hits': 4.0, 'net': 1.63411239200056}]
08:55:29 INFO    fpl_expert.optimise.transfers | bench-aware rescoring: [{'n': 0, 'delta': 0.0, 'hits': 0.0, 'net': 0.0}, {'n': 1, 'delta': 2.0575186733688753, 'hits': 0.0, 'net': 2.0575186733688753}, {'n': 2, 'delta': 4.198135605858738, 'hits': 4.0, 'net': 0.19813560585873802}]
08:55:29 INFO    fpl_expert.optimise.transfers | bench-aware rescoring: [{'n': 0, 'delta': 0.0, 'hits': 0.0, 'net': 0.0}, {'n': 1, 'delta': -0.6451366245436461, 'hits': 0.0, 'net': -0.6451366245436461}, {'n': 2, 'delta': 1.167080348711231, 'hits': 4.0, 'net': -2.832919651288769}]
08:55:29 INFO    fpl_expert.backtest.ensemble | bench_aware path 2: 2095
08:55:31 INFO    fpl_expert.optimise.transfers | bench-aware rescoring: [{'n': 0, 'delta': 0.0, 'hits': 0.0, 'net': 0.0}, {'n': 1, 'delta': 11.268764348766979, 'hits': 0.0, 'net': 11.268764348766979}, {'n': 2, 'delta': 21.431428081208367, 'hits': 4.0, 'net': 17.431428081208367}]
08:55:31 INFO    fpl_expert.optimise.transfers | bench-aware rescoring: [{'n': 0, 'delta': 0.0, 'hits': 0.0, 'net': 0.0}, {'n': 1, 'delta': 8.524214150343738, 'hits': 0.0, 'net': 8.524214150343738}, {'n': 2, 'delta': 18.490523247783415, 'hits': 4.0, 'net': 14.490523247783415}]
08:55:32 INFO    fpl_expert.optimise.transfers | bench-aware rescoring: [{'n': 0, 'delta': 0.0, 'hits': 0.0, 'net': 0.0}, {'n': 1, 'delta': 11.856775913025984, 'hits': 0.0, 'net': 11.856775913025984}, {'n': 2, 'delta': 13.279379143057412, 'hits': 4.0, 'net': 9.279379143057412}]
08:55:32 INFO    fpl_expert.optimise.transfers | bench-aware rescoring: [{'n': 0, 'delta': 0.0, 'hits': 0.0, 'net': 0.0}, {'n': 1, 'delta': 9.31024931637802, 'hits': 0.0, 'net': 9.31024931637802}, {'n': 2, 'delta': 11.617212097490352, 'hits': 4.0, 'net': 7.617212097490352}]
08:55:33 INFO    fpl_expert.optimise.transfers | bench-aware rescoring: [{'n': 0, 'delta': 0.0, 'hits': 0.0, 'net': 0.0}, {'n': 1, 'delta': 2.1515098505369963, 'hits': 0.0, 'net': 2.1515098505369963}, {'n': 2, 'delta': 18.95776139659364, 'hits': 4.0, 'net': 14.95776139659364}]
08:55:33 INFO    fpl_expert.optimise.transfers | bench-aware rescoring: [{'n': 0, 'delta': 0.0, 'hits': 0.0, 'net': 0.0}, {'n': 1, 'delta': 6.934224739146913, 'hits': 0.0, 'net': 6.934224739146913}, {'n': 2, 'delta': 6.562878649218959, 'hits': 4.0, 'net': 2.562878649218959}]
08:55:34 INFO    fpl_expert.optimise.transfers | bench-aware rescoring: [{'n': 0, 'delta': 0.0, 'hits': 0.0, 'net': 0.0}, {'n': 1, 'delta': 7.7270889773758995, 'hits': 0.0, 'net': 7.7270889773758995}, {'n': 2, 'delta': 9.376299942267622, 'hits': 4.0, 'net': 5.376299942267622}]
08:55:34 INFO    fpl_expert.optimise.transfers | bench-aware rescoring: [{'n': 0, 'delta': 0.0, 'hits': 0.0, 'net': 0.0}, {'n': 1, 'delta': 0.967149465221695, 'hits': 0.0, 'net': 0.967149465221695}, {'n': 2, 'delta': 4.686828033562108, 'hits': 4.0, 'net': 0.686828033562108}]
08:55:34 INFO    fpl_expert.optimise.transfers | bench-aware rescoring: [{'n': 0, 'delta': 0.0, 'hits': 0.0, 'net': 0.0}, {'n': 1, 'delta': 1.216481815405956, 'hits': 0.0, 'net': 1.216481815405956}, {'n': 2, 'delta': 6.431385397950862, 'hits': 4.0, 'net': 2.431385397950862}]
08:55:35 INFO    fpl_expert.optimise.transfers | bench-aware rescoring: [{'n': 0, 'delta': 0.0, 'hits': 0.0, 'net': 0.0}, {'n': 1, 'delta': 2.1924370050870436, 'hits': 0.0, 'net': 2.1924370050870436}, {'n': 2, 'delta': 8.500407341688913, 'hits': 4.0, 'net': 4.500407341688913}]
08:55:35 INFO    fpl_expert.optimise.transfers | bench-aware rescoring: [{'n': 0, 'delta': 0.0, 'hits': 0.0, 'net': 0.0}, {'n': 1, 'delta': 10.658523076162368, 'hits': 0.0, 'net': 10.658523076162368}, {'n': 2, 'delta': 13.239906923440998, 'hits': 4.0, 'net': 9.239906923440998}]
08:55:36 INFO    fpl_expert.optimise.transfers | bench-aware rescoring: [{'n': 0, 'delta': 0.0, 'hits': 0.0, 'net': 0.0}, {'n': 1, 'delta': 4.495349418194962, 'hits': 0.0, 'net': 4.495349418194962}, {'n': 2, 'delta': 7.428044953605337, 'hits': 4.0, 'net': 3.428044953605337}]
08:55:36 INFO    fpl_expert.optimise.transfers | bench-aware rescoring: [{'n': 0, 'delta': 0.0, 'hits': 0.0, 'net': 0.0}, {'n': 1, 'delta': 2.5107098726664105, 'hits': 0.0, 'net': 2.5107098726664105}, {'n': 2, 'delta': 8.733873484589765, 'hits': 4.0, 'net': 4.733873484589765}]
08:55:36 INFO    fpl_expert.backtest.season_sim | GW14: playing bench_boost (best available (11.5 vs 10.7 remaining))
08:55:36 INFO    fpl_expert.optimise.transfers | bench-aware rescoring: [{'n': 0, 'delta': 0.0, 'hits': 0.0, 'net': 0.0}, {'n': 1, 'delta': 9.846503753812641, 'hits': 0.0, 'net': 9.846503753812641}, {'n': 2, 'delta': 22.281382225704476, 'hits': 4.0, 'net': 18.281382225704476}]
08:55:37 INFO    fpl_expert.optimise.transfers | bench-aware rescoring: [{'n': 0, 'delta': 0.0, 'hits': 0.0, 'net': 0.0}, {'n': 1, 'delta': 5.829451336095872, 'hits': 0.0, 'net': 5.829451336095872}, {'n': 2, 'delta': 7.050377327587256, 'hits': 4.0, 'net': 3.050377327587256}]
08:55:37 INFO    fpl_expert.optimise.transfers | bench-aware rescoring: [{'n': 0, 'delta': 0.0, 'hits': 0.0, 'net': 0.0}, {'n': 1, 'delta': 5.645497411373242, 'hits': 0.0, 'net': 5.645497411373242}, {'n': 2, 'delta': 14.254470495224808, 'hits': 4.0, 'net': 10.254470495224808}]
08:55:37 INFO    fpl_expert.optimise.transfers | bench-aware rescoring: [{'n': 0, 'delta': 0.0, 'hits': 0.0, 'net': 0.0}, {'n': 1, 'delta': 3.1705699978201096, 'hits': 0.0, 'net': 3.1705699978201096}, {'n': 2, 'delta': 3.9980142219752395, 'hits': 4.0, 'net': -0.0019857780247605206}]
08:55:38 INFO    fpl_expert.backtest.season_sim | GW18: playing triple_captain (expiring in 1 gw, best remaining 8.1)
08:55:38 INFO    fpl_expert.optimise.transfers | bench-aware rescoring: [{'n': 0, 'delta': 0.0, 'hits': 0.0, 'net': 0.0}, {'n': 1, 'delta': 10.37758690205061, 'hits': 0.0, 'net': 10.37758690205061}, {'n': 2, 'delta': 15.293790901383773, 'hits': 4.0, 'net': 11.293790901383773}]
08:55:38 INFO    fpl_expert.optimise.transfers | bench-aware rescoring: [{'n': 0, 'delta': 0.0, 'hits': 0.0, 'net': 0.0}, {'n': 1, 'delta': 3.4750181229566124, 'hits': 0.0, 'net': 3.4750181229566124}, {'n': 2, 'delta': 2.6295211349589067, 'hits': 4.0, 'net': -1.3704788650410933}]
08:55:39 INFO    fpl_expert.optimise.transfers | bench-aware rescoring: [{'n': 0, 'delta': 0.0, 'hits': 0.0, 'net': 0.0}, {'n': 1, 'delta': 1.9645104524872181, 'hits': 0.0, 'net': 1.9645104524872181}, {'n': 2, 'delta': 2.6081100336244276, 'hits': 4.0, 'net': -1.3918899663755724}]
08:55:39 INFO    fpl_expert.optimise.transfers | bench-aware rescoring: [{'n': 0, 'delta': 0.0, 'hits': 0.0, 'net': 0.0}, {'n': 1, 'delta': 2.62041050199781, 'hits': 0.0, 'net': 2.62041050199781}, {'n': 2, 'delta': 10.875175273848868, 'hits': 4.0, 'net': 6.875175273848868}]
08:55:40 INFO    fpl_expert.optimise.transfers | bench-aware rescoring: [{'n': 0, 'delta': 0.0, 'hits': 0.0, 'net': 0.0}, {'n': 1, 'delta': 7.789320394932986, 'hits': 0.0, 'net': 7.789320394932986}, {'n': 2, 'delta': 9.680416249724544, 'hits': 4.0, 'net': 5.680416249724544}]
08:55:40 INFO    fpl_expert.optimise.transfers | bench-aware rescoring: [{'n': 0, 'delta': 0.0, 'hits': 0.0, 'net': 0.0}, {'n': 1, 'delta': 3.1720602737595414, 'hits': 0.0, 'net': 3.1720602737595414}, {'n': 2, 'delta': 6.50940686721998, 'hits': 4.0, 'net': 2.5094068672199796}]
08:55:41 INFO    fpl_expert.optimise.transfers | bench-aware rescoring: [{'n': 0, 'delta': 0.0, 'hits': 0.0, 'net': 0.0}, {'n': 1, 'delta': 3.783465403777228, 'hits': 0.0, 'net': 3.783465403777228}, {'n': 2, 'delta': 8.310288394816865, 'hits': 4.0, 'net': 4.310288394816865}]
08:55:41 INFO    fpl_expert.optimise.transfers | bench-aware rescoring: [{'n': 0, 'delta': 0.0, 'hits': 0.0, 'net': 0.0}, {'n': 1, 'delta': 0.5392672563556573, 'hits': 0.0, 'net': 0.5392672563556573}, {'n': 2, 'delta': 11.660001793574338, 'hits': 4.0, 'net': 7.660001793574338}]
08:55:41 INFO    fpl_expert.optimise.transfers | bench-aware rescoring: [{'n': 0, 'delta': 0.0, 'hits': 0.0, 'net': 0.0}, {'n': 1, 'delta': 2.1056426823288916, 'hits': 0.0, 'net': 2.1056426823288916}, {'n': 2, 'delta': 3.442969289228273, 'hits': 4.0, 'net': -0.557030710771727}]
08:55:42 INFO    fpl_expert.optimise.transfers | bench-aware rescoring: [{'n': 0, 'delta': 0.0, 'hits': 0.0, 'net': 0.0}, {'n': 1, 'delta': 3.9802283893118044, 'hits': 0.0, 'net': 3.9802283893118044}, {'n': 2, 'delta': 7.323898403524424, 'hits': 4.0, 'net': 3.3238984035244243}]
08:55:42 INFO    fpl_expert.optimise.transfers | bench-aware rescoring: [{'n': 0, 'delta': 0.0, 'hits': 0.0, 'net': 0.0}, {'n': 1, 'delta': 1.1877631005902174, 'hits': 0.0, 'net': 1.1877631005902174}, {'n': 2, 'delta': 5.543991441248693, 'hits': 4.0, 'net': 1.5439914412486928}]
08:55:43 INFO    fpl_expert.optimise.transfers | bench-aware rescoring: [{'n': 0, 'delta': 0.0, 'hits': 0.0, 'net': 0.0}, {'n': 1, 'delta': 6.015752228539043, 'hits': 0.0, 'net': 6.015752228539043}, {'n': 2, 'delta': 7.266389916329501, 'hits': 4.0, 'net': 3.2663899163295014}]
08:55:43 INFO    fpl_expert.optimise.transfers | bench-aware rescoring: [{'n': 0, 'delta': 0.0, 'hits': 0.0, 'net': 0.0}, {'n': 1, 'delta': 2.8734903830738574, 'hits': 0.0, 'net': 2.8734903830738574}, {'n': 2, 'delta': 15.32055519780343, 'hits': 4.0, 'net': 11.32055519780343}]
08:55:43 INFO    fpl_expert.optimise.transfers | bench-aware rescoring: [{'n': 0, 'delta': 0.0, 'hits': 0.0, 'net': 0.0}, {'n': 1, 'delta': 5.276227931622174, 'hits': 0.0, 'net': 5.276227931622174}, {'n': 2, 'delta': 6.396303196886407, 'hits': 4.0, 'net': 2.3963031968864072}]
08:55:44 INFO    fpl_expert.backtest.season_sim | GW32: playing bench_boost (best available (11.3 vs 11.0 remaining))
08:55:44 INFO    fpl_expert.optimise.transfers | bench-aware rescoring: [{'n': 0, 'delta': 0.0, 'hits': 0.0, 'net': 0.0}, {'n': 1, 'delta': 4.603962333446532, 'hits': 0.0, 'net': 4.603962333446532}, {'n': 2, 'delta': 7.4627522145197815, 'hits': 4.0, 'net': 3.4627522145197815}]
08:55:44 INFO    fpl_expert.backtest.season_sim | GW33: playing triple_captain (best available (9.5 vs 9.2 remaining))
08:55:44 INFO    fpl_expert.optimise.transfers | bench-aware rescoring: [{'n': 0, 'delta': 0.0, 'hits': 0.0, 'net': 0.0}, {'n': 1, 'delta': 1.5685296903869244, 'hits': 0.0, 'net': 1.5685296903869244}, {'n': 2, 'delta': 9.002469360788467, 'hits': 4.0, 'net': 5.002469360788467}]
08:55:45 INFO    fpl_expert.optimise.transfers | bench-aware rescoring: [{'n': 0, 'delta': 0.0, 'hits': 0.0, 'net': 0.0}, {'n': 1, 'delta': 0.8876522560890123, 'hits': 0.0, 'net': 0.8876522560890123}, {'n': 2, 'delta': 11.792807273596736, 'hits': 4.0, 'net': 7.792807273596736}]
08:55:45 INFO    fpl_expert.optimise.transfers | bench-aware rescoring: [{'n': 0, 'delta': 0.0, 'hits': 0.0, 'net': 0.0}, {'n': 1, 'delta': 1.3315593079765904, 'hits': 0.0, 'net': 1.3315593079765904}, {'n': 2, 'delta': 2.0669810641344952, 'hits': 4.0, 'net': -1.9330189358655048}]
08:55:45 INFO    fpl_expert.optimise.transfers | bench-aware rescoring: [{'n': 0, 'delta': 0.0, 'hits': 0.0, 'net': 0.0}, {'n': 1, 'delta': 0.908825544435885, 'hits': 0.0, 'net': 0.908825544435885}, {'n': 2, 'delta': 2.446075799601573, 'hits': 4.0, 'net': -1.553924200398427}]
08:55:46 INFO    fpl_expert.optimise.transfers | bench-aware rescoring: [{'n': 0, 'delta': 0.0, 'hits': 0.0, 'net': 0.0}, {'n': 1, 'delta': 0.7795610191552527, 'hits': 0.0, 'net': 0.7795610191552527}, {'n': 2, 'delta': 3.141578984397512, 'hits': 4.0, 'net': -0.8584210156024881}]
08:55:46 INFO    fpl_expert.backtest.ensemble | bench_aware path 3: 2002
08:55:47 INFO    fpl_expert.optimise.transfers | bench-aware rescoring: [{'n': 0, 'delta': 0.0, 'hits': 0.0, 'net': 0.0}, {'n': 1, 'delta': 11.274983962310074, 'hits': 0.0, 'net': 11.274983962310074}, {'n': 2, 'delta': 12.454240167293477, 'hits': 4.0, 'net': 8.454240167293477}]
08:55:48 INFO    fpl_expert.optimise.transfers | bench-aware rescoring: [{'n': 0, 'delta': 0.0, 'hits': 0.0, 'net': 0.0}, {'n': 1, 'delta': 9.280387663383777, 'hits': 0.0, 'net': 9.280387663383777}, {'n': 2, 'delta': 20.33926191657602, 'hits': 4.0, 'net': 16.33926191657602}]
08:55:48 INFO    fpl_expert.optimise.transfers | bench-aware rescoring: [{'n': 0, 'delta': 0.0, 'hits': 0.0, 'net': 0.0}, {'n': 1, 'delta': 12.469322092622946, 'hits': 0.0, 'net': 12.469322092622946}, {'n': 2, 'delta': 17.467108435269665, 'hits': 4.0, 'net': 13.467108435269665}]
08:55:48 INFO    fpl_expert.optimise.transfers | bench-aware rescoring: [{'n': 0, 'delta': 0.0, 'hits': 0.0, 'net': 0.0}, {'n': 1, 'delta': 9.334822554737258, 'hits': 0.0, 'net': 9.334822554737258}, {'n': 2, 'delta': 13.176244833515852, 'hits': 4.0, 'net': 9.176244833515852}]
08:55:49 INFO    fpl_expert.optimise.transfers | bench-aware rescoring: [{'n': 0, 'delta': 0.0, 'hits': 0.0, 'net': 0.0}, {'n': 1, 'delta': 3.940514724983956, 'hits': 0.0, 'net': 3.940514724983956}, {'n': 2, 'delta': 3.3588159347067403, 'hits': 4.0, 'net': -0.6411840652932597}]
08:55:49 INFO    fpl_expert.optimise.transfers | bench-aware rescoring: [{'n': 0, 'delta': 0.0, 'hits': 0.0, 'net': 0.0}, {'n': 1, 'delta': 8.92753011973079, 'hits': 0.0, 'net': 8.92753011973079}, {'n': 2, 'delta': 28.382567686061464, 'hits': 4.0, 'net': 24.382567686061464}]
08:55:50 INFO    fpl_expert.optimise.transfers | bench-aware rescoring: [{'n': 0, 'delta': 0.0, 'hits': 0.0, 'net': 0.0}, {'n': 1, 'delta': 5.2733119383603935, 'hits': 0.0, 'net': 5.2733119383603935}, {'n': 2, 'delta': 7.769480659715526, 'hits': 4.0, 'net': 3.7694806597155264}]
08:55:50 INFO    fpl_expert.optimise.transfers | bench-aware rescoring: [{'n': 0, 'delta': 0.0, 'hits': 0.0, 'net': 0.0}, {'n': 1, 'delta': 6.3099182169501375, 'hits': 0.0, 'net': 6.3099182169501375}, {'n': 2, 'delta': 3.583061816876949, 'hits': 4.0, 'net': -0.416938183123051}]
08:55:51 INFO    fpl_expert.optimise.transfers | bench-aware rescoring: [{'n': 0, 'delta': 0.0, 'hits': 0.0, 'net': 0.0}, {'n': 1, 'delta': 0.33340263828458205, 'hits': 0.0, 'net': 0.33340263828458205}, {'n': 2, 'delta': 3.4331270575348185, 'hits': 4.0, 'net': -0.5668729424651815}]
08:55:51 INFO    fpl_expert.optimise.transfers | bench-aware rescoring: [{'n': 0, 'delta': 0.0, 'hits': 0.0, 'net': 0.0}, {'n': 1, 'delta': 2.035764363076794, 'hits': 0.0, 'net': 2.035764363076794}, {'n': 2, 'delta': 10.36014347110384, 'hits': 4.0, 'net': 6.360143471103839}]
08:55:51 INFO    fpl_expert.optimise.transfers | bench-aware rescoring: [{'n': 0, 'delta': 0.0, 'hits': 0.0, 'net': 0.0}, {'n': 1, 'delta': 1.1236988251906723, 'hits': 0.0, 'net': 1.1236988251906723}, {'n': 2, 'delta': 9.381768047069471, 'hits': 4.0, 'net': 5.381768047069471}]
08:55:52 INFO    fpl_expert.optimise.transfers | bench-aware rescoring: [{'n': 0, 'delta': 0.0, 'hits': 0.0, 'net': 0.0}, {'n': 1, 'delta': 4.555400156251466, 'hits': 0.0, 'net': 4.555400156251466}, {'n': 2, 'delta': 9.98745481518543, 'hits': 4.0, 'net': 5.98745481518543}]
08:55:52 INFO    fpl_expert.optimise.transfers | bench-aware rescoring: [{'n': 0, 'delta': 0.0, 'hits': 0.0, 'net': 0.0}, {'n': 1, 'delta': 0.030437764632779363, 'hits': 0.0, 'net': 0.030437764632779363}, {'n': 2, 'delta': -0.8075118581552374, 'hits': 4.0, 'net': -4.807511858155237}]
08:55:53 INFO    fpl_expert.optimise.transfers | bench-aware rescoring: [{'n': 0, 'delta': 0.0, 'hits': 0.0, 'net': 0.0}, {'n': 1, 'delta': 6.838596660731071, 'hits': 0.0, 'net': 6.838596660731071}, {'n': 2, 'delta': 12.391491388298903, 'hits': 4.0, 'net': 8.391491388298903}]
08:55:53 INFO    fpl_expert.optimise.transfers | bench-aware rescoring: [{'n': 0, 'delta': 0.0, 'hits': 0.0, 'net': 0.0}, {'n': 1, 'delta': 1.832136105014115, 'hits': 0.0, 'net': 1.832136105014115}, {'n': 2, 'delta': 6.482877711634018, 'hits': 4.0, 'net': 2.4828777116340177}]
08:55:53 INFO    fpl_expert.optimise.transfers | bench-aware rescoring: [{'n': 0, 'delta': 0.0, 'hits': 0.0, 'net': 0.0}, {'n': 1, 'delta': 0.9130080002370562, 'hits': 0.0, 'net': 0.9130080002370562}, {'n': 2, 'delta': 4.787125196892447, 'hits': 4.0, 'net': 0.7871251968924469}]
08:55:53 INFO    fpl_expert.backtest.season_sim | GW17: playing bench_boost (expiring in 2 gw, best remaining 11.9)
08:55:54 INFO    fpl_expert.optimise.transfers | bench-aware rescoring: [{'n': 0, 'delta': 0.0, 'hits': 0.0, 'net': 0.0}, {'n': 1, 'delta': 3.069561735405074, 'hits': 0.0, 'net': 3.069561735405074}, {'n': 2, 'delta': 8.776260279547216, 'hits': 4.0, 'net': 4.776260279547216}]
08:55:54 INFO    fpl_expert.backtest.season_sim | GW18: playing triple_captain (expiring in 1 gw, best remaining 8.1)
08:55:54 INFO    fpl_expert.optimise.transfers | bench-aware rescoring: [{'n': 0, 'delta': 0.0, 'hits': 0.0, 'net': 0.0}, {'n': 1, 'delta': 0.45155930519928233, 'hits': 0.0, 'net': 0.45155930519928233}, {'n': 2, 'delta': 0.9445388902378795, 'hits': 4.0, 'net': -3.0554611097621205}]
08:55:55 INFO    fpl_expert.optimise.transfers | bench-aware rescoring: [{'n': 0, 'delta': 0.0, 'hits': 0.0, 'net': 0.0}, {'n': 1, 'delta': 6.985949705917449, 'hits': 0.0, 'net': 6.985949705917449}, {'n': 2, 'delta': 14.501783715281817, 'hits': 4.0, 'net': 10.501783715281817}]
08:55:55 INFO    fpl_expert.optimise.transfers | bench-aware rescoring: [{'n': 0, 'delta': 0.0, 'hits': 0.0, 'net': 0.0}, {'n': 1, 'delta': 1.599104964796993, 'hits': 0.0, 'net': 1.599104964796993}, {'n': 2, 'delta': 5.3341059814864025, 'hits': 4.0, 'net': 1.3341059814864025}]
08:55:55 INFO    fpl_expert.optimise.transfers | bench-aware rescoring: [{'n': 0, 'delta': 0.0, 'hits': 0.0, 'net': 0.0}, {'n': 1, 'delta': 3.6211971289911276, 'hits': 0.0, 'net': 3.6211971289911276}, {'n': 2, 'delta': 7.819741203166529, 'hits': 4.0, 'net': 3.8197412031665294}]
08:55:56 INFO    fpl_expert.optimise.transfers | bench-aware rescoring: [{'n': 0, 'delta': 0.0, 'hits': 0.0, 'net': 0.0}, {'n': 1, 'delta': 8.058417669742482, 'hits': 0.0, 'net': 8.058417669742482}, {'n': 2, 'delta': 11.390766841414177, 'hits': 4.0, 'net': 7.390766841414177}]
08:55:56 INFO    fpl_expert.optimise.transfers | bench-aware rescoring: [{'n': 0, 'delta': 0.0, 'hits': 0.0, 'net': 0.0}, {'n': 1, 'delta': 3.044973398104105, 'hits': 0.0, 'net': 3.044973398104105}, {'n': 2, 'delta': 8.68719619375787, 'hits': 4.0, 'net': 4.68719619375787}]
08:55:57 INFO    fpl_expert.optimise.transfers | bench-aware rescoring: [{'n': 0, 'delta': 0.0, 'hits': 0.0, 'net': 0.0}, {'n': 1, 'delta': 3.8167676955204115, 'hits': 0.0, 'net': 3.8167676955204115}, {'n': 2, 'delta': 8.231528840140129, 'hits': 4.0, 'net': 4.231528840140129}]
08:55:57 INFO    fpl_expert.optimise.transfers | bench-aware rescoring: [{'n': 0, 'delta': 0.0, 'hits': 0.0, 'net': 0.0}, {'n': 1, 'delta': 5.148310467284119, 'hits': 0.0, 'net': 5.148310467284119}, {'n': 2, 'delta': 10.037796457425088, 'hits': 4.0, 'net': 6.037796457425088}]
08:55:58 INFO    fpl_expert.optimise.transfers | bench-aware rescoring: [{'n': 0, 'delta': 0.0, 'hits': 0.0, 'net': 0.0}, {'n': 1, 'delta': 0.3697164885275015, 'hits': 0.0, 'net': 0.3697164885275015}, {'n': 2, 'delta': 2.58533194788032, 'hits': 4.0, 'net': -1.41466805211968}]
08:55:58 INFO    fpl_expert.optimise.transfers | bench-aware rescoring: [{'n': 0, 'delta': 0.0, 'hits': 0.0, 'net': 0.0}, {'n': 1, 'delta': 5.882243914295941, 'hits': 0.0, 'net': 5.882243914295941}, {'n': 2, 'delta': 10.855593483972427, 'hits': 4.0, 'net': 6.855593483972427}]
08:55:58 INFO    fpl_expert.optimise.transfers | bench-aware rescoring: [{'n': 0, 'delta': 0.0, 'hits': 0.0, 'net': 0.0}, {'n': 1, 'delta': 1.6758438467639394, 'hits': 0.0, 'net': 1.6758438467639394}, {'n': 2, 'delta': 6.334517371192106, 'hits': 4.0, 'net': 2.3345173711921063}]
08:55:59 INFO    fpl_expert.optimise.transfers | bench-aware rescoring: [{'n': 0, 'delta': 0.0, 'hits': 0.0, 'net': 0.0}, {'n': 1, 'delta': 7.281760532363961, 'hits': 0.0, 'net': 7.281760532363961}, {'n': 2, 'delta': 17.532827242805666, 'hits': 4.0, 'net': 13.532827242805666}]
08:55:59 INFO    fpl_expert.optimise.transfers | bench-aware rescoring: [{'n': 0, 'delta': 0.0, 'hits': 0.0, 'net': 0.0}, {'n': 1, 'delta': 11.981657926250307, 'hits': 0.0, 'net': 11.981657926250307}, {'n': 2, 'delta': 17.251248854827196, 'hits': 4.0, 'net': 13.251248854827196}]
08:56:00 INFO    fpl_expert.optimise.transfers | bench-aware rescoring: [{'n': 0, 'delta': 0.0, 'hits': 0.0, 'net': 0.0}, {'n': 1, 'delta': 10.917702484073828, 'hits': 0.0, 'net': 10.917702484073828}, {'n': 2, 'delta': 11.846893887594206, 'hits': 4.0, 'net': 7.846893887594206}]
08:56:00 INFO    fpl_expert.backtest.season_sim | GW32: playing triple_captain (best available (10.0 vs 10.0 remaining))
08:56:00 INFO    fpl_expert.optimise.transfers | bench-aware rescoring: [{'n': 0, 'delta': 0.0, 'hits': 0.0, 'net': 0.0}, {'n': 1, 'delta': 3.4280953913383314, 'hits': 0.0, 'net': 3.4280953913383314}, {'n': 2, 'delta': 3.865369712687368, 'hits': 4.0, 'net': -0.13463028731263194}]
08:56:00 INFO    fpl_expert.backtest.season_sim | GW33: playing bench_boost (best available (11.8 vs 10.7 remaining))
08:56:00 INFO    fpl_expert.optimise.transfers | bench-aware rescoring: [{'n': 0, 'delta': 0.0, 'hits': 0.0, 'net': 0.0}, {'n': 1, 'delta': 5.376740425662547, 'hits': 0.0, 'net': 5.376740425662547}, {'n': 2, 'delta': 8.224380169699373, 'hits': 4.0, 'net': 4.224380169699373}]
08:56:01 INFO    fpl_expert.optimise.transfers | bench-aware rescoring: [{'n': 0, 'delta': 0.0, 'hits': 0.0, 'net': 0.0}, {'n': 1, 'delta': 6.459563672010148, 'hits': 0.0, 'net': 6.459563672010148}, {'n': 2, 'delta': 10.526702857348141, 'hits': 4.0, 'net': 6.526702857348141}]
08:56:01 INFO    fpl_expert.optimise.transfers | bench-aware rescoring: [{'n': 0, 'delta': 0.0, 'hits': 0.0, 'net': 0.0}, {'n': 1, 'delta': 1.0903684505140916, 'hits': 0.0, 'net': 1.0903684505140916}, {'n': 2, 'delta': 2.878209821493499, 'hits': 4.0, 'net': -1.121790178506501}]
08:56:01 INFO    fpl_expert.optimise.transfers | bench-aware rescoring: [{'n': 0, 'delta': 0.0, 'hits': 0.0, 'net': 0.0}, {'n': 1, 'delta': 2.0938545346582487, 'hits': 0.0, 'net': 2.0938545346582487}, {'n': 2, 'delta': 5.456701822116472, 'hits': 4.0, 'net': 1.4567018221164716}]
08:56:02 INFO    fpl_expert.optimise.transfers | bench-aware rescoring: [{'n': 0, 'delta': 0.0, 'hits': 0.0, 'net': 0.0}, {'n': 1, 'delta': 0.48001225883695753, 'hits': 0.0, 'net': 0.48001225883695753}, {'n': 2, 'delta': 1.302295838417706, 'hits': 4.0, 'net': -2.697704161582294}]
08:56:02 INFO    fpl_expert.backtest.ensemble | bench_aware path 4: 2225
08:56:03 INFO    fpl_expert.optimise.transfers | bench-aware rescoring: [{'n': 0, 'delta': 0.0, 'hits': 0.0, 'net': 0.0}, {'n': 1, 'delta': 11.259155896360056, 'hits': 0.0, 'net': 11.259155896360056}, {'n': 2, 'delta': 21.4396405887542, 'hits': 4.0, 'net': 17.4396405887542}]
08:56:04 INFO    fpl_expert.optimise.transfers | bench-aware rescoring: [{'n': 0, 'delta': 0.0, 'hits': 0.0, 'net': 0.0}, {'n': 1, 'delta': 8.540725156815768, 'hits': 0.0, 'net': 8.540725156815768}, {'n': 2, 'delta': 18.520743537677873, 'hits': 4.0, 'net': 14.520743537677873}]
08:56:04 INFO    fpl_expert.optimise.transfers | bench-aware rescoring: [{'n': 0, 'delta': 0.0, 'hits': 0.0, 'net': 0.0}, {'n': 1, 'delta': 11.859656438522535, 'hits': 0.0, 'net': 11.859656438522535}, {'n': 2, 'delta': 13.287195923989827, 'hits': 4.0, 'net': 9.287195923989827}]
08:56:05 INFO    fpl_expert.optimise.transfers | bench-aware rescoring: [{'n': 0, 'delta': 0.0, 'hits': 0.0, 'net': 0.0}, {'n': 1, 'delta': 9.30220754299117, 'hits': 0.0, 'net': 9.30220754299117}, {'n': 2, 'delta': 11.597159091884805, 'hits': 4.0, 'net': 7.597159091884805}]
08:56:05 INFO    fpl_expert.optimise.transfers | bench-aware rescoring: [{'n': 0, 'delta': 0.0, 'hits': 0.0, 'net': 0.0}, {'n': 1, 'delta': 2.1606022887403924, 'hits': 0.0, 'net': 2.1606022887403924}, {'n': 2, 'delta': 19.05222763682906, 'hits': 4.0, 'net': 15.052227636829059}]
08:56:05 INFO    fpl_expert.optimise.transfers | bench-aware rescoring: [{'n': 0, 'delta': 0.0, 'hits': 0.0, 'net': 0.0}, {'n': 1, 'delta': 6.948623491259838, 'hits': 0.0, 'net': 6.948623491259838}, {'n': 2, 'delta': 6.568864575629561, 'hits': 4.0, 'net': 2.5688645756295614}]
08:56:06 INFO    fpl_expert.optimise.transfers | bench-aware rescoring: [{'n': 0, 'delta': 0.0, 'hits': 0.0, 'net': 0.0}, {'n': 1, 'delta': 7.733255061651306, 'hits': 0.0, 'net': 7.733255061651306}, {'n': 2, 'delta': 9.38243061462245, 'hits': 4.0, 'net': 5.38243061462245}]
08:56:06 INFO    fpl_expert.optimise.transfers | bench-aware rescoring: [{'n': 0, 'delta': 0.0, 'hits': 0.0, 'net': 0.0}, {'n': 1, 'delta': 0.966838246545251, 'hits': 0.0, 'net': 0.966838246545251}, {'n': 2, 'delta': 4.691611837931902, 'hits': 4.0, 'net': 0.6916118379319016}]
08:56:07 INFO    fpl_expert.optimise.transfers | bench-aware rescoring: [{'n': 0, 'delta': 0.0, 'hits': 0.0, 'net': 0.0}, {'n': 1, 'delta': 1.216515567933243, 'hits': 0.0, 'net': 1.216515567933243}, {'n': 2, 'delta': 6.436218099139893, 'hits': 4.0, 'net': 2.436218099139893}]
08:56:07 INFO    fpl_expert.optimise.transfers | bench-aware rescoring: [{'n': 0, 'delta': 0.0, 'hits': 0.0, 'net': 0.0}, {'n': 1, 'delta': 2.1827347154106462, 'hits': 0.0, 'net': 2.1827347154106462}, {'n': 2, 'delta': 8.516434396790658, 'hits': 4.0, 'net': 4.5164343967906575}]
08:56:08 INFO    fpl_expert.optimise.transfers | bench-aware rescoring: [{'n': 0, 'delta': 0.0, 'hits': 0.0, 'net': 0.0}, {'n': 1, 'delta': 10.662497537543771, 'hits': 0.0, 'net': 10.662497537543771}, {'n': 2, 'delta': 14.420295246840482, 'hits': 4.0, 'net': 10.420295246840482}]
08:56:08 INFO    fpl_expert.optimise.transfers | bench-aware rescoring: [{'n': 0, 'delta': 0.0, 'hits': 0.0, 'net': 0.0}, {'n': 1, 'delta': 4.493244499845019, 'hits': 0.0, 'net': 4.493244499845019}, {'n': 2, 'delta': 7.429016549346386, 'hits': 4.0, 'net': 3.429016549346386}]
08:56:09 INFO    fpl_expert.optimise.transfers | bench-aware rescoring: [{'n': 0, 'delta': 0.0, 'hits': 0.0, 'net': 0.0}, {'n': 1, 'delta': 2.496836876441421, 'hits': 0.0, 'net': 2.496836876441421}, {'n': 2, 'delta': 8.724084977528662, 'hits': 4.0, 'net': 4.724084977528662}]
08:56:09 INFO    fpl_expert.backtest.season_sim | GW14: playing bench_boost (best available (11.5 vs 10.7 remaining))
08:56:09 INFO    fpl_expert.optimise.transfers | bench-aware rescoring: [{'n': 0, 'delta': 0.0, 'hits': 0.0, 'net': 0.0}, {'n': 1, 'delta': 9.857806412180423, 'hits': 0.0, 'net': 9.857806412180423}, {'n': 2, 'delta': 22.32481843725961, 'hits': 4.0, 'net': 18.32481843725961}]
08:56:09 INFO    fpl_expert.optimise.transfers | bench-aware rescoring: [{'n': 0, 'delta': 0.0, 'hits': 0.0, 'net': 0.0}, {'n': 1, 'delta': 5.8196747094148975, 'hits': 0.0, 'net': 5.8196747094148975}, {'n': 2, 'delta': 7.047056759737899, 'hits': 4.0, 'net': 3.047056759737899}]
08:56:10 INFO    fpl_expert.optimise.transfers | bench-aware rescoring: [{'n': 0, 'delta': 0.0, 'hits': 0.0, 'net': 0.0}, {'n': 1, 'delta': 5.634285033678651, 'hits': 0.0, 'net': 5.634285033678651}, {'n': 2, 'delta': 14.212311748619584, 'hits': 4.0, 'net': 10.212311748619584}]
08:56:10 INFO    fpl_expert.optimise.transfers | bench-aware rescoring: [{'n': 0, 'delta': 0.0, 'hits': 0.0, 'net': 0.0}, {'n': 1, 'delta': 3.1616739323409604, 'hits': 0.0, 'net': 3.1616739323409604}, {'n': 2, 'delta': 3.958785553106054, 'hits': 4.0, 'net': -0.04121444689394593}]
08:56:10 INFO    fpl_expert.backtest.season_sim | GW18: playing triple_captain (expiring in 1 gw, best remaining 8.2)
08:56:10 INFO    fpl_expert.optimise.transfers | bench-aware rescoring: [{'n': 0, 'delta': 0.0, 'hits': 0.0, 'net': 0.0}, {'n': 1, 'delta': 10.348546438679591, 'hits': 0.0, 'net': 10.348546438679591}, {'n': 2, 'delta': 15.302733237956005, 'hits': 4.0, 'net': 11.302733237956005}]
08:56:11 INFO    fpl_expert.optimise.transfers | bench-aware rescoring: [{'n': 0, 'delta': 0.0, 'hits': 0.0, 'net': 0.0}, {'n': 1, 'delta': 3.467516775057618, 'hits': 0.0, 'net': 3.467516775057618}, {'n': 2, 'delta': 2.6205747417985776, 'hits': 4.0, 'net': -1.3794252582014224}]
08:56:11 INFO    fpl_expert.optimise.transfers | bench-aware rescoring: [{'n': 0, 'delta': 0.0, 'hits': 0.0, 'net': 0.0}, {'n': 1, 'delta': 1.9776046371392226, 'hits': 0.0, 'net': 1.9776046371392226}, {'n': 2, 'delta': 2.620173577867604, 'hits': 4.0, 'net': -1.3798264221323961}]
08:56:12 INFO    fpl_expert.optimise.transfers | bench-aware rescoring: [{'n': 0, 'delta': 0.0, 'hits': 0.0, 'net': 0.0}, {'n': 1, 'delta': 2.6522228438755633, 'hits': 0.0, 'net': 2.6522228438755633}, {'n': 2, 'delta': 10.88700908048861, 'hits': 4.0, 'net': 6.88700908048861}]
08:56:12 INFO    fpl_expert.optimise.transfers | bench-aware rescoring: [{'n': 0, 'delta': 0.0, 'hits': 0.0, 'net': 0.0}, {'n': 1, 'delta': 7.786117202415539, 'hits': 0.0, 'net': 7.786117202415539}, {'n': 2, 'delta': 9.688948015754818, 'hits': 4.0, 'net': 5.688948015754818}]
08:56:13 INFO    fpl_expert.optimise.transfers | bench-aware rescoring: [{'n': 0, 'delta': 0.0, 'hits': 0.0, 'net': 0.0}, {'n': 1, 'delta': 3.160360589369702, 'hits': 0.0, 'net': 3.160360589369702}, {'n': 2, 'delta': 6.487941889083231, 'hits': 4.0, 'net': 2.487941889083231}]
08:56:13 INFO    fpl_expert.optimise.transfers | bench-aware rescoring: [{'n': 0, 'delta': 0.0, 'hits': 0.0, 'net': 0.0}, {'n': 1, 'delta': 3.780565696842416, 'hits': 0.0, 'net': 3.780565696842416}, {'n': 2, 'delta': 8.333079458768253, 'hits': 4.0, 'net': 4.333079458768253}]
08:56:13 INFO    fpl_expert.optimise.transfers | bench-aware rescoring: [{'n': 0, 'delta': 0.0, 'hits': 0.0, 'net': 0.0}, {'n': 1, 'delta': 0.7798105672996485, 'hits': 0.0, 'net': 0.7798105672996485}, {'n': 2, 'delta': 11.657328117668726, 'hits': 4.0, 'net': 7.657328117668726}]
08:56:14 INFO    fpl_expert.optimise.transfers | bench-aware rescoring: [{'n': 0, 'delta': 0.0, 'hits': 0.0, 'net': 0.0}, {'n': 1, 'delta': 2.124284697767621, 'hits': 0.0, 'net': 2.124284697767621}, {'n': 2, 'delta': 3.474088836848807, 'hits': 4.0, 'net': -0.5259111631511928}]
08:56:14 INFO    fpl_expert.optimise.transfers | bench-aware rescoring: [{'n': 0, 'delta': 0.0, 'hits': 0.0, 'net': 0.0}, {'n': 1, 'delta': 3.9898681453044844, 'hits': 0.0, 'net': 3.9898681453044844}, {'n': 2, 'delta': 7.334245855976434, 'hits': 4.0, 'net': 3.334245855976434}]
08:56:15 INFO    fpl_expert.optimise.transfers | bench-aware rescoring: [{'n': 0, 'delta': 0.0, 'hits': 0.0, 'net': 0.0}, {'n': 1, 'delta': 1.1891302811044397, 'hits': 0.0, 'net': 1.1891302811044397}, {'n': 2, 'delta': 5.573975520554001, 'hits': 4.0, 'net': 1.5739755205540007}]
08:56:15 INFO    fpl_expert.optimise.transfers | bench-aware rescoring: [{'n': 0, 'delta': 0.0, 'hits': 0.0, 'net': 0.0}, {'n': 1, 'delta': 6.016145642981485, 'hits': 0.0, 'net': 6.016145642981485}, {'n': 2, 'delta': 7.277298115600701, 'hits': 4.0, 'net': 3.2772981156007006}]
08:56:15 INFO    fpl_expert.optimise.transfers | bench-aware rescoring: [{'n': 0, 'delta': 0.0, 'hits': 0.0, 'net': 0.0}, {'n': 1, 'delta': 2.8746869595927933, 'hits': 0.0, 'net': 2.8746869595927933}, {'n': 2, 'delta': 15.246978693549352, 'hits': 4.0, 'net': 11.246978693549352}]
08:56:16 INFO    fpl_expert.optimise.transfers | bench-aware rescoring: [{'n': 0, 'delta': 0.0, 'hits': 0.0, 'net': 0.0}, {'n': 1, 'delta': 5.283676219826617, 'hits': 0.0, 'net': 5.283676219826617}, {'n': 2, 'delta': 6.401452254232225, 'hits': 4.0, 'net': 2.4014522542322254}]
08:56:16 INFO    fpl_expert.backtest.season_sim | GW32: playing bench_boost (best available (11.3 vs 11.0 remaining))
08:56:16 INFO    fpl_expert.optimise.transfers | bench-aware rescoring: [{'n': 0, 'delta': 0.0, 'hits': 0.0, 'net': 0.0}, {'n': 1, 'delta': 4.547611400626437, 'hits': 0.0, 'net': 4.547611400626437}, {'n': 2, 'delta': 7.422090096805107, 'hits': 4.0, 'net': 3.422090096805107}]
08:56:16 INFO    fpl_expert.backtest.season_sim | GW33: playing triple_captain (best available (9.5 vs 9.2 remaining))
08:56:17 INFO    fpl_expert.optimise.transfers | bench-aware rescoring: [{'n': 0, 'delta': 0.0, 'hits': 0.0, 'net': 0.0}, {'n': 1, 'delta': 1.5604555144243761, 'hits': 0.0, 'net': 1.5604555144243761}, {'n': 2, 'delta': 8.986877690221775, 'hits': 4.0, 'net': 4.986877690221775}]
08:56:17 INFO    fpl_expert.optimise.transfers | bench-aware rescoring: [{'n': 0, 'delta': 0.0, 'hits': 0.0, 'net': 0.0}, {'n': 1, 'delta': 0.8860601722145987, 'hits': 0.0, 'net': 0.8860601722145987}, {'n': 2, 'delta': 11.767359152691853, 'hits': 4.0, 'net': 7.767359152691853}]
08:56:17 INFO    fpl_expert.optimise.transfers | bench-aware rescoring: [{'n': 0, 'delta': 0.0, 'hits': 0.0, 'net': 0.0}, {'n': 1, 'delta': 1.327861430127797, 'hits': 0.0, 'net': 1.327861430127797}, {'n': 2, 'delta': 2.0685627932343493, 'hits': 4.0, 'net': -1.9314372067656507}]
08:56:18 INFO    fpl_expert.optimise.transfers | bench-aware rescoring: [{'n': 0, 'delta': 0.0, 'hits': 0.0, 'net': 0.0}, {'n': 1, 'delta': 0.9070718067349475, 'hits': 0.0, 'net': 0.9070718067349475}, {'n': 2, 'delta': 2.4591715671118237, 'hits': 4.0, 'net': -1.5408284328881763}]
08:56:18 INFO    fpl_expert.optimise.transfers | bench-aware rescoring: [{'n': 0, 'delta': 0.0, 'hits': 0.0, 'net': 0.0}, {'n': 1, 'delta': 0.7693531048065765, 'hits': 0.0, 'net': 0.7693531048065765}, {'n': 2, 'delta': 3.1382098531916185, 'hits': 4.0, 'net': -0.8617901468083815}]
08:56:18 INFO    fpl_expert.backtest.ensemble | bench_aware path 5: 2002
08:56:20 INFO    fpl_expert.optimise.transfers | bench-aware rescoring: [{'n': 0, 'delta': 0.0, 'hits': 0.0, 'net': 0.0}, {'n': 1, 'delta': 11.272551294251144, 'hits': 0.0, 'net': 11.272551294251144}, {'n': 2, 'delta': 21.436485484338164, 'hits': 4.0, 'net': 17.436485484338164}]
08:56:20 INFO    fpl_expert.optimise.transfers | bench-aware rescoring: [{'n': 0, 'delta': 0.0, 'hits': 0.0, 'net': 0.0}, {'n': 1, 'delta': 8.531984224372565, 'hits': 0.0, 'net': 8.531984224372565}, {'n': 2, 'delta': 18.514309423632767, 'hits': 4.0, 'net': 14.514309423632767}]
08:56:21 INFO    fpl_expert.optimise.transfers | bench-aware rescoring: [{'n': 0, 'delta': 0.0, 'hits': 0.0, 'net': 0.0}, {'n': 1, 'delta': 11.859751449278377, 'hits': 0.0, 'net': 11.859751449278377}, {'n': 2, 'delta': 13.281158283892694, 'hits': 4.0, 'net': 9.281158283892694}]
08:56:21 INFO    fpl_expert.optimise.transfers | bench-aware rescoring: [{'n': 0, 'delta': 0.0, 'hits': 0.0, 'net': 0.0}, {'n': 1, 'delta': 9.311592880753466, 'hits': 0.0, 'net': 9.311592880753466}, {'n': 2, 'delta': 11.602363675179618, 'hits': 4.0, 'net': 7.6023636751796175}]
08:56:21 INFO    fpl_expert.optimise.transfers | bench-aware rescoring: [{'n': 0, 'delta': 0.0, 'hits': 0.0, 'net': 0.0}, {'n': 1, 'delta': 2.1498595727670704, 'hits': 0.0, 'net': 2.1498595727670704}, {'n': 2, 'delta': 18.980894496201444, 'hits': 4.0, 'net': 14.980894496201444}]
08:56:22 INFO    fpl_expert.optimise.transfers | bench-aware rescoring: [{'n': 0, 'delta': 0.0, 'hits': 0.0, 'net': 0.0}, {'n': 1, 'delta': 6.95042379497491, 'hits': 0.0, 'net': 6.95042379497491}, {'n': 2, 'delta': 6.580927415219293, 'hits': 4.0, 'net': 2.5809274152192927}]
08:56:22 INFO    fpl_expert.optimise.transfers | bench-aware rescoring: [{'n': 0, 'delta': 0.0, 'hits': 0.0, 'net': 0.0}, {'n': 1, 'delta': 7.7523903552632305, 'hits': 0.0, 'net': 7.7523903552632305}, {'n': 2, 'delta': 9.401149927105052, 'hits': 4.0, 'net': 5.4011499271050525}]
08:56:23 INFO    fpl_expert.optimise.transfers | bench-aware rescoring: [{'n': 0, 'delta': 0.0, 'hits': 0.0, 'net': 0.0}, {'n': 1, 'delta': 0.9674506480781702, 'hits': 0.0, 'net': 0.9674506480781702}, {'n': 2, 'delta': 4.692551423594551, 'hits': 4.0, 'net': 0.6925514235945514}]
08:56:23 INFO    fpl_expert.optimise.transfers | bench-aware rescoring: [{'n': 0, 'delta': 0.0, 'hits': 0.0, 'net': 0.0}, {'n': 1, 'delta': 1.21358591554241, 'hits': 0.0, 'net': 1.21358591554241}, {'n': 2, 'delta': 6.43273220893343, 'hits': 4.0, 'net': 2.4327322089334302}]
08:56:23 INFO    fpl_expert.optimise.transfers | bench-aware rescoring: [{'n': 0, 'delta': 0.0, 'hits': 0.0, 'net': 0.0}, {'n': 1, 'delta': 2.1918005138218177, 'hits': 0.0, 'net': 2.1918005138218177}, {'n': 2, 'delta': 8.448191391361405, 'hits': 4.0, 'net': 4.448191391361405}]
08:56:24 INFO    fpl_expert.optimise.transfers | bench-aware rescoring: [{'n': 0, 'delta': 0.0, 'hits': 0.0, 'net': 0.0}, {'n': 1, 'delta': 10.66509488161833, 'hits': 0.0, 'net': 10.66509488161833}, {'n': 2, 'delta': 13.251666156608337, 'hits': 4.0, 'net': 9.251666156608337}]
08:56:24 INFO    fpl_expert.optimise.transfers | bench-aware rescoring: [{'n': 0, 'delta': 0.0, 'hits': 0.0, 'net': 0.0}, {'n': 1, 'delta': 4.477112954916976, 'hits': 0.0, 'net': 4.477112954916976}, {'n': 2, 'delta': 7.43128118169119, 'hits': 4.0, 'net': 3.4312811816911903}]
08:56:25 INFO    fpl_expert.optimise.transfers | bench-aware rescoring: [{'n': 0, 'delta': 0.0, 'hits': 0.0, 'net': 0.0}, {'n': 1, 'delta': 2.514957223561396, 'hits': 0.0, 'net': 2.514957223561396}, {'n': 2, 'delta': 8.735512727189302, 'hits': 4.0, 'net': 4.7355127271893025}]
08:56:25 INFO    fpl_expert.backtest.season_sim | GW14: playing bench_boost (best available (11.5 vs 10.7 remaining))
08:56:25 INFO    fpl_expert.optimise.transfers | bench-aware rescoring: [{'n': 0, 'delta': 0.0, 'hits': 0.0, 'net': 0.0}, {'n': 1, 'delta': 9.858006372234684, 'hits': 0.0, 'net': 9.858006372234684}, {'n': 2, 'delta': 22.304091493500323, 'hits': 4.0, 'net': 18.304091493500323}]
08:56:25 INFO    fpl_expert.optimise.transfers | bench-aware rescoring: [{'n': 0, 'delta': 0.0, 'hits': 0.0, 'net': 0.0}, {'n': 1, 'delta': 5.824303844571716, 'hits': 0.0, 'net': 5.824303844571716}, {'n': 2, 'delta': 7.0388459152252665, 'hits': 4.0, 'net': 3.0388459152252665}]
08:56:26 INFO    fpl_expert.optimise.transfers | bench-aware rescoring: [{'n': 0, 'delta': 0.0, 'hits': 0.0, 'net': 0.0}, {'n': 1, 'delta': 5.639093065635507, 'hits': 0.0, 'net': 5.639093065635507}, {'n': 2, 'delta': 14.230582760541125, 'hits': 4.0, 'net': 10.230582760541125}]
08:56:26 INFO    fpl_expert.optimise.transfers | bench-aware rescoring: [{'n': 0, 'delta': 0.0, 'hits': 0.0, 'net': 0.0}, {'n': 1, 'delta': 3.1607908331206147, 'hits': 0.0, 'net': 3.1607908331206147}, {'n': 2, 'delta': 3.9541377173003127, 'hits': 4.0, 'net': -0.045862282699687285}]
08:56:26 INFO    fpl_expert.backtest.season_sim | GW18: playing triple_captain (expiring in 1 gw, best remaining 8.2)
08:56:26 INFO    fpl_expert.optimise.transfers | bench-aware rescoring: [{'n': 0, 'delta': 0.0, 'hits': 0.0, 'net': 0.0}, {'n': 1, 'delta': 10.339620143250244, 'hits': 0.0, 'net': 10.339620143250244}, {'n': 2, 'delta': 15.283731054262915, 'hits': 4.0, 'net': 11.283731054262915}]
08:56:27 INFO    fpl_expert.optimise.transfers | bench-aware rescoring: [{'n': 0, 'delta': 0.0, 'hits': 0.0, 'net': 0.0}, {'n': 1, 'delta': 3.4640429766827197, 'hits': 0.0, 'net': 3.4640429766827197}, {'n': 2, 'delta': 2.6286586757959185, 'hits': 4.0, 'net': -1.3713413242040815}]
08:56:27 INFO    fpl_expert.optimise.transfers | bench-aware rescoring: [{'n': 0, 'delta': 0.0, 'hits': 0.0, 'net': 0.0}, {'n': 1, 'delta': 1.978705788814068, 'hits': 0.0, 'net': 1.978705788814068}, {'n': 2, 'delta': 2.6241455728350047, 'hits': 4.0, 'net': -1.3758544271649953}]
08:56:28 INFO    fpl_expert.optimise.transfers | bench-aware rescoring: [{'n': 0, 'delta': 0.0, 'hits': 0.0, 'net': 0.0}, {'n': 1, 'delta': 2.6236004619108257, 'hits': 0.0, 'net': 2.6236004619108257}, {'n': 2, 'delta': 10.883173183187921, 'hits': 4.0, 'net': 6.883173183187921}]
08:56:28 INFO    fpl_expert.optimise.transfers | bench-aware rescoring: [{'n': 0, 'delta': 0.0, 'hits': 0.0, 'net': 0.0}, {'n': 1, 'delta': 7.79757702227954, 'hits': 0.0, 'net': 7.79757702227954}, {'n': 2, 'delta': 9.695761950511269, 'hits': 4.0, 'net': 5.695761950511269}]
08:56:29 INFO    fpl_expert.optimise.transfers | bench-aware rescoring: [{'n': 0, 'delta': 0.0, 'hits': 0.0, 'net': 0.0}, {'n': 1, 'delta': 3.164551174211965, 'hits': 0.0, 'net': 3.164551174211965}, {'n': 2, 'delta': 6.525380514739197, 'hits': 4.0, 'net': 2.5253805147391972}]
08:56:29 INFO    fpl_expert.optimise.transfers | bench-aware rescoring: [{'n': 0, 'delta': 0.0, 'hits': 0.0, 'net': 0.0}, {'n': 1, 'delta': 3.7773573655540815, 'hits': 0.0, 'net': 3.7773573655540815}, {'n': 2, 'delta': 8.321534380103202, 'hits': 4.0, 'net': 4.321534380103202}]
08:56:29 INFO    fpl_expert.optimise.transfers | bench-aware rescoring: [{'n': 0, 'delta': 0.0, 'hits': 0.0, 'net': 0.0}, {'n': 1, 'delta': 0.5507808315546754, 'hits': 0.0, 'net': 0.5507808315546754}, {'n': 2, 'delta': 11.665974917583242, 'hits': 4.0, 'net': 7.665974917583242}]
08:56:30 INFO    fpl_expert.optimise.transfers | bench-aware rescoring: [{'n': 0, 'delta': 0.0, 'hits': 0.0, 'net': 0.0}, {'n': 1, 'delta': 2.1228284507472495, 'hits': 0.0, 'net': 2.1228284507472495}, {'n': 2, 'delta': 3.4535984713083394, 'hits': 4.0, 'net': -0.5464015286916606}]
08:56:30 INFO    fpl_expert.optimise.transfers | bench-aware rescoring: [{'n': 0, 'delta': 0.0, 'hits': 0.0, 'net': 0.0}, {'n': 1, 'delta': 3.978918909764957, 'hits': 0.0, 'net': 3.978918909764957}, {'n': 2, 'delta': 7.338138724050793, 'hits': 4.0, 'net': 3.3381387240507934}]
08:56:31 INFO    fpl_expert.optimise.transfers | bench-aware rescoring: [{'n': 0, 'delta': 0.0, 'hits': 0.0, 'net': 0.0}, {'n': 1, 'delta': 1.2036305544558559, 'hits': 0.0, 'net': 1.2036305544558559}, {'n': 2, 'delta': 5.555095598939033, 'hits': 4.0, 'net': 1.5550955989390332}]
08:56:31 INFO    fpl_expert.optimise.transfers | bench-aware rescoring: [{'n': 0, 'delta': 0.0, 'hits': 0.0, 'net': 0.0}, {'n': 1, 'delta': 6.027570796274631, 'hits': 0.0, 'net': 6.027570796274631}, {'n': 2, 'delta': 7.269608187883591, 'hits': 4.0, 'net': 3.269608187883591}]
08:56:31 INFO    fpl_expert.optimise.transfers | bench-aware rescoring: [{'n': 0, 'delta': 0.0, 'hits': 0.0, 'net': 0.0}, {'n': 1, 'delta': 2.8842094318916622, 'hits': 0.0, 'net': 2.8842094318916622}, {'n': 2, 'delta': 15.274485135873391, 'hits': 4.0, 'net': 11.274485135873391}]
08:56:32 INFO    fpl_expert.optimise.transfers | bench-aware rescoring: [{'n': 0, 'delta': 0.0, 'hits': 0.0, 'net': 0.0}, {'n': 1, 'delta': 5.285216544002992, 'hits': 0.0, 'net': 5.285216544002992}, {'n': 2, 'delta': 6.414143452265762, 'hits': 4.0, 'net': 2.414143452265762}]
08:56:32 INFO    fpl_expert.backtest.season_sim | GW32: playing bench_boost (best available (11.3 vs 11.0 remaining))
08:56:32 INFO    fpl_expert.optimise.transfers | bench-aware rescoring: [{'n': 0, 'delta': 0.0, 'hits': 0.0, 'net': 0.0}, {'n': 1, 'delta': 4.55279295968478, 'hits': 0.0, 'net': 4.55279295968478}, {'n': 2, 'delta': 7.411643172545382, 'hits': 4.0, 'net': 3.411643172545382}]
08:56:32 INFO    fpl_expert.backtest.season_sim | GW33: playing triple_captain (best available (9.5 vs 9.2 remaining))
08:56:33 INFO    fpl_expert.optimise.transfers | bench-aware rescoring: [{'n': 0, 'delta': 0.0, 'hits': 0.0, 'net': 0.0}, {'n': 1, 'delta': 1.5706636801354819, 'hits': 0.0, 'net': 1.5706636801354819}, {'n': 2, 'delta': 8.984018021343275, 'hits': 4.0, 'net': 4.9840180213432745}]
08:56:33 INFO    fpl_expert.optimise.transfers | bench-aware rescoring: [{'n': 0, 'delta': 0.0, 'hits': 0.0, 'net': 0.0}, {'n': 1, 'delta': 1.1745483583360965, 'hits': 0.0, 'net': 1.1745483583360965}, {'n': 2, 'delta': 11.785810129581478, 'hits': 4.0, 'net': 7.785810129581478}]
08:56:33 INFO    fpl_expert.optimise.transfers | bench-aware rescoring: [{'n': 0, 'delta': 0.0, 'hits': 0.0, 'net': 0.0}, {'n': 1, 'delta': 1.336664933756822, 'hits': 0.0, 'net': 1.336664933756822}, {'n': 2, 'delta': 2.0342254103271102, 'hits': 4.0, 'net': -1.9657745896728898}]
08:56:34 INFO    fpl_expert.optimise.transfers | bench-aware rescoring: [{'n': 0, 'delta': 0.0, 'hits': 0.0, 'net': 0.0}, {'n': 1, 'delta': 0.9089076039235806, 'hits': 0.0, 'net': 0.9089076039235806}, {'n': 2, 'delta': 2.446331091756491, 'hits': 4.0, 'net': -1.553668908243509}]
08:56:34 INFO    fpl_expert.optimise.transfers | bench-aware rescoring: [{'n': 0, 'delta': 0.0, 'hits': 0.0, 'net': 0.0}, {'n': 1, 'delta': 0.7784230832235153, 'hits': 0.0, 'net': 0.7784230832235153}, {'n': 2, 'delta': 3.129462402082133, 'hits': 4.0, 'net': -0.8705375979178669}]
08:56:34 INFO    fpl_expert.backtest.ensemble | bench_aware path 6: 2002
08:56:36 INFO    fpl_expert.optimise.transfers | bench-aware rescoring: [{'n': 0, 'delta': 0.0, 'hits': 0.0, 'net': 0.0}, {'n': 1, 'delta': 11.276735782915807, 'hits': 0.0, 'net': 11.276735782915807}, {'n': 2, 'delta': 21.440672468766422, 'hits': 4.0, 'net': 17.440672468766422}]
08:56:36 INFO    fpl_expert.optimise.transfers | bench-aware rescoring: [{'n': 0, 'delta': 0.0, 'hits': 0.0, 'net': 0.0}, {'n': 1, 'delta': 8.533979431102296, 'hits': 0.0, 'net': 8.533979431102296}, {'n': 2, 'delta': 18.500638674564755, 'hits': 4.0, 'net': 14.500638674564755}]
08:56:36 INFO    fpl_expert.optimise.transfers | bench-aware rescoring: [{'n': 0, 'delta': 0.0, 'hits': 0.0, 'net': 0.0}, {'n': 1, 'delta': 11.850525086771597, 'hits': 0.0, 'net': 11.850525086771597}, {'n': 2, 'delta': 13.27025927516678, 'hits': 4.0, 'net': 9.27025927516678}]
08:56:37 INFO    fpl_expert.optimise.transfers | bench-aware rescoring: [{'n': 0, 'delta': 0.0, 'hits': 0.0, 'net': 0.0}, {'n': 1, 'delta': 9.312487618452082, 'hits': 0.0, 'net': 9.312487618452082}, {'n': 2, 'delta': 11.625552071708114, 'hits': 4.0, 'net': 7.625552071708114}]
08:56:37 INFO    fpl_expert.optimise.transfers | bench-aware rescoring: [{'n': 0, 'delta': 0.0, 'hits': 0.0, 'net': 0.0}, {'n': 1, 'delta': 2.1688617587697934, 'hits': 0.0, 'net': 2.1688617587697934}, {'n': 2, 'delta': 19.129541296923378, 'hits': 4.0, 'net': 15.129541296923378}]
08:56:38 INFO    fpl_expert.optimise.transfers | bench-aware rescoring: [{'n': 0, 'delta': 0.0, 'hits': 0.0, 'net': 0.0}, {'n': 1, 'delta': 6.93341548095097, 'hits': 0.0, 'net': 6.93341548095097}, {'n': 2, 'delta': 6.577048055214078, 'hits': 4.0, 'net': 2.577048055214078}]
08:56:38 INFO    fpl_expert.optimise.transfers | bench-aware rescoring: [{'n': 0, 'delta': 0.0, 'hits': 0.0, 'net': 0.0}, {'n': 1, 'delta': 7.757822978978879, 'hits': 0.0, 'net': 7.757822978978879}, {'n': 2, 'delta': 9.407519615368159, 'hits': 4.0, 'net': 5.407519615368159}]
08:56:38 INFO    fpl_expert.optimise.transfers | bench-aware rescoring: [{'n': 0, 'delta': 0.0, 'hits': 0.0, 'net': 0.0}, {'n': 1, 'delta': 0.9674381177159148, 'hits': 0.0, 'net': 0.9674381177159148}, {'n': 2, 'delta': 4.697601251093317, 'hits': 4.0, 'net': 0.6976012510933174}]
08:56:39 INFO    fpl_expert.optimise.transfers | bench-aware rescoring: [{'n': 0, 'delta': 0.0, 'hits': 0.0, 'net': 0.0}, {'n': 1, 'delta': 1.2142046561992572, 'hits': 0.0, 'net': 1.2142046561992572}, {'n': 2, 'delta': 6.43215010116711, 'hits': 4.0, 'net': 2.4321501011671103}]
08:56:39 INFO    fpl_expert.optimise.transfers | bench-aware rescoring: [{'n': 0, 'delta': 0.0, 'hits': 0.0, 'net': 0.0}, {'n': 1, 'delta': 2.186330708300545, 'hits': 0.0, 'net': 2.186330708300545}, {'n': 2, 'delta': 8.481910621570904, 'hits': 4.0, 'net': 4.481910621570904}]
08:56:40 INFO    fpl_expert.optimise.transfers | bench-aware rescoring: [{'n': 0, 'delta': 0.0, 'hits': 0.0, 'net': 0.0}, {'n': 1, 'delta': 10.636112339462471, 'hits': 0.0, 'net': 10.636112339462471}, {'n': 2, 'delta': 14.41933444437285, 'hits': 4.0, 'net': 10.41933444437285}]
08:56:40 INFO    fpl_expert.optimise.transfers | bench-aware rescoring: [{'n': 0, 'delta': 0.0, 'hits': 0.0, 'net': 0.0}, {'n': 1, 'delta': 4.47922366418544, 'hits': 0.0, 'net': 4.47922366418544}, {'n': 2, 'delta': 7.434223797655193, 'hits': 4.0, 'net': 3.434223797655193}]
08:56:41 INFO    fpl_expert.optimise.transfers | bench-aware rescoring: [{'n': 0, 'delta': 0.0, 'hits': 0.0, 'net': 0.0}, {'n': 1, 'delta': 2.502567837470963, 'hits': 0.0, 'net': 2.502567837470963}, {'n': 2, 'delta': 8.738900252656578, 'hits': 4.0, 'net': 4.7389002526565775}]
08:56:41 INFO    fpl_expert.backtest.season_sim | GW14: playing bench_boost (best available (11.5 vs 10.7 remaining))
08:56:41 INFO    fpl_expert.optimise.transfers | bench-aware rescoring: [{'n': 0, 'delta': 0.0, 'hits': 0.0, 'net': 0.0}, {'n': 1, 'delta': 9.84389171107938, 'hits': 0.0, 'net': 9.84389171107938}, {'n': 2, 'delta': 22.301639113793613, 'hits': 4.0, 'net': 18.301639113793613}]
08:56:41 INFO    fpl_expert.optimise.transfers | bench-aware rescoring: [{'n': 0, 'delta': 0.0, 'hits': 0.0, 'net': 0.0}, {'n': 1, 'delta': 5.823787492702991, 'hits': 0.0, 'net': 5.823787492702991}, {'n': 2, 'delta': 7.049665813471449, 'hits': 4.0, 'net': 3.0496658134714494}]
08:56:42 INFO    fpl_expert.optimise.transfers | bench-aware rescoring: [{'n': 0, 'delta': 0.0, 'hits': 0.0, 'net': 0.0}, {'n': 1, 'delta': 5.641131622957033, 'hits': 0.0, 'net': 5.641131622957033}, {'n': 2, 'delta': 14.233565140008125, 'hits': 4.0, 'net': 10.233565140008125}]
08:56:42 INFO    fpl_expert.optimise.transfers | bench-aware rescoring: [{'n': 0, 'delta': 0.0, 'hits': 0.0, 'net': 0.0}, {'n': 1, 'delta': 3.1563989331625635, 'hits': 0.0, 'net': 3.1563989331625635}, {'n': 2, 'delta': 3.949151102390573, 'hits': 4.0, 'net': -0.05084889760942701}]
08:56:42 INFO    fpl_expert.backtest.season_sim | GW18: playing triple_captain (expiring in 1 gw, best remaining 8.2)
08:56:42 INFO    fpl_expert.optimise.transfers | bench-aware rescoring: [{'n': 0, 'delta': 0.0, 'hits': 0.0, 'net': 0.0}, {'n': 1, 'delta': 10.343085664627495, 'hits': 0.0, 'net': 10.343085664627495}, {'n': 2, 'delta': 15.274206101489142, 'hits': 4.0, 'net': 11.274206101489142}]
08:56:43 INFO    fpl_expert.optimise.transfers | bench-aware rescoring: [{'n': 0, 'delta': 0.0, 'hits': 0.0, 'net': 0.0}, {'n': 1, 'delta': 3.455528819846677, 'hits': 0.0, 'net': 3.455528819846677}, {'n': 2, 'delta': 2.6171626172017, 'hits': 4.0, 'net': -1.3828373827983}]
08:56:43 INFO    fpl_expert.optimise.transfers | bench-aware rescoring: [{'n': 0, 'delta': 0.0, 'hits': 0.0, 'net': 0.0}, {'n': 1, 'delta': 1.9639826388149118, 'hits': 0.0, 'net': 1.9639826388149118}, {'n': 2, 'delta': 2.6087152972007175, 'hits': 4.0, 'net': -1.3912847027992825}]
08:56:44 INFO    fpl_expert.optimise.transfers | bench-aware rescoring: [{'n': 0, 'delta': 0.0, 'hits': 0.0, 'net': 0.0}, {'n': 1, 'delta': 2.617992066706961, 'hits': 0.0, 'net': 2.617992066706961}, {'n': 2, 'delta': 10.870455633686902, 'hits': 4.0, 'net': 6.870455633686902}]
08:56:44 INFO    fpl_expert.optimise.transfers | bench-aware rescoring: [{'n': 0, 'delta': 0.0, 'hits': 0.0, 'net': 0.0}, {'n': 1, 'delta': 7.799791740378396, 'hits': 0.0, 'net': 7.799791740378396}, {'n': 2, 'delta': 9.703740257957008, 'hits': 4.0, 'net': 5.7037402579570085}]
08:56:44 INFO    fpl_expert.optimise.transfers | bench-aware rescoring: [{'n': 0, 'delta': 0.0, 'hits': 0.0, 'net': 0.0}, {'n': 1, 'delta': 3.15969602100904, 'hits': 0.0, 'net': 3.15969602100904}, {'n': 2, 'delta': 6.504308647234552, 'hits': 4.0, 'net': 2.504308647234552}]
08:56:45 INFO    fpl_expert.optimise.transfers | bench-aware rescoring: [{'n': 0, 'delta': 0.0, 'hits': 0.0, 'net': 0.0}, {'n': 1, 'delta': 3.7803139624319613, 'hits': 0.0, 'net': 3.7803139624319613}, {'n': 2, 'delta': 8.330833564531844, 'hits': 4.0, 'net': 4.330833564531844}]
08:56:45 INFO    fpl_expert.optimise.transfers | bench-aware rescoring: [{'n': 0, 'delta': 0.0, 'hits': 0.0, 'net': 0.0}, {'n': 1, 'delta': 0.5557361051689327, 'hits': 0.0, 'net': 0.5557361051689327}, {'n': 2, 'delta': 11.66174120796606, 'hits': 4.0, 'net': 7.66174120796606}]
08:56:46 INFO    fpl_expert.optimise.transfers | bench-aware rescoring: [{'n': 0, 'delta': 0.0, 'hits': 0.0, 'net': 0.0}, {'n': 1, 'delta': 2.1119131692582016, 'hits': 0.0, 'net': 2.1119131692582016}, {'n': 2, 'delta': 3.4521430215977205, 'hits': 4.0, 'net': -0.5478569784022795}]
08:56:46 INFO    fpl_expert.optimise.transfers | bench-aware rescoring: [{'n': 0, 'delta': 0.0, 'hits': 0.0, 'net': 0.0}, {'n': 1, 'delta': 3.975454091486341, 'hits': 0.0, 'net': 3.975454091486341}, {'n': 2, 'delta': 7.32123728259765, 'hits': 4.0, 'net': 3.32123728259765}]
08:56:47 INFO    fpl_expert.optimise.transfers | bench-aware rescoring: [{'n': 0, 'delta': 0.0, 'hits': 0.0, 'net': 0.0}, {'n': 1, 'delta': 1.1926526532645312, 'hits': 0.0, 'net': 1.1926526532645312}, {'n': 2, 'delta': 5.542535347308842, 'hits': 4.0, 'net': 1.5425353473088421}]
08:56:47 INFO    fpl_expert.optimise.transfers | bench-aware rescoring: [{'n': 0, 'delta': 0.0, 'hits': 0.0, 'net': 0.0}, {'n': 1, 'delta': 6.032403465762343, 'hits': 0.0, 'net': 6.032403465762343}, {'n': 2, 'delta': 7.302375142746314, 'hits': 4.0, 'net': 3.302375142746314}]
08:56:48 INFO    fpl_expert.optimise.transfers | bench-aware rescoring: [{'n': 0, 'delta': 0.0, 'hits': 0.0, 'net': 0.0}, {'n': 1, 'delta': 2.867346727648112, 'hits': 0.0, 'net': 2.867346727648112}, {'n': 2, 'delta': 15.2423939865009, 'hits': 4.0, 'net': 11.2423939865009}]
08:56:48 INFO    fpl_expert.optimise.transfers | bench-aware rescoring: [{'n': 0, 'delta': 0.0, 'hits': 0.0, 'net': 0.0}, {'n': 1, 'delta': 5.2870405977567145, 'hits': 0.0, 'net': 5.2870405977567145}, {'n': 2, 'delta': 6.396077808554679, 'hits': 4.0, 'net': 2.3960778085546792}]
08:56:48 INFO    fpl_expert.backtest.season_sim | GW32: playing bench_boost (best available (11.3 vs 11.0 remaining))
08:56:48 INFO    fpl_expert.optimise.transfers | bench-aware rescoring: [{'n': 0, 'delta': 0.0, 'hits': 0.0, 'net': 0.0}, {'n': 1, 'delta': 4.5970619686681005, 'hits': 0.0, 'net': 4.5970619686681005}, {'n': 2, 'delta': 7.473186082093974, 'hits': 4.0, 'net': 3.4731860820939744}]
08:56:48 INFO    fpl_expert.backtest.season_sim | GW33: playing triple_captain (best available (9.5 vs 9.2 remaining))
08:56:49 INFO    fpl_expert.optimise.transfers | bench-aware rescoring: [{'n': 0, 'delta': 0.0, 'hits': 0.0, 'net': 0.0}, {'n': 1, 'delta': 1.547429144546868, 'hits': 0.0, 'net': 1.547429144546868}, {'n': 2, 'delta': 8.988616820595183, 'hits': 4.0, 'net': 4.988616820595183}]
08:56:49 INFO    fpl_expert.optimise.transfers | bench-aware rescoring: [{'n': 0, 'delta': 0.0, 'hits': 0.0, 'net': 0.0}, {'n': 1, 'delta': 0.8859441451569126, 'hits': 0.0, 'net': 0.8859441451569126}, {'n': 2, 'delta': 11.784952328953267, 'hits': 4.0, 'net': 7.784952328953267}]
08:56:49 INFO    fpl_expert.optimise.transfers | bench-aware rescoring: [{'n': 0, 'delta': 0.0, 'hits': 0.0, 'net': 0.0}, {'n': 1, 'delta': 1.3348604579983316, 'hits': 0.0, 'net': 1.3348604579983316}, {'n': 2, 'delta': 2.072887480030971, 'hits': 4.0, 'net': -1.9271125199690289}]
08:56:50 INFO    fpl_expert.optimise.transfers | bench-aware rescoring: [{'n': 0, 'delta': 0.0, 'hits': 0.0, 'net': 0.0}, {'n': 1, 'delta': 0.9080064404845274, 'hits': 0.0, 'net': 0.9080064404845274}, {'n': 2, 'delta': 2.4421690539636813, 'hits': 4.0, 'net': -1.5578309460363187}]
08:56:50 INFO    fpl_expert.optimise.transfers | bench-aware rescoring: [{'n': 0, 'delta': 0.0, 'hits': 0.0, 'net': 0.0}, {'n': 1, 'delta': 0.7806862982348193, 'hits': 0.0, 'net': 0.7806862982348193}, {'n': 2, 'delta': 3.139876333785665, 'hits': 4.0, 'net': -0.860123666214335}]
08:56:50 INFO    fpl_expert.backtest.ensemble | bench_aware path 7: 2002
08:56:52 INFO    fpl_expert.optimise.transfers | bench-aware rescoring: [{'n': 0, 'delta': 0.0, 'hits': 0.0, 'net': 0.0}, {'n': 1, 'delta': 11.278316903044214, 'hits': 0.0, 'net': 11.278316903044214}, {'n': 2, 'delta': 12.45051153275125, 'hits': 4.0, 'net': 8.45051153275125}]
08:56:52 INFO    fpl_expert.optimise.transfers | bench-aware rescoring: [{'n': 0, 'delta': 0.0, 'hits': 0.0, 'net': 0.0}, {'n': 1, 'delta': 9.280325983853203, 'hits': 0.0, 'net': 9.280325983853203}, {'n': 2, 'delta': 20.330724990226855, 'hits': 4.0, 'net': 16.330724990226855}]
08:56:53 INFO    fpl_expert.optimise.transfers | bench-aware rescoring: [{'n': 0, 'delta': 0.0, 'hits': 0.0, 'net': 0.0}, {'n': 1, 'delta': 12.446385281486812, 'hits': 0.0, 'net': 12.446385281486812}, {'n': 2, 'delta': 17.453631371125255, 'hits': 4.0, 'net': 13.453631371125255}]
08:56:53 INFO    fpl_expert.optimise.transfers | bench-aware rescoring: [{'n': 0, 'delta': 0.0, 'hits': 0.0, 'net': 0.0}, {'n': 1, 'delta': 9.322785629320975, 'hits': 0.0, 'net': 9.322785629320975}, {'n': 2, 'delta': 13.14401038967074, 'hits': 4.0, 'net': 9.14401038967074}]
08:56:53 INFO    fpl_expert.optimise.transfers | bench-aware rescoring: [{'n': 0, 'delta': 0.0, 'hits': 0.0, 'net': 0.0}, {'n': 1, 'delta': 3.943673312218948, 'hits': 0.0, 'net': 3.943673312218948}, {'n': 2, 'delta': 3.3633187122854906, 'hits': 4.0, 'net': -0.6366812877145094}]
08:56:54 INFO    fpl_expert.optimise.transfers | bench-aware rescoring: [{'n': 0, 'delta': 0.0, 'hits': 0.0, 'net': 0.0}, {'n': 1, 'delta': 8.93297598860687, 'hits': 0.0, 'net': 8.93297598860687}, {'n': 2, 'delta': 28.4136016845236, 'hits': 4.0, 'net': 24.4136016845236}]
08:56:54 INFO    fpl_expert.optimise.transfers | bench-aware rescoring: [{'n': 0, 'delta': 0.0, 'hits': 0.0, 'net': 0.0}, {'n': 1, 'delta': 5.28036730269713, 'hits': 0.0, 'net': 5.28036730269713}, {'n': 2, 'delta': 7.777205750868518, 'hits': 4.0, 'net': 3.777205750868518}]
08:56:55 INFO    fpl_expert.optimise.transfers | bench-aware rescoring: [{'n': 0, 'delta': 0.0, 'hits': 0.0, 'net': 0.0}, {'n': 1, 'delta': 6.3169375526306055, 'hits': 0.0, 'net': 6.3169375526306055}, {'n': 2, 'delta': 3.5891924124102843, 'hits': 4.0, 'net': -0.4108075875897157}]
08:56:55 INFO    fpl_expert.optimise.transfers | bench-aware rescoring: [{'n': 0, 'delta': 0.0, 'hits': 0.0, 'net': 0.0}, {'n': 1, 'delta': 0.33360616360153017, 'hits': 0.0, 'net': 0.33360616360153017}, {'n': 2, 'delta': 3.4344512292556715, 'hits': 4.0, 'net': -0.5655487707443285}]
08:56:56 INFO    fpl_expert.optimise.transfers | bench-aware rescoring: [{'n': 0, 'delta': 0.0, 'hits': 0.0, 'net': 0.0}, {'n': 1, 'delta': 2.04045200505837, 'hits': 0.0, 'net': 2.04045200505837}, {'n': 2, 'delta': 10.368518929289507, 'hits': 4.0, 'net': 6.3685189292895075}]
08:56:56 INFO    fpl_expert.optimise.transfers | bench-aware rescoring: [{'n': 0, 'delta': 0.0, 'hits': 0.0, 'net': 0.0}, {'n': 1, 'delta': 1.1230121329723488, 'hits': 0.0, 'net': 1.1230121329723488}, {'n': 2, 'delta': 9.37946950310095, 'hits': 4.0, 'net': 5.37946950310095}]
08:56:56 INFO    fpl_expert.optimise.transfers | bench-aware rescoring: [{'n': 0, 'delta': 0.0, 'hits': 0.0, 'net': 0.0}, {'n': 1, 'delta': 4.558048350502901, 'hits': 0.0, 'net': 4.558048350502901}, {'n': 2, 'delta': 10.009989763715964, 'hits': 4.0, 'net': 6.009989763715964}]
08:56:57 INFO    fpl_expert.optimise.transfers | bench-aware rescoring: [{'n': 0, 'delta': 0.0, 'hits': 0.0, 'net': 0.0}, {'n': 1, 'delta': 0.06736666405848268, 'hits': 0.0, 'net': 0.06736666405848268}, {'n': 2, 'delta': -0.8510774856407011, 'hits': 4.0, 'net': -4.851077485640701}]
08:56:57 INFO    fpl_expert.optimise.transfers | bench-aware rescoring: [{'n': 0, 'delta': 0.0, 'hits': 0.0, 'net': 0.0}, {'n': 1, 'delta': 6.8270790639640495, 'hits': 0.0, 'net': 6.8270790639640495}, {'n': 2, 'delta': 12.370273867835095, 'hits': 4.0, 'net': 8.370273867835095}]
08:56:58 INFO    fpl_expert.optimise.transfers | bench-aware rescoring: [{'n': 0, 'delta': 0.0, 'hits': 0.0, 'net': 0.0}, {'n': 1, 'delta': 1.8454082817472113, 'hits': 0.0, 'net': 1.8454082817472113}, {'n': 2, 'delta': 6.4836569176777346, 'hits': 4.0, 'net': 2.4836569176777346}]
08:56:58 INFO    fpl_expert.optimise.transfers | bench-aware rescoring: [{'n': 0, 'delta': 0.0, 'hits': 0.0, 'net': 0.0}, {'n': 1, 'delta': 0.9289055254954519, 'hits': 0.0, 'net': 0.9289055254954519}, {'n': 2, 'delta': 4.799820414845385, 'hits': 4.0, 'net': 0.7998204148453851}]
08:56:58 INFO    fpl_expert.backtest.season_sim | GW17: playing bench_boost (expiring in 2 gw, best remaining 11.9)
08:56:58 INFO    fpl_expert.optimise.transfers | bench-aware rescoring: [{'n': 0, 'delta': 0.0, 'hits': 0.0, 'net': 0.0}, {'n': 1, 'delta': 3.086301505329459, 'hits': 0.0, 'net': 3.086301505329459}, {'n': 2, 'delta': 8.772661689089091, 'hits': 4.0, 'net': 4.772661689089091}]
08:56:58 INFO    fpl_expert.backtest.season_sim | GW18: playing triple_captain (expiring in 1 gw, best remaining 8.1)
08:56:59 INFO    fpl_expert.optimise.transfers | bench-aware rescoring: [{'n': 0, 'delta': 0.0, 'hits': 0.0, 'net': 0.0}, {'n': 1, 'delta': 0.4556517293168554, 'hits': 0.0, 'net': 0.4556517293168554}, {'n': 2, 'delta': 0.9485884872751171, 'hits': 4.0, 'net': -3.051411512724883}]
08:56:59 INFO    fpl_expert.optimise.transfers | bench-aware rescoring: [{'n': 0, 'delta': 0.0, 'hits': 0.0, 'net': 0.0}, {'n': 1, 'delta': 6.979483061614985, 'hits': 0.0, 'net': 6.979483061614985}, {'n': 2, 'delta': 14.484477919385768, 'hits': 4.0, 'net': 10.484477919385768}]
08:57:00 INFO    fpl_expert.optimise.transfers | bench-aware rescoring: [{'n': 0, 'delta': 0.0, 'hits': 0.0, 'net': 0.0}, {'n': 1, 'delta': 1.598734379796781, 'hits': 0.0, 'net': 1.598734379796781}, {'n': 2, 'delta': 5.319587968668259, 'hits': 4.0, 'net': 1.3195879686682588}]
08:57:00 INFO    fpl_expert.optimise.transfers | bench-aware rescoring: [{'n': 0, 'delta': 0.0, 'hits': 0.0, 'net': 0.0}, {'n': 1, 'delta': 3.614804418132394, 'hits': 0.0, 'net': 3.614804418132394}, {'n': 2, 'delta': 7.829529153886597, 'hits': 4.0, 'net': 3.8295291538865968}]
08:57:00 INFO    fpl_expert.optimise.transfers | bench-aware rescoring: [{'n': 0, 'delta': 0.0, 'hits': 0.0, 'net': 0.0}, {'n': 1, 'delta': 8.048948158391966, 'hits': 0.0, 'net': 8.048948158391966}, {'n': 2, 'delta': 11.364233232510912, 'hits': 4.0, 'net': 7.364233232510912}]
08:57:01 INFO    fpl_expert.optimise.transfers | bench-aware rescoring: [{'n': 0, 'delta': 0.0, 'hits': 0.0, 'net': 0.0}, {'n': 1, 'delta': 3.0487596886077313, 'hits': 0.0, 'net': 3.0487596886077313}, {'n': 2, 'delta': 8.68885420073832, 'hits': 4.0, 'net': 4.688854200738319}]
08:57:01 INFO    fpl_expert.optimise.transfers | bench-aware rescoring: [{'n': 0, 'delta': 0.0, 'hits': 0.0, 'net': 0.0}, {'n': 1, 'delta': 3.8115484498846968, 'hits': 0.0, 'net': 3.8115484498846968}, {'n': 2, 'delta': 8.226557190728101, 'hits': 4.0, 'net': 4.226557190728101}]
08:57:02 INFO    fpl_expert.optimise.transfers | bench-aware rescoring: [{'n': 0, 'delta': 0.0, 'hits': 0.0, 'net': 0.0}, {'n': 1, 'delta': 5.133616330270627, 'hits': 0.0, 'net': 5.133616330270627}, {'n': 2, 'delta': 10.027331643112007, 'hits': 4.0, 'net': 6.0273316431120065}]
08:57:02 INFO    fpl_expert.optimise.transfers | bench-aware rescoring: [{'n': 0, 'delta': 0.0, 'hits': 0.0, 'net': 0.0}, {'n': 1, 'delta': 0.3853695332852851, 'hits': 0.0, 'net': 0.3853695332852851}, {'n': 2, 'delta': 2.6158904815361836, 'hits': 4.0, 'net': -1.3841095184638164}]
08:57:02 INFO    fpl_expert.optimise.transfers | bench-aware rescoring: [{'n': 0, 'delta': 0.0, 'hits': 0.0, 'net': 0.0}, {'n': 1, 'delta': 5.852429637804988, 'hits': 0.0, 'net': 5.852429637804988}, {'n': 2, 'delta': 10.817492943019346, 'hits': 4.0, 'net': 6.817492943019346}]
08:57:03 INFO    fpl_expert.optimise.transfers | bench-aware rescoring: [{'n': 0, 'delta': 0.0, 'hits': 0.0, 'net': 0.0}, {'n': 1, 'delta': 1.6861810037862597, 'hits': 0.0, 'net': 1.6861810037862597}, {'n': 2, 'delta': 6.351940844539996, 'hits': 4.0, 'net': 2.351940844539996}]
08:57:03 INFO    fpl_expert.optimise.transfers | bench-aware rescoring: [{'n': 0, 'delta': 0.0, 'hits': 0.0, 'net': 0.0}, {'n': 1, 'delta': 7.273373084841552, 'hits': 0.0, 'net': 7.273373084841552}, {'n': 2, 'delta': 17.570345947663583, 'hits': 4.0, 'net': 13.570345947663583}]
08:57:04 INFO    fpl_expert.optimise.transfers | bench-aware rescoring: [{'n': 0, 'delta': 0.0, 'hits': 0.0, 'net': 0.0}, {'n': 1, 'delta': 11.9223938396228, 'hits': 0.0, 'net': 11.9223938396228}, {'n': 2, 'delta': 17.159387063243116, 'hits': 4.0, 'net': 13.159387063243116}]
08:57:04 INFO    fpl_expert.optimise.transfers | bench-aware rescoring: [{'n': 0, 'delta': 0.0, 'hits': 0.0, 'net': 0.0}, {'n': 1, 'delta': 10.876510791459395, 'hits': 0.0, 'net': 10.876510791459395}, {'n': 2, 'delta': 11.769645158399499, 'hits': 4.0, 'net': 7.7696451583994985}]
08:57:04 INFO    fpl_expert.backtest.season_sim | GW32: playing triple_captain (best available (10.0 vs 10.0 remaining))
08:57:04 INFO    fpl_expert.optimise.transfers | bench-aware rescoring: [{'n': 0, 'delta': 0.0, 'hits': 0.0, 'net': 0.0}, {'n': 1, 'delta': 3.434015317986905, 'hits': 0.0, 'net': 3.434015317986905}, {'n': 2, 'delta': 3.869698587630552, 'hits': 4.0, 'net': -0.13030141236944814}]
08:57:04 INFO    fpl_expert.backtest.season_sim | GW33: playing bench_boost (best available (11.8 vs 10.7 remaining))
08:57:05 INFO    fpl_expert.optimise.transfers | bench-aware rescoring: [{'n': 0, 'delta': 0.0, 'hits': 0.0, 'net': 0.0}, {'n': 1, 'delta': 5.372128137697047, 'hits': 0.0, 'net': 5.372128137697047}, {'n': 2, 'delta': 8.195634892457036, 'hits': 4.0, 'net': 4.195634892457036}]
08:57:05 INFO    fpl_expert.optimise.transfers | bench-aware rescoring: [{'n': 0, 'delta': 0.0, 'hits': 0.0, 'net': 0.0}, {'n': 1, 'delta': 6.474892927611904, 'hits': 0.0, 'net': 6.474892927611904}, {'n': 2, 'delta': 10.507975880295021, 'hits': 4.0, 'net': 6.507975880295021}]
08:57:06 INFO    fpl_expert.optimise.transfers | bench-aware rescoring: [{'n': 0, 'delta': 0.0, 'hits': 0.0, 'net': 0.0}, {'n': 1, 'delta': 1.092700580125097, 'hits': 0.0, 'net': 1.092700580125097}, {'n': 2, 'delta': 2.897268701093367, 'hits': 4.0, 'net': -1.1027312989066331}]
08:57:06 INFO    fpl_expert.optimise.transfers | bench-aware rescoring: [{'n': 0, 'delta': 0.0, 'hits': 0.0, 'net': 0.0}, {'n': 1, 'delta': 2.0932838898550727, 'hits': 0.0, 'net': 2.0932838898550727}, {'n': 2, 'delta': 5.480302406916778, 'hits': 4.0, 'net': 1.4803024069167776}]
08:57:06 INFO    fpl_expert.optimise.transfers | bench-aware rescoring: [{'n': 0, 'delta': 0.0, 'hits': 0.0, 'net': 0.0}, {'n': 1, 'delta': 0.47496876866168947, 'hits': 0.0, 'net': 0.47496876866168947}, {'n': 2, 'delta': 1.2937407167186876, 'hits': 4.0, 'net': -2.7062592832813124}]
08:57:06 INFO    fpl_expert.backtest.ensemble | bench_aware path 8: 2236
08:57:08 INFO    fpl_expert.optimise.transfers | bench-aware rescoring: [{'n': 0, 'delta': 0.0, 'hits': 0.0, 'net': 0.0}, {'n': 1, 'delta': 11.277648786780645, 'hits': 0.0, 'net': 11.277648786780645}, {'n': 2, 'delta': 21.456028479499594, 'hits': 4.0, 'net': 17.456028479499594}]
08:57:08 INFO    fpl_expert.optimise.transfers | bench-aware rescoring: [{'n': 0, 'delta': 0.0, 'hits': 0.0, 'net': 0.0}, {'n': 1, 'delta': 8.529761888040383, 'hits': 0.0, 'net': 8.529761888040383}, {'n': 2, 'delta': 18.511468619056757, 'hits': 4.0, 'net': 14.511468619056757}]
08:57:09 INFO    fpl_expert.optimise.transfers | bench-aware rescoring: [{'n': 0, 'delta': 0.0, 'hits': 0.0, 'net': 0.0}, {'n': 1, 'delta': 11.861450136618544, 'hits': 0.0, 'net': 11.861450136618544}, {'n': 2, 'delta': 13.280859239848098, 'hits': 4.0, 'net': 9.280859239848098}]
08:57:09 INFO    fpl_expert.optimise.transfers | bench-aware rescoring: [{'n': 0, 'delta': 0.0, 'hits': 0.0, 'net': 0.0}, {'n': 1, 'delta': 9.298435732227034, 'hits': 0.0, 'net': 9.298435732227034}, {'n': 2, 'delta': 11.589434213909101, 'hits': 4.0, 'net': 7.589434213909101}]
08:57:09 INFO    fpl_expert.optimise.transfers | bench-aware rescoring: [{'n': 0, 'delta': 0.0, 'hits': 0.0, 'net': 0.0}, {'n': 1, 'delta': 2.153122991702446, 'hits': 0.0, 'net': 2.153122991702446}, {'n': 2, 'delta': 19.037824486838105, 'hits': 4.0, 'net': 15.037824486838105}]
08:57:10 INFO    fpl_expert.optimise.transfers | bench-aware rescoring: [{'n': 0, 'delta': 0.0, 'hits': 0.0, 'net': 0.0}, {'n': 1, 'delta': 6.951962636047881, 'hits': 0.0, 'net': 6.951962636047881}, {'n': 2, 'delta': 6.566661714163274, 'hits': 4.0, 'net': 2.566661714163274}]
08:57:10 INFO    fpl_expert.optimise.transfers | bench-aware rescoring: [{'n': 0, 'delta': 0.0, 'hits': 0.0, 'net': 0.0}, {'n': 1, 'delta': 7.736305785015588, 'hits': 0.0, 'net': 7.736305785015588}, {'n': 2, 'delta': 9.385552690881468, 'hits': 4.0, 'net': 5.385552690881468}]
08:57:11 INFO    fpl_expert.optimise.transfers | bench-aware rescoring: [{'n': 0, 'delta': 0.0, 'hits': 0.0, 'net': 0.0}, {'n': 1, 'delta': 0.9675908824575004, 'hits': 0.0, 'net': 0.9675908824575004}, {'n': 2, 'delta': 4.686918690154272, 'hits': 4.0, 'net': 0.6869186901542719}]
08:57:11 INFO    fpl_expert.optimise.transfers | bench-aware rescoring: [{'n': 0, 'delta': 0.0, 'hits': 0.0, 'net': 0.0}, {'n': 1, 'delta': 1.2164423996974278, 'hits': 0.0, 'net': 1.2164423996974278}, {'n': 2, 'delta': 6.450775900796202, 'hits': 4.0, 'net': 2.4507759007962022}]
08:57:12 INFO    fpl_expert.optimise.transfers | bench-aware rescoring: [{'n': 0, 'delta': 0.0, 'hits': 0.0, 'net': 0.0}, {'n': 1, 'delta': 2.181227595638461, 'hits': 0.0, 'net': 2.181227595638461}, {'n': 2, 'delta': 8.542522792983988, 'hits': 4.0, 'net': 4.542522792983988}]
08:57:12 INFO    fpl_expert.optimise.transfers | bench-aware rescoring: [{'n': 0, 'delta': 0.0, 'hits': 0.0, 'net': 0.0}, {'n': 1, 'delta': 10.668272725524531, 'hits': 0.0, 'net': 10.668272725524531}, {'n': 2, 'delta': 13.270461708451023, 'hits': 4.0, 'net': 9.270461708451023}]
08:57:12 INFO    fpl_expert.optimise.transfers | bench-aware rescoring: [{'n': 0, 'delta': 0.0, 'hits': 0.0, 'net': 0.0}, {'n': 1, 'delta': 4.483738185043563, 'hits': 0.0, 'net': 4.483738185043563}, {'n': 2, 'delta': 7.436633093975814, 'hits': 4.0, 'net': 3.4366330939758143}]
08:57:13 INFO    fpl_expert.optimise.transfers | bench-aware rescoring: [{'n': 0, 'delta': 0.0, 'hits': 0.0, 'net': 0.0}, {'n': 1, 'delta': 2.503637176154257, 'hits': 0.0, 'net': 2.503637176154257}, {'n': 2, 'delta': 7.9925271866612775, 'hits': 4.0, 'net': 3.9925271866612775}]
08:57:13 INFO    fpl_expert.backtest.season_sim | GW14: playing bench_boost (best available (11.5 vs 10.7 remaining))
08:57:13 INFO    fpl_expert.optimise.transfers | bench-aware rescoring: [{'n': 0, 'delta': 0.0, 'hits': 0.0, 'net': 0.0}, {'n': 1, 'delta': 9.606094041911518, 'hits': 0.0, 'net': 9.606094041911518}, {'n': 2, 'delta': 16.741610750786123, 'hits': 4.0, 'net': 12.741610750786123}]
08:57:14 INFO    fpl_expert.optimise.transfers | bench-aware rescoring: [{'n': 0, 'delta': 0.0, 'hits': 0.0, 'net': 0.0}, {'n': 1, 'delta': 4.170444621098085, 'hits': 0.0, 'net': 4.170444621098085}, {'n': 2, 'delta': 4.626769051770339, 'hits': 4.0, 'net': 0.6267690517703386}]
08:57:14 INFO    fpl_expert.optimise.transfers | bench-aware rescoring: [{'n': 0, 'delta': 0.0, 'hits': 0.0, 'net': 0.0}, {'n': 1, 'delta': 5.791845857562066, 'hits': 0.0, 'net': 5.791845857562066}, {'n': 2, 'delta': 8.260727412115102, 'hits': 4.0, 'net': 4.260727412115102}]
08:57:14 INFO    fpl_expert.optimise.transfers | bench-aware rescoring: [{'n': 0, 'delta': 0.0, 'hits': 0.0, 'net': 0.0}, {'n': 1, 'delta': 2.742439302983655, 'hits': 0.0, 'net': 2.742439302983655}, {'n': 2, 'delta': 7.418195640860517, 'hits': 4.0, 'net': 3.4181956408605174}]
08:57:14 INFO    fpl_expert.backtest.season_sim | GW18: playing triple_captain (expiring in 1 gw, best remaining 8.2)
08:57:15 INFO    fpl_expert.optimise.transfers | bench-aware rescoring: [{'n': 0, 'delta': 0.0, 'hits': 0.0, 'net': 0.0}, {'n': 1, 'delta': 0.15437282387568985, 'hits': 0.0, 'net': 0.15437282387568985}, {'n': 2, 'delta': 6.9304509294181, 'hits': 4.0, 'net': 2.9304509294181003}]
08:57:15 INFO    fpl_expert.optimise.transfers | bench-aware rescoring: [{'n': 0, 'delta': 0.0, 'hits': 0.0, 'net': 0.0}, {'n': 1, 'delta': 3.4678205523341603, 'hits': 0.0, 'net': 3.4678205523341603}, {'n': 2, 'delta': 3.805419805659369, 'hits': 4.0, 'net': -0.1945801943406309}]
08:57:15 INFO    fpl_expert.optimise.transfers | bench-aware rescoring: [{'n': 0, 'delta': 0.0, 'hits': 0.0, 'net': 0.0}, {'n': 1, 'delta': 3.7235912015136705, 'hits': 0.0, 'net': 3.7235912015136705}, {'n': 2, 'delta': 7.860935978035741, 'hits': 4.0, 'net': 3.860935978035741}]
08:57:16 INFO    fpl_expert.optimise.transfers | bench-aware rescoring: [{'n': 0, 'delta': 0.0, 'hits': 0.0, 'net': 0.0}, {'n': 1, 'delta': 2.2731555544915523, 'hits': 0.0, 'net': 2.2731555544915523}, {'n': 2, 'delta': 6.157093056541555, 'hits': 4.0, 'net': 2.157093056541555}]
08:57:16 INFO    fpl_expert.optimise.transfers | bench-aware rescoring: [{'n': 0, 'delta': 0.0, 'hits': 0.0, 'net': 0.0}, {'n': 1, 'delta': 4.971173799806593, 'hits': 0.0, 'net': 4.971173799806593}, {'n': 2, 'delta': 8.395648740084084, 'hits': 4.0, 'net': 4.395648740084084}]
08:57:17 INFO    fpl_expert.optimise.transfers | bench-aware rescoring: [{'n': 0, 'delta': 0.0, 'hits': 0.0, 'net': 0.0}, {'n': 1, 'delta': 3.2383966052163373, 'hits': 0.0, 'net': 3.2383966052163373}, {'n': 2, 'delta': 7.889584251695624, 'hits': 4.0, 'net': 3.8895842516956236}]
08:57:17 INFO    fpl_expert.optimise.transfers | bench-aware rescoring: [{'n': 0, 'delta': 0.0, 'hits': 0.0, 'net': 0.0}, {'n': 1, 'delta': 4.19034331237674, 'hits': 0.0, 'net': 4.19034331237674}, {'n': 2, 'delta': 9.778456627172034, 'hits': 4.0, 'net': 5.778456627172034}]
08:57:17 INFO    fpl_expert.optimise.transfers | bench-aware rescoring: [{'n': 0, 'delta': 0.0, 'hits': 0.0, 'net': 0.0}, {'n': 1, 'delta': 8.035464014622079, 'hits': 0.0, 'net': 8.035464014622079}, {'n': 2, 'delta': 11.918031939005118, 'hits': 4.0, 'net': 7.918031939005118}]
08:57:18 INFO    fpl_expert.optimise.transfers | bench-aware rescoring: [{'n': 0, 'delta': 0.0, 'hits': 0.0, 'net': 0.0}, {'n': 1, 'delta': 5.510466295145562, 'hits': 0.0, 'net': 5.510466295145562}, {'n': 2, 'delta': 8.855140278692346, 'hits': 4.0, 'net': 4.855140278692346}]
08:57:18 INFO    fpl_expert.optimise.transfers | bench-aware rescoring: [{'n': 0, 'delta': 0.0, 'hits': 0.0, 'net': 0.0}, {'n': 1, 'delta': 2.812351623626995, 'hits': 0.0, 'net': 2.812351623626995}, {'n': 2, 'delta': 8.47026911134077, 'hits': 4.0, 'net': 4.4702691113407695}]
08:57:19 INFO    fpl_expert.optimise.transfers | bench-aware rescoring: [{'n': 0, 'delta': 0.0, 'hits': 0.0, 'net': 0.0}, {'n': 1, 'delta': 4.272768971093143, 'hits': 0.0, 'net': 4.272768971093143}, {'n': 2, 'delta': 6.960994195015928, 'hits': 4.0, 'net': 2.960994195015928}]
08:57:19 INFO    fpl_expert.optimise.transfers | bench-aware rescoring: [{'n': 0, 'delta': 0.0, 'hits': 0.0, 'net': 0.0}, {'n': 1, 'delta': 2.383679958346903, 'hits': 0.0, 'net': 2.383679958346903}, {'n': 2, 'delta': 16.112920813416338, 'hits': 4.0, 'net': 12.112920813416338}]
08:57:20 INFO    fpl_expert.optimise.transfers | bench-aware rescoring: [{'n': 0, 'delta': 0.0, 'hits': 0.0, 'net': 0.0}, {'n': 1, 'delta': 5.447047422842161, 'hits': 0.0, 'net': 5.447047422842161}, {'n': 2, 'delta': 10.355591614127576, 'hits': 4.0, 'net': 6.355591614127576}]
08:57:20 INFO    fpl_expert.optimise.transfers | bench-aware rescoring: [{'n': 0, 'delta': 0.0, 'hits': 0.0, 'net': 0.0}, {'n': 1, 'delta': 7.1956359181454275, 'hits': 0.0, 'net': 7.1956359181454275}, {'n': 2, 'delta': 8.077784179666253, 'hits': 4.0, 'net': 4.077784179666253}]
08:57:20 INFO    fpl_expert.backtest.season_sim | GW32: playing bench_boost (best available (11.6 vs 11.2 remaining))
08:57:20 INFO    fpl_expert.optimise.transfers | bench-aware rescoring: [{'n': 0, 'delta': 0.0, 'hits': 0.0, 'net': 0.0}, {'n': 1, 'delta': 5.892508103190863, 'hits': 0.0, 'net': 5.892508103190863}, {'n': 2, 'delta': 13.181059747815112, 'hits': 4.0, 'net': 9.181059747815112}]
08:57:20 INFO    fpl_expert.backtest.season_sim | GW33: playing triple_captain (best available (9.5 vs 9.2 remaining))
08:57:21 INFO    fpl_expert.optimise.transfers | bench-aware rescoring: [{'n': 0, 'delta': 0.0, 'hits': 0.0, 'net': 0.0}, {'n': 1, 'delta': 2.1740689512581355, 'hits': 0.0, 'net': 2.1740689512581355}, {'n': 2, 'delta': 3.653075067362323, 'hits': 4.0, 'net': -0.3469249326376769}]
08:57:21 INFO    fpl_expert.optimise.transfers | bench-aware rescoring: [{'n': 0, 'delta': 0.0, 'hits': 0.0, 'net': 0.0}, {'n': 1, 'delta': 5.479492550533109, 'hits': 0.0, 'net': 5.479492550533109}, {'n': 2, 'delta': 5.600557788929507, 'hits': 4.0, 'net': 1.6005577889295068}]
08:57:21 INFO    fpl_expert.optimise.transfers | bench-aware rescoring: [{'n': 0, 'delta': 0.0, 'hits': 0.0, 'net': 0.0}, {'n': 1, 'delta': 1.6747749369756946, 'hits': 0.0, 'net': 1.6747749369756946}, {'n': 2, 'delta': 1.2560523069769545, 'hits': 4.0, 'net': -2.7439476930230455}]
08:57:22 INFO    fpl_expert.optimise.transfers | bench-aware rescoring: [{'n': 0, 'delta': 0.0, 'hits': 0.0, 'net': 0.0}, {'n': 1, 'delta': 0.5417903912222641, 'hits': 0.0, 'net': 0.5417903912222641}, {'n': 2, 'delta': 5.19210727650831, 'hits': 4.0, 'net': 1.1921072765083096}]
08:57:22 INFO    fpl_expert.optimise.transfers | bench-aware rescoring: [{'n': 0, 'delta': 0.0, 'hits': 0.0, 'net': 0.0}, {'n': 1, 'delta': 0.02658694291253738, 'hits': 0.0, 'net': 0.02658694291253738}, {'n': 2, 'delta': 1.15414512059575, 'hits': 4.0, 'net': -2.84585487940425}]
08:57:22 INFO    fpl_expert.backtest.ensemble | bench_aware path 9: 2097
  2024-25 bench_aware        mean    2084  sd  97.5
08:57:27 INFO    fpl_expert.backtest.season_sim | GW17: playing triple_captain (expiring in 2 gw, best remaining 6.8)
08:57:27 INFO    fpl_expert.backtest.season_sim | GW18: playing bench_boost (expiring in 1 gw, best remaining 13.3)
08:57:30 INFO    fpl_expert.backtest.season_sim | GW33: playing bench_boost (best available (13.3 vs 13.0 remaining))
08:57:30 INFO    fpl_expert.backtest.season_sim | GW36: playing triple_captain (expiring in 2 gw, best remaining 6.9)
08:57:30 INFO    fpl_expert.backtest.ensemble | horizon path 0: 2060
08:57:34 INFO    fpl_expert.backtest.season_sim | GW17: playing triple_captain (expiring in 2 gw, best remaining 6.8)
08:57:35 INFO    fpl_expert.backtest.season_sim | GW18: playing bench_boost (expiring in 1 gw, best remaining 13.3)
08:57:37 INFO    fpl_expert.backtest.season_sim | GW33: playing bench_boost (best available (13.3 vs 13.0 remaining))
08:57:38 INFO    fpl_expert.backtest.season_sim | GW36: playing triple_captain (expiring in 2 gw, best remaining 6.9)
08:57:38 INFO    fpl_expert.backtest.ensemble | horizon path 1: 2060
08:57:42 INFO    fpl_expert.backtest.season_sim | GW17: playing triple_captain (expiring in 2 gw, best remaining 6.8)
08:57:42 INFO    fpl_expert.backtest.season_sim | GW18: playing bench_boost (expiring in 1 gw, best remaining 13.3)
08:57:45 INFO    fpl_expert.backtest.season_sim | GW33: playing bench_boost (best available (13.3 vs 13.0 remaining))
08:57:45 INFO    fpl_expert.backtest.season_sim | GW36: playing triple_captain (expiring in 2 gw, best remaining 6.9)
08:57:45 INFO    fpl_expert.backtest.ensemble | horizon path 2: 2060
08:57:49 INFO    fpl_expert.backtest.season_sim | GW17: playing triple_captain (expiring in 2 gw, best remaining 6.8)
08:57:50 INFO    fpl_expert.backtest.season_sim | GW18: playing bench_boost (expiring in 1 gw, best remaining 13.3)
08:57:52 INFO    fpl_expert.backtest.season_sim | GW33: playing bench_boost (best available (13.3 vs 13.0 remaining))
08:57:53 INFO    fpl_expert.backtest.season_sim | GW36: playing triple_captain (expiring in 2 gw, best remaining 6.9)
08:57:53 INFO    fpl_expert.backtest.ensemble | horizon path 3: 2058
08:57:57 INFO    fpl_expert.backtest.season_sim | GW17: playing triple_captain (expiring in 2 gw, best remaining 6.8)
08:57:57 INFO    fpl_expert.backtest.season_sim | GW18: playing bench_boost (expiring in 1 gw, best remaining 13.3)
08:58:00 INFO    fpl_expert.backtest.season_sim | GW33: playing bench_boost (best available (13.3 vs 13.0 remaining))
08:58:00 INFO    fpl_expert.backtest.season_sim | GW36: playing triple_captain (expiring in 2 gw, best remaining 6.9)
08:58:01 INFO    fpl_expert.backtest.ensemble | horizon path 4: 2060
08:58:05 INFO    fpl_expert.backtest.season_sim | GW17: playing triple_captain (expiring in 2 gw, best remaining 6.8)
08:58:05 INFO    fpl_expert.backtest.season_sim | GW19: playing bench_boost (final chance before expiry)
08:58:08 INFO    fpl_expert.backtest.season_sim | GW35: playing bench_boost (expiring in 3 gw, best remaining 13.9)
08:58:08 INFO    fpl_expert.backtest.season_sim | GW36: playing triple_captain (expiring in 2 gw, best remaining 6.9)
08:58:09 INFO    fpl_expert.backtest.ensemble | horizon path 5: 2149
08:58:13 INFO    fpl_expert.backtest.season_sim | GW17: playing triple_captain (expiring in 2 gw, best remaining 6.8)
08:58:13 INFO    fpl_expert.backtest.season_sim | GW18: playing bench_boost (expiring in 1 gw, best remaining 13.3)
08:58:15 INFO    fpl_expert.backtest.season_sim | GW33: playing bench_boost (best available (13.3 vs 13.0 remaining))
08:58:16 INFO    fpl_expert.backtest.season_sim | GW36: playing triple_captain (expiring in 2 gw, best remaining 6.9)
08:58:16 INFO    fpl_expert.backtest.ensemble | horizon path 6: 2060
08:58:20 INFO    fpl_expert.backtest.season_sim | GW17: playing triple_captain (expiring in 2 gw, best remaining 6.8)
08:58:20 INFO    fpl_expert.backtest.season_sim | GW18: playing bench_boost (expiring in 1 gw, best remaining 13.3)
08:58:23 INFO    fpl_expert.backtest.season_sim | GW33: playing bench_boost (best available (13.3 vs 13.0 remaining))
08:58:23 INFO    fpl_expert.backtest.season_sim | GW36: playing triple_captain (expiring in 2 gw, best remaining 6.9)
08:58:24 INFO    fpl_expert.backtest.ensemble | horizon path 7: 2060
08:58:28 INFO    fpl_expert.backtest.season_sim | GW17: playing triple_captain (expiring in 2 gw, best remaining 6.8)
08:58:28 INFO    fpl_expert.backtest.season_sim | GW18: playing bench_boost (expiring in 1 gw, best remaining 13.3)
08:58:31 INFO    fpl_expert.backtest.season_sim | GW33: playing bench_boost (best available (13.3 vs 13.0 remaining))
08:58:31 INFO    fpl_expert.backtest.season_sim | GW36: playing triple_captain (expiring in 2 gw, best remaining 6.9)
08:58:31 INFO    fpl_expert.backtest.ensemble | horizon path 8: 2060
08:58:36 INFO    fpl_expert.backtest.season_sim | GW17: playing triple_captain (expiring in 2 gw, best remaining 6.9)
08:58:36 INFO    fpl_expert.backtest.season_sim | GW18: playing bench_boost (expiring in 1 gw, best remaining 13.3)
08:58:38 INFO    fpl_expert.backtest.season_sim | GW33: playing bench_boost (best available (13.3 vs 13.0 remaining))
08:58:39 INFO    fpl_expert.backtest.season_sim | GW36: playing triple_captain (expiring in 2 gw, best remaining 6.9)
08:58:39 INFO    fpl_expert.backtest.ensemble | horizon path 9: 2060
  2025-26 horizon            mean    2069  sd  28.2
08:58:41 INFO    fpl_expert.optimise.transfers | bench-aware rescoring: [{'n': 0, 'delta': 0.0, 'hits': 0.0, 'net': 0.0}, {'n': 1, 'delta': 20.871038346046788, 'hits': 0.0, 'net': 20.871038346046788}, {'n': 2, 'delta': 32.809572436431466, 'hits': 4.0, 'net': 28.809572436431466}]
08:58:41 INFO    fpl_expert.optimise.transfers | bench-aware rescoring: [{'n': 0, 'delta': 0.0, 'hits': 0.0, 'net': 0.0}, {'n': 1, 'delta': 12.527868647331871, 'hits': 0.0, 'net': 12.527868647331871}, {'n': 2, 'delta': 27.33596539421663, 'hits': 4.0, 'net': 23.33596539421663}]
08:58:41 INFO    fpl_expert.optimise.transfers | bench-aware rescoring: [{'n': 0, 'delta': 0.0, 'hits': 0.0, 'net': 0.0}, {'n': 1, 'delta': 16.705365339345974, 'hits': 0.0, 'net': 16.705365339345974}, {'n': 2, 'delta': 22.112886882624252, 'hits': 4.0, 'net': 18.112886882624252}]
08:58:42 INFO    fpl_expert.optimise.transfers | bench-aware rescoring: [{'n': 0, 'delta': 0.0, 'hits': 0.0, 'net': 0.0}, {'n': 1, 'delta': 12.070598327857937, 'hits': 0.0, 'net': 12.070598327857937}, {'n': 2, 'delta': 12.766744465034066, 'hits': 4.0, 'net': 8.766744465034066}]
08:58:42 INFO    fpl_expert.optimise.transfers | bench-aware rescoring: [{'n': 0, 'delta': 0.0, 'hits': 0.0, 'net': 0.0}, {'n': 1, 'delta': 0.5996329298410501, 'hits': 0.0, 'net': 0.5996329298410501}, {'n': 2, 'delta': 3.380475193745667, 'hits': 4.0, 'net': -0.6195248062543328}]
08:58:43 INFO    fpl_expert.optimise.transfers | bench-aware rescoring: [{'n': 0, 'delta': 0.0, 'hits': 0.0, 'net': 0.0}, {'n': 1, 'delta': 6.183008619264285, 'hits': 0.0, 'net': 6.183008619264285}, {'n': 2, 'delta': 5.404105483496068, 'hits': 4.0, 'net': 1.4041054834960676}]
08:58:43 INFO    fpl_expert.optimise.transfers | bench-aware rescoring: [{'n': 0, 'delta': 0.0, 'hits': 0.0, 'net': 0.0}, {'n': 1, 'delta': 4.426849853245642, 'hits': 0.0, 'net': 4.426849853245642}, {'n': 2, 'delta': 5.832253773498195, 'hits': 4.0, 'net': 1.832253773498195}]
08:58:44 INFO    fpl_expert.optimise.transfers | bench-aware rescoring: [{'n': 0, 'delta': 0.0, 'hits': 0.0, 'net': 0.0}, {'n': 1, 'delta': 5.110099390709337, 'hits': 0.0, 'net': 5.110099390709337}, {'n': 2, 'delta': 6.1988263859715005, 'hits': 4.0, 'net': 2.1988263859715005}]
08:58:44 INFO    fpl_expert.optimise.transfers | bench-aware rescoring: [{'n': 0, 'delta': 0.0, 'hits': 0.0, 'net': 0.0}, {'n': 1, 'delta': 4.420984705736629, 'hits': 0.0, 'net': 4.420984705736629}, {'n': 2, 'delta': 5.72038611920172, 'hits': 4.0, 'net': 1.72038611920172}]
08:58:44 INFO    fpl_expert.optimise.transfers | bench-aware rescoring: [{'n': 0, 'delta': 0.0, 'hits': 0.0, 'net': 0.0}, {'n': 1, 'delta': 5.3196370096709416, 'hits': 0.0, 'net': 5.3196370096709416}, {'n': 2, 'delta': 8.129661477550144, 'hits': 4.0, 'net': 4.129661477550144}]
08:58:45 INFO    fpl_expert.optimise.transfers | bench-aware rescoring: [{'n': 0, 'delta': 0.0, 'hits': 0.0, 'net': 0.0}, {'n': 1, 'delta': 4.954883611628929, 'hits': 0.0, 'net': 4.954883611628929}, {'n': 2, 'delta': 8.841456250353616, 'hits': 4.0, 'net': 4.841456250353616}]
08:58:45 INFO    fpl_expert.optimise.transfers | bench-aware rescoring: [{'n': 0, 'delta': 0.0, 'hits': 0.0, 'net': 0.0}, {'n': 1, 'delta': 3.466888287773372, 'hits': 0.0, 'net': 3.466888287773372}, {'n': 2, 'delta': 12.017288981892733, 'hits': 4.0, 'net': 8.017288981892733}]
08:58:46 INFO    fpl_expert.optimise.transfers | bench-aware rescoring: [{'n': 0, 'delta': 0.0, 'hits': 0.0, 'net': 0.0}, {'n': 1, 'delta': 8.014762507613085, 'hits': 0.0, 'net': 8.014762507613085}, {'n': 2, 'delta': 10.499053415762376, 'hits': 4.0, 'net': 6.499053415762376}]
08:58:46 INFO    fpl_expert.optimise.transfers | bench-aware rescoring: [{'n': 0, 'delta': 0.0, 'hits': 0.0, 'net': 0.0}, {'n': 1, 'delta': 5.007476275177424, 'hits': 0.0, 'net': 5.007476275177424}, {'n': 2, 'delta': 7.166075828603454, 'hits': 4.0, 'net': 3.1660758286034536}]
08:58:46 INFO    fpl_expert.optimise.transfers | bench-aware rescoring: [{'n': 0, 'delta': 0.0, 'hits': 0.0, 'net': 0.0}, {'n': 1, 'delta': 1.3945122947889956, 'hits': 0.0, 'net': 1.3945122947889956}, {'n': 2, 'delta': 6.203265110198913, 'hits': 4.0, 'net': 2.203265110198913}]
08:58:47 INFO    fpl_expert.optimise.transfers | bench-aware rescoring: [{'n': 0, 'delta': 0.0, 'hits': 0.0, 'net': 0.0}, {'n': 1, 'delta': 1.1329704006497536, 'hits': 0.0, 'net': 1.1329704006497536}, {'n': 2, 'delta': 0.64311816611945, 'hits': 4.0, 'net': -3.35688183388055}]
08:58:47 INFO    fpl_expert.backtest.season_sim | GW17: playing bench_boost (expiring in 2 gw, best remaining 12.2)
08:58:47 INFO    fpl_expert.optimise.transfers | bench-aware rescoring: [{'n': 0, 'delta': 0.0, 'hits': 0.0, 'net': 0.0}, {'n': 1, 'delta': 9.852931992548378, 'hits': 0.0, 'net': 9.852931992548378}, {'n': 2, 'delta': 10.666383403256248, 'hits': 4.0, 'net': 6.666383403256248}]
08:58:47 INFO    fpl_expert.backtest.season_sim | GW18: playing triple_captain (expiring in 1 gw, best remaining 6.8)
08:58:48 INFO    fpl_expert.optimise.transfers | bench-aware rescoring: [{'n': 0, 'delta': 0.0, 'hits': 0.0, 'net': 0.0}, {'n': 1, 'delta': 6.16477181050422, 'hits': 0.0, 'net': 6.16477181050422}, {'n': 2, 'delta': 13.877671129070393, 'hits': 4.0, 'net': 9.877671129070393}]
08:58:48 INFO    fpl_expert.optimise.transfers | bench-aware rescoring: [{'n': 0, 'delta': 0.0, 'hits': 0.0, 'net': 0.0}, {'n': 1, 'delta': 4.259113968737239, 'hits': 0.0, 'net': 4.259113968737239}, {'n': 2, 'delta': 9.835047198020703, 'hits': 4.0, 'net': 5.835047198020703}]
08:58:48 INFO    fpl_expert.optimise.transfers | bench-aware rescoring: [{'n': 0, 'delta': 0.0, 'hits': 0.0, 'net': 0.0}, {'n': 1, 'delta': 7.91298863275307, 'hits': 0.0, 'net': 7.91298863275307}, {'n': 2, 'delta': 7.991424078128546, 'hits': 4.0, 'net': 3.9914240781285457}]
08:58:49 INFO    fpl_expert.optimise.transfers | bench-aware rescoring: [{'n': 0, 'delta': 0.0, 'hits': 0.0, 'net': 0.0}, {'n': 1, 'delta': 2.869642960690328, 'hits': 0.0, 'net': 2.869642960690328}, {'n': 2, 'delta': 11.495058970807577, 'hits': 4.0, 'net': 7.495058970807577}]
08:58:49 INFO    fpl_expert.optimise.transfers | bench-aware rescoring: [{'n': 0, 'delta': 0.0, 'hits': 0.0, 'net': 0.0}, {'n': 1, 'delta': 3.2632637999450083, 'hits': 0.0, 'net': 3.2632637999450083}, {'n': 2, 'delta': 7.738522974937695, 'hits': 4.0, 'net': 3.7385229749376947}]
08:58:50 INFO    fpl_expert.optimise.transfers | bench-aware rescoring: [{'n': 0, 'delta': 0.0, 'hits': 0.0, 'net': 0.0}, {'n': 1, 'delta': 3.608222801197684, 'hits': 0.0, 'net': 3.608222801197684}, {'n': 2, 'delta': 5.436721365742727, 'hits': 4.0, 'net': 1.4367213657427271}]
08:58:50 INFO    fpl_expert.optimise.transfers | bench-aware rescoring: [{'n': 0, 'delta': 0.0, 'hits': 0.0, 'net': 0.0}, {'n': 1, 'delta': 0.11571423821510507, 'hits': 0.0, 'net': 0.11571423821510507}, {'n': 2, 'delta': 0.25151426761149764, 'hits': 4.0, 'net': -3.7484857323885024}]
08:58:51 INFO    fpl_expert.optimise.transfers | bench-aware rescoring: [{'n': 0, 'delta': 0.0, 'hits': 0.0, 'net': 0.0}, {'n': 1, 'delta': 0.012092317939362829, 'hits': 0.0, 'net': 0.012092317939362829}, {'n': 2, 'delta': 0.09445883930322907, 'hits': 4.0, 'net': -3.905541160696771}]
08:58:51 INFO    fpl_expert.optimise.transfers | bench-aware rescoring: [{'n': 0, 'delta': 0.0, 'hits': 0.0, 'net': 0.0}, {'n': 1, 'delta': 0.6344116063635852, 'hits': 0.0, 'net': 0.6344116063635852}, {'n': 2, 'delta': 5.8624811860350405, 'hits': 4.0, 'net': 1.8624811860350405}]
08:58:51 INFO    fpl_expert.optimise.transfers | bench-aware rescoring: [{'n': 0, 'delta': 0.0, 'hits': 0.0, 'net': 0.0}, {'n': 1, 'delta': 1.3361506452732783, 'hits': 0.0, 'net': 1.3361506452732783}, {'n': 2, 'delta': 1.6802538351157352, 'hits': 4.0, 'net': -2.3197461648842648}]
08:58:52 INFO    fpl_expert.optimise.transfers | bench-aware rescoring: [{'n': 0, 'delta': 0.0, 'hits': 0.0, 'net': 0.0}, {'n': 1, 'delta': 0.365213541727627, 'hits': 0.0, 'net': 0.365213541727627}, {'n': 2, 'delta': 0.40656836881873915, 'hits': 4.0, 'net': -3.593431631181261}]
08:58:52 INFO    fpl_expert.optimise.transfers | bench-aware rescoring: [{'n': 0, 'delta': 0.0, 'hits': 0.0, 'net': 0.0}, {'n': 1, 'delta': 2.0370437512726767, 'hits': 0.0, 'net': 2.0370437512726767}, {'n': 2, 'delta': 1.0323481969807915, 'hits': 4.0, 'net': -2.9676518030192085}]
08:58:53 INFO    fpl_expert.optimise.transfers | bench-aware rescoring: [{'n': 0, 'delta': 0.0, 'hits': 0.0, 'net': 0.0}, {'n': 1, 'delta': 2.6449095667557003, 'hits': 0.0, 'net': 2.6449095667557003}, {'n': 2, 'delta': 4.295639784348481, 'hits': 4.0, 'net': 0.2956397843484808}]
08:58:53 INFO    fpl_expert.optimise.transfers | bench-aware rescoring: [{'n': 0, 'delta': 0.0, 'hits': 0.0, 'net': 0.0}, {'n': 1, 'delta': 0.6344195157145123, 'hits': 0.0, 'net': 0.6344195157145123}, {'n': 2, 'delta': 24.714310793135866, 'hits': 4.0, 'net': 20.714310793135866}]
08:58:54 INFO    fpl_expert.optimise.transfers | bench-aware rescoring: [{'n': 0, 'delta': 0.0, 'hits': 0.0, 'net': 0.0}, {'n': 1, 'delta': 0.20140006736096439, 'hits': 0.0, 'net': 0.20140006736096439}, {'n': 2, 'delta': 0.5224886534789732, 'hits': 4.0, 'net': -3.477511346521027}]
08:58:54 INFO    fpl_expert.optimise.transfers | bench-aware rescoring: [{'n': 0, 'delta': 0.0, 'hits': 0.0, 'net': 0.0}, {'n': 1, 'delta': 6.703355433963054, 'hits': 0.0, 'net': 6.703355433963054}, {'n': 2, 'delta': 6.931496593706015, 'hits': 4.0, 'net': 2.931496593706015}]
08:58:54 INFO    fpl_expert.optimise.transfers | bench-aware rescoring: [{'n': 0, 'delta': 0.0, 'hits': 0.0, 'net': 0.0}, {'n': 1, 'delta': 11.067785379935799, 'hits': 0.0, 'net': 11.067785379935799}, {'n': 2, 'delta': 11.411044671501827, 'hits': 4.0, 'net': 7.411044671501827}]
08:58:54 INFO    fpl_expert.backtest.season_sim | GW35: playing bench_boost (expiring in 3 gw, best remaining 13.3)
08:58:55 INFO    fpl_expert.optimise.transfers | bench-aware rescoring: [{'n': 0, 'delta': 0.0, 'hits': 0.0, 'net': 0.0}, {'n': 1, 'delta': 2.7326082269818244, 'hits': 0.0, 'net': 2.7326082269818244}, {'n': 2, 'delta': 4.035244347863539, 'hits': 4.0, 'net': 0.03524434786353936}]
08:58:55 INFO    fpl_expert.backtest.season_sim | GW36: playing triple_captain (expiring in 2 gw, best remaining 6.9)
08:58:55 INFO    fpl_expert.optimise.transfers | bench-aware rescoring: [{'n': 0, 'delta': 0.0, 'hits': 0.0, 'net': 0.0}, {'n': 1, 'delta': 0.72564091973085, 'hits': 0.0, 'net': 0.72564091973085}, {'n': 2, 'delta': 2.9624371380432137, 'hits': 4.0, 'net': -1.0375628619567863}]
08:58:56 INFO    fpl_expert.optimise.transfers | bench-aware rescoring: [{'n': 0, 'delta': 0.0, 'hits': 0.0, 'net': 0.0}, {'n': 1, 'delta': 0.14221151486035666, 'hits': 0.0, 'net': 0.14221151486035666}, {'n': 2, 'delta': 0.5461799644098377, 'hits': 4.0, 'net': -3.4538200355901623}]
08:58:56 INFO    fpl_expert.backtest.ensemble | bench_aware path 0: 2179
08:58:57 INFO    fpl_expert.optimise.transfers | bench-aware rescoring: [{'n': 0, 'delta': 0.0, 'hits': 0.0, 'net': 0.0}, {'n': 1, 'delta': 20.872553084742407, 'hits': 0.0, 'net': 20.872553084742407}, {'n': 2, 'delta': 32.81393574201854, 'hits': 4.0, 'net': 28.813935742018543}]
08:58:57 INFO    fpl_expert.optimise.transfers | bench-aware rescoring: [{'n': 0, 'delta': 0.0, 'hits': 0.0, 'net': 0.0}, {'n': 1, 'delta': 12.540965580481014, 'hits': 0.0, 'net': 12.540965580481014}, {'n': 2, 'delta': 27.326229137886912, 'hits': 4.0, 'net': 23.326229137886912}]
08:58:58 INFO    fpl_expert.optimise.transfers | bench-aware rescoring: [{'n': 0, 'delta': 0.0, 'hits': 0.0, 'net': 0.0}, {'n': 1, 'delta': 16.72702294074068, 'hits': 0.0, 'net': 16.72702294074068}, {'n': 2, 'delta': 22.123577924830414, 'hits': 4.0, 'net': 18.123577924830414}]
08:58:58 INFO    fpl_expert.optimise.transfers | bench-aware rescoring: [{'n': 0, 'delta': 0.0, 'hits': 0.0, 'net': 0.0}, {'n': 1, 'delta': 12.087926240945137, 'hits': 0.0, 'net': 12.087926240945137}, {'n': 2, 'delta': 12.784644913896074, 'hits': 4.0, 'net': 8.784644913896074}]
08:58:59 INFO    fpl_expert.optimise.transfers | bench-aware rescoring: [{'n': 0, 'delta': 0.0, 'hits': 0.0, 'net': 0.0}, {'n': 1, 'delta': 0.5997164790097713, 'hits': 0.0, 'net': 0.5997164790097713}, {'n': 2, 'delta': 3.390493676692927, 'hits': 4.0, 'net': -0.6095063233070732}]
08:58:59 INFO    fpl_expert.optimise.transfers | bench-aware rescoring: [{'n': 0, 'delta': 0.0, 'hits': 0.0, 'net': 0.0}, {'n': 1, 'delta': 6.183761549175188, 'hits': 0.0, 'net': 6.183761549175188}, {'n': 2, 'delta': 5.416036834419515, 'hits': 4.0, 'net': 1.416036834419515}]
08:59:00 INFO    fpl_expert.optimise.transfers | bench-aware rescoring: [{'n': 0, 'delta': 0.0, 'hits': 0.0, 'net': 0.0}, {'n': 1, 'delta': 4.454255127704954, 'hits': 0.0, 'net': 4.454255127704954}, {'n': 2, 'delta': 5.876403454034914, 'hits': 4.0, 'net': 1.8764034540349144}]
08:59:00 INFO    fpl_expert.optimise.transfers | bench-aware rescoring: [{'n': 0, 'delta': 0.0, 'hits': 0.0, 'net': 0.0}, {'n': 1, 'delta': 5.126523981040691, 'hits': 0.0, 'net': 5.126523981040691}, {'n': 2, 'delta': 6.206199239925866, 'hits': 4.0, 'net': 2.2061992399258656}]
08:59:01 INFO    fpl_expert.optimise.transfers | bench-aware rescoring: [{'n': 0, 'delta': 0.0, 'hits': 0.0, 'net': 0.0}, {'n': 1, 'delta': 4.443423466754638, 'hits': 0.0, 'net': 4.443423466754638}, {'n': 2, 'delta': 5.719843589300098, 'hits': 4.0, 'net': 1.7198435893000976}]
08:59:01 INFO    fpl_expert.optimise.transfers | bench-aware rescoring: [{'n': 0, 'delta': 0.0, 'hits': 0.0, 'net': 0.0}, {'n': 1, 'delta': 5.334403508848538, 'hits': 0.0, 'net': 5.334403508848538}, {'n': 2, 'delta': 8.129981443513515, 'hits': 4.0, 'net': 4.129981443513515}]
08:59:01 INFO    fpl_expert.optimise.transfers | bench-aware rescoring: [{'n': 0, 'delta': 0.0, 'hits': 0.0, 'net': 0.0}, {'n': 1, 'delta': 4.950866418871556, 'hits': 0.0, 'net': 4.950866418871556}, {'n': 2, 'delta': 8.813724840073974, 'hits': 4.0, 'net': 4.813724840073974}]
08:59:02 INFO    fpl_expert.optimise.transfers | bench-aware rescoring: [{'n': 0, 'delta': 0.0, 'hits': 0.0, 'net': 0.0}, {'n': 1, 'delta': 3.479633684501806, 'hits': 0.0, 'net': 3.479633684501806}, {'n': 2, 'delta': 11.96938381508454, 'hits': 4.0, 'net': 7.969383815084541}]
08:59:02 INFO    fpl_expert.optimise.transfers | bench-aware rescoring: [{'n': 0, 'delta': 0.0, 'hits': 0.0, 'net': 0.0}, {'n': 1, 'delta': 7.993292194847726, 'hits': 0.0, 'net': 7.993292194847726}, {'n': 2, 'delta': 10.479031314324175, 'hits': 4.0, 'net': 6.479031314324175}]
08:59:03 INFO    fpl_expert.optimise.transfers | bench-aware rescoring: [{'n': 0, 'delta': 0.0, 'hits': 0.0, 'net': 0.0}, {'n': 1, 'delta': 5.006640309545077, 'hits': 0.0, 'net': 5.006640309545077}, {'n': 2, 'delta': 7.164842932689226, 'hits': 4.0, 'net': 3.1648429326892256}]
08:59:03 INFO    fpl_expert.optimise.transfers | bench-aware rescoring: [{'n': 0, 'delta': 0.0, 'hits': 0.0, 'net': 0.0}, {'n': 1, 'delta': 1.3925120510751299, 'hits': 0.0, 'net': 1.3925120510751299}, {'n': 2, 'delta': 6.209324782923318, 'hits': 4.0, 'net': 2.209324782923318}]
08:59:04 INFO    fpl_expert.optimise.transfers | bench-aware rescoring: [{'n': 0, 'delta': 0.0, 'hits': 0.0, 'net': 0.0}, {'n': 1, 'delta': 1.1349315893604057, 'hits': 0.0, 'net': 1.1349315893604057}, {'n': 2, 'delta': 0.6672650467625942, 'hits': 4.0, 'net': -3.3327349532374058}]
08:59:04 INFO    fpl_expert.backtest.season_sim | GW17: playing bench_boost (expiring in 2 gw, best remaining 12.2)
08:59:04 INFO    fpl_expert.optimise.transfers | bench-aware rescoring: [{'n': 0, 'delta': 0.0, 'hits': 0.0, 'net': 0.0}, {'n': 1, 'delta': 9.871080893822864, 'hits': 0.0, 'net': 9.871080893822864}, {'n': 2, 'delta': 10.687943819201791, 'hits': 4.0, 'net': 6.6879438192017915}]
08:59:04 INFO    fpl_expert.backtest.season_sim | GW18: playing triple_captain (expiring in 1 gw, best remaining 6.8)
08:59:04 INFO    fpl_expert.optimise.transfers | bench-aware rescoring: [{'n': 0, 'delta': 0.0, 'hits': 0.0, 'net': 0.0}, {'n': 1, 'delta': 6.156839517139161, 'hits': 0.0, 'net': 6.156839517139161}, {'n': 2, 'delta': 13.900414962995711, 'hits': 4.0, 'net': 9.900414962995711}]
08:59:05 INFO    fpl_expert.optimise.transfers | bench-aware rescoring: [{'n': 0, 'delta': 0.0, 'hits': 0.0, 'net': 0.0}, {'n': 1, 'delta': 4.18891615234142, 'hits': 0.0, 'net': 4.18891615234142}, {'n': 2, 'delta': 9.738583582404118, 'hits': 4.0, 'net': 5.738583582404118}]
08:59:05 INFO    fpl_expert.optimise.transfers | bench-aware rescoring: [{'n': 0, 'delta': 0.0, 'hits': 0.0, 'net': 0.0}, {'n': 1, 'delta': 7.932847789396277, 'hits': 0.0, 'net': 7.932847789396277}, {'n': 2, 'delta': 8.010986001611514, 'hits': 4.0, 'net': 4.0109860016115135}]
08:59:06 INFO    fpl_expert.optimise.transfers | bench-aware rescoring: [{'n': 0, 'delta': 0.0, 'hits': 0.0, 'net': 0.0}, {'n': 1, 'delta': 2.893280807110017, 'hits': 0.0, 'net': 2.893280807110017}, {'n': 2, 'delta': 11.523782385108518, 'hits': 4.0, 'net': 7.523782385108518}]
08:59:06 INFO    fpl_expert.optimise.transfers | bench-aware rescoring: [{'n': 0, 'delta': 0.0, 'hits': 0.0, 'net': 0.0}, {'n': 1, 'delta': 3.25541404308575, 'hits': 0.0, 'net': 3.25541404308575}, {'n': 2, 'delta': 7.7006109031713095, 'hits': 4.0, 'net': 3.7006109031713095}]
08:59:06 INFO    fpl_expert.optimise.transfers | bench-aware rescoring: [{'n': 0, 'delta': 0.0, 'hits': 0.0, 'net': 0.0}, {'n': 1, 'delta': 3.5999915594589424, 'hits': 0.0, 'net': 3.5999915594589424}, {'n': 2, 'delta': 5.423168335936396, 'hits': 4.0, 'net': 1.4231683359363956}]
08:59:07 INFO    fpl_expert.optimise.transfers | bench-aware rescoring: [{'n': 0, 'delta': 0.0, 'hits': 0.0, 'net': 0.0}, {'n': 1, 'delta': 0.115784282687315, 'hits': 0.0, 'net': 0.115784282687315}, {'n': 2, 'delta': 0.25092604674546237, 'hits': 4.0, 'net': -3.7490739532545376}]
08:59:07 INFO    fpl_expert.optimise.transfers | bench-aware rescoring: [{'n': 0, 'delta': 0.0, 'hits': 0.0, 'net': 0.0}, {'n': 1, 'delta': 0.011871535220109308, 'hits': 0.0, 'net': 0.011871535220109308}, {'n': 2, 'delta': 0.09481063806222778, 'hits': 4.0, 'net': -3.905189361937772}]
08:59:08 INFO    fpl_expert.optimise.transfers | bench-aware rescoring: [{'n': 0, 'delta': 0.0, 'hits': 0.0, 'net': 0.0}, {'n': 1, 'delta': 0.6384771264882829, 'hits': 0.0, 'net': 0.6384771264882829}, {'n': 2, 'delta': 5.921992151137005, 'hits': 4.0, 'net': 1.9219921511370046}]
08:59:08 INFO    fpl_expert.optimise.transfers | bench-aware rescoring: [{'n': 0, 'delta': 0.0, 'hits': 0.0, 'net': 0.0}, {'n': 1, 'delta': 1.3362389778386046, 'hits': 0.0, 'net': 1.3362389778386046}, {'n': 2, 'delta': 1.6958398748914476, 'hits': 4.0, 'net': -2.3041601251085524}]
08:59:09 INFO    fpl_expert.optimise.transfers | bench-aware rescoring: [{'n': 0, 'delta': 0.0, 'hits': 0.0, 'net': 0.0}, {'n': 1, 'delta': 0.3650089976111417, 'hits': 0.0, 'net': 0.3650089976111417}, {'n': 2, 'delta': 0.40666906716248263, 'hits': 4.0, 'net': -3.5933309328375174}]
08:59:09 INFO    fpl_expert.optimise.transfers | bench-aware rescoring: [{'n': 0, 'delta': 0.0, 'hits': 0.0, 'net': 0.0}, {'n': 1, 'delta': 1.53955974175895, 'hits': 0.0, 'net': 1.53955974175895}, {'n': 2, 'delta': 1.7643191451332143, 'hits': 4.0, 'net': -2.2356808548667857}]
08:59:10 INFO    fpl_expert.optimise.transfers | bench-aware rescoring: [{'n': 0, 'delta': 0.0, 'hits': 0.0, 'net': 0.0}, {'n': 1, 'delta': 3.9045660467764947, 'hits': 0.0, 'net': 3.9045660467764947}, {'n': 2, 'delta': 7.138411899476466, 'hits': 4.0, 'net': 3.1384118994764663}]
08:59:10 INFO    fpl_expert.optimise.transfers | bench-aware rescoring: [{'n': 0, 'delta': 0.0, 'hits': 0.0, 'net': 0.0}, {'n': 1, 'delta': 7.776792950580955, 'hits': 0.0, 'net': 7.776792950580955}, {'n': 2, 'delta': 25.558363927269454, 'hits': 4.0, 'net': 21.558363927269454}]
08:59:10 INFO    fpl_expert.optimise.transfers | bench-aware rescoring: [{'n': 0, 'delta': 0.0, 'hits': 0.0, 'net': 0.0}, {'n': 1, 'delta': 4.6089399305264465, 'hits': 0.0, 'net': 4.6089399305264465}, {'n': 2, 'delta': 4.914387757518853, 'hits': 4.0, 'net': 0.9143877575188526}]
08:59:11 INFO    fpl_expert.optimise.transfers | bench-aware rescoring: [{'n': 0, 'delta': 0.0, 'hits': 0.0, 'net': 0.0}, {'n': 1, 'delta': 10.45402090148255, 'hits': 0.0, 'net': 10.45402090148255}, {'n': 2, 'delta': 10.95012953816331, 'hits': 4.0, 'net': 6.95012953816331}]
08:59:11 INFO    fpl_expert.optimise.transfers | bench-aware rescoring: [{'n': 0, 'delta': 0.0, 'hits': 0.0, 'net': 0.0}, {'n': 1, 'delta': 1.353204109172907, 'hits': 0.0, 'net': 1.353204109172907}, {'n': 2, 'delta': 2.0917010949984274, 'hits': 4.0, 'net': -1.9082989050015726}]
08:59:12 INFO    fpl_expert.optimise.transfers | bench-aware rescoring: [{'n': 0, 'delta': 0.0, 'hits': 0.0, 'net': 0.0}, {'n': 1, 'delta': 1.3930447979847713, 'hits': 0.0, 'net': 1.3930447979847713}, {'n': 2, 'delta': 4.715624429514435, 'hits': 4.0, 'net': 0.7156244295144347}]
08:59:12 INFO    fpl_expert.backtest.season_sim | GW36: playing bench_boost (expiring in 2 gw, best remaining 13.2)
08:59:12 INFO    fpl_expert.optimise.transfers | bench-aware rescoring: [{'n': 0, 'delta': 0.0, 'hits': 0.0, 'net': 0.0}, {'n': 1, 'delta': 1.7197753125897748, 'hits': 0.0, 'net': 1.7197753125897748}, {'n': 2, 'delta': 4.203466905369808, 'hits': 4.0, 'net': 0.20346690536980816}]
08:59:12 INFO    fpl_expert.backtest.season_sim | GW37: playing triple_captain (expiring in 1 gw, best remaining 4.9)
08:59:12 INFO    fpl_expert.optimise.transfers | bench-aware rescoring: [{'n': 0, 'delta': 0.0, 'hits': 0.0, 'net': 0.0}, {'n': 1, 'delta': 0.38616996446624086, 'hits': 0.0, 'net': 0.38616996446624086}, {'n': 2, 'delta': 1.4248401254182284, 'hits': 4.0, 'net': -2.5751598745817716}]
08:59:12 INFO    fpl_expert.backtest.ensemble | bench_aware path 1: 2137
08:59:14 INFO    fpl_expert.optimise.transfers | bench-aware rescoring: [{'n': 0, 'delta': 0.0, 'hits': 0.0, 'net': 0.0}, {'n': 1, 'delta': 20.908577618130266, 'hits': 0.0, 'net': 20.908577618130266}, {'n': 2, 'delta': 32.85596447012156, 'hits': 4.0, 'net': 28.855964470121563}]
08:59:15 INFO    fpl_expert.optimise.transfers | bench-aware rescoring: [{'n': 0, 'delta': 0.0, 'hits': 0.0, 'net': 0.0}, {'n': 1, 'delta': 12.534251362988812, 'hits': 0.0, 'net': 12.534251362988812}, {'n': 2, 'delta': 27.352196335555476, 'hits': 4.0, 'net': 23.352196335555476}]
08:59:15 INFO    fpl_expert.optimise.transfers | bench-aware rescoring: [{'n': 0, 'delta': 0.0, 'hits': 0.0, 'net': 0.0}, {'n': 1, 'delta': 16.715479014593228, 'hits': 0.0, 'net': 16.715479014593228}, {'n': 2, 'delta': 22.113841319051346, 'hits': 4.0, 'net': 18.113841319051346}]
08:59:15 INFO    fpl_expert.optimise.transfers | bench-aware rescoring: [{'n': 0, 'delta': 0.0, 'hits': 0.0, 'net': 0.0}, {'n': 1, 'delta': 12.040738408984652, 'hits': 0.0, 'net': 12.040738408984652}, {'n': 2, 'delta': 12.737073875540347, 'hits': 4.0, 'net': 8.737073875540347}]
08:59:16 INFO    fpl_expert.optimise.transfers | bench-aware rescoring: [{'n': 0, 'delta': 0.0, 'hits': 0.0, 'net': 0.0}, {'n': 1, 'delta': 0.5990022416206386, 'hits': 0.0, 'net': 0.5990022416206386}, {'n': 2, 'delta': 3.3927035186170826, 'hits': 4.0, 'net': -0.6072964813829174}]
08:59:16 INFO    fpl_expert.optimise.transfers | bench-aware rescoring: [{'n': 0, 'delta': 0.0, 'hits': 0.0, 'net': 0.0}, {'n': 1, 'delta': 6.179857831467984, 'hits': 0.0, 'net': 6.179857831467984}, {'n': 2, 'delta': 5.405135231792883, 'hits': 4.0, 'net': 1.4051352317928831}]
08:59:17 INFO    fpl_expert.optimise.transfers | bench-aware rescoring: [{'n': 0, 'delta': 0.0, 'hits': 0.0, 'net': 0.0}, {'n': 1, 'delta': 4.4029618689836525, 'hits': 0.0, 'net': 4.4029618689836525}, {'n': 2, 'delta': 5.84032660785121, 'hits': 4.0, 'net': 1.8403266078512104}]
08:59:17 INFO    fpl_expert.optimise.transfers | bench-aware rescoring: [{'n': 0, 'delta': 0.0, 'hits': 0.0, 'net': 0.0}, {'n': 1, 'delta': 5.1349781169734, 'hits': 0.0, 'net': 5.1349781169734}, {'n': 2, 'delta': 6.215977639439956, 'hits': 4.0, 'net': 2.2159776394399557}]
08:59:18 INFO    fpl_expert.optimise.transfers | bench-aware rescoring: [{'n': 0, 'delta': 0.0, 'hits': 0.0, 'net': 0.0}, {'n': 1, 'delta': 4.404123561603598, 'hits': 0.0, 'net': 4.404123561603598}, {'n': 2, 'delta': 5.681555102261484, 'hits': 4.0, 'net': 1.681555102261484}]
08:59:18 INFO    fpl_expert.optimise.transfers | bench-aware rescoring: [{'n': 0, 'delta': 0.0, 'hits': 0.0, 'net': 0.0}, {'n': 1, 'delta': 5.355794265805457, 'hits': 0.0, 'net': 5.355794265805457}, {'n': 2, 'delta': 8.152739355341652, 'hits': 4.0, 'net': 4.152739355341652}]
08:59:18 INFO    fpl_expert.optimise.transfers | bench-aware rescoring: [{'n': 0, 'delta': 0.0, 'hits': 0.0, 'net': 0.0}, {'n': 1, 'delta': 4.948115127921824, 'hits': 0.0, 'net': 4.948115127921824}, {'n': 2, 'delta': 8.831103529827175, 'hits': 4.0, 'net': 4.831103529827175}]
08:59:19 INFO    fpl_expert.optimise.transfers | bench-aware rescoring: [{'n': 0, 'delta': 0.0, 'hits': 0.0, 'net': 0.0}, {'n': 1, 'delta': 3.491730974593537, 'hits': 0.0, 'net': 3.491730974593537}, {'n': 2, 'delta': 11.99412943885713, 'hits': 4.0, 'net': 7.994129438857129}]
08:59:19 INFO    fpl_expert.optimise.transfers | bench-aware rescoring: [{'n': 0, 'delta': 0.0, 'hits': 0.0, 'net': 0.0}, {'n': 1, 'delta': 7.999922332125095, 'hits': 0.0, 'net': 7.999922332125095}, {'n': 2, 'delta': 10.494013020611334, 'hits': 4.0, 'net': 6.494013020611334}]
08:59:20 INFO    fpl_expert.optimise.transfers | bench-aware rescoring: [{'n': 0, 'delta': 0.0, 'hits': 0.0, 'net': 0.0}, {'n': 1, 'delta': 5.008274146641355, 'hits': 0.0, 'net': 5.008274146641355}, {'n': 2, 'delta': 7.155417227041738, 'hits': 4.0, 'net': 3.155417227041738}]
08:59:20 INFO    fpl_expert.optimise.transfers | bench-aware rescoring: [{'n': 0, 'delta': 0.0, 'hits': 0.0, 'net': 0.0}, {'n': 1, 'delta': 1.3844528726062038, 'hits': 0.0, 'net': 1.3844528726062038}, {'n': 2, 'delta': 6.201960217907072, 'hits': 4.0, 'net': 2.2019602179070716}]
08:59:20 INFO    fpl_expert.optimise.transfers | bench-aware rescoring: [{'n': 0, 'delta': 0.0, 'hits': 0.0, 'net': 0.0}, {'n': 1, 'delta': 1.1498999046566496, 'hits': 0.0, 'net': 1.1498999046566496}, {'n': 2, 'delta': 0.6500068672887096, 'hits': 4.0, 'net': -3.3499931327112904}]
08:59:20 INFO    fpl_expert.backtest.season_sim | GW17: playing bench_boost (expiring in 2 gw, best remaining 12.2)
08:59:21 INFO    fpl_expert.optimise.transfers | bench-aware rescoring: [{'n': 0, 'delta': 0.0, 'hits': 0.0, 'net': 0.0}, {'n': 1, 'delta': 9.862491814794652, 'hits': 0.0, 'net': 9.862491814794652}, {'n': 2, 'delta': 10.672939300108908, 'hits': 4.0, 'net': 6.672939300108908}]
08:59:21 INFO    fpl_expert.backtest.season_sim | GW18: playing triple_captain (expiring in 1 gw, best remaining 6.8)
08:59:21 INFO    fpl_expert.optimise.transfers | bench-aware rescoring: [{'n': 0, 'delta': 0.0, 'hits': 0.0, 'net': 0.0}, {'n': 1, 'delta': 6.177764136949122, 'hits': 0.0, 'net': 6.177764136949122}, {'n': 2, 'delta': 13.882230536014845, 'hits': 4.0, 'net': 9.882230536014845}]
08:59:22 INFO    fpl_expert.optimise.transfers | bench-aware rescoring: [{'n': 0, 'delta': 0.0, 'hits': 0.0, 'net': 0.0}, {'n': 1, 'delta': 4.244662284919599, 'hits': 0.0, 'net': 4.244662284919599}, {'n': 2, 'delta': 9.800968822144085, 'hits': 4.0, 'net': 5.800968822144085}]
08:59:22 INFO    fpl_expert.optimise.transfers | bench-aware rescoring: [{'n': 0, 'delta': 0.0, 'hits': 0.0, 'net': 0.0}, {'n': 1, 'delta': 7.95661038799102, 'hits': 0.0, 'net': 7.95661038799102}, {'n': 2, 'delta': 8.03476662181697, 'hits': 4.0, 'net': 4.034766621816971}]
08:59:22 INFO    fpl_expert.optimise.transfers | bench-aware rescoring: [{'n': 0, 'delta': 0.0, 'hits': 0.0, 'net': 0.0}, {'n': 1, 'delta': 2.870363194074571, 'hits': 0.0, 'net': 2.870363194074571}, {'n': 2, 'delta': 11.488829581846261, 'hits': 4.0, 'net': 7.488829581846261}]
08:59:23 INFO    fpl_expert.optimise.transfers | bench-aware rescoring: [{'n': 0, 'delta': 0.0, 'hits': 0.0, 'net': 0.0}, {'n': 1, 'delta': 3.253386200182632, 'hits': 0.0, 'net': 3.253386200182632}, {'n': 2, 'delta': 7.700072924402633, 'hits': 4.0, 'net': 3.700072924402633}]
08:59:23 INFO    fpl_expert.optimise.transfers | bench-aware rescoring: [{'n': 0, 'delta': 0.0, 'hits': 0.0, 'net': 0.0}, {'n': 1, 'delta': 3.6104733790221246, 'hits': 0.0, 'net': 3.6104733790221246}, {'n': 2, 'delta': 5.428034165881172, 'hits': 4.0, 'net': 1.4280341658811722}]
08:59:24 INFO    fpl_expert.optimise.transfers | bench-aware rescoring: [{'n': 0, 'delta': 0.0, 'hits': 0.0, 'net': 0.0}, {'n': 1, 'delta': 0.11534362928247788, 'hits': 0.0, 'net': 0.11534362928247788}, {'n': 2, 'delta': 0.24976476693689165, 'hits': 4.0, 'net': -3.7502352330631084}]
08:59:24 INFO    fpl_expert.optimise.transfers | bench-aware rescoring: [{'n': 0, 'delta': 0.0, 'hits': 0.0, 'net': 0.0}, {'n': 1, 'delta': 0.011935801452295891, 'hits': 0.0, 'net': 0.011935801452295891}, {'n': 2, 'delta': 0.09377633984661315, 'hits': 4.0, 'net': -3.906223660153387}]
08:59:25 INFO    fpl_expert.optimise.transfers | bench-aware rescoring: [{'n': 0, 'delta': 0.0, 'hits': 0.0, 'net': 0.0}, {'n': 1, 'delta': 0.6360459312152784, 'hits': 0.0, 'net': 0.6360459312152784}, {'n': 2, 'delta': 5.850341672895098, 'hits': 4.0, 'net': 1.850341672895098}]
08:59:25 INFO    fpl_expert.optimise.transfers | bench-aware rescoring: [{'n': 0, 'delta': 0.0, 'hits': 0.0, 'net': 0.0}, {'n': 1, 'delta': 1.342786167625718, 'hits': 0.0, 'net': 1.342786167625718}, {'n': 2, 'delta': 1.6931172788743254, 'hits': 4.0, 'net': -2.3068827211256746}]
08:59:25 INFO    fpl_expert.optimise.transfers | bench-aware rescoring: [{'n': 0, 'delta': 0.0, 'hits': 0.0, 'net': 0.0}, {'n': 1, 'delta': 0.36720693917808944, 'hits': 0.0, 'net': 0.36720693917808944}, {'n': 2, 'delta': 0.4087064965757179, 'hits': 4.0, 'net': -3.591293503424282}]
08:59:26 INFO    fpl_expert.optimise.transfers | bench-aware rescoring: [{'n': 0, 'delta': 0.0, 'hits': 0.0, 'net': 0.0}, {'n': 1, 'delta': 2.0366688440400367, 'hits': 0.0, 'net': 2.0366688440400367}, {'n': 2, 'delta': 1.017761527430963, 'hits': 4.0, 'net': -2.982238472569037}]
08:59:26 INFO    fpl_expert.optimise.transfers | bench-aware rescoring: [{'n': 0, 'delta': 0.0, 'hits': 0.0, 'net': 0.0}, {'n': 1, 'delta': 2.7195982648615313, 'hits': 0.0, 'net': 2.7195982648615313}, {'n': 2, 'delta': 4.359886997435751, 'hits': 4.0, 'net': 0.35988699743575125}]
08:59:27 INFO    fpl_expert.optimise.transfers | bench-aware rescoring: [{'n': 0, 'delta': 0.0, 'hits': 0.0, 'net': 0.0}, {'n': 1, 'delta': 0.6221255071019414, 'hits': 0.0, 'net': 0.6221255071019414}, {'n': 2, 'delta': 24.644224439762183, 'hits': 4.0, 'net': 20.644224439762183}]
08:59:27 INFO    fpl_expert.optimise.transfers | bench-aware rescoring: [{'n': 0, 'delta': 0.0, 'hits': 0.0, 'net': 0.0}, {'n': 1, 'delta': 0.20114688212521514, 'hits': 0.0, 'net': 0.20114688212521514}, {'n': 2, 'delta': 0.5148195631149122, 'hits': 4.0, 'net': -3.485180436885088}]
08:59:27 INFO    fpl_expert.optimise.transfers | bench-aware rescoring: [{'n': 0, 'delta': 0.0, 'hits': 0.0, 'net': 0.0}, {'n': 1, 'delta': 6.710280722004171, 'hits': 0.0, 'net': 6.710280722004171}, {'n': 2, 'delta': 6.948815511659177, 'hits': 4.0, 'net': 2.948815511659177}]
08:59:28 INFO    fpl_expert.optimise.transfers | bench-aware rescoring: [{'n': 0, 'delta': 0.0, 'hits': 0.0, 'net': 0.0}, {'n': 1, 'delta': 11.045288747085777, 'hits': 0.0, 'net': 11.045288747085777}, {'n': 2, 'delta': 11.393822772853895, 'hits': 4.0, 'net': 7.393822772853895}]
08:59:28 INFO    fpl_expert.backtest.season_sim | GW35: playing bench_boost (expiring in 3 gw, best remaining 13.3)
08:59:28 INFO    fpl_expert.optimise.transfers | bench-aware rescoring: [{'n': 0, 'delta': 0.0, 'hits': 0.0, 'net': 0.0}, {'n': 1, 'delta': 2.745122939020348, 'hits': 0.0, 'net': 2.745122939020348}, {'n': 2, 'delta': 4.0593490832144425, 'hits': 4.0, 'net': 0.059349083214442544}]
08:59:28 INFO    fpl_expert.backtest.season_sim | GW36: playing triple_captain (expiring in 2 gw, best remaining 6.9)
08:59:29 INFO    fpl_expert.optimise.transfers | bench-aware rescoring: [{'n': 0, 'delta': 0.0, 'hits': 0.0, 'net': 0.0}, {'n': 1, 'delta': 0.7307317810380454, 'hits': 0.0, 'net': 0.7307317810380454}, {'n': 2, 'delta': 2.9709573458700334, 'hits': 4.0, 'net': -1.0290426541299666}]
08:59:29 INFO    fpl_expert.optimise.transfers | bench-aware rescoring: [{'n': 0, 'delta': 0.0, 'hits': 0.0, 'net': 0.0}, {'n': 1, 'delta': 0.14727118640989545, 'hits': 0.0, 'net': 0.14727118640989545}, {'n': 2, 'delta': 0.5482608605569226, 'hits': 4.0, 'net': -3.4517391394430774}]
08:59:29 INFO    fpl_expert.backtest.ensemble | bench_aware path 2: 2179
08:59:31 INFO    fpl_expert.optimise.transfers | bench-aware rescoring: [{'n': 0, 'delta': 0.0, 'hits': 0.0, 'net': 0.0}, {'n': 1, 'delta': 20.92070846051979, 'hits': 0.0, 'net': 20.92070846051979}, {'n': 2, 'delta': 32.85937311316229, 'hits': 4.0, 'net': 28.85937311316229}]
08:59:31 INFO    fpl_expert.optimise.transfers | bench-aware rescoring: [{'n': 0, 'delta': 0.0, 'hits': 0.0, 'net': 0.0}, {'n': 1, 'delta': 12.541621928789453, 'hits': 0.0, 'net': 12.541621928789453}, {'n': 2, 'delta': 27.35515789676748, 'hits': 4.0, 'net': 23.35515789676748}]
08:59:31 INFO    fpl_expert.optimise.transfers | bench-aware rescoring: [{'n': 0, 'delta': 0.0, 'hits': 0.0, 'net': 0.0}, {'n': 1, 'delta': 16.72843973921252, 'hits': 0.0, 'net': 16.72843973921252}, {'n': 2, 'delta': 22.136700860870093, 'hits': 4.0, 'net': 18.136700860870093}]
08:59:32 INFO    fpl_expert.optimise.transfers | bench-aware rescoring: [{'n': 0, 'delta': 0.0, 'hits': 0.0, 'net': 0.0}, {'n': 1, 'delta': 12.057524466259991, 'hits': 0.0, 'net': 12.057524466259991}, {'n': 2, 'delta': 12.753934416545121, 'hits': 4.0, 'net': 8.753934416545121}]
08:59:32 INFO    fpl_expert.optimise.transfers | bench-aware rescoring: [{'n': 0, 'delta': 0.0, 'hits': 0.0, 'net': 0.0}, {'n': 1, 'delta': 0.5987511703383177, 'hits': 0.0, 'net': 0.5987511703383177}, {'n': 2, 'delta': 3.389617149306588, 'hits': 4.0, 'net': -0.6103828506934121}]
08:59:33 INFO    fpl_expert.optimise.transfers | bench-aware rescoring: [{'n': 0, 'delta': 0.0, 'hits': 0.0, 'net': 0.0}, {'n': 1, 'delta': 6.204527921162537, 'hits': 0.0, 'net': 6.204527921162537}, {'n': 2, 'delta': 5.400597779004414, 'hits': 4.0, 'net': 1.4005977790044142}]
08:59:33 INFO    fpl_expert.optimise.transfers | bench-aware rescoring: [{'n': 0, 'delta': 0.0, 'hits': 0.0, 'net': 0.0}, {'n': 1, 'delta': 4.432045467164414, 'hits': 0.0, 'net': 4.432045467164414}, {'n': 2, 'delta': 5.867146602787329, 'hits': 4.0, 'net': 1.8671466027873294}]
08:59:34 INFO    fpl_expert.optimise.transfers | bench-aware rescoring: [{'n': 0, 'delta': 0.0, 'hits': 0.0, 'net': 0.0}, {'n': 1, 'delta': 5.11043774059803, 'hits': 0.0, 'net': 5.11043774059803}, {'n': 2, 'delta': 6.188796062253658, 'hits': 4.0, 'net': 2.188796062253658}]
08:59:34 INFO    fpl_expert.optimise.transfers | bench-aware rescoring: [{'n': 0, 'delta': 0.0, 'hits': 0.0, 'net': 0.0}, {'n': 1, 'delta': 4.409006803393538, 'hits': 0.0, 'net': 4.409006803393538}, {'n': 2, 'delta': 5.689113011621231, 'hits': 4.0, 'net': 1.689113011621231}]
08:59:34 INFO    fpl_expert.optimise.transfers | bench-aware rescoring: [{'n': 0, 'delta': 0.0, 'hits': 0.0, 'net': 0.0}, {'n': 1, 'delta': 5.330464631298071, 'hits': 0.0, 'net': 5.330464631298071}, {'n': 2, 'delta': 8.133760752450883, 'hits': 4.0, 'net': 4.133760752450883}]
08:59:35 INFO    fpl_expert.optimise.transfers | bench-aware rescoring: [{'n': 0, 'delta': 0.0, 'hits': 0.0, 'net': 0.0}, {'n': 1, 'delta': 4.9506081966877105, 'hits': 0.0, 'net': 4.9506081966877105}, {'n': 2, 'delta': 8.792184124309841, 'hits': 4.0, 'net': 4.792184124309841}]
08:59:35 INFO    fpl_expert.optimise.transfers | bench-aware rescoring: [{'n': 0, 'delta': 0.0, 'hits': 0.0, 'net': 0.0}, {'n': 1, 'delta': 3.45860845260853, 'hits': 0.0, 'net': 3.45860845260853}, {'n': 2, 'delta': 12.000165981592858, 'hits': 4.0, 'net': 8.000165981592858}]
08:59:36 INFO    fpl_expert.optimise.transfers | bench-aware rescoring: [{'n': 0, 'delta': 0.0, 'hits': 0.0, 'net': 0.0}, {'n': 1, 'delta': 7.9959110274036505, 'hits': 0.0, 'net': 7.9959110274036505}, {'n': 2, 'delta': 10.488376377403569, 'hits': 4.0, 'net': 6.4883763774035685}]
08:59:36 INFO    fpl_expert.optimise.transfers | bench-aware rescoring: [{'n': 0, 'delta': 0.0, 'hits': 0.0, 'net': 0.0}, {'n': 1, 'delta': 4.97850530511505, 'hits': 0.0, 'net': 4.97850530511505}, {'n': 2, 'delta': 7.145329293883833, 'hits': 4.0, 'net': 3.145329293883833}]
08:59:37 INFO    fpl_expert.optimise.transfers | bench-aware rescoring: [{'n': 0, 'delta': 0.0, 'hits': 0.0, 'net': 0.0}, {'n': 1, 'delta': 1.3990142317561833, 'hits': 0.0, 'net': 1.3990142317561833}, {'n': 2, 'delta': 6.205980780481184, 'hits': 4.0, 'net': 2.205980780481184}]
08:59:37 INFO    fpl_expert.optimise.transfers | bench-aware rescoring: [{'n': 0, 'delta': 0.0, 'hits': 0.0, 'net': 0.0}, {'n': 1, 'delta': 1.1324668713839685, 'hits': 0.0, 'net': 1.1324668713839685}, {'n': 2, 'delta': 0.6892179756420944, 'hits': 4.0, 'net': -3.3107820243579056}]
08:59:37 INFO    fpl_expert.backtest.season_sim | GW17: playing bench_boost (expiring in 2 gw, best remaining 12.2)
08:59:37 INFO    fpl_expert.optimise.transfers | bench-aware rescoring: [{'n': 0, 'delta': 0.0, 'hits': 0.0, 'net': 0.0}, {'n': 1, 'delta': 9.898335520040007, 'hits': 0.0, 'net': 9.898335520040007}, {'n': 2, 'delta': 10.70693748136597, 'hits': 4.0, 'net': 6.706937481365969}]
08:59:37 INFO    fpl_expert.backtest.season_sim | GW18: playing triple_captain (expiring in 1 gw, best remaining 6.8)
08:59:38 INFO    fpl_expert.optimise.transfers | bench-aware rescoring: [{'n': 0, 'delta': 0.0, 'hits': 0.0, 'net': 0.0}, {'n': 1, 'delta': 6.171698831796874, 'hits': 0.0, 'net': 6.171698831796874}, {'n': 2, 'delta': 13.864778297834476, 'hits': 4.0, 'net': 9.864778297834476}]
08:59:38 INFO    fpl_expert.optimise.transfers | bench-aware rescoring: [{'n': 0, 'delta': 0.0, 'hits': 0.0, 'net': 0.0}, {'n': 1, 'delta': 4.247181413858215, 'hits': 0.0, 'net': 4.247181413858215}, {'n': 2, 'delta': 9.786889761157653, 'hits': 4.0, 'net': 5.786889761157653}]
08:59:38 INFO    fpl_expert.optimise.transfers | bench-aware rescoring: [{'n': 0, 'delta': 0.0, 'hits': 0.0, 'net': 0.0}, {'n': 1, 'delta': 7.9686968322202745, 'hits': 0.0, 'net': 7.9686968322202745}, {'n': 2, 'delta': 8.046788537801945, 'hits': 4.0, 'net': 4.046788537801945}]
08:59:39 INFO    fpl_expert.optimise.transfers | bench-aware rescoring: [{'n': 0, 'delta': 0.0, 'hits': 0.0, 'net': 0.0}, {'n': 1, 'delta': 2.8791620723970084, 'hits': 0.0, 'net': 2.8791620723970084}, {'n': 2, 'delta': 11.471654320749678, 'hits': 4.0, 'net': 7.471654320749678}]
08:59:39 INFO    fpl_expert.optimise.transfers | bench-aware rescoring: [{'n': 0, 'delta': 0.0, 'hits': 0.0, 'net': 0.0}, {'n': 1, 'delta': 3.2360922424435614, 'hits': 0.0, 'net': 3.2360922424435614}, {'n': 2, 'delta': 7.70608858508615, 'hits': 4.0, 'net': 3.7060885850861496}]
08:59:40 INFO    fpl_expert.optimise.transfers | bench-aware rescoring: [{'n': 0, 'delta': 0.0, 'hits': 0.0, 'net': 0.0}, {'n': 1, 'delta': 3.6118395100598946, 'hits': 0.0, 'net': 3.6118395100598946}, {'n': 2, 'delta': 5.421482884015916, 'hits': 4.0, 'net': 1.4214828840159157}]
08:59:40 INFO    fpl_expert.optimise.transfers | bench-aware rescoring: [{'n': 0, 'delta': 0.0, 'hits': 0.0, 'net': 0.0}, {'n': 1, 'delta': 0.11520656262618445, 'hits': 0.0, 'net': 0.11520656262618445}, {'n': 2, 'delta': 0.2492434053829129, 'hits': 4.0, 'net': -3.750756594617087}]
08:59:41 INFO    fpl_expert.optimise.transfers | bench-aware rescoring: [{'n': 0, 'delta': 0.0, 'hits': 0.0, 'net': 0.0}, {'n': 1, 'delta': 0.011864314119662822, 'hits': 0.0, 'net': 0.011864314119662822}, {'n': 2, 'delta': 0.09441285899748664, 'hits': 4.0, 'net': -3.9055871410025134}]
08:59:41 INFO    fpl_expert.optimise.transfers | bench-aware rescoring: [{'n': 0, 'delta': 0.0, 'hits': 0.0, 'net': 0.0}, {'n': 1, 'delta': 0.6384795154523033, 'hits': 0.0, 'net': 0.6384795154523033}, {'n': 2, 'delta': 5.842248658434158, 'hits': 4.0, 'net': 1.8422486584341584}]
08:59:42 INFO    fpl_expert.optimise.transfers | bench-aware rescoring: [{'n': 0, 'delta': 0.0, 'hits': 0.0, 'net': 0.0}, {'n': 1, 'delta': 1.3567254679649636, 'hits': 0.0, 'net': 1.3567254679649636}, {'n': 2, 'delta': 1.7068749742347507, 'hits': 4.0, 'net': -2.2931250257652493}]
08:59:42 INFO    fpl_expert.optimise.transfers | bench-aware rescoring: [{'n': 0, 'delta': 0.0, 'hits': 0.0, 'net': 0.0}, {'n': 1, 'delta': 0.36425548355717297, 'hits': 0.0, 'net': 0.36425548355717297}, {'n': 2, 'delta': 0.40576686931316885, 'hits': 4.0, 'net': -3.594233130686831}]
08:59:43 INFO    fpl_expert.optimise.transfers | bench-aware rescoring: [{'n': 0, 'delta': 0.0, 'hits': 0.0, 'net': 0.0}, {'n': 1, 'delta': 1.5458551997881784, 'hits': 0.0, 'net': 1.5458551997881784}, {'n': 2, 'delta': 1.7751346261256913, 'hits': 4.0, 'net': -2.2248653738743087}]
08:59:43 INFO    fpl_expert.optimise.transfers | bench-aware rescoring: [{'n': 0, 'delta': 0.0, 'hits': 0.0, 'net': 0.0}, {'n': 1, 'delta': 3.9030809422429797, 'hits': 0.0, 'net': 3.9030809422429797}, {'n': 2, 'delta': 7.189979340024109, 'hits': 4.0, 'net': 3.1899793400241094}]
08:59:43 INFO    fpl_expert.optimise.transfers | bench-aware rescoring: [{'n': 0, 'delta': 0.0, 'hits': 0.0, 'net': 0.0}, {'n': 1, 'delta': 7.775569503723631, 'hits': 0.0, 'net': 7.775569503723631}, {'n': 2, 'delta': 25.54465750160358, 'hits': 4.0, 'net': 21.54465750160358}]
08:59:44 INFO    fpl_expert.optimise.transfers | bench-aware rescoring: [{'n': 0, 'delta': 0.0, 'hits': 0.0, 'net': 0.0}, {'n': 1, 'delta': 4.597371747700038, 'hits': 0.0, 'net': 4.597371747700038}, {'n': 2, 'delta': 4.8889534258745755, 'hits': 4.0, 'net': 0.8889534258745755}]
08:59:44 INFO    fpl_expert.optimise.transfers | bench-aware rescoring: [{'n': 0, 'delta': 0.0, 'hits': 0.0, 'net': 0.0}, {'n': 1, 'delta': 10.47032440785361, 'hits': 0.0, 'net': 10.47032440785361}, {'n': 2, 'delta': 10.947406682993176, 'hits': 4.0, 'net': 6.947406682993176}]
08:59:45 INFO    fpl_expert.optimise.transfers | bench-aware rescoring: [{'n': 0, 'delta': 0.0, 'hits': 0.0, 'net': 0.0}, {'n': 1, 'delta': 1.3547231752800144, 'hits': 0.0, 'net': 1.3547231752800144}, {'n': 2, 'delta': 2.0816764301248725, 'hits': 4.0, 'net': -1.9183235698751275}]
08:59:45 INFO    fpl_expert.optimise.transfers | bench-aware rescoring: [{'n': 0, 'delta': 0.0, 'hits': 0.0, 'net': 0.0}, {'n': 1, 'delta': 1.374990375218971, 'hits': 0.0, 'net': 1.374990375218971}, {'n': 2, 'delta': 4.717162466740405, 'hits': 4.0, 'net': 0.7171624667404046}]
08:59:45 INFO    fpl_expert.backtest.season_sim | GW36: playing bench_boost (expiring in 2 gw, best remaining 13.2)
08:59:45 INFO    fpl_expert.optimise.transfers | bench-aware rescoring: [{'n': 0, 'delta': 0.0, 'hits': 0.0, 'net': 0.0}, {'n': 1, 'delta': 1.7138837222421444, 'hits': 0.0, 'net': 1.7138837222421444}, {'n': 2, 'delta': 4.24007947957864, 'hits': 4.0, 'net': 0.24007947957863962}]
08:59:45 INFO    fpl_expert.backtest.season_sim | GW37: playing triple_captain (expiring in 1 gw, best remaining 4.9)
08:59:46 INFO    fpl_expert.optimise.transfers | bench-aware rescoring: [{'n': 0, 'delta': 0.0, 'hits': 0.0, 'net': 0.0}, {'n': 1, 'delta': 0.3753312767446815, 'hits': 0.0, 'net': 0.3753312767446815}, {'n': 2, 'delta': 1.4300543282052232, 'hits': 4.0, 'net': -2.569945671794777}]
08:59:46 INFO    fpl_expert.backtest.ensemble | bench_aware path 3: 2136
08:59:47 INFO    fpl_expert.optimise.transfers | bench-aware rescoring: [{'n': 0, 'delta': 0.0, 'hits': 0.0, 'net': 0.0}, {'n': 1, 'delta': 20.883326658101936, 'hits': 0.0, 'net': 20.883326658101936}, {'n': 2, 'delta': 32.80812031426481, 'hits': 4.0, 'net': 28.808120314264812}]
08:59:48 INFO    fpl_expert.optimise.transfers | bench-aware rescoring: [{'n': 0, 'delta': 0.0, 'hits': 0.0, 'net': 0.0}, {'n': 1, 'delta': 12.540515140527162, 'hits': 0.0, 'net': 12.540515140527162}, {'n': 2, 'delta': 27.326423018462975, 'hits': 4.0, 'net': 23.326423018462975}]
08:59:48 INFO    fpl_expert.optimise.transfers | bench-aware rescoring: [{'n': 0, 'delta': 0.0, 'hits': 0.0, 'net': 0.0}, {'n': 1, 'delta': 16.718085489729617, 'hits': 0.0, 'net': 16.718085489729617}, {'n': 2, 'delta': 22.104480902017485, 'hits': 4.0, 'net': 18.104480902017485}]
08:59:49 INFO    fpl_expert.optimise.transfers | bench-aware rescoring: [{'n': 0, 'delta': 0.0, 'hits': 0.0, 'net': 0.0}, {'n': 1, 'delta': 12.073409533999694, 'hits': 0.0, 'net': 12.073409533999694}, {'n': 2, 'delta': 12.769643656571475, 'hits': 4.0, 'net': 8.769643656571475}]
08:59:49 INFO    fpl_expert.optimise.transfers | bench-aware rescoring: [{'n': 0, 'delta': 0.0, 'hits': 0.0, 'net': 0.0}, {'n': 1, 'delta': 0.5990393018863926, 'hits': 0.0, 'net': 0.5990393018863926}, {'n': 2, 'delta': 3.364963787453405, 'hits': 4.0, 'net': -0.6350362125465949}]
08:59:49 INFO    fpl_expert.optimise.transfers | bench-aware rescoring: [{'n': 0, 'delta': 0.0, 'hits': 0.0, 'net': 0.0}, {'n': 1, 'delta': 6.175180254894343, 'hits': 0.0, 'net': 6.175180254894343}, {'n': 2, 'delta': 5.383295378536928, 'hits': 4.0, 'net': 1.3832953785369284}]
08:59:50 INFO    fpl_expert.optimise.transfers | bench-aware rescoring: [{'n': 0, 'delta': 0.0, 'hits': 0.0, 'net': 0.0}, {'n': 1, 'delta': 4.436399546284747, 'hits': 0.0, 'net': 4.436399546284747}, {'n': 2, 'delta': 5.848428811501975, 'hits': 4.0, 'net': 1.8484288115019751}]
08:59:50 INFO    fpl_expert.optimise.transfers | bench-aware rescoring: [{'n': 0, 'delta': 0.0, 'hits': 0.0, 'net': 0.0}, {'n': 1, 'delta': 5.111513961293213, 'hits': 0.0, 'net': 5.111513961293213}, {'n': 2, 'delta': 6.202284870877776, 'hits': 4.0, 'net': 2.202284870877776}]
08:59:51 INFO    fpl_expert.optimise.transfers | bench-aware rescoring: [{'n': 0, 'delta': 0.0, 'hits': 0.0, 'net': 0.0}, {'n': 1, 'delta': 4.408147328531271, 'hits': 0.0, 'net': 4.408147328531271}, {'n': 2, 'delta': 5.691320906004023, 'hits': 4.0, 'net': 1.691320906004023}]
08:59:51 INFO    fpl_expert.optimise.transfers | bench-aware rescoring: [{'n': 0, 'delta': 0.0, 'hits': 0.0, 'net': 0.0}, {'n': 1, 'delta': 5.322758766090004, 'hits': 0.0, 'net': 5.322758766090004}, {'n': 2, 'delta': 8.121689256072386, 'hits': 4.0, 'net': 4.121689256072386}]
08:59:52 INFO    fpl_expert.optimise.transfers | bench-aware rescoring: [{'n': 0, 'delta': 0.0, 'hits': 0.0, 'net': 0.0}, {'n': 1, 'delta': 4.967306925517391, 'hits': 0.0, 'net': 4.967306925517391}, {'n': 2, 'delta': 8.807979544311678, 'hits': 4.0, 'net': 4.807979544311678}]
08:59:52 INFO    fpl_expert.optimise.transfers | bench-aware rescoring: [{'n': 0, 'delta': 0.0, 'hits': 0.0, 'net': 0.0}, {'n': 1, 'delta': 3.45394846937225, 'hits': 0.0, 'net': 3.45394846937225}, {'n': 2, 'delta': 11.95280878782853, 'hits': 4.0, 'net': 7.9528087878285305}]
08:59:52 INFO    fpl_expert.optimise.transfers | bench-aware rescoring: [{'n': 0, 'delta': 0.0, 'hits': 0.0, 'net': 0.0}, {'n': 1, 'delta': 8.01299423126386, 'hits': 0.0, 'net': 8.01299423126386}, {'n': 2, 'delta': 10.507863853170676, 'hits': 4.0, 'net': 6.507863853170676}]
08:59:53 INFO    fpl_expert.optimise.transfers | bench-aware rescoring: [{'n': 0, 'delta': 0.0, 'hits': 0.0, 'net': 0.0}, {'n': 1, 'delta': 5.000411993760821, 'hits': 0.0, 'net': 5.000411993760821}, {'n': 2, 'delta': 7.15479218603528, 'hits': 4.0, 'net': 3.15479218603528}]
08:59:53 INFO    fpl_expert.optimise.transfers | bench-aware rescoring: [{'n': 0, 'delta': 0.0, 'hits': 0.0, 'net': 0.0}, {'n': 1, 'delta': 1.3966164016481173, 'hits': 0.0, 'net': 1.3966164016481173}, {'n': 2, 'delta': 6.203400077160438, 'hits': 4.0, 'net': 2.2034000771604383}]
08:59:54 INFO    fpl_expert.optimise.transfers | bench-aware rescoring: [{'n': 0, 'delta': 0.0, 'hits': 0.0, 'net': 0.0}, {'n': 1, 'delta': 1.1277496655698087, 'hits': 0.0, 'net': 1.1277496655698087}, {'n': 2, 'delta': 0.6600795396237515, 'hits': 4.0, 'net': -3.3399204603762485}]
08:59:54 INFO    fpl_expert.backtest.season_sim | GW17: playing bench_boost (expiring in 2 gw, best remaining 12.2)
08:59:54 INFO    fpl_expert.optimise.transfers | bench-aware rescoring: [{'n': 0, 'delta': 0.0, 'hits': 0.0, 'net': 0.0}, {'n': 1, 'delta': 9.877506871077259, 'hits': 0.0, 'net': 9.877506871077259}, {'n': 2, 'delta': 10.685545388202371, 'hits': 4.0, 'net': 6.685545388202371}]
08:59:54 INFO    fpl_expert.backtest.season_sim | GW18: playing triple_captain (expiring in 1 gw, best remaining 6.8)
08:59:55 INFO    fpl_expert.optimise.transfers | bench-aware rescoring: [{'n': 0, 'delta': 0.0, 'hits': 0.0, 'net': 0.0}, {'n': 1, 'delta': 6.166936110218785, 'hits': 0.0, 'net': 6.166936110218785}, {'n': 2, 'delta': 13.86941712590334, 'hits': 4.0, 'net': 9.86941712590334}]
08:59:55 INFO    fpl_expert.optimise.transfers | bench-aware rescoring: [{'n': 0, 'delta': 0.0, 'hits': 0.0, 'net': 0.0}, {'n': 1, 'delta': 4.20044252638408, 'hits': 0.0, 'net': 4.20044252638408}, {'n': 2, 'delta': 9.759271609302317, 'hits': 4.0, 'net': 5.759271609302317}]
08:59:55 INFO    fpl_expert.optimise.transfers | bench-aware rescoring: [{'n': 0, 'delta': 0.0, 'hits': 0.0, 'net': 0.0}, {'n': 1, 'delta': 7.963537803652912, 'hits': 0.0, 'net': 7.963537803652912}, {'n': 2, 'delta': 8.041801211800674, 'hits': 4.0, 'net': 4.041801211800674}]
08:59:56 INFO    fpl_expert.optimise.transfers | bench-aware rescoring: [{'n': 0, 'delta': 0.0, 'hits': 0.0, 'net': 0.0}, {'n': 1, 'delta': 2.8852766733617443, 'hits': 0.0, 'net': 2.8852766733617443}, {'n': 2, 'delta': 11.525002482206304, 'hits': 4.0, 'net': 7.525002482206304}]
08:59:56 INFO    fpl_expert.optimise.transfers | bench-aware rescoring: [{'n': 0, 'delta': 0.0, 'hits': 0.0, 'net': 0.0}, {'n': 1, 'delta': 3.2629613545266807, 'hits': 0.0, 'net': 3.2629613545266807}, {'n': 2, 'delta': 7.750693891673535, 'hits': 4.0, 'net': 3.750693891673535}]
08:59:57 INFO    fpl_expert.optimise.transfers | bench-aware rescoring: [{'n': 0, 'delta': 0.0, 'hits': 0.0, 'net': 0.0}, {'n': 1, 'delta': 3.6285846120155725, 'hits': 0.0, 'net': 3.6285846120155725}, {'n': 2, 'delta': 5.448549912273904, 'hits': 4.0, 'net': 1.4485499122739043}]
08:59:57 INFO    fpl_expert.optimise.transfers | bench-aware rescoring: [{'n': 0, 'delta': 0.0, 'hits': 0.0, 'net': 0.0}, {'n': 1, 'delta': 0.11613055329721078, 'hits': 0.0, 'net': 0.11613055329721078}, {'n': 2, 'delta': 0.2512503881853547, 'hits': 4.0, 'net': -3.7487496118146453}]
08:59:58 INFO    fpl_expert.optimise.transfers | bench-aware rescoring: [{'n': 0, 'delta': 0.0, 'hits': 0.0, 'net': 0.0}, {'n': 1, 'delta': 0.01198386178924693, 'hits': 0.0, 'net': 0.01198386178924693}, {'n': 2, 'delta': 0.0953176108409366, 'hits': 4.0, 'net': -3.9046823891590634}]
08:59:58 INFO    fpl_expert.optimise.transfers | bench-aware rescoring: [{'n': 0, 'delta': 0.0, 'hits': 0.0, 'net': 0.0}, {'n': 1, 'delta': 0.6360508934241693, 'hits': 0.0, 'net': 0.6360508934241693}, {'n': 2, 'delta': 5.889058844316679, 'hits': 4.0, 'net': 1.8890588443166791}]
08:59:59 INFO    fpl_expert.optimise.transfers | bench-aware rescoring: [{'n': 0, 'delta': 0.0, 'hits': 0.0, 'net': 0.0}, {'n': 1, 'delta': 1.3426276347008184, 'hits': 0.0, 'net': 1.3426276347008184}, {'n': 2, 'delta': 1.6895925523126891, 'hits': 4.0, 'net': -2.310407447687311}]
08:59:59 INFO    fpl_expert.optimise.transfers | bench-aware rescoring: [{'n': 0, 'delta': 0.0, 'hits': 0.0, 'net': 0.0}, {'n': 1, 'delta': 0.366779393901993, 'hits': 0.0, 'net': 0.366779393901993}, {'n': 2, 'delta': 0.4082019086279445, 'hits': 4.0, 'net': -3.5917980913720555}]
08:59:59 INFO    fpl_expert.optimise.transfers | bench-aware rescoring: [{'n': 0, 'delta': 0.0, 'hits': 0.0, 'net': 0.0}, {'n': 1, 'delta': 2.037010159034878, 'hits': 0.0, 'net': 2.037010159034878}, {'n': 2, 'delta': 1.0287220168021918, 'hits': 4.0, 'net': -2.9712779831978082}]
09:00:00 INFO    fpl_expert.optimise.transfers | bench-aware rescoring: [{'n': 0, 'delta': 0.0, 'hits': 0.0, 'net': 0.0}, {'n': 1, 'delta': 2.714962499394545, 'hits': 0.0, 'net': 2.714962499394545}, {'n': 2, 'delta': 4.354891380609075, 'hits': 4.0, 'net': 0.3548913806090752}]
09:00:00 INFO    fpl_expert.optimise.transfers | bench-aware rescoring: [{'n': 0, 'delta': 0.0, 'hits': 0.0, 'net': 0.0}, {'n': 1, 'delta': 0.6279043443177557, 'hits': 0.0, 'net': 0.6279043443177557}, {'n': 2, 'delta': 24.630152879628753, 'hits': 4.0, 'net': 20.630152879628753}]
09:00:01 INFO    fpl_expert.optimise.transfers | bench-aware rescoring: [{'n': 0, 'delta': 0.0, 'hits': 0.0, 'net': 0.0}, {'n': 1, 'delta': 0.20098134196115325, 'hits': 0.0, 'net': 0.20098134196115325}, {'n': 2, 'delta': 0.5193985644226018, 'hits': 4.0, 'net': -3.480601435577398}]
09:00:01 INFO    fpl_expert.optimise.transfers | bench-aware rescoring: [{'n': 0, 'delta': 0.0, 'hits': 0.0, 'net': 0.0}, {'n': 1, 'delta': 6.705564538185456, 'hits': 0.0, 'net': 6.705564538185456}, {'n': 2, 'delta': 6.931900797776649, 'hits': 4.0, 'net': 2.931900797776649}]
09:00:02 INFO    fpl_expert.optimise.transfers | bench-aware rescoring: [{'n': 0, 'delta': 0.0, 'hits': 0.0, 'net': 0.0}, {'n': 1, 'delta': 11.042912423382546, 'hits': 0.0, 'net': 11.042912423382546}, {'n': 2, 'delta': 11.389561843542992, 'hits': 4.0, 'net': 7.389561843542992}]
09:00:02 INFO    fpl_expert.backtest.season_sim | GW35: playing bench_boost (expiring in 3 gw, best remaining 13.3)
09:00:02 INFO    fpl_expert.optimise.transfers | bench-aware rescoring: [{'n': 0, 'delta': 0.0, 'hits': 0.0, 'net': 0.0}, {'n': 1, 'delta': 2.734216419862179, 'hits': 0.0, 'net': 2.734216419862179}, {'n': 2, 'delta': 4.048565462849666, 'hits': 4.0, 'net': 0.04856546284966612}]
09:00:02 INFO    fpl_expert.backtest.season_sim | GW36: playing triple_captain (expiring in 2 gw, best remaining 6.9)
09:00:03 INFO    fpl_expert.optimise.transfers | bench-aware rescoring: [{'n': 0, 'delta': 0.0, 'hits': 0.0, 'net': 0.0}, {'n': 1, 'delta': 0.7285600098509946, 'hits': 0.0, 'net': 0.7285600098509946}, {'n': 2, 'delta': 3.0046206888761446, 'hits': 4.0, 'net': -0.9953793111238554}]
09:00:03 INFO    fpl_expert.optimise.transfers | bench-aware rescoring: [{'n': 0, 'delta': 0.0, 'hits': 0.0, 'net': 0.0}, {'n': 1, 'delta': 0.14591158280357064, 'hits': 0.0, 'net': 0.14591158280357064}, {'n': 2, 'delta': 0.5605876337496909, 'hits': 4.0, 'net': -3.439412366250309}]
09:00:03 INFO    fpl_expert.backtest.ensemble | bench_aware path 4: 2180
09:00:05 INFO    fpl_expert.optimise.transfers | bench-aware rescoring: [{'n': 0, 'delta': 0.0, 'hits': 0.0, 'net': 0.0}, {'n': 1, 'delta': 20.906232759668114, 'hits': 0.0, 'net': 20.906232759668114}, {'n': 2, 'delta': 32.83575781661435, 'hits': 4.0, 'net': 28.835757816614347}]
09:00:05 INFO    fpl_expert.optimise.transfers | bench-aware rescoring: [{'n': 0, 'delta': 0.0, 'hits': 0.0, 'net': 0.0}, {'n': 1, 'delta': 12.537686450901504, 'hits': 0.0, 'net': 12.537686450901504}, {'n': 2, 'delta': 27.36210477892854, 'hits': 4.0, 'net': 23.36210477892854}]
09:00:06 INFO    fpl_expert.optimise.transfers | bench-aware rescoring: [{'n': 0, 'delta': 0.0, 'hits': 0.0, 'net': 0.0}, {'n': 1, 'delta': 16.708326486976887, 'hits': 0.0, 'net': 16.708326486976887}, {'n': 2, 'delta': 22.109374397899245, 'hits': 4.0, 'net': 18.109374397899245}]
09:00:06 INFO    fpl_expert.optimise.transfers | bench-aware rescoring: [{'n': 0, 'delta': 0.0, 'hits': 0.0, 'net': 0.0}, {'n': 1, 'delta': 12.058699329318216, 'hits': 0.0, 'net': 12.058699329318216}, {'n': 2, 'delta': 12.755067755318805, 'hits': 4.0, 'net': 8.755067755318805}]
09:00:07 INFO    fpl_expert.optimise.transfers | bench-aware rescoring: [{'n': 0, 'delta': 0.0, 'hits': 0.0, 'net': 0.0}, {'n': 1, 'delta': 0.5989214279996702, 'hits': 0.0, 'net': 0.5989214279996702}, {'n': 2, 'delta': 3.3832257811555166, 'hits': 4.0, 'net': -0.6167742188444834}]
09:00:07 INFO    fpl_expert.optimise.transfers | bench-aware rescoring: [{'n': 0, 'delta': 0.0, 'hits': 0.0, 'net': 0.0}, {'n': 1, 'delta': 6.197928400887577, 'hits': 0.0, 'net': 6.197928400887577}, {'n': 2, 'delta': 5.4021425788837405, 'hits': 4.0, 'net': 1.4021425788837405}]
09:00:08 INFO    fpl_expert.optimise.transfers | bench-aware rescoring: [{'n': 0, 'delta': 0.0, 'hits': 0.0, 'net': 0.0}, {'n': 1, 'delta': 4.443405907661685, 'hits': 0.0, 'net': 4.443405907661685}, {'n': 2, 'delta': 5.875353580852504, 'hits': 4.0, 'net': 1.8753535808525044}]
09:00:08 INFO    fpl_expert.optimise.transfers | bench-aware rescoring: [{'n': 0, 'delta': 0.0, 'hits': 0.0, 'net': 0.0}, {'n': 1, 'delta': 5.1299819101542425, 'hits': 0.0, 'net': 5.1299819101542425}, {'n': 2, 'delta': 6.20320119309082, 'hits': 4.0, 'net': 2.2032011930908197}]
09:00:08 INFO    fpl_expert.optimise.transfers | bench-aware rescoring: [{'n': 0, 'delta': 0.0, 'hits': 0.0, 'net': 0.0}, {'n': 1, 'delta': 4.413423470237461, 'hits': 0.0, 'net': 4.413423470237461}, {'n': 2, 'delta': 5.690323755690059, 'hits': 4.0, 'net': 1.6903237556900592}]
09:00:09 INFO    fpl_expert.optimise.transfers | bench-aware rescoring: [{'n': 0, 'delta': 0.0, 'hits': 0.0, 'net': 0.0}, {'n': 1, 'delta': 5.3215157705148215, 'hits': 0.0, 'net': 5.3215157705148215}, {'n': 2, 'delta': 8.122412564577502, 'hits': 4.0, 'net': 4.122412564577502}]
09:00:09 INFO    fpl_expert.optimise.transfers | bench-aware rescoring: [{'n': 0, 'delta': 0.0, 'hits': 0.0, 'net': 0.0}, {'n': 1, 'delta': 4.961393498383927, 'hits': 0.0, 'net': 4.961393498383927}, {'n': 2, 'delta': 8.777954074945427, 'hits': 4.0, 'net': 4.777954074945427}]
09:00:10 INFO    fpl_expert.optimise.transfers | bench-aware rescoring: [{'n': 0, 'delta': 0.0, 'hits': 0.0, 'net': 0.0}, {'n': 1, 'delta': 3.470237288395623, 'hits': 0.0, 'net': 3.470237288395623}, {'n': 2, 'delta': 11.967591829261664, 'hits': 4.0, 'net': 7.967591829261664}]
09:00:10 INFO    fpl_expert.optimise.transfers | bench-aware rescoring: [{'n': 0, 'delta': 0.0, 'hits': 0.0, 'net': 0.0}, {'n': 1, 'delta': 8.001933598533128, 'hits': 0.0, 'net': 8.001933598533128}, {'n': 2, 'delta': 10.486512876400155, 'hits': 4.0, 'net': 6.486512876400155}]
09:00:11 INFO    fpl_expert.optimise.transfers | bench-aware rescoring: [{'n': 0, 'delta': 0.0, 'hits': 0.0, 'net': 0.0}, {'n': 1, 'delta': 5.01184400724884, 'hits': 0.0, 'net': 5.01184400724884}, {'n': 2, 'delta': 7.165775861849994, 'hits': 4.0, 'net': 3.165775861849994}]
09:00:11 INFO    fpl_expert.optimise.transfers | bench-aware rescoring: [{'n': 0, 'delta': 0.0, 'hits': 0.0, 'net': 0.0}, {'n': 1, 'delta': 1.3868475401482954, 'hits': 0.0, 'net': 1.3868475401482954}, {'n': 2, 'delta': 6.199402788611053, 'hits': 4.0, 'net': 2.199402788611053}]
09:00:11 INFO    fpl_expert.optimise.transfers | bench-aware rescoring: [{'n': 0, 'delta': 0.0, 'hits': 0.0, 'net': 0.0}, {'n': 1, 'delta': 1.1363498346160839, 'hits': 0.0, 'net': 1.1363498346160839}, {'n': 2, 'delta': 0.6473165050454952, 'hits': 4.0, 'net': -3.352683494954505}]
09:00:11 INFO    fpl_expert.backtest.season_sim | GW17: playing bench_boost (expiring in 2 gw, best remaining 12.2)
09:00:12 INFO    fpl_expert.optimise.transfers | bench-aware rescoring: [{'n': 0, 'delta': 0.0, 'hits': 0.0, 'net': 0.0}, {'n': 1, 'delta': 9.871925140044624, 'hits': 0.0, 'net': 9.871925140044624}, {'n': 2, 'delta': 10.685073898347099, 'hits': 4.0, 'net': 6.685073898347099}]
09:00:12 INFO    fpl_expert.backtest.season_sim | GW18: playing triple_captain (expiring in 1 gw, best remaining 6.8)
09:00:12 INFO    fpl_expert.optimise.transfers | bench-aware rescoring: [{'n': 0, 'delta': 0.0, 'hits': 0.0, 'net': 0.0}, {'n': 1, 'delta': 6.1793792849425415, 'hits': 0.0, 'net': 6.1793792849425415}, {'n': 2, 'delta': 13.893109160096998, 'hits': 4.0, 'net': 9.893109160096998}]
09:00:13 INFO    fpl_expert.optimise.transfers | bench-aware rescoring: [{'n': 0, 'delta': 0.0, 'hits': 0.0, 'net': 0.0}, {'n': 1, 'delta': 4.24544457590315, 'hits': 0.0, 'net': 4.24544457590315}, {'n': 2, 'delta': 9.822697054831309, 'hits': 4.0, 'net': 5.822697054831309}]
09:00:13 INFO    fpl_expert.optimise.transfers | bench-aware rescoring: [{'n': 0, 'delta': 0.0, 'hits': 0.0, 'net': 0.0}, {'n': 1, 'delta': 7.943710669617246, 'hits': 0.0, 'net': 7.943710669617246}, {'n': 2, 'delta': 8.021933608831375, 'hits': 4.0, 'net': 4.021933608831375}]
09:00:13 INFO    fpl_expert.optimise.transfers | bench-aware rescoring: [{'n': 0, 'delta': 0.0, 'hits': 0.0, 'net': 0.0}, {'n': 1, 'delta': 2.875147437564351, 'hits': 0.0, 'net': 2.875147437564351}, {'n': 2, 'delta': 11.468196332426743, 'hits': 4.0, 'net': 7.468196332426743}]
09:00:14 INFO    fpl_expert.optimise.transfers | bench-aware rescoring: [{'n': 0, 'delta': 0.0, 'hits': 0.0, 'net': 0.0}, {'n': 1, 'delta': 3.264243957479067, 'hits': 0.0, 'net': 3.264243957479067}, {'n': 2, 'delta': 7.71851805342871, 'hits': 4.0, 'net': 3.71851805342871}]
09:00:14 INFO    fpl_expert.optimise.transfers | bench-aware rescoring: [{'n': 0, 'delta': 0.0, 'hits': 0.0, 'net': 0.0}, {'n': 1, 'delta': 3.6077511303674044, 'hits': 0.0, 'net': 3.6077511303674044}, {'n': 2, 'delta': 5.419644707394127, 'hits': 4.0, 'net': 1.4196447073941272}]
09:00:15 INFO    fpl_expert.optimise.transfers | bench-aware rescoring: [{'n': 0, 'delta': 0.0, 'hits': 0.0, 'net': 0.0}, {'n': 1, 'delta': 0.11568026544750865, 'hits': 0.0, 'net': 0.11568026544750865}, {'n': 2, 'delta': 0.25090597071405796, 'hits': 4.0, 'net': -3.749094029285942}]
09:00:15 INFO    fpl_expert.optimise.transfers | bench-aware rescoring: [{'n': 0, 'delta': 0.0, 'hits': 0.0, 'net': 0.0}, {'n': 1, 'delta': 0.01193390743026157, 'hits': 0.0, 'net': 0.01193390743026157}, {'n': 2, 'delta': 0.0938680136544292, 'hits': 4.0, 'net': -3.906131986345571}]
09:00:16 INFO    fpl_expert.optimise.transfers | bench-aware rescoring: [{'n': 0, 'delta': 0.0, 'hits': 0.0, 'net': 0.0}, {'n': 1, 'delta': 0.6375490308408018, 'hits': 0.0, 'net': 0.6375490308408018}, {'n': 2, 'delta': 5.93227633997941, 'hits': 4.0, 'net': 1.9322763399794098}]
09:00:16 INFO    fpl_expert.optimise.transfers | bench-aware rescoring: [{'n': 0, 'delta': 0.0, 'hits': 0.0, 'net': 0.0}, {'n': 1, 'delta': 1.3596062208285957, 'hits': 0.0, 'net': 1.3596062208285957}, {'n': 2, 'delta': 1.714707873262256, 'hits': 4.0, 'net': -2.285292126737744}]
09:00:17 INFO    fpl_expert.optimise.transfers | bench-aware rescoring: [{'n': 0, 'delta': 0.0, 'hits': 0.0, 'net': 0.0}, {'n': 1, 'delta': 0.36275069027684026, 'hits': 0.0, 'net': 0.36275069027684026}, {'n': 2, 'delta': 0.40418580882257515, 'hits': 4.0, 'net': -3.595814191177425}]
09:00:17 INFO    fpl_expert.optimise.transfers | bench-aware rescoring: [{'n': 0, 'delta': 0.0, 'hits': 0.0, 'net': 0.0}, {'n': 1, 'delta': 1.5345205285441352, 'hits': 0.0, 'net': 1.5345205285441352}, {'n': 2, 'delta': 1.7642391856234667, 'hits': 4.0, 'net': -2.2357608143765333}]
09:00:17 INFO    fpl_expert.optimise.transfers | bench-aware rescoring: [{'n': 0, 'delta': 0.0, 'hits': 0.0, 'net': 0.0}, {'n': 1, 'delta': 3.9111085525245244, 'hits': 0.0, 'net': 3.9111085525245244}, {'n': 2, 'delta': 7.136530633775521, 'hits': 4.0, 'net': 3.1365306337755214}]
09:00:18 INFO    fpl_expert.optimise.transfers | bench-aware rescoring: [{'n': 0, 'delta': 0.0, 'hits': 0.0, 'net': 0.0}, {'n': 1, 'delta': 7.74290320219751, 'hits': 0.0, 'net': 7.74290320219751}, {'n': 2, 'delta': 25.580645140959746, 'hits': 4.0, 'net': 21.580645140959746}]
09:00:18 INFO    fpl_expert.optimise.transfers | bench-aware rescoring: [{'n': 0, 'delta': 0.0, 'hits': 0.0, 'net': 0.0}, {'n': 1, 'delta': 4.637135906188831, 'hits': 0.0, 'net': 4.637135906188831}, {'n': 2, 'delta': 4.928390272231155, 'hits': 4.0, 'net': 0.9283902722311552}]
09:00:19 INFO    fpl_expert.optimise.transfers | bench-aware rescoring: [{'n': 0, 'delta': 0.0, 'hits': 0.0, 'net': 0.0}, {'n': 1, 'delta': 10.46502143084814, 'hits': 0.0, 'net': 10.46502143084814}, {'n': 2, 'delta': 10.983265143029996, 'hits': 4.0, 'net': 6.983265143029996}]
09:00:19 INFO    fpl_expert.optimise.transfers | bench-aware rescoring: [{'n': 0, 'delta': 0.0, 'hits': 0.0, 'net': 0.0}, {'n': 1, 'delta': 1.3447844956373842, 'hits': 0.0, 'net': 1.3447844956373842}, {'n': 2, 'delta': 2.0797773725225, 'hits': 4.0, 'net': -1.9202226274775}]
09:00:19 INFO    fpl_expert.optimise.transfers | bench-aware rescoring: [{'n': 0, 'delta': 0.0, 'hits': 0.0, 'net': 0.0}, {'n': 1, 'delta': 1.3795677294800441, 'hits': 0.0, 'net': 1.3795677294800441}, {'n': 2, 'delta': 4.729416503906663, 'hits': 4.0, 'net': 0.7294165039066627}]
09:00:19 INFO    fpl_expert.backtest.season_sim | GW36: playing bench_boost (expiring in 2 gw, best remaining 13.2)
09:00:20 INFO    fpl_expert.optimise.transfers | bench-aware rescoring: [{'n': 0, 'delta': 0.0, 'hits': 0.0, 'net': 0.0}, {'n': 1, 'delta': 1.7099146381163592, 'hits': 0.0, 'net': 1.7099146381163592}, {'n': 2, 'delta': 4.202478299990673, 'hits': 4.0, 'net': 0.20247829999067335}]
09:00:20 INFO    fpl_expert.backtest.season_sim | GW37: playing triple_captain (expiring in 1 gw, best remaining 4.9)
09:00:20 INFO    fpl_expert.optimise.transfers | bench-aware rescoring: [{'n': 0, 'delta': 0.0, 'hits': 0.0, 'net': 0.0}, {'n': 1, 'delta': 0.37581487948085623, 'hits': 0.0, 'net': 0.37581487948085623}, {'n': 2, 'delta': 1.4249161099448813, 'hits': 4.0, 'net': -2.5750838900551187}]
09:00:20 INFO    fpl_expert.backtest.ensemble | bench_aware path 5: 2137
09:00:22 INFO    fpl_expert.optimise.transfers | bench-aware rescoring: [{'n': 0, 'delta': 0.0, 'hits': 0.0, 'net': 0.0}, {'n': 1, 'delta': 20.847693250820242, 'hits': 0.0, 'net': 20.847693250820242}, {'n': 2, 'delta': 32.78257414414995, 'hits': 4.0, 'net': 28.782574144149947}]
09:00:22 INFO    fpl_expert.optimise.transfers | bench-aware rescoring: [{'n': 0, 'delta': 0.0, 'hits': 0.0, 'net': 0.0}, {'n': 1, 'delta': 12.556458935829141, 'hits': 0.0, 'net': 12.556458935829141}, {'n': 2, 'delta': 27.342632587502806, 'hits': 4.0, 'net': 23.342632587502806}]
09:00:23 INFO    fpl_expert.optimise.transfers | bench-aware rescoring: [{'n': 0, 'delta': 0.0, 'hits': 0.0, 'net': 0.0}, {'n': 1, 'delta': 16.736797083397363, 'hits': 0.0, 'net': 16.736797083397363}, {'n': 2, 'delta': 22.136489841796646, 'hits': 4.0, 'net': 18.136489841796646}]
09:00:23 INFO    fpl_expert.optimise.transfers | bench-aware rescoring: [{'n': 0, 'delta': 0.0, 'hits': 0.0, 'net': 0.0}, {'n': 1, 'delta': 12.059027360218153, 'hits': 0.0, 'net': 12.059027360218153}, {'n': 2, 'delta': 12.756064754386102, 'hits': 4.0, 'net': 8.756064754386102}]
09:00:23 INFO    fpl_expert.optimise.transfers | bench-aware rescoring: [{'n': 0, 'delta': 0.0, 'hits': 0.0, 'net': 0.0}, {'n': 1, 'delta': 0.5990913046107664, 'hits': 0.0, 'net': 0.5990913046107664}, {'n': 2, 'delta': 3.389156991277247, 'hits': 4.0, 'net': -0.6108430087227532}]
09:00:24 INFO    fpl_expert.optimise.transfers | bench-aware rescoring: [{'n': 0, 'delta': 0.0, 'hits': 0.0, 'net': 0.0}, {'n': 1, 'delta': 6.212985405074761, 'hits': 0.0, 'net': 6.212985405074761}, {'n': 2, 'delta': 5.406405227496492, 'hits': 4.0, 'net': 1.4064052274964922}]
09:00:24 INFO    fpl_expert.optimise.transfers | bench-aware rescoring: [{'n': 0, 'delta': 0.0, 'hits': 0.0, 'net': 0.0}, {'n': 1, 'delta': 4.426690654971367, 'hits': 0.0, 'net': 4.426690654971367}, {'n': 2, 'delta': 5.84702500777405, 'hits': 4.0, 'net': 1.8470250077740502}]
09:00:25 INFO    fpl_expert.optimise.transfers | bench-aware rescoring: [{'n': 0, 'delta': 0.0, 'hits': 0.0, 'net': 0.0}, {'n': 1, 'delta': 5.112087054130086, 'hits': 0.0, 'net': 5.112087054130086}, {'n': 2, 'delta': 6.200364944756899, 'hits': 4.0, 'net': 2.200364944756899}]
09:00:25 INFO    fpl_expert.optimise.transfers | bench-aware rescoring: [{'n': 0, 'delta': 0.0, 'hits': 0.0, 'net': 0.0}, {'n': 1, 'delta': 4.4041046882202295, 'hits': 0.0, 'net': 4.4041046882202295}, {'n': 2, 'delta': 5.683425388351452, 'hits': 4.0, 'net': 1.683425388351452}]
09:00:26 INFO    fpl_expert.optimise.transfers | bench-aware rescoring: [{'n': 0, 'delta': 0.0, 'hits': 0.0, 'net': 0.0}, {'n': 1, 'delta': 5.318006845129986, 'hits': 0.0, 'net': 5.318006845129986}, {'n': 2, 'delta': 8.122676096438113, 'hits': 4.0, 'net': 4.122676096438113}]
09:00:26 INFO    fpl_expert.optimise.transfers | bench-aware rescoring: [{'n': 0, 'delta': 0.0, 'hits': 0.0, 'net': 0.0}, {'n': 1, 'delta': 4.947650503567843, 'hits': 0.0, 'net': 4.947650503567843}, {'n': 2, 'delta': 8.80705882063694, 'hits': 4.0, 'net': 4.807058820636939}]
09:00:27 INFO    fpl_expert.optimise.transfers | bench-aware rescoring: [{'n': 0, 'delta': 0.0, 'hits': 0.0, 'net': 0.0}, {'n': 1, 'delta': 3.4541074981991073, 'hits': 0.0, 'net': 3.4541074981991073}, {'n': 2, 'delta': 11.931616591096827, 'hits': 4.0, 'net': 7.931616591096827}]
09:00:27 INFO    fpl_expert.optimise.transfers | bench-aware rescoring: [{'n': 0, 'delta': 0.0, 'hits': 0.0, 'net': 0.0}, {'n': 1, 'delta': 8.015767302777817, 'hits': 0.0, 'net': 8.015767302777817}, {'n': 2, 'delta': 10.51108386788033, 'hits': 4.0, 'net': 6.5110838678803304}]
09:00:28 INFO    fpl_expert.optimise.transfers | bench-aware rescoring: [{'n': 0, 'delta': 0.0, 'hits': 0.0, 'net': 0.0}, {'n': 1, 'delta': 4.992976956938321, 'hits': 0.0, 'net': 4.992976956938321}, {'n': 2, 'delta': 7.159737026006752, 'hits': 4.0, 'net': 3.159737026006752}]
09:00:28 INFO    fpl_expert.optimise.transfers | bench-aware rescoring: [{'n': 0, 'delta': 0.0, 'hits': 0.0, 'net': 0.0}, {'n': 1, 'delta': 1.390262499061663, 'hits': 0.0, 'net': 1.390262499061663}, {'n': 2, 'delta': 6.1995650597016265, 'hits': 4.0, 'net': 2.1995650597016265}]
09:00:29 INFO    fpl_expert.optimise.transfers | bench-aware rescoring: [{'n': 0, 'delta': 0.0, 'hits': 0.0, 'net': 0.0}, {'n': 1, 'delta': 1.1500069209231185, 'hits': 0.0, 'net': 1.1500069209231185}, {'n': 2, 'delta': 0.6774560597023083, 'hits': 4.0, 'net': -3.3225439402976917}]
09:00:29 INFO    fpl_expert.backtest.season_sim | GW17: playing bench_boost (expiring in 2 gw, best remaining 12.2)
09:00:29 INFO    fpl_expert.optimise.transfers | bench-aware rescoring: [{'n': 0, 'delta': 0.0, 'hits': 0.0, 'net': 0.0}, {'n': 1, 'delta': 9.882303018322347, 'hits': 0.0, 'net': 9.882303018322347}, {'n': 2, 'delta': 10.689115308771761, 'hits': 4.0, 'net': 6.689115308771761}]
09:00:29 INFO    fpl_expert.backtest.season_sim | GW18: playing triple_captain (expiring in 1 gw, best remaining 6.8)
09:00:29 INFO    fpl_expert.optimise.transfers | bench-aware rescoring: [{'n': 0, 'delta': 0.0, 'hits': 0.0, 'net': 0.0}, {'n': 1, 'delta': 6.162873239208949, 'hits': 0.0, 'net': 6.162873239208949}, {'n': 2, 'delta': 13.874164846348322, 'hits': 4.0, 'net': 9.874164846348322}]
09:00:30 INFO    fpl_expert.optimise.transfers | bench-aware rescoring: [{'n': 0, 'delta': 0.0, 'hits': 0.0, 'net': 0.0}, {'n': 1, 'delta': 4.234824370648454, 'hits': 0.0, 'net': 4.234824370648454}, {'n': 2, 'delta': 9.790553038298185, 'hits': 4.0, 'net': 5.790553038298185}]
09:00:30 INFO    fpl_expert.optimise.transfers | bench-aware rescoring: [{'n': 0, 'delta': 0.0, 'hits': 0.0, 'net': 0.0}, {'n': 1, 'delta': 7.9747060534049865, 'hits': 0.0, 'net': 7.9747060534049865}, {'n': 2, 'delta': 8.052986167086232, 'hits': 4.0, 'net': 4.052986167086232}]
09:00:31 INFO    fpl_expert.optimise.transfers | bench-aware rescoring: [{'n': 0, 'delta': 0.0, 'hits': 0.0, 'net': 0.0}, {'n': 1, 'delta': 2.879662837609601, 'hits': 0.0, 'net': 2.879662837609601}, {'n': 2, 'delta': 11.53926412512783, 'hits': 4.0, 'net': 7.539264125127829}]
09:00:31 INFO    fpl_expert.optimise.transfers | bench-aware rescoring: [{'n': 0, 'delta': 0.0, 'hits': 0.0, 'net': 0.0}, {'n': 1, 'delta': 3.2439144477325215, 'hits': 0.0, 'net': 3.2439144477325215}, {'n': 2, 'delta': 7.729437035840249, 'hits': 4.0, 'net': 3.729437035840249}]
09:00:32 INFO    fpl_expert.optimise.transfers | bench-aware rescoring: [{'n': 0, 'delta': 0.0, 'hits': 0.0, 'net': 0.0}, {'n': 1, 'delta': 3.5922730073327784, 'hits': 0.0, 'net': 3.5922730073327784}, {'n': 2, 'delta': 5.4135643049181965, 'hits': 4.0, 'net': 1.4135643049181965}]
09:00:32 INFO    fpl_expert.optimise.transfers | bench-aware rescoring: [{'n': 0, 'delta': 0.0, 'hits': 0.0, 'net': 0.0}, {'n': 1, 'delta': 0.11576890981285715, 'hits': 0.0, 'net': 0.11576890981285715}, {'n': 2, 'delta': 0.24988981836048652, 'hits': 4.0, 'net': -3.7501101816395135}]
09:00:32 INFO    fpl_expert.optimise.transfers | bench-aware rescoring: [{'n': 0, 'delta': 0.0, 'hits': 0.0, 'net': 0.0}, {'n': 1, 'delta': 0.011847063077595976, 'hits': 0.0, 'net': 0.011847063077595976}, {'n': 2, 'delta': 0.09463958956266083, 'hits': 4.0, 'net': -3.905360410437339}]
09:00:33 INFO    fpl_expert.optimise.transfers | bench-aware rescoring: [{'n': 0, 'delta': 0.0, 'hits': 0.0, 'net': 0.0}, {'n': 1, 'delta': 0.6467821941514842, 'hits': 0.0, 'net': 0.6467821941514842}, {'n': 2, 'delta': 5.92325322509771, 'hits': 4.0, 'net': 1.9232532250977101}]
09:00:33 INFO    fpl_expert.optimise.transfers | bench-aware rescoring: [{'n': 0, 'delta': 0.0, 'hits': 0.0, 'net': 0.0}, {'n': 1, 'delta': 1.3547319928466948, 'hits': 0.0, 'net': 1.3547319928466948}, {'n': 2, 'delta': 1.71258404220589, 'hits': 4.0, 'net': -2.28741595779411}]
09:00:34 INFO    fpl_expert.optimise.transfers | bench-aware rescoring: [{'n': 0, 'delta': 0.0, 'hits': 0.0, 'net': 0.0}, {'n': 1, 'delta': 0.36681234373699567, 'hits': 0.0, 'net': 0.36681234373699567}, {'n': 2, 'delta': 0.40855864368865014, 'hits': 4.0, 'net': -3.59144135631135}]
09:00:34 INFO    fpl_expert.optimise.transfers | bench-aware rescoring: [{'n': 0, 'delta': 0.0, 'hits': 0.0, 'net': 0.0}, {'n': 1, 'delta': 2.045073894351333, 'hits': 0.0, 'net': 2.045073894351333}, {'n': 2, 'delta': 1.0384990148808129, 'hits': 4.0, 'net': -2.961500985119187}]
09:00:35 INFO    fpl_expert.optimise.transfers | bench-aware rescoring: [{'n': 0, 'delta': 0.0, 'hits': 0.0, 'net': 0.0}, {'n': 1, 'delta': 2.6796464366386203, 'hits': 0.0, 'net': 2.6796464366386203}, {'n': 2, 'delta': 4.342238386880183, 'hits': 4.0, 'net': 0.34223838688018304}]
09:00:35 INFO    fpl_expert.optimise.transfers | bench-aware rescoring: [{'n': 0, 'delta': 0.0, 'hits': 0.0, 'net': 0.0}, {'n': 1, 'delta': 0.6249784932041962, 'hits': 0.0, 'net': 0.6249784932041962}, {'n': 2, 'delta': 24.732507992196503, 'hits': 4.0, 'net': 20.732507992196503}]
09:00:36 INFO    fpl_expert.optimise.transfers | bench-aware rescoring: [{'n': 0, 'delta': 0.0, 'hits': 0.0, 'net': 0.0}, {'n': 1, 'delta': 0.2010522299271429, 'hits': 0.0, 'net': 0.2010522299271429}, {'n': 2, 'delta': 0.5173172474736134, 'hits': 4.0, 'net': -3.4826827525263866}]
09:00:36 INFO    fpl_expert.optimise.transfers | bench-aware rescoring: [{'n': 0, 'delta': 0.0, 'hits': 0.0, 'net': 0.0}, {'n': 1, 'delta': 6.701395405100584, 'hits': 0.0, 'net': 6.701395405100584}, {'n': 2, 'delta': 6.909551747741801, 'hits': 4.0, 'net': 2.9095517477418014}]
09:00:37 INFO    fpl_expert.optimise.transfers | bench-aware rescoring: [{'n': 0, 'delta': 0.0, 'hits': 0.0, 'net': 0.0}, {'n': 1, 'delta': 11.049490348088824, 'hits': 0.0, 'net': 11.049490348088824}, {'n': 2, 'delta': 11.391976112706828, 'hits': 4.0, 'net': 7.391976112706828}]
09:00:37 INFO    fpl_expert.backtest.season_sim | GW35: playing bench_boost (expiring in 3 gw, best remaining 13.3)
09:00:37 INFO    fpl_expert.optimise.transfers | bench-aware rescoring: [{'n': 0, 'delta': 0.0, 'hits': 0.0, 'net': 0.0}, {'n': 1, 'delta': 2.7354268788510865, 'hits': 0.0, 'net': 2.7354268788510865}, {'n': 2, 'delta': 4.06385154829141, 'hits': 4.0, 'net': 0.06385154829141015}]
09:00:37 INFO    fpl_expert.backtest.season_sim | GW36: playing triple_captain (expiring in 2 gw, best remaining 6.9)
09:00:37 INFO    fpl_expert.optimise.transfers | bench-aware rescoring: [{'n': 0, 'delta': 0.0, 'hits': 0.0, 'net': 0.0}, {'n': 1, 'delta': 0.7411128867855297, 'hits': 0.0, 'net': 0.7411128867855297}, {'n': 2, 'delta': 2.9879130549896615, 'hits': 4.0, 'net': -1.0120869450103385}]
09:00:38 INFO    fpl_expert.optimise.transfers | bench-aware rescoring: [{'n': 0, 'delta': 0.0, 'hits': 0.0, 'net': 0.0}, {'n': 1, 'delta': 0.1446267915228887, 'hits': 0.0, 'net': 0.1446267915228887}, {'n': 2, 'delta': 0.542976002309409, 'hits': 4.0, 'net': -3.457023997690591}]
09:00:38 INFO    fpl_expert.backtest.ensemble | bench_aware path 6: 2180
09:00:39 INFO    fpl_expert.optimise.transfers | bench-aware rescoring: [{'n': 0, 'delta': 0.0, 'hits': 0.0, 'net': 0.0}, {'n': 1, 'delta': 20.869510124670427, 'hits': 0.0, 'net': 20.869510124670427}, {'n': 2, 'delta': 32.80086097984005, 'hits': 4.0, 'net': 28.800860979840053}]
09:00:40 INFO    fpl_expert.optimise.transfers | bench-aware rescoring: [{'n': 0, 'delta': 0.0, 'hits': 0.0, 'net': 0.0}, {'n': 1, 'delta': 12.543936650735674, 'hits': 0.0, 'net': 12.543936650735674}, {'n': 2, 'delta': 27.325630389474583, 'hits': 4.0, 'net': 23.325630389474583}]
09:00:40 INFO    fpl_expert.optimise.transfers | bench-aware rescoring: [{'n': 0, 'delta': 0.0, 'hits': 0.0, 'net': 0.0}, {'n': 1, 'delta': 16.71260539571577, 'hits': 0.0, 'net': 16.71260539571577}, {'n': 2, 'delta': 22.112917404984586, 'hits': 4.0, 'net': 18.112917404984586}]
09:00:41 INFO    fpl_expert.optimise.transfers | bench-aware rescoring: [{'n': 0, 'delta': 0.0, 'hits': 0.0, 'net': 0.0}, {'n': 1, 'delta': 12.080908228944025, 'hits': 0.0, 'net': 12.080908228944025}, {'n': 2, 'delta': 12.777537198177328, 'hits': 4.0, 'net': 8.777537198177328}]
09:00:41 INFO    fpl_expert.optimise.transfers | bench-aware rescoring: [{'n': 0, 'delta': 0.0, 'hits': 0.0, 'net': 0.0}, {'n': 1, 'delta': 0.5995426580371657, 'hits': 0.0, 'net': 0.5995426580371657}, {'n': 2, 'delta': 3.3873310482818226, 'hits': 4.0, 'net': -0.6126689517181774}]
09:00:42 INFO    fpl_expert.optimise.transfers | bench-aware rescoring: [{'n': 0, 'delta': 0.0, 'hits': 0.0, 'net': 0.0}, {'n': 1, 'delta': 6.198971751905958, 'hits': 0.0, 'net': 6.198971751905958}, {'n': 2, 'delta': 5.3969101411132385, 'hits': 4.0, 'net': 1.3969101411132385}]
09:00:42 INFO    fpl_expert.optimise.transfers | bench-aware rescoring: [{'n': 0, 'delta': 0.0, 'hits': 0.0, 'net': 0.0}, {'n': 1, 'delta': 4.426806024617832, 'hits': 0.0, 'net': 4.426806024617832}, {'n': 2, 'delta': 5.8654175043057535, 'hits': 4.0, 'net': 1.8654175043057535}]
09:00:43 INFO    fpl_expert.optimise.transfers | bench-aware rescoring: [{'n': 0, 'delta': 0.0, 'hits': 0.0, 'net': 0.0}, {'n': 1, 'delta': 5.125467303440445, 'hits': 0.0, 'net': 5.125467303440445}, {'n': 2, 'delta': 6.213385030303527, 'hits': 4.0, 'net': 2.2133850303035274}]
09:00:43 INFO    fpl_expert.optimise.transfers | bench-aware rescoring: [{'n': 0, 'delta': 0.0, 'hits': 0.0, 'net': 0.0}, {'n': 1, 'delta': 4.392041724596396, 'hits': 0.0, 'net': 4.392041724596396}, {'n': 2, 'delta': 5.674472017541035, 'hits': 4.0, 'net': 1.674472017541035}]
09:00:44 INFO    fpl_expert.optimise.transfers | bench-aware rescoring: [{'n': 0, 'delta': 0.0, 'hits': 0.0, 'net': 0.0}, {'n': 1, 'delta': 5.333919473962595, 'hits': 0.0, 'net': 5.333919473962595}, {'n': 2, 'delta': 8.134060136516439, 'hits': 4.0, 'net': 4.134060136516439}]
09:00:44 INFO    fpl_expert.optimise.transfers | bench-aware rescoring: [{'n': 0, 'delta': 0.0, 'hits': 0.0, 'net': 0.0}, {'n': 1, 'delta': 4.951599229817646, 'hits': 0.0, 'net': 4.951599229817646}, {'n': 2, 'delta': 8.75672127112253, 'hits': 4.0, 'net': 4.7567212711225295}]
09:00:45 INFO    fpl_expert.optimise.transfers | bench-aware rescoring: [{'n': 0, 'delta': 0.0, 'hits': 0.0, 'net': 0.0}, {'n': 1, 'delta': 3.468950040626538, 'hits': 0.0, 'net': 3.468950040626538}, {'n': 2, 'delta': 11.945612857124274, 'hits': 4.0, 'net': 7.945612857124274}]
09:00:45 INFO    fpl_expert.optimise.transfers | bench-aware rescoring: [{'n': 0, 'delta': 0.0, 'hits': 0.0, 'net': 0.0}, {'n': 1, 'delta': 7.9407645730545084, 'hits': 0.0, 'net': 7.9407645730545084}, {'n': 2, 'delta': 8.442753778788045, 'hits': 4.0, 'net': 4.442753778788045}]
09:00:45 INFO    fpl_expert.optimise.transfers | bench-aware rescoring: [{'n': 0, 'delta': 0.0, 'hits': 0.0, 'net': 0.0}, {'n': 1, 'delta': 5.018862805656283, 'hits': 0.0, 'net': 5.018862805656283}, {'n': 2, 'delta': 7.18106755584796, 'hits': 4.0, 'net': 3.18106755584796}]
09:00:46 INFO    fpl_expert.optimise.transfers | bench-aware rescoring: [{'n': 0, 'delta': 0.0, 'hits': 0.0, 'net': 0.0}, {'n': 1, 'delta': 1.3895048793397677, 'hits': 0.0, 'net': 1.3895048793397677}, {'n': 2, 'delta': 6.202180279622496, 'hits': 4.0, 'net': 2.202180279622496}]
09:00:46 INFO    fpl_expert.optimise.transfers | bench-aware rescoring: [{'n': 0, 'delta': 0.0, 'hits': 0.0, 'net': 0.0}, {'n': 1, 'delta': 1.1399436129597689, 'hits': 0.0, 'net': 1.1399436129597689}, {'n': 2, 'delta': 0.6412477508329744, 'hits': 4.0, 'net': -3.3587522491670256}]
09:00:46 INFO    fpl_expert.backtest.season_sim | GW17: playing bench_boost (expiring in 2 gw, best remaining 12.2)
09:00:47 INFO    fpl_expert.optimise.transfers | bench-aware rescoring: [{'n': 0, 'delta': 0.0, 'hits': 0.0, 'net': 0.0}, {'n': 1, 'delta': 9.853630408767259, 'hits': 0.0, 'net': 9.853630408767259}, {'n': 2, 'delta': 10.658033787667051, 'hits': 4.0, 'net': 6.658033787667051}]
09:00:47 INFO    fpl_expert.backtest.season_sim | GW18: playing triple_captain (expiring in 1 gw, best remaining 6.8)
09:00:47 INFO    fpl_expert.optimise.transfers | bench-aware rescoring: [{'n': 0, 'delta': 0.0, 'hits': 0.0, 'net': 0.0}, {'n': 1, 'delta': 6.185931479911176, 'hits': 0.0, 'net': 6.185931479911176}, {'n': 2, 'delta': 13.895724453579533, 'hits': 4.0, 'net': 9.895724453579533}]
09:00:47 INFO    fpl_expert.optimise.transfers | bench-aware rescoring: [{'n': 0, 'delta': 0.0, 'hits': 0.0, 'net': 0.0}, {'n': 1, 'delta': 4.245115193520434, 'hits': 0.0, 'net': 4.245115193520434}, {'n': 2, 'delta': 9.821975283838356, 'hits': 4.0, 'net': 5.821975283838356}]
09:00:48 INFO    fpl_expert.optimise.transfers | bench-aware rescoring: [{'n': 0, 'delta': 0.0, 'hits': 0.0, 'net': 0.0}, {'n': 1, 'delta': 7.9664735772395545, 'hits': 0.0, 'net': 7.9664735772395545}, {'n': 2, 'delta': 8.044574387628558, 'hits': 4.0, 'net': 4.044574387628558}]
09:00:48 INFO    fpl_expert.optimise.transfers | bench-aware rescoring: [{'n': 0, 'delta': 0.0, 'hits': 0.0, 'net': 0.0}, {'n': 1, 'delta': 2.88307836073767, 'hits': 0.0, 'net': 2.88307836073767}, {'n': 2, 'delta': 11.497304800735975, 'hits': 4.0, 'net': 7.497304800735975}]
09:00:49 INFO    fpl_expert.optimise.transfers | bench-aware rescoring: [{'n': 0, 'delta': 0.0, 'hits': 0.0, 'net': 0.0}, {'n': 1, 'delta': 3.2663038025144715, 'hits': 0.0, 'net': 3.2663038025144715}, {'n': 2, 'delta': 7.710381462923067, 'hits': 4.0, 'net': 3.710381462923067}]
09:00:49 INFO    fpl_expert.optimise.transfers | bench-aware rescoring: [{'n': 0, 'delta': 0.0, 'hits': 0.0, 'net': 0.0}, {'n': 1, 'delta': 3.6074016597893603, 'hits': 0.0, 'net': 3.6074016597893603}, {'n': 2, 'delta': 5.412225416394051, 'hits': 4.0, 'net': 1.412225416394051}]
09:00:50 INFO    fpl_expert.optimise.transfers | bench-aware rescoring: [{'n': 0, 'delta': 0.0, 'hits': 0.0, 'net': 0.0}, {'n': 1, 'delta': 0.11591824219382829, 'hits': 0.0, 'net': 0.11591824219382829}, {'n': 2, 'delta': 0.24961218539795027, 'hits': 4.0, 'net': -3.7503878146020497}]
09:00:50 INFO    fpl_expert.optimise.transfers | bench-aware rescoring: [{'n': 0, 'delta': 0.0, 'hits': 0.0, 'net': 0.0}, {'n': 1, 'delta': 0.011862499495521206, 'hits': 0.0, 'net': 0.011862499495521206}, {'n': 2, 'delta': 0.09434073002665855, 'hits': 4.0, 'net': -3.9056592699733415}]
09:00:51 INFO    fpl_expert.optimise.transfers | bench-aware rescoring: [{'n': 0, 'delta': 0.0, 'hits': 0.0, 'net': 0.0}, {'n': 1, 'delta': 0.6414640884318032, 'hits': 0.0, 'net': 0.6414640884318032}, {'n': 2, 'delta': 5.858277808437833, 'hits': 4.0, 'net': 1.8582778084378333}]
09:00:51 INFO    fpl_expert.optimise.transfers | bench-aware rescoring: [{'n': 0, 'delta': 0.0, 'hits': 0.0, 'net': 0.0}, {'n': 1, 'delta': 1.337937685509786, 'hits': 0.0, 'net': 1.337937685509786}, {'n': 2, 'delta': 1.6932257657147147, 'hits': 4.0, 'net': -2.3067742342852853}]
09:00:52 INFO    fpl_expert.optimise.transfers | bench-aware rescoring: [{'n': 0, 'delta': 0.0, 'hits': 0.0, 'net': 0.0}, {'n': 1, 'delta': 0.3668110358512422, 'hits': 0.0, 'net': 0.3668110358512422}, {'n': 2, 'delta': 0.40839178488826633, 'hits': 4.0, 'net': -3.5916082151117337}]
09:00:52 INFO    fpl_expert.optimise.transfers | bench-aware rescoring: [{'n': 0, 'delta': 0.0, 'hits': 0.0, 'net': 0.0}, {'n': 1, 'delta': 2.0459566297602407, 'hits': 0.0, 'net': 2.0459566297602407}, {'n': 2, 'delta': 1.0129171964328236, 'hits': 4.0, 'net': -2.9870828035671764}]
09:00:53 INFO    fpl_expert.optimise.transfers | bench-aware rescoring: [{'n': 0, 'delta': 0.0, 'hits': 0.0, 'net': 0.0}, {'n': 1, 'delta': 2.666222771727007, 'hits': 0.0, 'net': 2.666222771727007}, {'n': 2, 'delta': 4.324541367257041, 'hits': 4.0, 'net': 0.32454136725704075}]
09:00:53 INFO    fpl_expert.optimise.transfers | bench-aware rescoring: [{'n': 0, 'delta': 0.0, 'hits': 0.0, 'net': 0.0}, {'n': 1, 'delta': 0.9981283014997757, 'hits': 0.0, 'net': 0.9981283014997757}, {'n': 2, 'delta': 24.643982715569308, 'hits': 4.0, 'net': 20.643982715569308}]
09:00:54 INFO    fpl_expert.optimise.transfers | bench-aware rescoring: [{'n': 0, 'delta': 0.0, 'hits': 0.0, 'net': 0.0}, {'n': 1, 'delta': 0.20114951295977335, 'hits': 0.0, 'net': 0.20114951295977335}, {'n': 2, 'delta': 0.5197106559180611, 'hits': 4.0, 'net': -3.480289344081939}]
09:00:54 INFO    fpl_expert.optimise.transfers | bench-aware rescoring: [{'n': 0, 'delta': 0.0, 'hits': 0.0, 'net': 0.0}, {'n': 1, 'delta': 6.711904298464447, 'hits': 0.0, 'net': 6.711904298464447}, {'n': 2, 'delta': 6.932030145630932, 'hits': 4.0, 'net': 2.9320301456309323}]
09:00:54 INFO    fpl_expert.optimise.transfers | bench-aware rescoring: [{'n': 0, 'delta': 0.0, 'hits': 0.0, 'net': 0.0}, {'n': 1, 'delta': 11.037054701741624, 'hits': 0.0, 'net': 11.037054701741624}, {'n': 2, 'delta': 11.378048195153184, 'hits': 4.0, 'net': 7.378048195153184}]
09:00:54 INFO    fpl_expert.backtest.season_sim | GW35: playing bench_boost (expiring in 3 gw, best remaining 13.3)
09:00:55 INFO    fpl_expert.optimise.transfers | bench-aware rescoring: [{'n': 0, 'delta': 0.0, 'hits': 0.0, 'net': 0.0}, {'n': 1, 'delta': 2.746532207873372, 'hits': 0.0, 'net': 2.746532207873372}, {'n': 2, 'delta': 4.064338495762797, 'hits': 4.0, 'net': 0.06433849576279727}]
09:00:55 INFO    fpl_expert.backtest.season_sim | GW36: playing triple_captain (expiring in 2 gw, best remaining 6.9)
09:00:55 INFO    fpl_expert.optimise.transfers | bench-aware rescoring: [{'n': 0, 'delta': 0.0, 'hits': 0.0, 'net': 0.0}, {'n': 1, 'delta': 0.7328263810996845, 'hits': 0.0, 'net': 0.7328263810996845}, {'n': 2, 'delta': 2.9675928973477, 'hits': 4.0, 'net': -1.0324071026523}]
09:00:55 INFO    fpl_expert.optimise.transfers | bench-aware rescoring: [{'n': 0, 'delta': 0.0, 'hits': 0.0, 'net': 0.0}, {'n': 1, 'delta': 0.14746276184048668, 'hits': 0.0, 'net': 0.14746276184048668}, {'n': 2, 'delta': 0.5450379419342894, 'hits': 4.0, 'net': -3.4549620580657106}]
09:00:55 INFO    fpl_expert.backtest.ensemble | bench_aware path 7: 2180
09:00:57 INFO    fpl_expert.optimise.transfers | bench-aware rescoring: [{'n': 0, 'delta': 0.0, 'hits': 0.0, 'net': 0.0}, {'n': 1, 'delta': 20.88658427867776, 'hits': 0.0, 'net': 20.88658427867776}, {'n': 2, 'delta': 32.80732221344212, 'hits': 4.0, 'net': 28.80732221344212}]
09:00:58 INFO    fpl_expert.optimise.transfers | bench-aware rescoring: [{'n': 0, 'delta': 0.0, 'hits': 0.0, 'net': 0.0}, {'n': 1, 'delta': 12.541798080302044, 'hits': 0.0, 'net': 12.541798080302044}, {'n': 2, 'delta': 27.335608837658242, 'hits': 4.0, 'net': 23.335608837658242}]
09:00:58 INFO    fpl_expert.optimise.transfers | bench-aware rescoring: [{'n': 0, 'delta': 0.0, 'hits': 0.0, 'net': 0.0}, {'n': 1, 'delta': 16.734563812621104, 'hits': 0.0, 'net': 16.734563812621104}, {'n': 2, 'delta': 22.12867702675308, 'hits': 4.0, 'net': 18.12867702675308}]
09:00:58 INFO    fpl_expert.optimise.transfers | bench-aware rescoring: [{'n': 0, 'delta': 0.0, 'hits': 0.0, 'net': 0.0}, {'n': 1, 'delta': 12.058958103537321, 'hits': 0.0, 'net': 12.058958103537321}, {'n': 2, 'delta': 12.75552169325502, 'hits': 4.0, 'net': 8.75552169325502}]
09:00:59 INFO    fpl_expert.optimise.transfers | bench-aware rescoring: [{'n': 0, 'delta': 0.0, 'hits': 0.0, 'net': 0.0}, {'n': 1, 'delta': 0.5988134665460052, 'hits': 0.0, 'net': 0.5988134665460052}, {'n': 2, 'delta': 3.382076956180839, 'hits': 4.0, 'net': -0.617923043819161}]
09:00:59 INFO    fpl_expert.optimise.transfers | bench-aware rescoring: [{'n': 0, 'delta': 0.0, 'hits': 0.0, 'net': 0.0}, {'n': 1, 'delta': 6.197250516556323, 'hits': 0.0, 'net': 6.197250516556323}, {'n': 2, 'delta': 5.428617330846862, 'hits': 4.0, 'net': 1.428617330846862}]
09:01:00 INFO    fpl_expert.optimise.transfers | bench-aware rescoring: [{'n': 0, 'delta': 0.0, 'hits': 0.0, 'net': 0.0}, {'n': 1, 'delta': 4.438351006383755, 'hits': 0.0, 'net': 4.438351006383755}, {'n': 2, 'delta': 5.879034228974518, 'hits': 4.0, 'net': 1.8790342289745183}]
09:01:00 INFO    fpl_expert.optimise.transfers | bench-aware rescoring: [{'n': 0, 'delta': 0.0, 'hits': 0.0, 'net': 0.0}, {'n': 1, 'delta': 5.133049507074475, 'hits': 0.0, 'net': 5.133049507074475}, {'n': 2, 'delta': 6.2263025496186515, 'hits': 4.0, 'net': 2.2263025496186515}]
09:01:01 INFO    fpl_expert.optimise.transfers | bench-aware rescoring: [{'n': 0, 'delta': 0.0, 'hits': 0.0, 'net': 0.0}, {'n': 1, 'delta': 4.427497922257459, 'hits': 0.0, 'net': 4.427497922257459}, {'n': 2, 'delta': 5.70887421094028, 'hits': 4.0, 'net': 1.7088742109402801}]
09:01:01 INFO    fpl_expert.optimise.transfers | bench-aware rescoring: [{'n': 0, 'delta': 0.0, 'hits': 0.0, 'net': 0.0}, {'n': 1, 'delta': 5.322032959971295, 'hits': 0.0, 'net': 5.322032959971295}, {'n': 2, 'delta': 8.120939986620982, 'hits': 4.0, 'net': 4.120939986620982}]
09:01:01 INFO    fpl_expert.optimise.transfers | bench-aware rescoring: [{'n': 0, 'delta': 0.0, 'hits': 0.0, 'net': 0.0}, {'n': 1, 'delta': 4.9449258403834335, 'hits': 0.0, 'net': 4.9449258403834335}, {'n': 2, 'delta': 8.775443972584867, 'hits': 4.0, 'net': 4.775443972584867}]
09:01:02 INFO    fpl_expert.optimise.transfers | bench-aware rescoring: [{'n': 0, 'delta': 0.0, 'hits': 0.0, 'net': 0.0}, {'n': 1, 'delta': 3.452012687118014, 'hits': 0.0, 'net': 3.452012687118014}, {'n': 2, 'delta': 11.938965457201277, 'hits': 4.0, 'net': 7.938965457201277}]
09:01:02 INFO    fpl_expert.optimise.transfers | bench-aware rescoring: [{'n': 0, 'delta': 0.0, 'hits': 0.0, 'net': 0.0}, {'n': 1, 'delta': 7.960015329888421, 'hits': 0.0, 'net': 7.960015329888421}, {'n': 2, 'delta': 8.43884663530514, 'hits': 4.0, 'net': 4.43884663530514}]
09:01:03 INFO    fpl_expert.optimise.transfers | bench-aware rescoring: [{'n': 0, 'delta': 0.0, 'hits': 0.0, 'net': 0.0}, {'n': 1, 'delta': 5.011904009289964, 'hits': 0.0, 'net': 5.011904009289964}, {'n': 2, 'delta': 7.165126656879266, 'hits': 4.0, 'net': 3.1651266568792664}]
09:01:03 INFO    fpl_expert.optimise.transfers | bench-aware rescoring: [{'n': 0, 'delta': 0.0, 'hits': 0.0, 'net': 0.0}, {'n': 1, 'delta': 1.3873710929644574, 'hits': 0.0, 'net': 1.3873710929644574}, {'n': 2, 'delta': 6.19432864328931, 'hits': 4.0, 'net': 2.1943286432893103}]
09:01:04 INFO    fpl_expert.optimise.transfers | bench-aware rescoring: [{'n': 0, 'delta': 0.0, 'hits': 0.0, 'net': 0.0}, {'n': 1, 'delta': 1.1437544023038697, 'hits': 0.0, 'net': 1.1437544023038697}, {'n': 2, 'delta': 0.6658525379626781, 'hits': 4.0, 'net': -3.334147462037322}]
09:01:04 INFO    fpl_expert.backtest.season_sim | GW17: playing bench_boost (expiring in 2 gw, best remaining 12.2)
09:01:04 INFO    fpl_expert.optimise.transfers | bench-aware rescoring: [{'n': 0, 'delta': 0.0, 'hits': 0.0, 'net': 0.0}, {'n': 1, 'delta': 9.883614818531072, 'hits': 0.0, 'net': 9.883614818531072}, {'n': 2, 'delta': 10.69480631719432, 'hits': 4.0, 'net': 6.69480631719432}]
09:01:04 INFO    fpl_expert.backtest.season_sim | GW18: playing triple_captain (expiring in 1 gw, best remaining 6.8)
09:01:04 INFO    fpl_expert.optimise.transfers | bench-aware rescoring: [{'n': 0, 'delta': 0.0, 'hits': 0.0, 'net': 0.0}, {'n': 1, 'delta': 6.171831818653317, 'hits': 0.0, 'net': 6.171831818653317}, {'n': 2, 'delta': 13.889486743815127, 'hits': 4.0, 'net': 9.889486743815127}]
09:01:05 INFO    fpl_expert.optimise.transfers | bench-aware rescoring: [{'n': 0, 'delta': 0.0, 'hits': 0.0, 'net': 0.0}, {'n': 1, 'delta': 4.234842577466793, 'hits': 0.0, 'net': 4.234842577466793}, {'n': 2, 'delta': 9.800770073033362, 'hits': 4.0, 'net': 5.8007700730333625}]
09:01:05 INFO    fpl_expert.optimise.transfers | bench-aware rescoring: [{'n': 0, 'delta': 0.0, 'hits': 0.0, 'net': 0.0}, {'n': 1, 'delta': 7.9587897579675655, 'hits': 0.0, 'net': 7.9587897579675655}, {'n': 2, 'delta': 8.037105912984401, 'hits': 4.0, 'net': 4.037105912984401}]
09:01:06 INFO    fpl_expert.optimise.transfers | bench-aware rescoring: [{'n': 0, 'delta': 0.0, 'hits': 0.0, 'net': 0.0}, {'n': 1, 'delta': 2.8819375711745465, 'hits': 0.0, 'net': 2.8819375711745465}, {'n': 2, 'delta': 11.397692589355415, 'hits': 4.0, 'net': 7.397692589355415}]
09:01:06 INFO    fpl_expert.optimise.transfers | bench-aware rescoring: [{'n': 0, 'delta': 0.0, 'hits': 0.0, 'net': 0.0}, {'n': 1, 'delta': 3.2503143599201394, 'hits': 0.0, 'net': 3.2503143599201394}, {'n': 2, 'delta': 7.693555427679655, 'hits': 4.0, 'net': 3.693555427679655}]
09:01:06 INFO    fpl_expert.optimise.transfers | bench-aware rescoring: [{'n': 0, 'delta': 0.0, 'hits': 0.0, 'net': 0.0}, {'n': 1, 'delta': 3.6410003869460468, 'hits': 0.0, 'net': 3.6410003869460468}, {'n': 2, 'delta': 5.452957379366836, 'hits': 4.0, 'net': 1.4529573793668362}]
09:01:07 INFO    fpl_expert.optimise.transfers | bench-aware rescoring: [{'n': 0, 'delta': 0.0, 'hits': 0.0, 'net': 0.0}, {'n': 1, 'delta': 0.1153859532667525, 'hits': 0.0, 'net': 0.1153859532667525}, {'n': 2, 'delta': 0.24894357079628548, 'hits': 4.0, 'net': -3.7510564292037145}]
09:01:07 INFO    fpl_expert.optimise.transfers | bench-aware rescoring: [{'n': 0, 'delta': 0.0, 'hits': 0.0, 'net': 0.0}, {'n': 1, 'delta': 0.011843379127356002, 'hits': 0.0, 'net': 0.011843379127356002}, {'n': 2, 'delta': 0.09423544435074405, 'hits': 4.0, 'net': -3.905764555649256}]
09:01:08 INFO    fpl_expert.optimise.transfers | bench-aware rescoring: [{'n': 0, 'delta': 0.0, 'hits': 0.0, 'net': 0.0}, {'n': 1, 'delta': 0.6345176034880353, 'hits': 0.0, 'net': 0.6345176034880353}, {'n': 2, 'delta': 5.891079799756426, 'hits': 4.0, 'net': 1.891079799756426}]
09:01:08 INFO    fpl_expert.optimise.transfers | bench-aware rescoring: [{'n': 0, 'delta': 0.0, 'hits': 0.0, 'net': 0.0}, {'n': 1, 'delta': 1.343723856043141, 'hits': 0.0, 'net': 1.343723856043141}, {'n': 2, 'delta': 1.6951033623166722, 'hits': 4.0, 'net': -2.3048966376833278}]
09:01:09 INFO    fpl_expert.optimise.transfers | bench-aware rescoring: [{'n': 0, 'delta': 0.0, 'hits': 0.0, 'net': 0.0}, {'n': 1, 'delta': 0.36634400836049963, 'hits': 0.0, 'net': 0.36634400836049963}, {'n': 2, 'delta': 0.4078795473900243, 'hits': 4.0, 'net': -3.5921204526099757}]
09:01:09 INFO    fpl_expert.optimise.transfers | bench-aware rescoring: [{'n': 0, 'delta': 0.0, 'hits': 0.0, 'net': 0.0}, {'n': 1, 'delta': 2.0506515274153116, 'hits': 0.0, 'net': 2.0506515274153116}, {'n': 2, 'delta': 1.026667568802111, 'hits': 4.0, 'net': -2.973332431197889}]
09:01:10 INFO    fpl_expert.optimise.transfers | bench-aware rescoring: [{'n': 0, 'delta': 0.0, 'hits': 0.0, 'net': 0.0}, {'n': 1, 'delta': 2.6755184360276303, 'hits': 0.0, 'net': 2.6755184360276303}, {'n': 2, 'delta': 4.310037411972246, 'hits': 4.0, 'net': 0.310037411972246}]
09:01:10 INFO    fpl_expert.optimise.transfers | bench-aware rescoring: [{'n': 0, 'delta': 0.0, 'hits': 0.0, 'net': 0.0}, {'n': 1, 'delta': 0.6391905293324385, 'hits': 0.0, 'net': 0.6391905293324385}, {'n': 2, 'delta': 24.68346132318385, 'hits': 4.0, 'net': 20.68346132318385}]
09:01:11 INFO    fpl_expert.optimise.transfers | bench-aware rescoring: [{'n': 0, 'delta': 0.0, 'hits': 0.0, 'net': 0.0}, {'n': 1, 'delta': 0.20109857506466255, 'hits': 0.0, 'net': 0.20109857506466255}, {'n': 2, 'delta': 0.5219354722961498, 'hits': 4.0, 'net': -3.47806452770385}]
09:01:11 INFO    fpl_expert.optimise.transfers | bench-aware rescoring: [{'n': 0, 'delta': 0.0, 'hits': 0.0, 'net': 0.0}, {'n': 1, 'delta': 6.7121750897718755, 'hits': 0.0, 'net': 6.7121750897718755}, {'n': 2, 'delta': 6.935343136569514, 'hits': 4.0, 'net': 2.9353431365695144}]
09:01:11 INFO    fpl_expert.optimise.transfers | bench-aware rescoring: [{'n': 0, 'delta': 0.0, 'hits': 0.0, 'net': 0.0}, {'n': 1, 'delta': 10.991278156566636, 'hits': 0.0, 'net': 10.991278156566636}, {'n': 2, 'delta': 11.338770207855703, 'hits': 4.0, 'net': 7.338770207855703}]
09:01:11 INFO    fpl_expert.backtest.season_sim | GW35: playing bench_boost (expiring in 3 gw, best remaining 13.3)
09:01:12 INFO    fpl_expert.optimise.transfers | bench-aware rescoring: [{'n': 0, 'delta': 0.0, 'hits': 0.0, 'net': 0.0}, {'n': 1, 'delta': 2.7317093975854334, 'hits': 0.0, 'net': 2.7317093975854334}, {'n': 2, 'delta': 4.044469764060636, 'hits': 4.0, 'net': 0.04446976406063641}]
09:01:12 INFO    fpl_expert.backtest.season_sim | GW36: playing triple_captain (expiring in 2 gw, best remaining 6.9)
09:01:12 INFO    fpl_expert.optimise.transfers | bench-aware rescoring: [{'n': 0, 'delta': 0.0, 'hits': 0.0, 'net': 0.0}, {'n': 1, 'delta': 0.7264168330211476, 'hits': 0.0, 'net': 0.7264168330211476}, {'n': 2, 'delta': 2.9755383524066588, 'hits': 4.0, 'net': -1.0244616475933412}]
09:01:12 INFO    fpl_expert.optimise.transfers | bench-aware rescoring: [{'n': 0, 'delta': 0.0, 'hits': 0.0, 'net': 0.0}, {'n': 1, 'delta': 0.14725076754440636, 'hits': 0.0, 'net': 0.14725076754440636}, {'n': 2, 'delta': 0.5371774718758857, 'hits': 4.0, 'net': -3.4628225281241143}]
09:01:12 INFO    fpl_expert.backtest.ensemble | bench_aware path 8: 2180
09:01:14 INFO    fpl_expert.optimise.transfers | bench-aware rescoring: [{'n': 0, 'delta': 0.0, 'hits': 0.0, 'net': 0.0}, {'n': 1, 'delta': 20.91489036516063, 'hits': 0.0, 'net': 20.91489036516063}, {'n': 2, 'delta': 32.85418478751251, 'hits': 4.0, 'net': 28.85418478751251}]
09:01:15 INFO    fpl_expert.optimise.transfers | bench-aware rescoring: [{'n': 0, 'delta': 0.0, 'hits': 0.0, 'net': 0.0}, {'n': 1, 'delta': 12.529898347878685, 'hits': 0.0, 'net': 12.529898347878685}, {'n': 2, 'delta': 27.34574978290823, 'hits': 4.0, 'net': 23.34574978290823}]
09:01:15 INFO    fpl_expert.optimise.transfers | bench-aware rescoring: [{'n': 0, 'delta': 0.0, 'hits': 0.0, 'net': 0.0}, {'n': 1, 'delta': 16.712756980343016, 'hits': 0.0, 'net': 16.712756980343016}, {'n': 2, 'delta': 22.089481290636996, 'hits': 4.0, 'net': 18.089481290636996}]
09:01:15 INFO    fpl_expert.optimise.transfers | bench-aware rescoring: [{'n': 0, 'delta': 0.0, 'hits': 0.0, 'net': 0.0}, {'n': 1, 'delta': 12.075682756144488, 'hits': 0.0, 'net': 12.075682756144488}, {'n': 2, 'delta': 12.772060177827456, 'hits': 4.0, 'net': 8.772060177827456}]
09:01:16 INFO    fpl_expert.optimise.transfers | bench-aware rescoring: [{'n': 0, 'delta': 0.0, 'hits': 0.0, 'net': 0.0}, {'n': 1, 'delta': 0.5994458980820525, 'hits': 0.0, 'net': 0.5994458980820525}, {'n': 2, 'delta': 3.3896452668548704, 'hits': 4.0, 'net': -0.6103547331451296}]
09:01:16 INFO    fpl_expert.optimise.transfers | bench-aware rescoring: [{'n': 0, 'delta': 0.0, 'hits': 0.0, 'net': 0.0}, {'n': 1, 'delta': 6.1985261556392, 'hits': 0.0, 'net': 6.1985261556392}, {'n': 2, 'delta': 5.412534023084731, 'hits': 4.0, 'net': 1.4125340230847314}]
09:01:17 INFO    fpl_expert.optimise.transfers | bench-aware rescoring: [{'n': 0, 'delta': 0.0, 'hits': 0.0, 'net': 0.0}, {'n': 1, 'delta': 4.417519122945123, 'hits': 0.0, 'net': 4.417519122945123}, {'n': 2, 'delta': 5.8666839221448015, 'hits': 4.0, 'net': 1.8666839221448015}]
09:01:17 INFO    fpl_expert.optimise.transfers | bench-aware rescoring: [{'n': 0, 'delta': 0.0, 'hits': 0.0, 'net': 0.0}, {'n': 1, 'delta': 5.11095978569395, 'hits': 0.0, 'net': 5.11095978569395}, {'n': 2, 'delta': 6.190101444798842, 'hits': 4.0, 'net': 2.1901014447988416}]
09:01:18 INFO    fpl_expert.optimise.transfers | bench-aware rescoring: [{'n': 0, 'delta': 0.0, 'hits': 0.0, 'net': 0.0}, {'n': 1, 'delta': 4.3956560598508645, 'hits': 0.0, 'net': 4.3956560598508645}, {'n': 2, 'delta': 5.672838549060003, 'hits': 4.0, 'net': 1.6728385490600033}]
09:01:18 INFO    fpl_expert.optimise.transfers | bench-aware rescoring: [{'n': 0, 'delta': 0.0, 'hits': 0.0, 'net': 0.0}, {'n': 1, 'delta': 5.3194645948164805, 'hits': 0.0, 'net': 5.3194645948164805}, {'n': 2, 'delta': 8.118574200702824, 'hits': 4.0, 'net': 4.118574200702824}]
09:01:18 INFO    fpl_expert.optimise.transfers | bench-aware rescoring: [{'n': 0, 'delta': 0.0, 'hits': 0.0, 'net': 0.0}, {'n': 1, 'delta': 4.947672588915481, 'hits': 0.0, 'net': 4.947672588915481}, {'n': 2, 'delta': 8.83030396733318, 'hits': 4.0, 'net': 4.83030396733318}]
09:01:19 INFO    fpl_expert.optimise.transfers | bench-aware rescoring: [{'n': 0, 'delta': 0.0, 'hits': 0.0, 'net': 0.0}, {'n': 1, 'delta': 3.463788765773728, 'hits': 0.0, 'net': 3.463788765773728}, {'n': 2, 'delta': 11.970965632380597, 'hits': 4.0, 'net': 7.970965632380597}]
09:01:19 INFO    fpl_expert.optimise.transfers | bench-aware rescoring: [{'n': 0, 'delta': 0.0, 'hits': 0.0, 'net': 0.0}, {'n': 1, 'delta': 8.000071309634905, 'hits': 0.0, 'net': 8.000071309634905}, {'n': 2, 'delta': 10.502415227859899, 'hits': 4.0, 'net': 6.502415227859899}]
09:01:20 INFO    fpl_expert.optimise.transfers | bench-aware rescoring: [{'n': 0, 'delta': 0.0, 'hits': 0.0, 'net': 0.0}, {'n': 1, 'delta': 4.993649735135108, 'hits': 0.0, 'net': 4.993649735135108}, {'n': 2, 'delta': 7.150112179426344, 'hits': 4.0, 'net': 3.150112179426344}]
09:01:20 INFO    fpl_expert.optimise.transfers | bench-aware rescoring: [{'n': 0, 'delta': 0.0, 'hits': 0.0, 'net': 0.0}, {'n': 1, 'delta': 1.388196510675101, 'hits': 0.0, 'net': 1.388196510675101}, {'n': 2, 'delta': 6.210474852033627, 'hits': 4.0, 'net': 2.2104748520336273}]
09:01:20 INFO    fpl_expert.optimise.transfers | bench-aware rescoring: [{'n': 0, 'delta': 0.0, 'hits': 0.0, 'net': 0.0}, {'n': 1, 'delta': 1.1404128844554862, 'hits': 0.0, 'net': 1.1404128844554862}, {'n': 2, 'delta': 0.7031067855763524, 'hits': 4.0, 'net': -3.2968932144236476}]
09:01:20 INFO    fpl_expert.backtest.season_sim | GW17: playing bench_boost (expiring in 2 gw, best remaining 12.2)
09:01:21 INFO    fpl_expert.optimise.transfers | bench-aware rescoring: [{'n': 0, 'delta': 0.0, 'hits': 0.0, 'net': 0.0}, {'n': 1, 'delta': 9.897386963717594, 'hits': 0.0, 'net': 9.897386963717594}, {'n': 2, 'delta': 10.707440791745938, 'hits': 4.0, 'net': 6.707440791745938}]
09:01:21 INFO    fpl_expert.backtest.season_sim | GW18: playing triple_captain (expiring in 1 gw, best remaining 6.8)
09:01:21 INFO    fpl_expert.optimise.transfers | bench-aware rescoring: [{'n': 0, 'delta': 0.0, 'hits': 0.0, 'net': 0.0}, {'n': 1, 'delta': 6.185605012600433, 'hits': 0.0, 'net': 6.185605012600433}, {'n': 2, 'delta': 13.883791890408446, 'hits': 4.0, 'net': 9.883791890408446}]
09:01:22 INFO    fpl_expert.optimise.transfers | bench-aware rescoring: [{'n': 0, 'delta': 0.0, 'hits': 0.0, 'net': 0.0}, {'n': 1, 'delta': 4.246493146014387, 'hits': 0.0, 'net': 4.246493146014387}, {'n': 2, 'delta': 9.816166983097474, 'hits': 4.0, 'net': 5.8161669830974745}]
09:01:22 INFO    fpl_expert.optimise.transfers | bench-aware rescoring: [{'n': 0, 'delta': 0.0, 'hits': 0.0, 'net': 0.0}, {'n': 1, 'delta': 7.922723796741991, 'hits': 0.0, 'net': 7.922723796741991}, {'n': 2, 'delta': 8.000951583989718, 'hits': 4.0, 'net': 4.000951583989718}]
09:01:22 INFO    fpl_expert.optimise.transfers | bench-aware rescoring: [{'n': 0, 'delta': 0.0, 'hits': 0.0, 'net': 0.0}, {'n': 1, 'delta': 2.888682308553257, 'hits': 0.0, 'net': 2.888682308553257}, {'n': 2, 'delta': 11.47455965996241, 'hits': 4.0, 'net': 7.474559659962409}]
09:01:23 INFO    fpl_expert.optimise.transfers | bench-aware rescoring: [{'n': 0, 'delta': 0.0, 'hits': 0.0, 'net': 0.0}, {'n': 1, 'delta': 3.2520513019589714, 'hits': 0.0, 'net': 3.2520513019589714}, {'n': 2, 'delta': 7.745157980076982, 'hits': 4.0, 'net': 3.745157980076982}]
09:01:23 INFO    fpl_expert.optimise.transfers | bench-aware rescoring: [{'n': 0, 'delta': 0.0, 'hits': 0.0, 'net': 0.0}, {'n': 1, 'delta': 3.6108410251229657, 'hits': 0.0, 'net': 3.6108410251229657}, {'n': 2, 'delta': 5.438614494282774, 'hits': 4.0, 'net': 1.438614494282774}]
09:01:24 INFO    fpl_expert.optimise.transfers | bench-aware rescoring: [{'n': 0, 'delta': 0.0, 'hits': 0.0, 'net': 0.0}, {'n': 1, 'delta': 0.11576553908128062, 'hits': 0.0, 'net': 0.11576553908128062}, {'n': 2, 'delta': 0.2504084094949235, 'hits': 4.0, 'net': -3.7495915905050765}]
09:01:24 INFO    fpl_expert.optimise.transfers | bench-aware rescoring: [{'n': 0, 'delta': 0.0, 'hits': 0.0, 'net': 0.0}, {'n': 1, 'delta': 0.012038796096788928, 'hits': 0.0, 'net': 0.012038796096788928}, {'n': 2, 'delta': 0.09374820545320972, 'hits': 4.0, 'net': -3.9062517945467903}]
09:01:25 INFO    fpl_expert.optimise.transfers | bench-aware rescoring: [{'n': 0, 'delta': 0.0, 'hits': 0.0, 'net': 0.0}, {'n': 1, 'delta': 0.6438845550536598, 'hits': 0.0, 'net': 0.6438845550536598}, {'n': 2, 'delta': 5.872519397763369, 'hits': 4.0, 'net': 1.8725193977633694}]
09:01:25 INFO    fpl_expert.optimise.transfers | bench-aware rescoring: [{'n': 0, 'delta': 0.0, 'hits': 0.0, 'net': 0.0}, {'n': 1, 'delta': 1.3239213293493606, 'hits': 0.0, 'net': 1.3239213293493606}, {'n': 2, 'delta': 1.6735744084862176, 'hits': 4.0, 'net': -2.3264255915137824}]
09:01:25 INFO    fpl_expert.optimise.transfers | bench-aware rescoring: [{'n': 0, 'delta': 0.0, 'hits': 0.0, 'net': 0.0}, {'n': 1, 'delta': 0.3662797912895428, 'hits': 0.0, 'net': 0.3662797912895428}, {'n': 2, 'delta': 0.40775824624094525, 'hits': 4.0, 'net': -3.5922417537590547}]
09:01:26 INFO    fpl_expert.optimise.transfers | bench-aware rescoring: [{'n': 0, 'delta': 0.0, 'hits': 0.0, 'net': 0.0}, {'n': 1, 'delta': 2.0542621665127, 'hits': 0.0, 'net': 2.0542621665127}, {'n': 2, 'delta': 1.0215948786798776, 'hits': 4.0, 'net': -2.9784051213201224}]
09:01:26 INFO    fpl_expert.optimise.transfers | bench-aware rescoring: [{'n': 0, 'delta': 0.0, 'hits': 0.0, 'net': 0.0}, {'n': 1, 'delta': 2.688490426362449, 'hits': 0.0, 'net': 2.688490426362449}, {'n': 2, 'delta': 4.342204776350542, 'hits': 4.0, 'net': 0.3422047763505418}]
09:01:27 INFO    fpl_expert.optimise.transfers | bench-aware rescoring: [{'n': 0, 'delta': 0.0, 'hits': 0.0, 'net': 0.0}, {'n': 1, 'delta': 0.617768956382406, 'hits': 0.0, 'net': 0.617768956382406}, {'n': 2, 'delta': 24.68895717767083, 'hits': 4.0, 'net': 20.68895717767083}]
09:01:27 INFO    fpl_expert.optimise.transfers | bench-aware rescoring: [{'n': 0, 'delta': 0.0, 'hits': 0.0, 'net': 0.0}, {'n': 1, 'delta': 0.20121274408333534, 'hits': 0.0, 'net': 0.20121274408333534}, {'n': 2, 'delta': 0.5155374762765632, 'hits': 4.0, 'net': -3.484462523723437}]
09:01:28 INFO    fpl_expert.optimise.transfers | bench-aware rescoring: [{'n': 0, 'delta': 0.0, 'hits': 0.0, 'net': 0.0}, {'n': 1, 'delta': 6.700922722651825, 'hits': 0.0, 'net': 6.700922722651825}, {'n': 2, 'delta': 6.897138802404783, 'hits': 4.0, 'net': 2.8971388024047826}]
09:01:28 INFO    fpl_expert.optimise.transfers | bench-aware rescoring: [{'n': 0, 'delta': 0.0, 'hits': 0.0, 'net': 0.0}, {'n': 1, 'delta': 11.032082350144151, 'hits': 0.0, 'net': 11.032082350144151}, {'n': 2, 'delta': 11.38250984476241, 'hits': 4.0, 'net': 7.38250984476241}]
09:01:28 INFO    fpl_expert.backtest.season_sim | GW35: playing bench_boost (expiring in 3 gw, best remaining 13.3)
09:01:28 INFO    fpl_expert.optimise.transfers | bench-aware rescoring: [{'n': 0, 'delta': 0.0, 'hits': 0.0, 'net': 0.0}, {'n': 1, 'delta': 2.730090347220397, 'hits': 0.0, 'net': 2.730090347220397}, {'n': 2, 'delta': 4.044209998289887, 'hits': 4.0, 'net': 0.0442099982898867}]
09:01:28 INFO    fpl_expert.backtest.season_sim | GW36: playing triple_captain (expiring in 2 gw, best remaining 6.9)
09:01:29 INFO    fpl_expert.optimise.transfers | bench-aware rescoring: [{'n': 0, 'delta': 0.0, 'hits': 0.0, 'net': 0.0}, {'n': 1, 'delta': 0.7346096052775692, 'hits': 0.0, 'net': 0.7346096052775692}, {'n': 2, 'delta': 2.9790463753739544, 'hits': 4.0, 'net': -1.0209536246260456}]
09:01:29 INFO    fpl_expert.optimise.transfers | bench-aware rescoring: [{'n': 0, 'delta': 0.0, 'hits': 0.0, 'net': 0.0}, {'n': 1, 'delta': 0.14317753293175883, 'hits': 0.0, 'net': 0.14317753293175883}, {'n': 2, 'delta': 0.5485059287853389, 'hits': 4.0, 'net': -3.451494071214661}]
09:01:29 INFO    fpl_expert.backtest.ensemble | bench_aware path 9: 2179
  2025-26 bench_aware        mean    2167  sd  20.7

per-path totals written to `ensemble_runs` (60 rows)

PAIRED against 'horizon', differenced within each shared path
    variant   mean    sd  mean_diff   se  ci_low  ci_high  wins  paths  excludes_zero  seasons_agree  adoptable  sign_2023-24  sign_2024-25  sign_2025-26
    horizon 2189.6 124.0        0.0  0.0     0.0      0.0   0.0     30          False          False      False           0.0           0.0           0.0
bench_aware 2158.6  80.9      -31.0 19.8   -69.8      7.9   0.4     30          False          False      False          -1.0          -1.0           1.0

PER SEASON, paired within each shared path
 season     variant   mean   sd  mean_diff   se  ci_low  ci_high  wins  paths
2023-24     horizon 2351.2  5.8        0.0  0.0     0.0      0.0   0.0     10
2023-24 bench_aware 2225.1  0.3     -126.1  1.9  -129.7   -122.5   0.0     10
2024-25     horizon 2148.8 40.3        0.0  0.0     0.0      0.0   0.0     10
2024-25 bench_aware 2084.0 97.5      -64.8 25.3  -114.3    -15.3   0.3     10
2025-26 bench_aware 2166.7 20.7       98.0 13.4    71.7    124.3   0.9     10
2025-26     horizon 2068.7 28.2        0.0  0.0     0.0      0.0   0.0     10

`adoptable` needs BOTH: a paired interval excluding zero (the effect is real across
these seasons) AND the sign agreeing in every season (ground rule 2). Path averaging
sharpens the first; it cannot substitute for the second.
